CHR_A,BP_A,SNP_A,CHR_B,BP_B,SNP_B,R2,distance,lead_SNP,chr,start,end,rsID,candidate_gene,total_score,study,locus,plink_name
1,2212668,1:2212668:A:G,1,2212668,1:2212668:A:G,1.0,0,1:2212668,chr1,2212668,2212668,rs2503715,SKI_or_C1orf86,2,both,SKI_or_C1orf86_locus0,1:2212668
1,3324690,1:3324690:A:C,1,3324690,1:3324690:A:C,1.0,0,1:3324690,chr1,3324690,3324690,rs79548216,PRDM16,3,Zheng,PRDM16_locus0,1:3324690
1,3324690,1:3324690:A:C,1,3324727,1:3324727:T:C,0.828899,37,1:3324690,chr1,3324690,3324690,rs79548216,PRDM16,3,Zheng,PRDM16_locus0,1:3324690
1,3324690,1:3324690:A:C,1,3328231,1:3328231:G:A,0.853674,3541,1:3324690,chr1,3324690,3324690,rs79548216,PRDM16,3,Zheng,PRDM16_locus0,1:3324690
1,3324690,1:3324690:A:C,1,3329549,1:3329549:G:C,0.853674,4859,1:3324690,chr1,3324690,3324690,rs79548216,PRDM16,3,Zheng,PRDM16_locus0,1:3324690
1,3324690,1:3324690:A:C,1,3330203,1:3330203:C:T,0.853674,5513,1:3324690,chr1,3324690,3324690,rs79548216,PRDM16,3,Zheng,PRDM16_locus0,1:3324690
1,3324690,1:3324690:A:C,1,3331008,1:3331008:A:G,0.850274,6318,1:3324690,chr1,3324690,3324690,rs79548216,PRDM16,3,Zheng,PRDM16_locus0,1:3324690
1,3324690,1:3324690:A:C,1,3337475,1:3337475:G:A,0.862779,12785,1:3324690,chr1,3324690,3324690,rs79548216,PRDM16,3,Zheng,PRDM16_locus0,1:3324690
1,6203732,1:6203732:A:G,1,6202171,1:6202171:A:T,0.989019,1561,1:6203732,chr1,6203732,6203732,rs11121483,RNF207,3,Jurgens,RNF207_locus0,1:6203732
1,6203732,1:6203732:A:G,1,6203732,1:6203732:A:G,1.0,0,1:6203732,chr1,6203732,6203732,rs11121483,RNF207,3,Jurgens,RNF207_locus0,1:6203732
1,6218354,1:6218354:A:G,1,6218354,1:6218354:A:G,1.0,0,1:6218354,chr1,6218354,6218354,rs709209,RNF207,3,Zheng,RNF207_locus0,1:6218354
1,16012430,1:16012430:T:G,1,15993533,1:15993533:G:A,0.846395,18897,1:16012430,chr1,16012430,16012430,rs1763605,HSPB7,2,Jurgens,HSPB7_locus0,1:16012430
1,16012430,1:16012430:T:G,1,16000440,1:16000440:A:G,0.961635,11990,1:16012430,chr1,16012430,16012430,rs1763605,HSPB7,2,Jurgens,HSPB7_locus0,1:16012430
1,16012430,1:16012430:T:G,1,16001621,1:16001621:C:T,0.960149,10809,1:16012430,chr1,16012430,16012430,rs1763605,HSPB7,2,Jurgens,HSPB7_locus0,1:16012430
1,16012430,1:16012430:T:G,1,16004613,1:16004613:T:C,0.980534,7817,1:16012430,chr1,16012430,16012430,rs1763605,HSPB7,2,Jurgens,HSPB7_locus0,1:16012430
1,16012430,1:16012430:T:G,1,16008649,1:16008649:T:C,0.984969,3781,1:16012430,chr1,16012430,16012430,rs1763605,HSPB7,2,Jurgens,HSPB7_locus0,1:16012430
1,16012430,1:16012430:T:G,1,16008807,1:16008807:CA:C,0.9791,3623,1:16012430,chr1,16012430,16012430,rs1763605,HSPB7,2,Jurgens,HSPB7_locus0,1:16012430
1,16012430,1:16012430:T:G,1,16009032,1:16009032:G:C,0.9791,3398,1:16012430,chr1,16012430,16012430,rs1763605,HSPB7,2,Jurgens,HSPB7_locus0,1:16012430
1,16012430,1:16012430:T:G,1,16011787,1:16011787:A:G,0.996209,643,1:16012430,chr1,16012430,16012430,rs1763605,HSPB7,2,Jurgens,HSPB7_locus0,1:16012430
1,16012430,1:16012430:T:G,1,16011979,1:16011979:T:C,0.998479,451,1:16012430,chr1,16012430,16012430,rs1763605,HSPB7,2,Jurgens,HSPB7_locus0,1:16012430
1,16012430,1:16012430:T:G,1,16012430,1:16012430:T:G,1.0,0,1:16012430,chr1,16012430,16012430,rs1763605,HSPB7,2,Jurgens,HSPB7_locus0,1:16012430
1,16012430,1:16012430:T:G,1,16013314,1:16013314:T:C,0.973653,884,1:16012430,chr1,16012430,16012430,rs1763605,HSPB7,2,Jurgens,HSPB7_locus0,1:16012430
1,16012430,1:16012430:T:G,1,16014348,1:16014348:TC:T,0.996975,1918,1:16012430,chr1,16012430,16012430,rs1763605,HSPB7,2,Jurgens,HSPB7_locus0,1:16012430
1,16012430,1:16012430:T:G,1,16014384,1:16014384:T:G,0.93993,1954,1:16012430,chr1,16012430,16012430,rs1763605,HSPB7,2,Jurgens,HSPB7_locus0,1:16012430
1,16012430,1:16012430:T:G,1,16014456,1:16014456:A:T,0.996975,2026,1:16012430,chr1,16012430,16012430,rs1763605,HSPB7,2,Jurgens,HSPB7_locus0,1:16012430
1,16012430,1:16012430:T:G,1,16018235,1:16018235:T:C,0.978465,5805,1:16012430,chr1,16012430,16012430,rs1763605,HSPB7,2,Jurgens,HSPB7_locus0,1:16012430
1,16012430,1:16012430:T:G,1,16020493,1:16020493:A:G,0.935752,8063,1:16012430,chr1,16012430,16012430,rs1763605,HSPB7,2,Jurgens,HSPB7_locus0,1:16012430
1,16012430,1:16012430:T:G,1,16021039,1:16021039:A:G,0.935435,8609,1:16012430,chr1,16012430,16012430,rs1763605,HSPB7,2,Jurgens,HSPB7_locus0,1:16012430
1,16012430,1:16012430:T:G,1,16021588,1:16021588:A:T,0.934433,9158,1:16012430,chr1,16012430,16012430,rs1763605,HSPB7,2,Jurgens,HSPB7_locus0,1:16012430
1,16012430,1:16012430:T:G,1,16021917,1:16021917:T:C,0.932728,9487,1:16012430,chr1,16012430,16012430,rs1763605,HSPB7,2,Jurgens,HSPB7_locus0,1:16012430
1,16012430,1:16012430:T:G,1,16022965,1:16022965:T:C,0.921844,10535,1:16012430,chr1,16012430,16012430,rs1763605,HSPB7,2,Jurgens,HSPB7_locus0,1:16012430
1,16012430,1:16012430:T:G,1,16023533,1:16023533:A:G,0.923493,11103,1:16012430,chr1,16012430,16012430,rs1763605,HSPB7,2,Jurgens,HSPB7_locus0,1:16012430
1,16012430,1:16012430:T:G,1,16026905,1:16026905:T:C,0.863241,14475,1:16012430,chr1,16012430,16012430,rs1763605,HSPB7,2,Jurgens,HSPB7_locus0,1:16012430
1,16012430,1:16012430:T:G,1,16031653,1:16031653:T:C,0.853855,19223,1:16012430,chr1,16012430,16012430,rs1763605,HSPB7,2,Jurgens,HSPB7_locus0,1:16012430
1,16012430,1:16012430:T:G,1,16032437,1:16032437:T:C,0.854676,20007,1:16012430,chr1,16012430,16012430,rs1763605,HSPB7,2,Jurgens,HSPB7_locus0,1:16012430
1,16012430,1:16012430:T:G,1,16032628,1:16032628:A:G,0.85124,20198,1:16012430,chr1,16012430,16012430,rs1763605,HSPB7,2,Jurgens,HSPB7_locus0,1:16012430
1,16013277,1:16013277:C:G,1,16011014,1:16011014:G:A,0.87689,2263,1:16013277,chr1,16013277,16013277,rs1763604,HSPB7,4,Zheng,HSPB7_locus0,1:16013277
1,16013277,1:16013277:C:G,1,16011438,1:16011438:C:T,0.878023,1839,1:16013277,chr1,16013277,16013277,rs1763604,HSPB7,4,Zheng,HSPB7_locus0,1:16013277
1,16013277,1:16013277:C:G,1,16012818,1:16012818:C:G,0.850306,459,1:16013277,chr1,16013277,16013277,rs1763604,HSPB7,4,Zheng,HSPB7_locus0,1:16013277
1,16013277,1:16013277:C:G,1,16013277,1:16013277:C:G,1.0,0,1:16013277,chr1,16013277,16013277,rs1763604,HSPB7,4,Zheng,HSPB7_locus0,1:16013277
1,16013277,1:16013277:C:G,1,16013553,1:16013553:A:AC,0.919258,276,1:16013277,chr1,16013277,16013277,rs1763604,HSPB7,4,Zheng,HSPB7_locus0,1:16013277
1,16013277,1:16013277:C:G,1,16013722,1:16013722:A:AACAGTGCTT,0.92154,445,1:16013277,chr1,16013277,16013277,rs1763604,HSPB7,4,Zheng,HSPB7_locus0,1:16013277
1,16013277,1:16013277:C:G,1,16013965,1:16013965:G:T,0.92154,688,1:16013277,chr1,16013277,16013277,rs1763604,HSPB7,4,Zheng,HSPB7_locus0,1:16013277
1,16013277,1:16013277:C:G,1,16014266,1:16014266:T:C,0.919719,989,1:16013277,chr1,16013277,16013277,rs1763604,HSPB7,4,Zheng,HSPB7_locus0,1:16013277
1,16013277,1:16013277:C:G,1,16014859,1:16014859:T:G,0.913939,1582,1:16013277,chr1,16013277,16013277,rs1763604,HSPB7,4,Zheng,HSPB7_locus0,1:16013277
1,16013277,1:16013277:C:G,1,16015154,1:16015154:C:T,0.833052,1877,1:16013277,chr1,16013277,16013277,rs1763604,HSPB7,4,Zheng,HSPB7_locus0,1:16013277
1,16013277,1:16013277:C:G,1,16015238,1:16015238:T:C,0.920358,1961,1:16013277,chr1,16013277,16013277,rs1763604,HSPB7,4,Zheng,HSPB7_locus0,1:16013277
1,16013277,1:16013277:C:G,1,16015742,1:16015742:A:G,0.920358,2465,1:16013277,chr1,16013277,16013277,rs1763604,HSPB7,4,Zheng,HSPB7_locus0,1:16013277
1,16013277,1:16013277:C:G,1,16015855,1:16015855:A:T,0.919158,2578,1:16013277,chr1,16013277,16013277,rs1763604,HSPB7,4,Zheng,HSPB7_locus0,1:16013277
1,16013277,1:16013277:C:G,1,16015924,1:16015924:A:G,0.920358,2647,1:16013277,chr1,16013277,16013277,rs1763604,HSPB7,4,Zheng,HSPB7_locus0,1:16013277
1,16013277,1:16013277:C:G,1,16016107,1:16016107:C:T,0.920358,2830,1:16013277,chr1,16013277,16013277,rs1763604,HSPB7,4,Zheng,HSPB7_locus0,1:16013277
1,16013277,1:16013277:C:G,1,16016232,1:16016232:A:G,0.920358,2955,1:16013277,chr1,16013277,16013277,rs1763604,HSPB7,4,Zheng,HSPB7_locus0,1:16013277
1,16013277,1:16013277:C:G,1,16016353,1:16016353:T:G,0.920358,3076,1:16013277,chr1,16013277,16013277,rs1763604,HSPB7,4,Zheng,HSPB7_locus0,1:16013277
1,16013277,1:16013277:C:G,1,16016759,1:16016759:T:C,0.920358,3482,1:16013277,chr1,16013277,16013277,rs1763604,HSPB7,4,Zheng,HSPB7_locus0,1:16013277
1,16013277,1:16013277:C:G,1,16016802,1:16016802:C:T,0.920358,3525,1:16013277,chr1,16013277,16013277,rs1763604,HSPB7,4,Zheng,HSPB7_locus0,1:16013277
1,16013277,1:16013277:C:G,1,16016827,1:16016827:T:C,0.920358,3550,1:16013277,chr1,16013277,16013277,rs1763604,HSPB7,4,Zheng,HSPB7_locus0,1:16013277
1,16013277,1:16013277:C:G,1,16017340,1:16017340:C:T,0.912249,4063,1:16013277,chr1,16013277,16013277,rs1763604,HSPB7,4,Zheng,HSPB7_locus0,1:16013277
1,16013277,1:16013277:C:G,1,16017865,1:16017865:A:G,0.90234,4588,1:16013277,chr1,16013277,16013277,rs1763604,HSPB7,4,Zheng,HSPB7_locus0,1:16013277
1,16013277,1:16013277:C:G,1,16017907,1:16017907:G:A,0.901826,4630,1:16013277,chr1,16013277,16013277,rs1763604,HSPB7,4,Zheng,HSPB7_locus0,1:16013277
1,16013277,1:16013277:C:G,1,16017999,1:16017999:G:A,0.900068,4722,1:16013277,chr1,16013277,16013277,rs1763604,HSPB7,4,Zheng,HSPB7_locus0,1:16013277
1,16013277,1:16013277:C:G,1,16018130,1:16018130:C:G,0.816864,4853,1:16013277,chr1,16013277,16013277,rs1763604,HSPB7,4,Zheng,HSPB7_locus0,1:16013277
1,16013277,1:16013277:C:G,1,16018363,1:16018363:C:T,0.86465,5086,1:16013277,chr1,16013277,16013277,rs1763604,HSPB7,4,Zheng,HSPB7_locus0,1:16013277
1,16013277,1:16013277:C:G,1,16018713,1:16018713:G:A,0.816719,5436,1:16013277,chr1,16013277,16013277,rs1763604,HSPB7,4,Zheng,HSPB7_locus0,1:16013277
1,16013277,1:16013277:C:G,1,16018898,1:16018898:T:C,0.808943,5621,1:16013277,chr1,16013277,16013277,rs1763604,HSPB7,4,Zheng,HSPB7_locus0,1:16013277
1,16018235,1:16018235:T:C,1,15993533,1:15993533:G:A,0.829973,24702,1:16018235,chr1,16018235,16018235,rs945418,HSPB7,4,Zheng,HSPB7_locus0,1:16018235
1,16018235,1:16018235:T:C,1,16000440,1:16000440:A:G,0.942227,17795,1:16018235,chr1,16018235,16018235,rs945418,HSPB7,4,Zheng,HSPB7_locus0,1:16018235
1,16018235,1:16018235:T:C,1,16001621,1:16001621:C:T,0.940739,16614,1:16018235,chr1,16018235,16018235,rs945418,HSPB7,4,Zheng,HSPB7_locus0,1:16018235
1,16018235,1:16018235:T:C,1,16004613,1:16004613:T:C,0.96056,13622,1:16018235,chr1,16018235,16018235,rs945418,HSPB7,4,Zheng,HSPB7_locus0,1:16018235
1,16018235,1:16018235:T:C,1,16008649,1:16008649:T:C,0.964963,9586,1:16018235,chr1,16018235,16018235,rs945418,HSPB7,4,Zheng,HSPB7_locus0,1:16018235
1,16018235,1:16018235:T:C,1,16008807,1:16008807:CA:C,0.959102,9428,1:16018235,chr1,16018235,16018235,rs945418,HSPB7,4,Zheng,HSPB7_locus0,1:16018235
1,16018235,1:16018235:T:C,1,16009032,1:16009032:G:C,0.959102,9203,1:16018235,chr1,16018235,16018235,rs945418,HSPB7,4,Zheng,HSPB7_locus0,1:16018235
1,16018235,1:16018235:T:C,1,16011787,1:16011787:A:G,0.97617,6448,1:16018235,chr1,16018235,16018235,rs945418,HSPB7,4,Zheng,HSPB7_locus0,1:16018235
1,16018235,1:16018235:T:C,1,16011979,1:16011979:T:C,0.978465,6256,1:16018235,chr1,16018235,16018235,rs945418,HSPB7,4,Zheng,HSPB7_locus0,1:16018235
1,16018235,1:16018235:T:C,1,16012430,1:16012430:T:G,0.978465,5805,1:16018235,chr1,16018235,16018235,rs945418,HSPB7,4,Zheng,HSPB7_locus0,1:16018235
1,16018235,1:16018235:T:C,1,16013314,1:16013314:T:C,0.958781,4921,1:16018235,chr1,16018235,16018235,rs945418,HSPB7,4,Zheng,HSPB7_locus0,1:16018235
1,16018235,1:16018235:T:C,1,16014348,1:16014348:TC:T,0.981419,3887,1:16018235,chr1,16018235,16018235,rs945418,HSPB7,4,Zheng,HSPB7_locus0,1:16018235
1,16018235,1:16018235:T:C,1,16014384,1:16014384:T:G,0.924267,3851,1:16018235,chr1,16018235,16018235,rs945418,HSPB7,4,Zheng,HSPB7_locus0,1:16018235
1,16018235,1:16018235:T:C,1,16014456,1:16014456:A:T,0.981419,3779,1:16018235,chr1,16018235,16018235,rs945418,HSPB7,4,Zheng,HSPB7_locus0,1:16018235
1,16018235,1:16018235:T:C,1,16018235,1:16018235:T:C,1.0,0,1:16018235,chr1,16018235,16018235,rs945418,HSPB7,4,Zheng,HSPB7_locus0,1:16018235
1,16018235,1:16018235:T:C,1,16020493,1:16020493:A:G,0.953402,2258,1:16018235,chr1,16018235,16018235,rs945418,HSPB7,4,Zheng,HSPB7_locus0,1:16018235
1,16018235,1:16018235:T:C,1,16021039,1:16021039:A:G,0.95175,2804,1:16018235,chr1,16018235,16018235,rs945418,HSPB7,4,Zheng,HSPB7_locus0,1:16018235
1,16018235,1:16018235:T:C,1,16021588,1:16021588:A:T,0.952032,3353,1:16018235,chr1,16018235,16018235,rs945418,HSPB7,4,Zheng,HSPB7_locus0,1:16018235
1,16018235,1:16018235:T:C,1,16021917,1:16021917:T:C,0.950419,3682,1:16018235,chr1,16018235,16018235,rs945418,HSPB7,4,Zheng,HSPB7_locus0,1:16018235
1,16018235,1:16018235:T:C,1,16022965,1:16022965:T:C,0.939551,4730,1:16018235,chr1,16018235,16018235,rs945418,HSPB7,4,Zheng,HSPB7_locus0,1:16018235
1,16018235,1:16018235:T:C,1,16023533,1:16023533:A:G,0.941132,5298,1:16018235,chr1,16018235,16018235,rs945418,HSPB7,4,Zheng,HSPB7_locus0,1:16018235
1,16018235,1:16018235:T:C,1,16026905,1:16026905:T:C,0.883149,8670,1:16018235,chr1,16018235,16018235,rs945418,HSPB7,4,Zheng,HSPB7_locus0,1:16018235
1,16018235,1:16018235:T:C,1,16031653,1:16031653:T:C,0.873502,13418,1:16018235,chr1,16018235,16018235,rs945418,HSPB7,4,Zheng,HSPB7_locus0,1:16018235
1,16018235,1:16018235:T:C,1,16032437,1:16032437:T:C,0.874291,14202,1:16018235,chr1,16018235,16018235,rs945418,HSPB7,4,Zheng,HSPB7_locus0,1:16018235
1,16018235,1:16018235:T:C,1,16032628,1:16032628:A:G,0.870779,14393,1:16018235,chr1,16018235,16018235,rs945418,HSPB7,4,Zheng,HSPB7_locus0,1:16018235
1,45544980,1:45544980:A:G,1,45530794,1:45530794:C:CA,0.816074,14186,1:45544980,chr1,45544980,45544980,rs518365,MAST2,2,Jurgens,MAST2_locus0,1:45544980
1,45544980,1:45544980:A:G,1,45537773,1:45537773:T:C,0.983044,7207,1:45544980,chr1,45544980,45544980,rs518365,MAST2,2,Jurgens,MAST2_locus0,1:45544980
1,45544980,1:45544980:A:G,1,45540160,1:45540160:G:T,0.98729,4820,1:45544980,chr1,45544980,45544980,rs518365,MAST2,2,Jurgens,MAST2_locus0,1:45544980
1,45544980,1:45544980:A:G,1,45540513,1:45540513:G:GA,0.989095,4467,1:45544980,chr1,45544980,45544980,rs518365,MAST2,2,Jurgens,MAST2_locus0,1:45544980
1,45544980,1:45544980:A:G,1,45541330,1:45541330:T:C,0.989095,3650,1:45544980,chr1,45544980,45544980,rs518365,MAST2,2,Jurgens,MAST2_locus0,1:45544980
1,45544980,1:45544980:A:G,1,45543641,1:45543641:G:C,0.953366,1339,1:45544980,chr1,45544980,45544980,rs518365,MAST2,2,Jurgens,MAST2_locus0,1:45544980
1,45544980,1:45544980:A:G,1,45544980,1:45544980:A:G,1.0,0,1:45544980,chr1,45544980,45544980,rs518365,MAST2,2,Jurgens,MAST2_locus0,1:45544980
1,45544980,1:45544980:A:G,1,45545333,1:45545333:C:T,0.937194,353,1:45544980,chr1,45544980,45544980,rs518365,MAST2,2,Jurgens,MAST2_locus0,1:45544980
1,45544980,1:45544980:A:G,1,45547076,1:45547076:C:G,0.822074,2096,1:45544980,chr1,45544980,45544980,rs518365,MAST2,2,Jurgens,MAST2_locus0,1:45544980
1,45544980,1:45544980:A:G,1,45547536,1:45547536:C:T,0.839872,2556,1:45544980,chr1,45544980,45544980,rs518365,MAST2,2,Jurgens,MAST2_locus0,1:45544980
1,45544980,1:45544980:A:G,1,45547775,1:45547775:C:T,0.839307,2795,1:45544980,chr1,45544980,45544980,rs518365,MAST2,2,Jurgens,MAST2_locus0,1:45544980
1,45544980,1:45544980:A:G,1,45548061,1:45548061:G:C,0.839307,3081,1:45544980,chr1,45544980,45544980,rs518365,MAST2,2,Jurgens,MAST2_locus0,1:45544980
1,45544980,1:45544980:A:G,1,45548261,1:45548261:T:C,0.900233,3281,1:45544980,chr1,45544980,45544980,rs518365,MAST2,2,Jurgens,MAST2_locus0,1:45544980
1,45544980,1:45544980:A:G,1,45548376,1:45548376:G:A,0.900233,3396,1:45544980,chr1,45544980,45544980,rs518365,MAST2,2,Jurgens,MAST2_locus0,1:45544980
1,45544980,1:45544980:A:G,1,45549063,1:45549063:A:G,0.899677,4083,1:45544980,chr1,45544980,45544980,rs518365,MAST2,2,Jurgens,MAST2_locus0,1:45544980
1,45544980,1:45544980:A:G,1,45549599,1:45549599:T:G,0.896667,4619,1:45544980,chr1,45544980,45544980,rs518365,MAST2,2,Jurgens,MAST2_locus0,1:45544980
1,45544980,1:45544980:A:G,1,45549863,1:45549863:A:ATATCTG,0.895524,4883,1:45544980,chr1,45544980,45544980,rs518365,MAST2,2,Jurgens,MAST2_locus0,1:45544980
1,45544980,1:45544980:A:G,1,45551015,1:45551015:T:C,0.833696,6035,1:45544980,chr1,45544980,45544980,rs518365,MAST2,2,Jurgens,MAST2_locus0,1:45544980
1,45544980,1:45544980:A:G,1,45552164,1:45552164:C:T,0.833696,7184,1:45544980,chr1,45544980,45544980,rs518365,MAST2,2,Jurgens,MAST2_locus0,1:45544980
1,45544980,1:45544980:A:G,1,45554879,1:45554879:T:C,0.894889,9899,1:45544980,chr1,45544980,45544980,rs518365,MAST2,2,Jurgens,MAST2_locus0,1:45544980
1,45544980,1:45544980:A:G,1,45554982,1:45554982:A:G,0.833696,10002,1:45544980,chr1,45544980,45544980,rs518365,MAST2,2,Jurgens,MAST2_locus0,1:45544980
1,45544980,1:45544980:A:G,1,45555123,1:45555123:T:C,0.874917,10143,1:45544980,chr1,45544980,45544980,rs518365,MAST2,2,Jurgens,MAST2_locus0,1:45544980
1,45555958,1:45555958:C:T,1,45547076,1:45547076:C:G,0.882998,8882,1:45555958,chr1,45555958,45555958,rs2993263,MAST2,2,Zheng,MAST2_locus0,1:45555958
1,45555958,1:45555958:C:T,1,45547536,1:45547536:C:T,0.902839,8422,1:45555958,chr1,45555958,45555958,rs2993263,MAST2,2,Zheng,MAST2_locus0,1:45555958
1,45555958,1:45555958:C:T,1,45547775,1:45547775:C:T,0.902333,8183,1:45555958,chr1,45555958,45555958,rs2993263,MAST2,2,Zheng,MAST2_locus0,1:45555958
1,45555958,1:45555958:C:T,1,45548061,1:45548061:G:C,0.902333,7897,1:45555958,chr1,45555958,45555958,rs2993263,MAST2,2,Zheng,MAST2_locus0,1:45555958
1,45555958,1:45555958:C:T,1,45548261,1:45548261:T:C,0.83542,7697,1:45555958,chr1,45555958,45555958,rs2993263,MAST2,2,Zheng,MAST2_locus0,1:45555958
1,45555958,1:45555958:C:T,1,45548376,1:45548376:G:A,0.83542,7582,1:45555958,chr1,45555958,45555958,rs2993263,MAST2,2,Zheng,MAST2_locus0,1:45555958
1,45555958,1:45555958:C:T,1,45549063,1:45549063:A:G,0.834991,6895,1:45555958,chr1,45555958,45555958,rs2993263,MAST2,2,Zheng,MAST2_locus0,1:45555958
1,45555958,1:45555958:C:T,1,45549599,1:45549599:T:G,0.840267,6359,1:45555958,chr1,45555958,45555958,rs2993263,MAST2,2,Zheng,MAST2_locus0,1:45555958
1,45555958,1:45555958:C:T,1,45549863,1:45549863:A:ATATCTG,0.838989,6095,1:45555958,chr1,45555958,45555958,rs2993263,MAST2,2,Zheng,MAST2_locus0,1:45555958
1,45555958,1:45555958:C:T,1,45551015,1:45551015:T:C,0.909052,4943,1:45555958,chr1,45555958,45555958,rs2993263,MAST2,2,Zheng,MAST2_locus0,1:45555958
1,45555958,1:45555958:C:T,1,45552164,1:45552164:C:T,0.909052,3794,1:45555958,chr1,45555958,45555958,rs2993263,MAST2,2,Zheng,MAST2_locus0,1:45555958
1,45555958,1:45555958:C:T,1,45553048,1:45553048:C:A,0.855953,2910,1:45555958,chr1,45555958,45555958,rs2993263,MAST2,2,Zheng,MAST2_locus0,1:45555958
1,45555958,1:45555958:C:T,1,45553420,1:45553420:C:CA,0.855953,2538,1:45555958,chr1,45555958,45555958,rs2993263,MAST2,2,Zheng,MAST2_locus0,1:45555958
1,45555958,1:45555958:C:T,1,45554879,1:45554879:T:C,0.842148,1079,1:45555958,chr1,45555958,45555958,rs2993263,MAST2,2,Zheng,MAST2_locus0,1:45555958
1,45555958,1:45555958:C:T,1,45554960,1:45554960:G:A,0.842835,998,1:45555958,chr1,45555958,45555958,rs2993263,MAST2,2,Zheng,MAST2_locus0,1:45555958
1,45555958,1:45555958:C:T,1,45554982,1:45554982:A:G,0.909052,976,1:45555958,chr1,45555958,45555958,rs2993263,MAST2,2,Zheng,MAST2_locus0,1:45555958
1,45555958,1:45555958:C:T,1,45555123,1:45555123:T:C,0.824849,835,1:45555958,chr1,45555958,45555958,rs2993263,MAST2,2,Zheng,MAST2_locus0,1:45555958
1,45555958,1:45555958:C:T,1,45555958,1:45555958:C:T,1.0,0,1:45555958,chr1,45555958,45555958,rs2993263,MAST2,2,Zheng,MAST2_locus0,1:45555958
1,45555958,1:45555958:C:T,1,45556770,1:45556770:G:A,0.814063,812,1:45555958,chr1,45555958,45555958,rs2993263,MAST2,2,Zheng,MAST2_locus0,1:45555958
1,45555958,1:45555958:C:T,1,45558263,1:45558263:C:T,0.82769,2305,1:45555958,chr1,45555958,45555958,rs2993263,MAST2,2,Zheng,MAST2_locus0,1:45555958
1,45555958,1:45555958:C:T,1,45558782,1:45558782:G:A,0.813442,2824,1:45555958,chr1,45555958,45555958,rs2993263,MAST2,2,Zheng,MAST2_locus0,1:45555958
1,45555958,1:45555958:C:T,1,45558833,1:45558833:G:A,0.811752,2875,1:45555958,chr1,45555958,45555958,rs2993263,MAST2,2,Zheng,MAST2_locus0,1:45555958
1,45555958,1:45555958:C:T,1,45558854,1:45558854:A:G,0.82769,2896,1:45555958,chr1,45555958,45555958,rs2993263,MAST2,2,Zheng,MAST2_locus0,1:45555958
1,45555958,1:45555958:C:T,1,45561401,1:45561401:C:CCACCCCTTC,0.805521,5443,1:45555958,chr1,45555958,45555958,rs2993263,MAST2,2,Zheng,MAST2_locus0,1:45555958
1,51327586,1:51327586:T:C,1,51085662,1:51085662:G:A,0.940648,241924,1:51327586,chr1,51327586,51327586,rs72694111,CDKN2C,1,Jurgens,CDKN2C_locus0,1:51327586
1,51327586,1:51327586:T:C,1,51124336,1:51124336:C:T,0.877357,203250,1:51327586,chr1,51327586,51327586,rs72694111,CDKN2C,1,Jurgens,CDKN2C_locus0,1:51327586
1,51327586,1:51327586:T:C,1,51128984,1:51128984:A:C,0.893033,198602,1:51327586,chr1,51327586,51327586,rs72694111,CDKN2C,1,Jurgens,CDKN2C_locus0,1:51327586
1,51327586,1:51327586:T:C,1,51130003,1:51130003:T:A,0.877357,197583,1:51327586,chr1,51327586,51327586,rs72694111,CDKN2C,1,Jurgens,CDKN2C_locus0,1:51327586
1,51327586,1:51327586:T:C,1,51140177,1:51140177:G:A,0.806441,187409,1:51327586,chr1,51327586,51327586,rs72694111,CDKN2C,1,Jurgens,CDKN2C_locus0,1:51327586
1,51327586,1:51327586:T:C,1,51146545,1:51146545:A:G,0.877357,181041,1:51327586,chr1,51327586,51327586,rs72694111,CDKN2C,1,Jurgens,CDKN2C_locus0,1:51327586
1,51327586,1:51327586:T:C,1,51159363,1:51159363:G:A,0.877357,168223,1:51327586,chr1,51327586,51327586,rs72694111,CDKN2C,1,Jurgens,CDKN2C_locus0,1:51327586
1,51327586,1:51327586:T:C,1,51184744,1:51184744:C:G,0.877357,142842,1:51327586,chr1,51327586,51327586,rs72694111,CDKN2C,1,Jurgens,CDKN2C_locus0,1:51327586
1,51327586,1:51327586:T:C,1,51191559,1:51191559:T:C,0.877357,136027,1:51327586,chr1,51327586,51327586,rs72694111,CDKN2C,1,Jurgens,CDKN2C_locus0,1:51327586
1,51327586,1:51327586:T:C,1,51195103,1:51195103:G:A,0.893033,132483,1:51327586,chr1,51327586,51327586,rs72694111,CDKN2C,1,Jurgens,CDKN2C_locus0,1:51327586
1,51327586,1:51327586:T:C,1,51198301,1:51198301:AAG:A,0.926096,129285,1:51327586,chr1,51327586,51327586,rs72694111,CDKN2C,1,Jurgens,CDKN2C_locus0,1:51327586
1,51327586,1:51327586:T:C,1,51200551,1:51200551:A:G,0.926096,127035,1:51327586,chr1,51327586,51327586,rs72694111,CDKN2C,1,Jurgens,CDKN2C_locus0,1:51327586
1,51327586,1:51327586:T:C,1,51203366,1:51203366:C:T,0.980458,124220,1:51327586,chr1,51327586,51327586,rs72694111,CDKN2C,1,Jurgens,CDKN2C_locus0,1:51327586
1,51327586,1:51327586:T:C,1,51205627,1:51205627:A:T,0.960547,121959,1:51327586,chr1,51327586,51327586,rs72694111,CDKN2C,1,Jurgens,CDKN2C_locus0,1:51327586
1,51327586,1:51327586:T:C,1,51210678,1:51210678:C:T,0.980458,116908,1:51327586,chr1,51327586,51327586,rs72694111,CDKN2C,1,Jurgens,CDKN2C_locus0,1:51327586
1,51327586,1:51327586:T:C,1,51225222,1:51225222:C:T,0.980458,102364,1:51327586,chr1,51327586,51327586,rs72694111,CDKN2C,1,Jurgens,CDKN2C_locus0,1:51327586
1,51327586,1:51327586:T:C,1,51243341,1:51243341:A:G,0.961653,84245,1:51327586,chr1,51327586,51327586,rs72694111,CDKN2C,1,Jurgens,CDKN2C_locus0,1:51327586
1,51327586,1:51327586:T:C,1,51278809,1:51278809:C:T,0.961653,48777,1:51327586,chr1,51327586,51327586,rs72694111,CDKN2C,1,Jurgens,CDKN2C_locus0,1:51327586
1,51327586,1:51327586:T:C,1,51286008,1:51286008:C:T,0.961653,41578,1:51327586,chr1,51327586,51327586,rs72694111,CDKN2C,1,Jurgens,CDKN2C_locus0,1:51327586
1,51327586,1:51327586:T:C,1,51296674,1:51296674:G:A,0.961653,30912,1:51327586,chr1,51327586,51327586,rs72694111,CDKN2C,1,Jurgens,CDKN2C_locus0,1:51327586
1,51327586,1:51327586:T:C,1,51300964,1:51300964:C:A,0.980458,26622,1:51327586,chr1,51327586,51327586,rs72694111,CDKN2C,1,Jurgens,CDKN2C_locus0,1:51327586
1,51327586,1:51327586:T:C,1,51327586,1:51327586:T:C,1.0,0,1:51327586,chr1,51327586,51327586,rs72694111,CDKN2C,1,Jurgens,CDKN2C_locus0,1:51327586
1,51327586,1:51327586:T:C,1,51358703,1:51358703:TTTTTTG:T,0.923689,31117,1:51327586,chr1,51327586,51327586,rs72694111,CDKN2C,1,Jurgens,CDKN2C_locus0,1:51327586
1,51327586,1:51327586:T:C,1,51363297,1:51363302:C:CAAAA,0.921887,35711,1:51327586,chr1,51327586,51327586,rs72694111,CDKN2C,1,Jurgens,CDKN2C_locus0,1:51327586
1,51327586,1:51327586:T:C,1,51364500,1:51364503:A:ATTTT,0.961653,36914,1:51327586,chr1,51327586,51327586,rs72694111,CDKN2C,1,Jurgens,CDKN2C_locus0,1:51327586
1,51327586,1:51327586:T:C,1,51369820,1:51369820:C:T,0.961653,42234,1:51327586,chr1,51327586,51327586,rs72694111,CDKN2C,1,Jurgens,CDKN2C_locus0,1:51327586
1,51327586,1:51327586:T:C,1,51381705,1:51381705:C:T,0.943545,54119,1:51327586,chr1,51327586,51327586,rs72694111,CDKN2C,1,Jurgens,CDKN2C_locus0,1:51327586
1,51327586,1:51327586:T:C,1,51393773,1:51393773:T:C,0.961653,66187,1:51327586,chr1,51327586,51327586,rs72694111,CDKN2C,1,Jurgens,CDKN2C_locus0,1:51327586
1,51327586,1:51327586:T:C,1,51399861,1:51399861:A:C,0.961653,72275,1:51327586,chr1,51327586,51327586,rs72694111,CDKN2C,1,Jurgens,CDKN2C_locus0,1:51327586
1,51327586,1:51327586:T:C,1,51400180,1:51400180:C:A,0.961653,72594,1:51327586,chr1,51327586,51327586,rs72694111,CDKN2C,1,Jurgens,CDKN2C_locus0,1:51327586
1,51327586,1:51327586:T:C,1,51401840,1:51401840:T:C,0.961653,74254,1:51327586,chr1,51327586,51327586,rs72694111,CDKN2C,1,Jurgens,CDKN2C_locus0,1:51327586
1,51327586,1:51327586:T:C,1,51475332,1:51475332:CTCTAACA:C,0.961653,147746,1:51327586,chr1,51327586,51327586,rs72694111,CDKN2C,1,Jurgens,CDKN2C_locus0,1:51327586
1,51327586,1:51327586:T:C,1,51533846,1:51533846:T:TTTC,0.906284,206260,1:51327586,chr1,51327586,51327586,rs72694111,CDKN2C,1,Jurgens,CDKN2C_locus0,1:51327586
1,51327586,1:51327586:T:C,1,51534586,1:51534586:A:G,0.961653,207000,1:51327586,chr1,51327586,51327586,rs72694111,CDKN2C,1,Jurgens,CDKN2C_locus0,1:51327586
1,51327586,1:51327586:T:C,1,51535015,1:51535015:G:A,0.961653,207429,1:51327586,chr1,51327586,51327586,rs72694111,CDKN2C,1,Jurgens,CDKN2C_locus0,1:51327586
1,61411706,1:61411706:A:G,1,61408005,1:61408005:T:G,0.925301,3701,1:61411706,chr1,61411706,61411706,rs2103883,NFIA,2,Zheng,NFIA_locus0,1:61411706
1,61411706,1:61411706:A:G,1,61411706,1:61411706:A:G,1.0,0,1:61411706,chr1,61411706,61411706,rs2103883,NFIA,2,Zheng,NFIA_locus0,1:61411706
1,61411706,1:61411706:A:G,1,61413966,1:61413966:ATTGTTTTT:A,0.858561,2260,1:61411706,chr1,61411706,61411706,rs2103883,NFIA,2,Zheng,NFIA_locus0,1:61411706
1,78157942,1:78157942:C:T,1,78157942,1:78157942:C:T,1.0,0,1:78157942,chr1,78157942,78157942,rs17391694,NEXN,4,Zheng,NEXN_locus0,1:78157942
1,155768253,1:155768253:A:G,1,155573151,1:155573151:A:G,0.805608,195102,1:155768253,chr1,155768253,155768253,rs12081192,GON4L,4,Zheng,GON4L_locus0,1:155768253
1,155768253,1:155768253:A:G,1,155574465,1:155574465:T:C,0.806836,193788,1:155768253,chr1,155768253,155768253,rs12081192,GON4L,4,Zheng,GON4L_locus0,1:155768253
1,155768253,1:155768253:A:G,1,155575555,1:155575555:C:T,0.807001,192698,1:155768253,chr1,155768253,155768253,rs12081192,GON4L,4,Zheng,GON4L_locus0,1:155768253
1,155768253,1:155768253:A:G,1,155589379,1:155589379:G:T,0.810157,178874,1:155768253,chr1,155768253,155768253,rs12081192,GON4L,4,Zheng,GON4L_locus0,1:155768253
1,155768253,1:155768253:A:G,1,155593361,1:155593361:C:A,0.813808,174892,1:155768253,chr1,155768253,155768253,rs12081192,GON4L,4,Zheng,GON4L_locus0,1:155768253
1,155768253,1:155768253:A:G,1,155601818,1:155601818:A:G,0.83579,166435,1:155768253,chr1,155768253,155768253,rs12081192,GON4L,4,Zheng,GON4L_locus0,1:155768253
1,155768253,1:155768253:A:G,1,155611520,1:155611520:T:C,0.807167,156733,1:155768253,chr1,155768253,155768253,rs12081192,GON4L,4,Zheng,GON4L_locus0,1:155768253
1,155768253,1:155768253:A:G,1,155617244,1:155617244:C:CAGGCTCATG,0.828153,151009,1:155768253,chr1,155768253,155768253,rs12081192,GON4L,4,Zheng,GON4L_locus0,1:155768253
1,155768253,1:155768253:A:G,1,155645024,1:155645024:A:C,0.815671,123229,1:155768253,chr1,155768253,155768253,rs12081192,GON4L,4,Zheng,GON4L_locus0,1:155768253
1,155768253,1:155768253:A:G,1,155655153,1:155655153:G:A,0.814339,113100,1:155768253,chr1,155768253,155768253,rs12081192,GON4L,4,Zheng,GON4L_locus0,1:155768253
1,155768253,1:155768253:A:G,1,155680036,1:155680036:G:C,0.817407,88217,1:155768253,chr1,155768253,155768253,rs12081192,GON4L,4,Zheng,GON4L_locus0,1:155768253
1,155768253,1:155768253:A:G,1,155680181,1:155680183:CAA:C,0.801737,88072,1:155768253,chr1,155768253,155768253,rs12081192,GON4L,4,Zheng,GON4L_locus0,1:155768253
1,155768253,1:155768253:A:G,1,155687002,1:155687002:C:T,0.815177,81251,1:155768253,chr1,155768253,155768253,rs12081192,GON4L,4,Zheng,GON4L_locus0,1:155768253
1,155768253,1:155768253:A:G,1,155710658,1:155710658:T:C,0.964372,57595,1:155768253,chr1,155768253,155768253,rs12081192,GON4L,4,Zheng,GON4L_locus0,1:155768253
1,155768253,1:155768253:A:G,1,155711583,1:155711583:G:GT,0.952073,56670,1:155768253,chr1,155768253,155768253,rs12081192,GON4L,4,Zheng,GON4L_locus0,1:155768253
1,155768253,1:155768253:A:G,1,155728854,1:155728854:T:A,0.978032,39399,1:155768253,chr1,155768253,155768253,rs12081192,GON4L,4,Zheng,GON4L_locus0,1:155768253
1,155768253,1:155768253:A:G,1,155729971,1:155729971:T:G,0.966092,38282,1:155768253,chr1,155768253,155768253,rs12081192,GON4L,4,Zheng,GON4L_locus0,1:155768253
1,155768253,1:155768253:A:G,1,155737771,1:155737771:C:CA,0.906195,30482,1:155768253,chr1,155768253,155768253,rs12081192,GON4L,4,Zheng,GON4L_locus0,1:155768253
1,155768253,1:155768253:A:G,1,155739543,1:155739543:GTGTA:G,0.913495,28710,1:155768253,chr1,155768253,155768253,rs12081192,GON4L,4,Zheng,GON4L_locus0,1:155768253
1,155768253,1:155768253:A:G,1,155743305,1:155743305:C:CA,0.979305,24948,1:155768253,chr1,155768253,155768253,rs12081192,GON4L,4,Zheng,GON4L_locus0,1:155768253
1,155768253,1:155768253:A:G,1,155743859,1:155743859:T:G,0.983982,24394,1:155768253,chr1,155768253,155768253,rs12081192,GON4L,4,Zheng,GON4L_locus0,1:155768253
1,155768253,1:155768253:A:G,1,155745850,1:155745850:G:A,0.865707,22403,1:155768253,chr1,155768253,155768253,rs12081192,GON4L,4,Zheng,GON4L_locus0,1:155768253
1,155768253,1:155768253:A:G,1,155752766,1:155752766:G:A,0.984583,15487,1:155768253,chr1,155768253,155768253,rs12081192,GON4L,4,Zheng,GON4L_locus0,1:155768253
1,155768253,1:155768253:A:G,1,155764426,1:155764427:ATTTTTTTTT:A,0.841338,3827,1:155768253,chr1,155768253,155768253,rs12081192,GON4L,4,Zheng,GON4L_locus0,1:155768253
1,155768253,1:155768253:A:G,1,155765221,1:155765221:T:C,0.987529,3032,1:155768253,chr1,155768253,155768253,rs12081192,GON4L,4,Zheng,GON4L_locus0,1:155768253
1,155768253,1:155768253:A:G,1,155768253,1:155768253:A:G,1.0,0,1:155768253,chr1,155768253,155768253,rs12081192,GON4L,4,Zheng,GON4L_locus0,1:155768253
1,155768253,1:155768253:A:G,1,155775558,1:155775558:G:A,0.972241,7305,1:155768253,chr1,155768253,155768253,rs12081192,GON4L,4,Zheng,GON4L_locus0,1:155768253
1,155768253,1:155768253:A:G,1,155784657,1:155784657:C:T,0.984522,16404,1:155768253,chr1,155768253,155768253,rs12081192,GON4L,4,Zheng,GON4L_locus0,1:155768253
1,155768253,1:155768253:A:G,1,155790951,1:155790951:A:C,0.891591,22698,1:155768253,chr1,155768253,155768253,rs12081192,GON4L,4,Zheng,GON4L_locus0,1:155768253
1,155768253,1:155768253:A:G,1,155791717,1:155791717:A:G,0.974566,23464,1:155768253,chr1,155768253,155768253,rs12081192,GON4L,4,Zheng,GON4L_locus0,1:155768253
1,155768253,1:155768253:A:G,1,155808049,1:155808049:T:A,0.891606,39796,1:155768253,chr1,155768253,155768253,rs12081192,GON4L,4,Zheng,GON4L_locus0,1:155768253
1,155768253,1:155768253:A:G,1,155810523,1:155810523:C:T,0.89268,42270,1:155768253,chr1,155768253,155768253,rs12081192,GON4L,4,Zheng,GON4L_locus0,1:155768253
1,155768253,1:155768253:A:G,1,155810745,1:155810745:G:A,0.971595,42492,1:155768253,chr1,155768253,155768253,rs12081192,GON4L,4,Zheng,GON4L_locus0,1:155768253
1,155768253,1:155768253:A:G,1,155818076,1:155818076:C:T,0.973382,49823,1:155768253,chr1,155768253,155768253,rs12081192,GON4L,4,Zheng,GON4L_locus0,1:155768253
1,155768253,1:155768253:A:G,1,155818865,1:155818865:G:A,0.959564,50612,1:155768253,chr1,155768253,155768253,rs12081192,GON4L,4,Zheng,GON4L_locus0,1:155768253
1,155768253,1:155768253:A:G,1,155819159,1:155819159:CGGGCAT:C,0.958983,50906,1:155768253,chr1,155768253,155768253,rs12081192,GON4L,4,Zheng,GON4L_locus0,1:155768253
1,155768253,1:155768253:A:G,1,155824687,1:155824687:T:C,0.956092,56434,1:155768253,chr1,155768253,155768253,rs12081192,GON4L,4,Zheng,GON4L_locus0,1:155768253
1,155768253,1:155768253:A:G,1,155857755,1:155857755:T:C,0.891072,89502,1:155768253,chr1,155768253,155768253,rs12081192,GON4L,4,Zheng,GON4L_locus0,1:155768253
1,155768253,1:155768253:A:G,1,155858636,1:155858637:G:GTT,0.804417,90383,1:155768253,chr1,155768253,155768253,rs12081192,GON4L,4,Zheng,GON4L_locus0,1:155768253
1,155768253,1:155768253:A:G,1,155859720,1:155859720:C:T,0.94694,91467,1:155768253,chr1,155768253,155768253,rs12081192,GON4L,4,Zheng,GON4L_locus0,1:155768253
1,179423728,1:179423728:G:A,1,179354893,1:179354893:G:A,0.899524,68835,1:179423728,chr1,179423728,179423728,rs61822778,AXDND1,2,Zheng,AXDND1_locus0,1:179423728
1,179423728,1:179423728:G:A,1,179423728,1:179423728:G:A,1.0,0,1:179423728,chr1,179423728,179423728,rs61822778,AXDND1,2,Zheng,AXDND1_locus0,1:179423728
1,179423728,1:179423728:G:A,1,179461983,1:179461983:A:G,0.942706,38255,1:179423728,chr1,179423728,179423728,rs61822778,AXDND1,2,Zheng,AXDND1_locus0,1:179423728
1,211933964,1:211933964:C:T,1,211933964,1:211933964:C:T,1.0,0,1:211933964,chr1,211933964,211933964,rs17699790,DTL,3,Jurgens,DTL_locus0,1:211933964
1,211933964,1:211933964:C:T,1,211939558,1:211939558:CA:C,0.875217,5594,1:211933964,chr1,211933964,211933964,rs17699790,DTL,3,Jurgens,DTL_locus0,1:211933964
1,211933964,1:211933964:C:T,1,211941320,1:211941320:A:G,0.938052,7356,1:211933964,chr1,211933964,211933964,rs17699790,DTL,3,Jurgens,DTL_locus0,1:211933964
1,211933964,1:211933964:C:T,1,211941321,1:211941321:G:A,0.938052,7357,1:211933964,chr1,211933964,211933964,rs17699790,DTL,3,Jurgens,DTL_locus0,1:211933964
1,211933964,1:211933964:C:T,1,211941324,1:211941324:C:G,0.938052,7360,1:211933964,chr1,211933964,211933964,rs17699790,DTL,3,Jurgens,DTL_locus0,1:211933964
1,211933964,1:211933964:C:T,1,211948068,1:211948068:T:C,0.989426,14104,1:211933964,chr1,211933964,211933964,rs17699790,DTL,3,Jurgens,DTL_locus0,1:211933964
1,211933964,1:211933964:C:T,1,211954111,1:211954111:A:T,0.935131,20147,1:211933964,chr1,211933964,211933964,rs17699790,DTL,3,Jurgens,DTL_locus0,1:211933964
1,211933964,1:211933964:C:T,1,211956129,1:211956129:T:G,0.83591,22165,1:211933964,chr1,211933964,211933964,rs17699790,DTL,3,Jurgens,DTL_locus0,1:211933964
1,211933964,1:211933964:C:T,1,211956808,1:211956808:A:G,0.936706,22844,1:211933964,chr1,211933964,211933964,rs17699790,DTL,3,Jurgens,DTL_locus0,1:211933964
1,211933964,1:211933964:C:T,1,211964632,1:211964632:A:G,0.884624,30668,1:211933964,chr1,211933964,211933964,rs17699790,DTL,3,Jurgens,DTL_locus0,1:211933964
1,211933964,1:211933964:C:T,1,211969722,1:211969722:A:AT,0.81533,35758,1:211933964,chr1,211933964,211933964,rs17699790,DTL,3,Jurgens,DTL_locus0,1:211933964
1,211933964,1:211933964:C:T,1,211971884,1:211971884:C:A,0.983436,37920,1:211933964,chr1,211933964,211933964,rs17699790,DTL,3,Jurgens,DTL_locus0,1:211933964
1,211933964,1:211933964:C:T,1,211987318,1:211987318:C:A,0.88652,53354,1:211933964,chr1,211933964,211933964,rs17699790,DTL,3,Jurgens,DTL_locus0,1:211933964
1,211933964,1:211933964:C:T,1,211990285,1:211990286:TAA:T,0.930697,56321,1:211933964,chr1,211933964,211933964,rs17699790,DTL,3,Jurgens,DTL_locus0,1:211933964
1,211933964,1:211933964:C:T,1,212003423,1:212003423:G:C,0.989435,69459,1:211933964,chr1,211933964,211933964,rs17699790,DTL,3,Jurgens,DTL_locus0,1:211933964
1,211933964,1:211933964:C:T,1,212004670,1:212004670:T:C,0.983423,70706,1:211933964,chr1,211933964,211933964,rs17699790,DTL,3,Jurgens,DTL_locus0,1:211933964
1,211933964,1:211933964:C:T,1,212008643,1:212008643:A:C,0.934783,74679,1:211933964,chr1,211933964,211933964,rs17699790,DTL,3,Jurgens,DTL_locus0,1:211933964
1,211933964,1:211933964:C:T,1,212013782,1:212013782:C:T,0.991694,79818,1:211933964,chr1,211933964,211933964,rs17699790,DTL,3,Jurgens,DTL_locus0,1:211933964
1,211933964,1:211933964:C:T,1,212014718,1:212014718:A:AT,0.982669,80754,1:211933964,chr1,211933964,211933964,rs17699790,DTL,3,Jurgens,DTL_locus0,1:211933964
1,211933964,1:211933964:C:T,1,212022869,1:212022869:T:C,0.984964,88905,1:211933964,chr1,211933964,211933964,rs17699790,DTL,3,Jurgens,DTL_locus0,1:211933964
1,211933964,1:211933964:C:T,1,212036025,1:212036025:T:TC,0.98202,102061,1:211933964,chr1,211933964,211933964,rs17699790,DTL,3,Jurgens,DTL_locus0,1:211933964
1,211933964,1:211933964:C:T,1,212037032,1:212037032:C:G,0.927853,103068,1:211933964,chr1,211933964,211933964,rs17699790,DTL,3,Jurgens,DTL_locus0,1:211933964
1,211933964,1:211933964:C:T,1,212038134,1:212038134:A:G,0.927164,104170,1:211933964,chr1,211933964,211933964,rs17699790,DTL,3,Jurgens,DTL_locus0,1:211933964
1,211933964,1:211933964:C:T,1,212046609,1:212046609:A:G,0.927164,112645,1:211933964,chr1,211933964,211933964,rs17699790,DTL,3,Jurgens,DTL_locus0,1:211933964
1,211933964,1:211933964:C:T,1,212051419,1:212051419:A:G,0.927094,117455,1:211933964,chr1,211933964,211933964,rs17699790,DTL,3,Jurgens,DTL_locus0,1:211933964
1,211933964,1:211933964:C:T,1,212051604,1:212051604:G:T,0.967736,117640,1:211933964,chr1,211933964,211933964,rs17699790,DTL,3,Jurgens,DTL_locus0,1:211933964
1,211933964,1:211933964:C:T,1,212052002,1:212052002:G:A,0.979053,118038,1:211933964,chr1,211933964,211933964,rs17699790,DTL,3,Jurgens,DTL_locus0,1:211933964
1,211933964,1:211933964:C:T,1,212052742,1:212052742:T:A,0.912474,118778,1:211933964,chr1,211933964,211933964,rs17699790,DTL,3,Jurgens,DTL_locus0,1:211933964
1,211933964,1:211933964:C:T,1,212054407,1:212054407:C:A,0.967682,120443,1:211933964,chr1,211933964,211933964,rs17699790,DTL,3,Jurgens,DTL_locus0,1:211933964
1,211933964,1:211933964:C:T,1,212056129,1:212056129:T:C,0.979053,122165,1:211933964,chr1,211933964,211933964,rs17699790,DTL,3,Jurgens,DTL_locus0,1:211933964
1,211933964,1:211933964:C:T,1,212057360,1:212057361:GAA:G,0.914958,123396,1:211933964,chr1,211933964,211933964,rs17699790,DTL,3,Jurgens,DTL_locus0,1:211933964
1,211933964,1:211933964:C:T,1,212066143,1:212066143:T:C,0.925923,132179,1:211933964,chr1,211933964,211933964,rs17699790,DTL,3,Jurgens,DTL_locus0,1:211933964
1,211933964,1:211933964:C:T,1,212067883,1:212067883:T:C,0.973781,133919,1:211933964,chr1,211933964,211933964,rs17699790,DTL,3,Jurgens,DTL_locus0,1:211933964
1,211933964,1:211933964:C:T,1,212072778,1:212072778:T:TA,0.930802,138814,1:211933964,chr1,211933964,211933964,rs17699790,DTL,3,Jurgens,DTL_locus0,1:211933964
1,211933964,1:211933964:C:T,1,212073846,1:212073846:T:C,0.973162,139882,1:211933964,chr1,211933964,211933964,rs17699790,DTL,3,Jurgens,DTL_locus0,1:211933964
1,211933964,1:211933964:C:T,1,212074258,1:212074258:A:G,0.923726,140294,1:211933964,chr1,211933964,211933964,rs17699790,DTL,3,Jurgens,DTL_locus0,1:211933964
1,211933964,1:211933964:C:T,1,212074981,1:212074981:C:G,0.922896,141017,1:211933964,chr1,211933964,211933964,rs17699790,DTL,3,Jurgens,DTL_locus0,1:211933964
1,211933964,1:211933964:C:T,1,212076009,1:212076009:C:T,0.922896,142045,1:211933964,chr1,211933964,211933964,rs17699790,DTL,3,Jurgens,DTL_locus0,1:211933964
1,211933964,1:211933964:C:T,1,212077478,1:212077478:T:C,0.970867,143514,1:211933964,chr1,211933964,211933964,rs17699790,DTL,3,Jurgens,DTL_locus0,1:211933964
1,211933964,1:211933964:C:T,1,212079927,1:212079927:C:T,0.925237,145963,1:211933964,chr1,211933964,211933964,rs17699790,DTL,3,Jurgens,DTL_locus0,1:211933964
1,211933964,1:211933964:C:T,1,212084534,1:212084534:T:C,0.970127,150570,1:211933964,chr1,211933964,211933964,rs17699790,DTL,3,Jurgens,DTL_locus0,1:211933964
1,211933964,1:211933964:C:T,1,212089081,1:212089081:G:A,0.970094,155117,1:211933964,chr1,211933964,211933964,rs17699790,DTL,3,Jurgens,DTL_locus0,1:211933964
1,211933964,1:211933964:C:T,1,212089875,1:212089875:C:T,0.921526,155911,1:211933964,chr1,211933964,211933964,rs17699790,DTL,3,Jurgens,DTL_locus0,1:211933964
1,211933964,1:211933964:C:T,1,212097077,1:212097077:A:C,0.924552,163113,1:211933964,chr1,211933964,211933964,rs17699790,DTL,3,Jurgens,DTL_locus0,1:211933964
1,211933964,1:211933964:C:T,1,212099088,1:212099088:G:A,0.944491,165124,1:211933964,chr1,211933964,211933964,rs17699790,DTL,3,Jurgens,DTL_locus0,1:211933964
1,211933964,1:211933964:C:T,1,212103765,1:212103765:T:G,0.974676,169801,1:211933964,chr1,211933964,211933964,rs17699790,DTL,3,Jurgens,DTL_locus0,1:211933964
1,211933964,1:211933964:C:T,1,212103962,1:212103962:C:G,0.924552,169998,1:211933964,chr1,211933964,211933964,rs17699790,DTL,3,Jurgens,DTL_locus0,1:211933964
1,211933964,1:211933964:C:T,1,212105914,1:212105914:T:A,0.923868,171950,1:211933964,chr1,211933964,211933964,rs17699790,DTL,3,Jurgens,DTL_locus0,1:211933964
1,214109573,1:214109573:A:G,1,214109573,1:214109573:A:G,1.0,0,1:214109573,chr1,214109573,214109573,rs56740369,PROX1,2,Zheng,PROX1_locus0,1:214109573
1,214111812,1:214111812:T:C,1,214107731,1:214107731:A:AC,0.829128,4081,1:214111812,chr1,214111812,214111812,rs74139612,PROX1,3,Jurgens,PROX1_locus0,1:214111812
1,214111812,1:214111812:T:C,1,214111812,1:214111812:T:C,1.0,0,1:214111812,chr1,214111812,214111812,rs74139612,PROX1,3,Jurgens,PROX1_locus0,1:214111812
1,214111812,1:214111812:T:C,1,214111878,1:214111878:C:T,0.99089,66,1:214111812,chr1,214111812,214111812,rs74139612,PROX1,3,Jurgens,PROX1_locus0,1:214111812
1,214113446,1:214113446:G:A,1,214113446,1:214113446:G:A,1.0,0,1:214113446,chr1,214113446,214113446,rs74139615,PROX1,2,Zheng,PROX1_locus0,1:214113446
1,214113446,1:214113446:G:A,1,214113755,1:214113755:A:T,0.950056,309,1:214113446,chr1,214113446,214113446,rs74139615,PROX1,2,Zheng,PROX1_locus0,1:214113446
1,214113446,1:214113446:G:A,1,214113857,1:214113857:CT:C,0.953857,411,1:214113446,chr1,214113446,214113446,rs74139615,PROX1,2,Zheng,PROX1_locus0,1:214113446
1,228332681,1:228332681:G:A,1,228285899,1:228285899:A:G,0.805908,46782,1:228332681,chr1,228332681,228332681,rs429335,OBSCN,4,Jurgens,OBSCN_locus0,1:228332681
1,228332681,1:228332681:G:A,1,228287315,1:228287315:G:A,0.859408,45366,1:228332681,chr1,228332681,228332681,rs429335,OBSCN,4,Jurgens,OBSCN_locus0,1:228332681
1,228332681,1:228332681:G:A,1,228294309,1:228294309:C:T,0.806636,38372,1:228332681,chr1,228332681,228332681,rs429335,OBSCN,4,Jurgens,OBSCN_locus0,1:228332681
1,228332681,1:228332681:G:A,1,228301400,1:228301400:C:A,0.808857,31281,1:228332681,chr1,228332681,228332681,rs429335,OBSCN,4,Jurgens,OBSCN_locus0,1:228332681
1,228332681,1:228332681:G:A,1,228304343,1:228304343:G:A,0.859633,28338,1:228332681,chr1,228332681,228332681,rs429335,OBSCN,4,Jurgens,OBSCN_locus0,1:228332681
1,228332681,1:228332681:G:A,1,228306681,1:228306681:T:G,0.809461,26000,1:228332681,chr1,228332681,228332681,rs429335,OBSCN,4,Jurgens,OBSCN_locus0,1:228332681
1,228332681,1:228332681:G:A,1,228310166,1:228310166:C:A,0.807776,22515,1:228332681,chr1,228332681,228332681,rs429335,OBSCN,4,Jurgens,OBSCN_locus0,1:228332681
1,228332681,1:228332681:G:A,1,228313217,1:228313217:C:G,0.80992,19464,1:228332681,chr1,228332681,228332681,rs429335,OBSCN,4,Jurgens,OBSCN_locus0,1:228332681
1,228332681,1:228332681:G:A,1,228314295,1:228314295:G:A,0.831226,18386,1:228332681,chr1,228332681,228332681,rs429335,OBSCN,4,Jurgens,OBSCN_locus0,1:228332681
1,228332681,1:228332681:G:A,1,228316326,1:228316326:C:T,0.829523,16355,1:228332681,chr1,228332681,228332681,rs429335,OBSCN,4,Jurgens,OBSCN_locus0,1:228332681
1,228332681,1:228332681:G:A,1,228317156,1:228317156:G:T,0.831127,15525,1:228332681,chr1,228332681,228332681,rs429335,OBSCN,4,Jurgens,OBSCN_locus0,1:228332681
1,228332681,1:228332681:G:A,1,228317258,1:228317258:C:T,0.831127,15423,1:228332681,chr1,228332681,228332681,rs429335,OBSCN,4,Jurgens,OBSCN_locus0,1:228332681
1,228332681,1:228332681:G:A,1,228320714,1:228320714:C:T,0.831654,11967,1:228332681,chr1,228332681,228332681,rs429335,OBSCN,4,Jurgens,OBSCN_locus0,1:228332681
1,228332681,1:228332681:G:A,1,228323039,1:228323039:T:G,0.831127,9642,1:228332681,chr1,228332681,228332681,rs429335,OBSCN,4,Jurgens,OBSCN_locus0,1:228332681
1,228332681,1:228332681:G:A,1,228325014,1:228325014:G:A,0.862533,7667,1:228332681,chr1,228332681,228332681,rs429335,OBSCN,4,Jurgens,OBSCN_locus0,1:228332681
1,228332681,1:228332681:G:A,1,228325263,1:228325263:A:G,0.831654,7418,1:228332681,chr1,228332681,228332681,rs429335,OBSCN,4,Jurgens,OBSCN_locus0,1:228332681
1,228332681,1:228332681:G:A,1,228329705,1:228329705:A:G,0.826657,2976,1:228332681,chr1,228332681,228332681,rs429335,OBSCN,4,Jurgens,OBSCN_locus0,1:228332681
1,228332681,1:228332681:G:A,1,228331455,1:228331455:T:C,0.806859,1226,1:228332681,chr1,228332681,228332681,rs429335,OBSCN,4,Jurgens,OBSCN_locus0,1:228332681
1,228332681,1:228332681:G:A,1,228332215,1:228332215:C:T,0.954943,466,1:228332681,chr1,228332681,228332681,rs429335,OBSCN,4,Jurgens,OBSCN_locus0,1:228332681
1,228332681,1:228332681:G:A,1,228332242,1:228332242:A:T,0.979226,439,1:228332681,chr1,228332681,228332681,rs429335,OBSCN,4,Jurgens,OBSCN_locus0,1:228332681
1,228332681,1:228332681:G:A,1,228332681,1:228332681:G:A,1.0,0,1:228332681,chr1,228332681,228332681,rs429335,OBSCN,4,Jurgens,OBSCN_locus0,1:228332681
1,228332681,1:228332681:G:A,1,228333062,1:228333062:G:A,0.947788,381,1:228332681,chr1,228332681,228332681,rs429335,OBSCN,4,Jurgens,OBSCN_locus0,1:228332681
1,228332681,1:228332681:G:A,1,228333179,1:228333179:C:T,0.955034,498,1:228332681,chr1,228332681,228332681,rs429335,OBSCN,4,Jurgens,OBSCN_locus0,1:228332681
1,228332681,1:228332681:G:A,1,228333272,1:228333272:C:G,0.988634,591,1:228332681,chr1,228332681,228332681,rs429335,OBSCN,4,Jurgens,OBSCN_locus0,1:228332681
1,228332681,1:228332681:G:A,1,228334119,1:228334119:G:A,0.809224,1438,1:228332681,chr1,228332681,228332681,rs429335,OBSCN,4,Jurgens,OBSCN_locus0,1:228332681
1,228332681,1:228332681:G:A,1,228334346,1:228334346:A:T,0.906826,1665,1:228332681,chr1,228332681,228332681,rs429335,OBSCN,4,Jurgens,OBSCN_locus0,1:228332681
1,228332681,1:228332681:G:A,1,228335341,1:228335341:T:TG,0.90384,2660,1:228332681,chr1,228332681,228332681,rs429335,OBSCN,4,Jurgens,OBSCN_locus0,1:228332681
1,228332681,1:228332681:G:A,1,228335747,1:228335747:G:A,0.904827,3066,1:228332681,chr1,228332681,228332681,rs429335,OBSCN,4,Jurgens,OBSCN_locus0,1:228332681
1,228332681,1:228332681:G:A,1,228338571,1:228338571:G:A,0.893669,5890,1:228332681,chr1,228332681,228332681,rs429335,OBSCN,4,Jurgens,OBSCN_locus0,1:228332681
1,228332681,1:228332681:G:A,1,228340711,1:228340711:G:A,0.897993,8030,1:228332681,chr1,228332681,228332681,rs429335,OBSCN,4,Jurgens,OBSCN_locus0,1:228332681
1,228332681,1:228332681:G:A,1,228347383,1:228347383:C:T,0.937299,14702,1:228332681,chr1,228332681,228332681,rs429335,OBSCN,4,Jurgens,OBSCN_locus0,1:228332681
1,228332681,1:228332681:G:A,1,228348157,1:228348157:CTCTTCTTCT:C,0.89786,15476,1:228332681,chr1,228332681,228332681,rs429335,OBSCN,4,Jurgens,OBSCN_locus0,1:228332681
1,228332681,1:228332681:G:A,1,228350241,1:228350241:T:C,0.884536,17560,1:228332681,chr1,228332681,228332681,rs429335,OBSCN,4,Jurgens,OBSCN_locus0,1:228332681
1,228364283,1:228364283:G:A,1,228343112,1:228343112:G:A,0.868293,21171,1:228364283,chr1,228364283,228364283,rs55756479,OBSCN,4,Zheng,OBSCN_locus0,1:228364283
1,228364283,1:228364283:G:A,1,228353896,1:228353896:G:A,0.871362,10387,1:228364283,chr1,228364283,228364283,rs55756479,OBSCN,4,Zheng,OBSCN_locus0,1:228364283
1,228364283,1:228364283:G:A,1,228363389,1:228363389:C:T,0.929112,894,1:228364283,chr1,228364283,228364283,rs55756479,OBSCN,4,Zheng,OBSCN_locus0,1:228364283
1,228364283,1:228364283:G:A,1,228363787,1:228363787:G:A,0.957925,496,1:228364283,chr1,228364283,228364283,rs55756479,OBSCN,4,Zheng,OBSCN_locus0,1:228364283
1,228364283,1:228364283:G:A,1,228363816,1:228363816:G:A,0.884388,467,1:228364283,chr1,228364283,228364283,rs55756479,OBSCN,4,Zheng,OBSCN_locus0,1:228364283
1,228364283,1:228364283:G:A,1,228364283,1:228364283:G:A,1.0,0,1:228364283,chr1,228364283,228364283,rs55756479,OBSCN,4,Zheng,OBSCN_locus0,1:228364283
1,228364283,1:228364283:G:A,1,228369087,1:228369087:C:T,0.951107,4804,1:228364283,chr1,228364283,228364283,rs55756479,OBSCN,4,Zheng,OBSCN_locus0,1:228364283
1,236688982,1:236688982:A:T,1,236678277,1:236678277:TA:T,0.807805,10705,1:236688982,chr1,236688982,236688982,rs12724121,ACTN2,5,Zheng,ACTN2_locus0,1:236688982
1,236688982,1:236688982:A:T,1,236688982,1:236688982:A:T,1.0,0,1:236688982,chr1,236688982,236688982,rs12724121,ACTN2,5,Zheng,ACTN2_locus0,1:236688982
1,236688982,1:236688982:A:T,1,236689867,1:236689867:G:A,0.998849,885,1:236688982,chr1,236688982,236688982,rs12724121,ACTN2,5,Zheng,ACTN2_locus0,1:236688982
1,236689867,1:236689867:G:A,1,236678277,1:236678277:TA:T,0.807532,11590,1:236689867,chr1,236689867,236689867,rs4659701,ACTN2,4,both,ACTN2_locus0,1:236689867
1,236689867,1:236689867:G:A,1,236688982,1:236688982:A:T,0.998849,885,1:236689867,chr1,236689867,236689867,rs4659701,ACTN2,4,both,ACTN2_locus0,1:236689867
1,236689867,1:236689867:G:A,1,236689867,1:236689867:G:A,1.0,0,1:236689867,chr1,236689867,236689867,rs4659701,ACTN2,4,both,ACTN2_locus0,1:236689867
2,11415980,2:11415980:G:A,2,11415622,2:11415622:A:G,0.923079,358,2:11415980,chr2,11415980,11415980,rs3922995,LINC00570,2,Zheng,LINC00570_locus0,2:11415980
2,11415980,2:11415980:G:A,2,11415777,2:11415777:T:A,0.934676,203,2:11415980,chr2,11415980,11415980,rs3922995,LINC00570,2,Zheng,LINC00570_locus0,2:11415980
2,11415980,2:11415980:G:A,2,11415980,2:11415980:G:A,1.0,0,2:11415980,chr2,11415980,11415980,rs3922995,LINC00570,2,Zheng,LINC00570_locus0,2:11415980
2,11415980,2:11415980:G:A,2,11416273,2:11416273:A:G,0.996555,293,2:11415980,chr2,11415980,11415980,rs3922995,LINC00570,2,Zheng,LINC00570_locus0,2:11415980
2,11415980,2:11415980:G:A,2,11416418,2:11416418:G:A,0.998274,438,2:11415980,chr2,11415980,11415980,rs3922995,LINC00570,2,Zheng,LINC00570_locus0,2:11415980
2,11415980,2:11415980:G:A,2,11417284,2:11417284:G:A,0.997119,1304,2:11415980,chr2,11415980,11415980,rs3922995,LINC00570,2,Zheng,LINC00570_locus0,2:11415980
2,11415980,2:11415980:G:A,2,11417674,2:11417674:G:A,0.994817,1694,2:11415980,chr2,11415980,11415980,rs3922995,LINC00570,2,Zheng,LINC00570_locus0,2:11415980
2,11415980,2:11415980:G:A,2,11419248,2:11419248:T:C,0.934587,3268,2:11415980,chr2,11415980,11415980,rs3922995,LINC00570,2,Zheng,LINC00570_locus0,2:11415980
2,11415980,2:11415980:G:A,2,11419457,2:11419457:T:C,0.933588,3477,2:11415980,chr2,11415980,11415980,rs3922995,LINC00570,2,Zheng,LINC00570_locus0,2:11415980
2,11415980,2:11415980:G:A,2,11419485,2:11419485:C:T,0.934087,3505,2:11415980,chr2,11415980,11415980,rs3922995,LINC00570,2,Zheng,LINC00570_locus0,2:11415980
2,11415980,2:11415980:G:A,2,11419508,2:11419508:A:AAAAC,0.932482,3528,2:11415980,chr2,11415980,11415980,rs3922995,LINC00570,2,Zheng,LINC00570_locus0,2:11415980
2,11415980,2:11415980:G:A,2,11419634,2:11419634:A:G,0.934587,3654,2:11415980,chr2,11415980,11415980,rs3922995,LINC00570,2,Zheng,LINC00570_locus0,2:11415980
2,11415980,2:11415980:G:A,2,11419688,2:11419688:C:A,0.934587,3708,2:11415980,chr2,11415980,11415980,rs3922995,LINC00570,2,Zheng,LINC00570_locus0,2:11415980
2,11415980,2:11415980:G:A,2,11419765,2:11419765:C:T,0.933875,3785,2:11415980,chr2,11415980,11415980,rs3922995,LINC00570,2,Zheng,LINC00570_locus0,2:11415980
2,11415980,2:11415980:G:A,2,11419813,2:11419813:A:C,0.934587,3833,2:11415980,chr2,11415980,11415980,rs3922995,LINC00570,2,Zheng,LINC00570_locus0,2:11415980
2,11415980,2:11415980:G:A,2,11419851,2:11419851:A:G,0.933875,3871,2:11415980,chr2,11415980,11415980,rs3922995,LINC00570,2,Zheng,LINC00570_locus0,2:11415980
2,11415980,2:11415980:G:A,2,11420113,2:11420113:C:T,0.934587,4133,2:11415980,chr2,11415980,11415980,rs3922995,LINC00570,2,Zheng,LINC00570_locus0,2:11415980
2,11415980,2:11415980:G:A,2,11420197,2:11420197:C:A,0.86785,4217,2:11415980,chr2,11415980,11415980,rs3922995,LINC00570,2,Zheng,LINC00570_locus0,2:11415980
2,11415980,2:11415980:G:A,2,11420386,2:11420386:A:G,0.933418,4406,2:11415980,chr2,11415980,11415980,rs3922995,LINC00570,2,Zheng,LINC00570_locus0,2:11415980
2,11415980,2:11415980:G:A,2,11420643,2:11420643:T:C,0.916922,4663,2:11415980,chr2,11415980,11415980,rs3922995,LINC00570,2,Zheng,LINC00570_locus0,2:11415980
2,11415980,2:11415980:G:A,2,11421242,2:11421242:C:T,0.915443,5262,2:11415980,chr2,11415980,11415980,rs3922995,LINC00570,2,Zheng,LINC00570_locus0,2:11415980
2,11415980,2:11415980:G:A,2,11421369,2:11421369:G:GATTTGAT,0.91493,5389,2:11415980,chr2,11415980,11415980,rs3922995,LINC00570,2,Zheng,LINC00570_locus0,2:11415980
2,11415980,2:11415980:G:A,2,11421411,2:11421411:C:A,0.9335,5431,2:11415980,chr2,11415980,11415980,rs3922995,LINC00570,2,Zheng,LINC00570_locus0,2:11415980
2,11415980,2:11415980:G:A,2,11421416,2:11421416:AATTAAGACC:A,0.916676,5436,2:11415980,chr2,11415980,11415980,rs3922995,LINC00570,2,Zheng,LINC00570_locus0,2:11415980
2,11415980,2:11415980:G:A,2,11421693,2:11421693:A:G,0.932003,5713,2:11415980,chr2,11415980,11415980,rs3922995,LINC00570,2,Zheng,LINC00570_locus0,2:11415980
2,11415980,2:11415980:G:A,2,11421776,2:11421776:A:C,0.932785,5796,2:11415980,chr2,11415980,11415980,rs3922995,LINC00570,2,Zheng,LINC00570_locus0,2:11415980
2,11415980,2:11415980:G:A,2,11422248,2:11422248:G:A,0.931197,6268,2:11415980,chr2,11415980,11415980,rs3922995,LINC00570,2,Zheng,LINC00570_locus0,2:11415980
2,11415980,2:11415980:G:A,2,11422504,2:11422504:T:C,0.932413,6524,2:11415980,chr2,11415980,11415980,rs3922995,LINC00570,2,Zheng,LINC00570_locus0,2:11415980
2,11415980,2:11415980:G:A,2,11422543,2:11422543:T:C,0.929657,6563,2:11415980,chr2,11415980,11415980,rs3922995,LINC00570,2,Zheng,LINC00570_locus0,2:11415980
2,11415980,2:11415980:G:A,2,11422678,2:11422678:C:G,0.928572,6698,2:11415980,chr2,11415980,11415980,rs3922995,LINC00570,2,Zheng,LINC00570_locus0,2:11415980
2,11415980,2:11415980:G:A,2,11422909,2:11422909:A:G,0.918056,6929,2:11415980,chr2,11415980,11415980,rs3922995,LINC00570,2,Zheng,LINC00570_locus0,2:11415980
2,11415980,2:11415980:G:A,2,11423016,2:11423016:C:T,0.920326,7036,2:11415980,chr2,11415980,11415980,rs3922995,LINC00570,2,Zheng,LINC00570_locus0,2:11415980
2,11415980,2:11415980:G:A,2,11423581,2:11423581:G:A,0.914567,7601,2:11415980,chr2,11415980,11415980,rs3922995,LINC00570,2,Zheng,LINC00570_locus0,2:11415980
2,11415980,2:11415980:G:A,2,11423796,2:11423796:A:C,0.902453,7816,2:11415980,chr2,11415980,11415980,rs3922995,LINC00570,2,Zheng,LINC00570_locus0,2:11415980
2,11415980,2:11415980:G:A,2,11424555,2:11424555:G:A,0.975895,8575,2:11415980,chr2,11415980,11415980,rs3922995,LINC00570,2,Zheng,LINC00570_locus0,2:11415980
2,11415980,2:11415980:G:A,2,11424938,2:11424938:G:A,0.958999,8958,2:11415980,chr2,11415980,11415980,rs3922995,LINC00570,2,Zheng,LINC00570_locus0,2:11415980
2,11415980,2:11415980:G:A,2,11428614,2:11428614:A:G,0.882285,12634,2:11415980,chr2,11415980,11415980,rs3922995,LINC00570,2,Zheng,LINC00570_locus0,2:11415980
2,11415980,2:11415980:G:A,2,11436113,2:11436113:TAATA:T,0.821962,20133,2:11415980,chr2,11415980,11415980,rs3922995,LINC00570,2,Zheng,LINC00570_locus0,2:11415980
2,36429328,2:36429328:G:A,2,36414883,2:36414883:A:G,0.812405,14445,2:36429328,chr2,36429328,36429328,rs3770895,CRIM1,5,Jurgens,CRIM1_locus0,2:36429328
2,36429328,2:36429328:G:A,2,36417085,2:36417085:C:G,0.884681,12243,2:36429328,chr2,36429328,36429328,rs3770895,CRIM1,5,Jurgens,CRIM1_locus0,2:36429328
2,36429328,2:36429328:G:A,2,36418713,2:36418713:T:G,0.818006,10615,2:36429328,chr2,36429328,36429328,rs3770895,CRIM1,5,Jurgens,CRIM1_locus0,2:36429328
2,36429328,2:36429328:G:A,2,36422869,2:36422869:T:C,0.941723,6459,2:36429328,chr2,36429328,36429328,rs3770895,CRIM1,5,Jurgens,CRIM1_locus0,2:36429328
2,36429328,2:36429328:G:A,2,36423735,2:36423735:G:A,0.954908,5593,2:36429328,chr2,36429328,36429328,rs3770895,CRIM1,5,Jurgens,CRIM1_locus0,2:36429328
2,36429328,2:36429328:G:A,2,36424418,2:36424418:G:C,0.93517,4910,2:36429328,chr2,36429328,36429328,rs3770895,CRIM1,5,Jurgens,CRIM1_locus0,2:36429328
2,36429328,2:36429328:G:A,2,36424884,2:36424884:G:C,0.953531,4444,2:36429328,chr2,36429328,36429328,rs3770895,CRIM1,5,Jurgens,CRIM1_locus0,2:36429328
2,36429328,2:36429328:G:A,2,36427437,2:36427437:G:A,0.98262,1891,2:36429328,chr2,36429328,36429328,rs3770895,CRIM1,5,Jurgens,CRIM1_locus0,2:36429328
2,36429328,2:36429328:G:A,2,36428578,2:36428578:T:C,0.907137,750,2:36429328,chr2,36429328,36429328,rs3770895,CRIM1,5,Jurgens,CRIM1_locus0,2:36429328
2,36429328,2:36429328:G:A,2,36429328,2:36429328:G:A,1.0,0,2:36429328,chr2,36429328,36429328,rs3770895,CRIM1,5,Jurgens,CRIM1_locus0,2:36429328
2,36429328,2:36429328:G:A,2,36430162,2:36430162:A:C,0.82355,834,2:36429328,chr2,36429328,36429328,rs3770895,CRIM1,5,Jurgens,CRIM1_locus0,2:36429328
2,36429328,2:36429328:G:A,2,36434529,2:36434529:C:T,0.970974,5201,2:36429328,chr2,36429328,36429328,rs3770895,CRIM1,5,Jurgens,CRIM1_locus0,2:36429328
2,36429328,2:36429328:G:A,2,36441076,2:36441076:C:A,0.92227,11748,2:36429328,chr2,36429328,36429328,rs3770895,CRIM1,5,Jurgens,CRIM1_locus0,2:36429328
2,36429328,2:36429328:G:A,2,36452652,2:36452652:G:A,0.843069,23324,2:36429328,chr2,36429328,36429328,rs3770895,CRIM1,5,Jurgens,CRIM1_locus0,2:36429328
2,36863090,2:36863090:T:C,2,36832319,2:36832319:A:T,0.804466,30771,2:36863090,chr2,36863090,36863090,rs2110944,STRN,3,Zheng,STRN_locus0,2:36863090
2,36863090,2:36863090:T:C,2,36836097,2:36836097:C:CT,0.939121,26993,2:36863090,chr2,36863090,36863090,rs2110944,STRN,3,Zheng,STRN_locus0,2:36863090
2,36863090,2:36863090:T:C,2,36859054,2:36859054:G:C,0.885837,4036,2:36863090,chr2,36863090,36863090,rs2110944,STRN,3,Zheng,STRN_locus0,2:36863090
2,36863090,2:36863090:T:C,2,36863090,2:36863090:T:C,1.0,0,2:36863090,chr2,36863090,36863090,rs2110944,STRN,3,Zheng,STRN_locus0,2:36863090
2,36863090,2:36863090:T:C,2,36868254,2:36868254:G:GA,0.957011,5164,2:36863090,chr2,36863090,36863090,rs2110944,STRN,3,Zheng,STRN_locus0,2:36863090
2,36863090,2:36863090:T:C,2,36872196,2:36872196:T:C,0.962788,9106,2:36863090,chr2,36863090,36863090,rs2110944,STRN,3,Zheng,STRN_locus0,2:36863090
2,36863090,2:36863090:T:C,2,36875477,2:36875477:T:C,0.947422,12387,2:36863090,chr2,36863090,36863090,rs2110944,STRN,3,Zheng,STRN_locus0,2:36863090
2,36863090,2:36863090:T:C,2,36883902,2:36883902:T:A,0.819333,20812,2:36863090,chr2,36863090,36863090,rs2110944,STRN,3,Zheng,STRN_locus0,2:36863090
2,36863090,2:36863090:T:C,2,36891522,2:36891522:C:CA,0.888448,28432,2:36863090,chr2,36863090,36863090,rs2110944,STRN,3,Zheng,STRN_locus0,2:36863090
2,36863090,2:36863090:T:C,2,36895409,2:36895409:A:G,0.88218,32319,2:36863090,chr2,36863090,36863090,rs2110944,STRN,3,Zheng,STRN_locus0,2:36863090
2,36863090,2:36863090:T:C,2,36895756,2:36895757:CAA:C,0.886774,32666,2:36863090,chr2,36863090,36863090,rs2110944,STRN,3,Zheng,STRN_locus0,2:36863090
2,36863090,2:36863090:T:C,2,36896240,2:36896240:T:C,0.924471,33150,2:36863090,chr2,36863090,36863090,rs2110944,STRN,3,Zheng,STRN_locus0,2:36863090
2,36863090,2:36863090:T:C,2,36897429,2:36897429:T:TAA,0.888306,34339,2:36863090,chr2,36863090,36863090,rs2110944,STRN,3,Zheng,STRN_locus0,2:36863090
2,36863090,2:36863090:T:C,2,36897612,2:36897612:T:C,0.883499,34522,2:36863090,chr2,36863090,36863090,rs2110944,STRN,3,Zheng,STRN_locus0,2:36863090
2,36863090,2:36863090:T:C,2,36905984,2:36905984:C:T,0.876102,42894,2:36863090,chr2,36863090,36863090,rs2110944,STRN,3,Zheng,STRN_locus0,2:36863090
2,36863090,2:36863090:T:C,2,36910110,2:36910110:C:T,0.903083,47020,2:36863090,chr2,36863090,36863090,rs2110944,STRN,3,Zheng,STRN_locus0,2:36863090
2,36863090,2:36863090:T:C,2,36927282,2:36927282:T:A,0.81996,64192,2:36863090,chr2,36863090,36863090,rs2110944,STRN,3,Zheng,STRN_locus0,2:36863090
2,36863090,2:36863090:T:C,2,36932656,2:36932656:A:G,0.879741,69566,2:36863090,chr2,36863090,36863090,rs2110944,STRN,3,Zheng,STRN_locus0,2:36863090
2,36863090,2:36863090:T:C,2,36957342,2:36957342:C:T,0.888301,94252,2:36863090,chr2,36863090,36863090,rs2110944,STRN,3,Zheng,STRN_locus0,2:36863090
2,36863090,2:36863090:T:C,2,36962153,2:36962153:T:C,0.849345,99063,2:36863090,chr2,36863090,36863090,rs2110944,STRN,3,Zheng,STRN_locus0,2:36863090
2,36863090,2:36863090:T:C,2,36965352,2:36965352:T:C,0.851273,102262,2:36863090,chr2,36863090,36863090,rs2110944,STRN,3,Zheng,STRN_locus0,2:36863090
2,36965352,2:36965352:T:C,2,36836097,2:36836097:C:CT,0.837386,129255,2:36965352,chr2,36965352,36965352,rs3770774,STRN,3,Zheng,STRN_locus1,2:36965352
2,36965352,2:36965352:T:C,2,36859054,2:36859054:G:C,0.821771,106298,2:36965352,chr2,36965352,36965352,rs3770774,STRN,3,Zheng,STRN_locus1,2:36965352
2,36965352,2:36965352:T:C,2,36863090,2:36863090:T:C,0.851273,102262,2:36965352,chr2,36965352,36965352,rs3770774,STRN,3,Zheng,STRN_locus1,2:36965352
2,36965352,2:36965352:T:C,2,36868254,2:36868254:G:GA,0.872519,97098,2:36965352,chr2,36965352,36965352,rs3770774,STRN,3,Zheng,STRN_locus1,2:36965352
2,36965352,2:36965352:T:C,2,36872196,2:36872196:T:C,0.872171,93156,2:36965352,chr2,36965352,36965352,rs3770774,STRN,3,Zheng,STRN_locus1,2:36965352
2,36965352,2:36965352:T:C,2,36875477,2:36875477:T:C,0.8675,89875,2:36965352,chr2,36965352,36965352,rs3770774,STRN,3,Zheng,STRN_locus1,2:36965352
2,36965352,2:36965352:T:C,2,36891522,2:36891522:C:CA,0.850874,73830,2:36965352,chr2,36965352,36965352,rs3770774,STRN,3,Zheng,STRN_locus1,2:36965352
2,36965352,2:36965352:T:C,2,36895409,2:36895409:A:G,0.873549,69943,2:36965352,chr2,36965352,36965352,rs3770774,STRN,3,Zheng,STRN_locus1,2:36965352
2,36965352,2:36965352:T:C,2,36895756,2:36895757:CAA:C,0.855835,69596,2:36965352,chr2,36965352,36965352,rs3770774,STRN,3,Zheng,STRN_locus1,2:36965352
2,36965352,2:36965352:T:C,2,36896240,2:36896240:T:C,0.886898,69112,2:36965352,chr2,36965352,36965352,rs3770774,STRN,3,Zheng,STRN_locus1,2:36965352
2,36965352,2:36965352:T:C,2,36897429,2:36897429:T:TAA,0.851727,67923,2:36965352,chr2,36965352,36965352,rs3770774,STRN,3,Zheng,STRN_locus1,2:36965352
2,36965352,2:36965352:T:C,2,36897612,2:36897612:T:C,0.850424,67740,2:36965352,chr2,36965352,36965352,rs3770774,STRN,3,Zheng,STRN_locus1,2:36965352
2,36965352,2:36965352:T:C,2,36905984,2:36905984:C:T,0.88105,59368,2:36965352,chr2,36965352,36965352,rs3770774,STRN,3,Zheng,STRN_locus1,2:36965352
2,36965352,2:36965352:T:C,2,36910110,2:36910110:C:T,0.877688,55242,2:36965352,chr2,36965352,36965352,rs3770774,STRN,3,Zheng,STRN_locus1,2:36965352
2,36965352,2:36965352:T:C,2,36927282,2:36927282:T:A,0.824784,38070,2:36965352,chr2,36965352,36965352,rs3770774,STRN,3,Zheng,STRN_locus1,2:36965352
2,36965352,2:36965352:T:C,2,36932656,2:36932656:A:G,0.882934,32696,2:36965352,chr2,36965352,36965352,rs3770774,STRN,3,Zheng,STRN_locus1,2:36965352
2,36965352,2:36965352:T:C,2,36957342,2:36957342:C:T,0.934334,8010,2:36965352,chr2,36965352,36965352,rs3770774,STRN,3,Zheng,STRN_locus1,2:36965352
2,36965352,2:36965352:T:C,2,36962153,2:36962153:T:C,0.927337,3199,2:36965352,chr2,36965352,36965352,rs3770774,STRN,3,Zheng,STRN_locus1,2:36965352
2,36965352,2:36965352:T:C,2,36965352,2:36965352:T:C,1.0,0,2:36965352,chr2,36965352,36965352,rs3770774,STRN,3,Zheng,STRN_locus1,2:36965352
2,71400409,2:71400409:C:T,2,71298568,2:71298568:G:A,0.81904,101841,2:71400409,chr2,71400409,71400409,rs3771371,DYSF,2,Jurgens,DYSF_locus0,2:71400409
2,71400409,2:71400409:C:T,2,71301179,2:71301179:G:T,0.828106,99230,2:71400409,chr2,71400409,71400409,rs3771371,DYSF,2,Jurgens,DYSF_locus0,2:71400409
2,71400409,2:71400409:C:T,2,71302201,2:71302201:C:T,0.85123,98208,2:71400409,chr2,71400409,71400409,rs3771371,DYSF,2,Jurgens,DYSF_locus0,2:71400409
2,71400409,2:71400409:C:T,2,71303428,2:71303428:G:C,0.827907,96981,2:71400409,chr2,71400409,71400409,rs3771371,DYSF,2,Jurgens,DYSF_locus0,2:71400409
2,71400409,2:71400409:C:T,2,71306170,2:71306170:T:C,0.832087,94239,2:71400409,chr2,71400409,71400409,rs3771371,DYSF,2,Jurgens,DYSF_locus0,2:71400409
2,71400409,2:71400409:C:T,2,71307031,2:71307031:G:C,0.809304,93378,2:71400409,chr2,71400409,71400409,rs3771371,DYSF,2,Jurgens,DYSF_locus0,2:71400409
2,71400409,2:71400409:C:T,2,71307487,2:71307487:T:A,0.802445,92922,2:71400409,chr2,71400409,71400409,rs3771371,DYSF,2,Jurgens,DYSF_locus0,2:71400409
2,71400409,2:71400409:C:T,2,71310256,2:71310256:ATTTC:A,0.827095,90153,2:71400409,chr2,71400409,71400409,rs3771371,DYSF,2,Jurgens,DYSF_locus0,2:71400409
2,71400409,2:71400409:C:T,2,71312171,2:71312171:T:C,0.820054,88238,2:71400409,chr2,71400409,71400409,rs3771371,DYSF,2,Jurgens,DYSF_locus0,2:71400409
2,71400409,2:71400409:C:T,2,71315651,2:71315651:C:T,0.829834,84758,2:71400409,chr2,71400409,71400409,rs3771371,DYSF,2,Jurgens,DYSF_locus0,2:71400409
2,71400409,2:71400409:C:T,2,71315665,2:71315665:C:T,0.831138,84744,2:71400409,chr2,71400409,71400409,rs3771371,DYSF,2,Jurgens,DYSF_locus0,2:71400409
2,71400409,2:71400409:C:T,2,71317824,2:71317824:G:A,0.829413,82585,2:71400409,chr2,71400409,71400409,rs3771371,DYSF,2,Jurgens,DYSF_locus0,2:71400409
2,71400409,2:71400409:C:T,2,71319143,2:71319143:GTTTTTTTTT:G,0.839207,81266,2:71400409,chr2,71400409,71400409,rs3771371,DYSF,2,Jurgens,DYSF_locus0,2:71400409
2,71400409,2:71400409:C:T,2,71322310,2:71322310:G:GT,0.83139,78099,2:71400409,chr2,71400409,71400409,rs3771371,DYSF,2,Jurgens,DYSF_locus0,2:71400409
2,71400409,2:71400409:C:T,2,71324718,2:71324718:TC:T,0.830639,75691,2:71400409,chr2,71400409,71400409,rs3771371,DYSF,2,Jurgens,DYSF_locus0,2:71400409
2,71400409,2:71400409:C:T,2,71326622,2:71326622:C:T,0.851527,73787,2:71400409,chr2,71400409,71400409,rs3771371,DYSF,2,Jurgens,DYSF_locus0,2:71400409
2,71400409,2:71400409:C:T,2,71328226,2:71328226:T:C,0.857178,72183,2:71400409,chr2,71400409,71400409,rs3771371,DYSF,2,Jurgens,DYSF_locus0,2:71400409
2,71400409,2:71400409:C:T,2,71328861,2:71328861:GAA:G,0.831075,71548,2:71400409,chr2,71400409,71400409,rs3771371,DYSF,2,Jurgens,DYSF_locus0,2:71400409
2,71400409,2:71400409:C:T,2,71329037,2:71329037:G:T,0.830782,71372,2:71400409,chr2,71400409,71400409,rs3771371,DYSF,2,Jurgens,DYSF_locus0,2:71400409
2,71400409,2:71400409:C:T,2,71331977,2:71331977:T:G,0.955453,68432,2:71400409,chr2,71400409,71400409,rs3771371,DYSF,2,Jurgens,DYSF_locus0,2:71400409
2,71400409,2:71400409:C:T,2,71332315,2:71332315:C:G,0.800763,68094,2:71400409,chr2,71400409,71400409,rs3771371,DYSF,2,Jurgens,DYSF_locus0,2:71400409
2,71400409,2:71400409:C:T,2,71335373,2:71335373:T:C,0.828838,65036,2:71400409,chr2,71400409,71400409,rs3771371,DYSF,2,Jurgens,DYSF_locus0,2:71400409
2,71400409,2:71400409:C:T,2,71336419,2:71336419:T:G,0.800879,63990,2:71400409,chr2,71400409,71400409,rs3771371,DYSF,2,Jurgens,DYSF_locus0,2:71400409
2,71400409,2:71400409:C:T,2,71339711,2:71339711:G:T,0.856194,60698,2:71400409,chr2,71400409,71400409,rs3771371,DYSF,2,Jurgens,DYSF_locus0,2:71400409
2,71400409,2:71400409:C:T,2,71341076,2:71341076:A:G,0.857704,59333,2:71400409,chr2,71400409,71400409,rs3771371,DYSF,2,Jurgens,DYSF_locus0,2:71400409
2,71400409,2:71400409:C:T,2,71342248,2:71342248:T:C,0.954342,58161,2:71400409,chr2,71400409,71400409,rs3771371,DYSF,2,Jurgens,DYSF_locus0,2:71400409
2,71400409,2:71400409:C:T,2,71343858,2:71343858:CGGTGGCTCA:C,0.853303,56551,2:71400409,chr2,71400409,71400409,rs3771371,DYSF,2,Jurgens,DYSF_locus0,2:71400409
2,71400409,2:71400409:C:T,2,71345787,2:71345787:T:G,0.801383,54622,2:71400409,chr2,71400409,71400409,rs3771371,DYSF,2,Jurgens,DYSF_locus0,2:71400409
2,71400409,2:71400409:C:T,2,71348129,2:71348129:A:G,0.801703,52280,2:71400409,chr2,71400409,71400409,rs3771371,DYSF,2,Jurgens,DYSF_locus0,2:71400409
2,71400409,2:71400409:C:T,2,71352999,2:71352999:G:A,0.802645,47410,2:71400409,chr2,71400409,71400409,rs3771371,DYSF,2,Jurgens,DYSF_locus0,2:71400409
2,71400409,2:71400409:C:T,2,71357071,2:71357071:C:T,0.802745,43338,2:71400409,chr2,71400409,71400409,rs3771371,DYSF,2,Jurgens,DYSF_locus0,2:71400409
2,71400409,2:71400409:C:T,2,71357355,2:71357355:G:A,0.802745,43054,2:71400409,chr2,71400409,71400409,rs3771371,DYSF,2,Jurgens,DYSF_locus0,2:71400409
2,71400409,2:71400409:C:T,2,71362783,2:71362783:A:G,0.857202,37626,2:71400409,chr2,71400409,71400409,rs3771371,DYSF,2,Jurgens,DYSF_locus0,2:71400409
2,71400409,2:71400409:C:T,2,71363447,2:71363447:AAT:A,0.803402,36962,2:71400409,chr2,71400409,71400409,rs3771371,DYSF,2,Jurgens,DYSF_locus0,2:71400409
2,71400409,2:71400409:C:T,2,71363481,2:71363481:T:C,0.803402,36928,2:71400409,chr2,71400409,71400409,rs3771371,DYSF,2,Jurgens,DYSF_locus0,2:71400409
2,71400409,2:71400409:C:T,2,71363834,2:71363834:C:G,0.803402,36575,2:71400409,chr2,71400409,71400409,rs3771371,DYSF,2,Jurgens,DYSF_locus0,2:71400409
2,71400409,2:71400409:C:T,2,71367404,2:71367404:C:T,0.858436,33005,2:71400409,chr2,71400409,71400409,rs3771371,DYSF,2,Jurgens,DYSF_locus0,2:71400409
2,71400409,2:71400409:C:T,2,71367738,2:71367738:C:CTT,0.813702,32671,2:71400409,chr2,71400409,71400409,rs3771371,DYSF,2,Jurgens,DYSF_locus0,2:71400409
2,71400409,2:71400409:C:T,2,71367776,2:71367776:G:A,0.801987,32633,2:71400409,chr2,71400409,71400409,rs3771371,DYSF,2,Jurgens,DYSF_locus0,2:71400409
2,71400409,2:71400409:C:T,2,71368911,2:71368911:C:T,0.804236,31498,2:71400409,chr2,71400409,71400409,rs3771371,DYSF,2,Jurgens,DYSF_locus0,2:71400409
2,71400409,2:71400409:C:T,2,71374304,2:71374304:T:G,0.856572,26105,2:71400409,chr2,71400409,71400409,rs3771371,DYSF,2,Jurgens,DYSF_locus0,2:71400409
2,71400409,2:71400409:C:T,2,71375405,2:71375405:A:G,0.801646,25004,2:71400409,chr2,71400409,71400409,rs3771371,DYSF,2,Jurgens,DYSF_locus0,2:71400409
2,71400409,2:71400409:C:T,2,71377228,2:71377228:A:C,0.800572,23181,2:71400409,chr2,71400409,71400409,rs3771371,DYSF,2,Jurgens,DYSF_locus0,2:71400409
2,71400409,2:71400409:C:T,2,71377336,2:71377336:A:C,0.800572,23073,2:71400409,chr2,71400409,71400409,rs3771371,DYSF,2,Jurgens,DYSF_locus0,2:71400409
2,71400409,2:71400409:C:T,2,71378001,2:71378001:A:C,0.800988,22408,2:71400409,chr2,71400409,71400409,rs3771371,DYSF,2,Jurgens,DYSF_locus0,2:71400409
2,71400409,2:71400409:C:T,2,71378015,2:71378015:T:G,0.800572,22394,2:71400409,chr2,71400409,71400409,rs3771371,DYSF,2,Jurgens,DYSF_locus0,2:71400409
2,71400409,2:71400409:C:T,2,71380409,2:71380409:G:A,0.824866,20000,2:71400409,chr2,71400409,71400409,rs3771371,DYSF,2,Jurgens,DYSF_locus0,2:71400409
2,71400409,2:71400409:C:T,2,71380945,2:71380945:GTTAA:G,0.85673,19464,2:71400409,chr2,71400409,71400409,rs3771371,DYSF,2,Jurgens,DYSF_locus0,2:71400409
2,71400409,2:71400409:C:T,2,71381943,2:71381943:A:G,0.801329,18466,2:71400409,chr2,71400409,71400409,rs3771371,DYSF,2,Jurgens,DYSF_locus0,2:71400409
2,71400409,2:71400409:C:T,2,71385488,2:71385488:TAGTC:T,0.825831,14921,2:71400409,chr2,71400409,71400409,rs3771371,DYSF,2,Jurgens,DYSF_locus0,2:71400409
2,71400409,2:71400409:C:T,2,71386348,2:71386348:A:G,0.986081,14061,2:71400409,chr2,71400409,71400409,rs3771371,DYSF,2,Jurgens,DYSF_locus0,2:71400409
2,71400409,2:71400409:C:T,2,71394100,2:71394100:G:A,0.856534,6309,2:71400409,chr2,71400409,71400409,rs3771371,DYSF,2,Jurgens,DYSF_locus0,2:71400409
2,71400409,2:71400409:C:T,2,71400409,2:71400409:C:T,1.0,0,2:71400409,chr2,71400409,71400409,rs3771371,DYSF,2,Jurgens,DYSF_locus0,2:71400409
2,71400409,2:71400409:C:T,2,71406145,2:71406145:T:C,0.847703,5736,2:71400409,chr2,71400409,71400409,rs3771371,DYSF,2,Jurgens,DYSF_locus0,2:71400409
2,71400409,2:71400409:C:T,2,71406259,2:71406259:C:T,0.801405,5850,2:71400409,chr2,71400409,71400409,rs3771371,DYSF,2,Jurgens,DYSF_locus0,2:71400409
2,71400409,2:71400409:C:T,2,71418127,2:71418127:A:G,0.848965,17718,2:71400409,chr2,71400409,71400409,rs3771371,DYSF,2,Jurgens,DYSF_locus0,2:71400409
2,71400409,2:71400409:C:T,2,71418698,2:71418698:G:A,0.847764,18289,2:71400409,chr2,71400409,71400409,rs3771371,DYSF,2,Jurgens,DYSF_locus0,2:71400409
2,71400409,2:71400409:C:T,2,71418816,2:71418816:G:A,0.847703,18407,2:71400409,chr2,71400409,71400409,rs3771371,DYSF,2,Jurgens,DYSF_locus0,2:71400409
2,71400409,2:71400409:C:T,2,71420679,2:71420679:C:A,0.800003,20270,2:71400409,chr2,71400409,71400409,rs3771371,DYSF,2,Jurgens,DYSF_locus0,2:71400409
2,71400409,2:71400409:C:T,2,71424809,2:71424809:T:A,0.847641,24400,2:71400409,chr2,71400409,71400409,rs3771371,DYSF,2,Jurgens,DYSF_locus0,2:71400409
2,71400409,2:71400409:C:T,2,71425343,2:71425343:A:G,0.847386,24934,2:71400409,chr2,71400409,71400409,rs3771371,DYSF,2,Jurgens,DYSF_locus0,2:71400409
2,71400409,2:71400409:C:T,2,71430887,2:71430887:T:A,0.815024,30478,2:71400409,chr2,71400409,71400409,rs3771371,DYSF,2,Jurgens,DYSF_locus0,2:71400409
2,71400409,2:71400409:C:T,2,71435696,2:71435696:C:A,0.848965,35287,2:71400409,chr2,71400409,71400409,rs3771371,DYSF,2,Jurgens,DYSF_locus0,2:71400409
2,71400409,2:71400409:C:T,2,71447346,2:71447346:T:G,0.847641,46937,2:71400409,chr2,71400409,71400409,rs3771371,DYSF,2,Jurgens,DYSF_locus0,2:71400409
2,71400409,2:71400409:C:T,2,71449236,2:71449236:C:A,0.828535,48827,2:71400409,chr2,71400409,71400409,rs3771371,DYSF,2,Jurgens,DYSF_locus0,2:71400409
2,102809718,2:102809718:C:T,2,102723555,2:102723555:AG:A,0.917831,86163,2:102809718,chr2,102809718,102809718,rs2540277,TMEM182,2,both,TMEM182_locus0,2:102809718
2,102809718,2:102809718:C:T,2,102809718,2:102809718:C:T,1.0,0,2:102809718,chr2,102809718,102809718,rs2540277,TMEM182,2,both,TMEM182_locus0,2:102809718
2,102809718,2:102809718:C:T,2,102834671,2:102834671:C:T,0.854076,24953,2:102809718,chr2,102809718,102809718,rs2540277,TMEM182,2,both,TMEM182_locus0,2:102809718
2,120321598,2:120321598:C:T,2,120321425,2:120321425:C:T,0.900257,173,2:120321598,chr2,120321598,120321598,rs144191363,INHBB,2,Zheng,INHBB_locus0,2:120321598
2,120321598,2:120321598:C:T,2,120321598,2:120321598:C:T,1.0,0,2:120321598,chr2,120321598,120321598,rs144191363,INHBB,2,Zheng,INHBB_locus0,2:120321598
2,159123883,2:159123883:T:C,2,159101518,2:159101518:G:GT,0.91129,22365,2:159123883,chr2,159123883,159123883,rs10211560,TANC1,3,Jurgens,TANC1_locus0,2:159123883
2,159123883,2:159123883:T:C,2,159101666,2:159101666:A:T,0.938135,22217,2:159123883,chr2,159123883,159123883,rs10211560,TANC1,3,Jurgens,TANC1_locus0,2:159123883
2,159123883,2:159123883:T:C,2,159102108,2:159102108:C:T,0.938823,21775,2:159123883,chr2,159123883,159123883,rs10211560,TANC1,3,Jurgens,TANC1_locus0,2:159123883
2,159123883,2:159123883:T:C,2,159106775,2:159106775:A:G,0.85624,17108,2:159123883,chr2,159123883,159123883,rs10211560,TANC1,3,Jurgens,TANC1_locus0,2:159123883
2,159123883,2:159123883:T:C,2,159107684,2:159107684:A:T,0.861769,16199,2:159123883,chr2,159123883,159123883,rs10211560,TANC1,3,Jurgens,TANC1_locus0,2:159123883
2,159123883,2:159123883:T:C,2,159112502,2:159112502:C:T,0.811736,11381,2:159123883,chr2,159123883,159123883,rs10211560,TANC1,3,Jurgens,TANC1_locus0,2:159123883
2,159123883,2:159123883:T:C,2,159112939,2:159112939:T:C,0.988077,10944,2:159123883,chr2,159123883,159123883,rs10211560,TANC1,3,Jurgens,TANC1_locus0,2:159123883
2,159123883,2:159123883:T:C,2,159113013,2:159113013:C:T,0.876136,10870,2:159123883,chr2,159123883,159123883,rs10211560,TANC1,3,Jurgens,TANC1_locus0,2:159123883
2,159123883,2:159123883:T:C,2,159116934,2:159116934:T:C,0.904679,6949,2:159123883,chr2,159123883,159123883,rs10211560,TANC1,3,Jurgens,TANC1_locus0,2:159123883
2,159123883,2:159123883:T:C,2,159117456,2:159117456:T:C,0.907855,6427,2:159123883,chr2,159123883,159123883,rs10211560,TANC1,3,Jurgens,TANC1_locus0,2:159123883
2,159123883,2:159123883:T:C,2,159118641,2:159118641:G:A,0.824958,5242,2:159123883,chr2,159123883,159123883,rs10211560,TANC1,3,Jurgens,TANC1_locus0,2:159123883
2,159123883,2:159123883:T:C,2,159119773,2:159119773:A:G,0.898733,4110,2:159123883,chr2,159123883,159123883,rs10211560,TANC1,3,Jurgens,TANC1_locus0,2:159123883
2,159123883,2:159123883:T:C,2,159123883,2:159123883:T:C,1.0,0,2:159123883,chr2,159123883,159123883,rs10211560,TANC1,3,Jurgens,TANC1_locus0,2:159123883
2,178410102,2:178410102:G:A,2,178380259,2:178380259:C:T,0.835936,29843,2:178410102,chr2,178410102,178410102,rs72953347,TTN,4,Jurgens,TTN_locus0,2:178410102
2,178410102,2:178410102:G:A,2,178386015,2:178386015:A:G,0.94168,24087,2:178410102,chr2,178410102,178410102,rs72953347,TTN,4,Jurgens,TTN_locus0,2:178410102
2,178410102,2:178410102:G:A,2,178386903,2:178386903:C:A,0.961333,23199,2:178410102,chr2,178410102,178410102,rs72953347,TTN,4,Jurgens,TTN_locus0,2:178410102
2,178410102,2:178410102:G:A,2,178408757,2:178408757:TCAAA:T,0.807503,1345,2:178410102,chr2,178410102,178410102,rs72953347,TTN,4,Jurgens,TTN_locus0,2:178410102
2,178410102,2:178410102:G:A,2,178410102,2:178410102:G:A,1.0,0,2:178410102,chr2,178410102,178410102,rs72953347,TTN,4,Jurgens,TTN_locus0,2:178410102
2,178625751,2:178625751:T:C,2,178516988,2:178516988:G:C,0.810843,108763,2:178625751,chr2,178625751,178625751,rs12988307,TTN,4,Zheng,TTN_locus1,2:178625751
2,178625751,2:178625751:T:C,2,178556567,2:178556567:C:T,0.837074,69184,2:178625751,chr2,178625751,178625751,rs12988307,TTN,4,Zheng,TTN_locus1,2:178625751
2,178625751,2:178625751:T:C,2,178584184,2:178584184:G:A,0.886697,41567,2:178625751,chr2,178625751,178625751,rs12988307,TTN,4,Zheng,TTN_locus1,2:178625751
2,178625751,2:178625751:T:C,2,178625751,2:178625751:T:C,1.0,0,2:178625751,chr2,178625751,178625751,rs12988307,TTN,4,Zheng,TTN_locus1,2:178625751
2,178625751,2:178625751:T:C,2,178626227,2:178626227:C:T,0.857468,476,2:178625751,chr2,178625751,178625751,rs12988307,TTN,4,Zheng,TTN_locus1,2:178625751
2,178715366,2:178715366:A:C,2,178711674,2:178711674:C:T,0.831031,3692,2:178715366,chr2,178715366,178715366,rs12622914,TTN,4,Zheng,TTN_locus2,2:178715366
2,178715366,2:178715366:A:C,2,178714366,2:178714366:T:C,0.875276,1000,2:178715366,chr2,178715366,178715366,rs12622914,TTN,4,Zheng,TTN_locus2,2:178715366
2,178715366,2:178715366:A:C,2,178715366,2:178715366:A:C,1.0,0,2:178715366,chr2,178715366,178715366,rs12622914,TTN,4,Zheng,TTN_locus2,2:178715366
2,178715366,2:178715366:A:C,2,178717435,2:178717435:C:T,0.863793,2069,2:178715366,chr2,178715366,178715366,rs12622914,TTN,4,Zheng,TTN_locus2,2:178715366
2,178715366,2:178715366:A:C,2,178717600,2:178717600:C:T,0.863145,2234,2:178715366,chr2,178715366,178715366,rs12622914,TTN,4,Zheng,TTN_locus2,2:178715366
2,178715366,2:178715366:A:C,2,178718769,2:178718769:T:G,0.816617,3403,2:178715366,chr2,178715366,178715366,rs12622914,TTN,4,Zheng,TTN_locus2,2:178715366
2,178715366,2:178715366:A:C,2,178722403,2:178722403:C:G,0.848691,7037,2:178715366,chr2,178715366,178715366,rs12622914,TTN,4,Zheng,TTN_locus2,2:178715366
2,178715366,2:178715366:A:C,2,178726533,2:178726533:C:CAA,0.822966,11167,2:178715366,chr2,178715366,178715366,rs12622914,TTN,4,Zheng,TTN_locus2,2:178715366
2,200304035,2:200304035:T:C,2,200295776,2:200295776:G:T,0.868284,8259,2:200304035,chr2,200304035,200304035,rs56326533,SPATS2L,5,Zheng,SPATS2L_locus0,2:200304035
2,200304035,2:200304035:T:C,2,200296016,2:200296016:T:A,0.87966,8019,2:200304035,chr2,200304035,200304035,rs56326533,SPATS2L,5,Zheng,SPATS2L_locus0,2:200304035
2,200304035,2:200304035:T:C,2,200296042,2:200296042:T:C,0.869279,7993,2:200304035,chr2,200304035,200304035,rs56326533,SPATS2L,5,Zheng,SPATS2L_locus0,2:200304035
2,200304035,2:200304035:T:C,2,200296648,2:200296648:C:T,0.894328,7387,2:200304035,chr2,200304035,200304035,rs56326533,SPATS2L,5,Zheng,SPATS2L_locus0,2:200304035
2,200304035,2:200304035:T:C,2,200297541,2:200297541:G:GA,0.896283,6494,2:200304035,chr2,200304035,200304035,rs56326533,SPATS2L,5,Zheng,SPATS2L_locus0,2:200304035
2,200304035,2:200304035:T:C,2,200297710,2:200297710:G:A,0.919443,6325,2:200304035,chr2,200304035,200304035,rs56326533,SPATS2L,5,Zheng,SPATS2L_locus0,2:200304035
2,200304035,2:200304035:T:C,2,200297797,2:200297797:T:C,0.896283,6238,2:200304035,chr2,200304035,200304035,rs56326533,SPATS2L,5,Zheng,SPATS2L_locus0,2:200304035
2,200304035,2:200304035:T:C,2,200298511,2:200298511:TGAA:T,0.896283,5524,2:200304035,chr2,200304035,200304035,rs56326533,SPATS2L,5,Zheng,SPATS2L_locus0,2:200304035
2,200304035,2:200304035:T:C,2,200298731,2:200298731:A:T,0.998928,5304,2:200304035,chr2,200304035,200304035,rs56326533,SPATS2L,5,Zheng,SPATS2L_locus0,2:200304035
2,200304035,2:200304035:T:C,2,200299089,2:200299089:G:T,0.896283,4946,2:200304035,chr2,200304035,200304035,rs56326533,SPATS2L,5,Zheng,SPATS2L_locus0,2:200304035
2,200304035,2:200304035:T:C,2,200299197,2:200299197:T:C,0.896283,4838,2:200304035,chr2,200304035,200304035,rs56326533,SPATS2L,5,Zheng,SPATS2L_locus0,2:200304035
2,200304035,2:200304035:T:C,2,200299847,2:200299847:T:A,0.896283,4188,2:200304035,chr2,200304035,200304035,rs56326533,SPATS2L,5,Zheng,SPATS2L_locus0,2:200304035
2,200304035,2:200304035:T:C,2,200299973,2:200299973:G:C,0.911949,4062,2:200304035,chr2,200304035,200304035,rs56326533,SPATS2L,5,Zheng,SPATS2L_locus0,2:200304035
2,200304035,2:200304035:T:C,2,200301737,2:200301737:C:CTT,0.902117,2298,2:200304035,chr2,200304035,200304035,rs56326533,SPATS2L,5,Zheng,SPATS2L_locus0,2:200304035
2,200304035,2:200304035:T:C,2,200303049,2:200303049:G:A,0.919443,986,2:200304035,chr2,200304035,200304035,rs56326533,SPATS2L,5,Zheng,SPATS2L_locus0,2:200304035
2,200304035,2:200304035:T:C,2,200303972,2:200303972:T:C,0.911949,63,2:200304035,chr2,200304035,200304035,rs56326533,SPATS2L,5,Zheng,SPATS2L_locus0,2:200304035
2,200304035,2:200304035:T:C,2,200304035,2:200304035:T:C,1.0,0,2:200304035,chr2,200304035,200304035,rs56326533,SPATS2L,5,Zheng,SPATS2L_locus0,2:200304035
2,200304035,2:200304035:T:C,2,200304270,2:200304270:G:T,0.850818,235,2:200304035,chr2,200304035,200304035,rs56326533,SPATS2L,5,Zheng,SPATS2L_locus0,2:200304035
2,200304035,2:200304035:T:C,2,200305858,2:200305858:A:AT,0.892292,1823,2:200304035,chr2,200304035,200304035,rs56326533,SPATS2L,5,Zheng,SPATS2L_locus0,2:200304035
2,200304035,2:200304035:T:C,2,200306291,2:200306291:G:C,0.911949,2256,2:200304035,chr2,200304035,200304035,rs56326533,SPATS2L,5,Zheng,SPATS2L_locus0,2:200304035
2,200304035,2:200304035:T:C,2,200306468,2:200306468:C:G,1.0,2433,2:200304035,chr2,200304035,200304035,rs56326533,SPATS2L,5,Zheng,SPATS2L_locus0,2:200304035
2,200304035,2:200304035:T:C,2,200306484,2:200306484:G:C,0.911949,2449,2:200304035,chr2,200304035,200304035,rs56326533,SPATS2L,5,Zheng,SPATS2L_locus0,2:200304035
2,200304035,2:200304035:T:C,2,200306632,2:200306632:T:C,0.893958,2597,2:200304035,chr2,200304035,200304035,rs56326533,SPATS2L,5,Zheng,SPATS2L_locus0,2:200304035
2,200304035,2:200304035:T:C,2,200306746,2:200306746:CTG:C,0.91891,2711,2:200304035,chr2,200304035,200304035,rs56326533,SPATS2L,5,Zheng,SPATS2L_locus0,2:200304035
2,200304035,2:200304035:T:C,2,200306928,2:200306928:C:T,0.911413,2893,2:200304035,chr2,200304035,200304035,rs56326533,SPATS2L,5,Zheng,SPATS2L_locus0,2:200304035
2,200304035,2:200304035:T:C,2,200307363,2:200307363:C:T,0.910288,3328,2:200304035,chr2,200304035,200304035,rs56326533,SPATS2L,5,Zheng,SPATS2L_locus0,2:200304035
2,200304035,2:200304035:T:C,2,200307905,2:200307905:G:C,0.910229,3870,2:200304035,chr2,200304035,200304035,rs56326533,SPATS2L,5,Zheng,SPATS2L_locus0,2:200304035
2,200304035,2:200304035:T:C,2,200308239,2:200308240:G:GAA,0.90025,4204,2:200304035,chr2,200304035,200304035,rs56326533,SPATS2L,5,Zheng,SPATS2L_locus0,2:200304035
2,200304035,2:200304035:T:C,2,200312178,2:200312178:C:T,0.910172,8143,2:200304035,chr2,200304035,200304035,rs56326533,SPATS2L,5,Zheng,SPATS2L_locus0,2:200304035
2,200304035,2:200304035:T:C,2,200312470,2:200312470:T:C,0.909696,8435,2:200304035,chr2,200304035,200304035,rs56326533,SPATS2L,5,Zheng,SPATS2L_locus0,2:200304035
2,200304035,2:200304035:T:C,2,200312930,2:200312930:G:A,0.910172,8895,2:200304035,chr2,200304035,200304035,rs56326533,SPATS2L,5,Zheng,SPATS2L_locus0,2:200304035
2,200304035,2:200304035:T:C,2,200314507,2:200314507:ACTGCT:A,0.910172,10472,2:200304035,chr2,200304035,200304035,rs56326533,SPATS2L,5,Zheng,SPATS2L_locus0,2:200304035
2,200304035,2:200304035:T:C,2,200315300,2:200315300:T:C,0.996249,11265,2:200304035,chr2,200304035,200304035,rs56326533,SPATS2L,5,Zheng,SPATS2L_locus0,2:200304035
2,200304035,2:200304035:T:C,2,200316705,2:200316705:T:C,0.916236,12670,2:200304035,chr2,200304035,200304035,rs56326533,SPATS2L,5,Zheng,SPATS2L_locus0,2:200304035
2,200304035,2:200304035:T:C,2,200318978,2:200318978:A:G,0.908266,14943,2:200304035,chr2,200304035,200304035,rs56326533,SPATS2L,5,Zheng,SPATS2L_locus0,2:200304035
2,200304035,2:200304035:T:C,2,200319165,2:200319165:G:A,0.993572,15130,2:200304035,chr2,200304035,200304035,rs56326533,SPATS2L,5,Zheng,SPATS2L_locus0,2:200304035
2,200304035,2:200304035:T:C,2,200321196,2:200321196:C:A,0.915755,17161,2:200304035,chr2,200304035,200304035,rs56326533,SPATS2L,5,Zheng,SPATS2L_locus0,2:200304035
2,200304035,2:200304035:T:C,2,200326311,2:200326311:A:G,0.907674,22276,2:200304035,chr2,200304035,200304035,rs56326533,SPATS2L,5,Zheng,SPATS2L_locus0,2:200304035
2,200304035,2:200304035:T:C,2,200326901,2:200326901:A:AT,0.820416,22866,2:200304035,chr2,200304035,200304035,rs56326533,SPATS2L,5,Zheng,SPATS2L_locus0,2:200304035
2,200304035,2:200304035:T:C,2,200327860,2:200327860:G:GCA,0.869239,23825,2:200304035,chr2,200304035,200304035,rs56326533,SPATS2L,5,Zheng,SPATS2L_locus0,2:200304035
2,200304035,2:200304035:T:C,2,200332747,2:200332747:G:GA,0.883367,28712,2:200304035,chr2,200304035,200304035,rs56326533,SPATS2L,5,Zheng,SPATS2L_locus0,2:200304035
2,200304035,2:200304035:T:C,2,200333900,2:200333900:CATT:C,0.989818,29865,2:200304035,chr2,200304035,200304035,rs56326533,SPATS2L,5,Zheng,SPATS2L_locus0,2:200304035
2,200304035,2:200304035:T:C,2,200341572,2:200341572:CTG:C,0.801377,37537,2:200304035,chr2,200304035,200304035,rs56326533,SPATS2L,5,Zheng,SPATS2L_locus0,2:200304035
2,200319165,2:200319165:G:A,2,200295776,2:200295776:G:T,0.864776,23389,2:200319165,chr2,200319165,200319165,rs7605146,SPATS2L,3,Jurgens,SPATS2L_locus0,2:200319165
2,200319165,2:200319165:G:A,2,200296016,2:200296016:T:A,0.876189,23149,2:200319165,chr2,200319165,200319165,rs7605146,SPATS2L,3,Jurgens,SPATS2L_locus0,2:200319165
2,200319165,2:200319165:G:A,2,200296042,2:200296042:T:C,0.865771,23123,2:200319165,chr2,200319165,200319165,rs7605146,SPATS2L,3,Jurgens,SPATS2L_locus0,2:200319165
2,200319165,2:200319165:G:A,2,200296648,2:200296648:C:T,0.890888,22517,2:200319165,chr2,200319165,200319165,rs7605146,SPATS2L,3,Jurgens,SPATS2L_locus0,2:200319165
2,200319165,2:200319165:G:A,2,200297541,2:200297541:G:GA,0.89284,21624,2:200319165,chr2,200319165,200319165,rs7605146,SPATS2L,3,Jurgens,SPATS2L_locus0,2:200319165
2,200319165,2:200319165:G:A,2,200297710,2:200297710:G:A,0.916105,21455,2:200319165,chr2,200319165,200319165,rs7605146,SPATS2L,3,Jurgens,SPATS2L_locus0,2:200319165
2,200319165,2:200319165:G:A,2,200297797,2:200297797:T:C,0.89284,21368,2:200319165,chr2,200319165,200319165,rs7605146,SPATS2L,3,Jurgens,SPATS2L_locus0,2:200319165
2,200319165,2:200319165:G:A,2,200298511,2:200298511:TGAA:T,0.89284,20654,2:200319165,chr2,200319165,200319165,rs7605146,SPATS2L,3,Jurgens,SPATS2L_locus0,2:200319165
2,200319165,2:200319165:G:A,2,200298731,2:200298731:A:T,0.992502,20434,2:200319165,chr2,200319165,200319165,rs7605146,SPATS2L,3,Jurgens,SPATS2L_locus0,2:200319165
2,200319165,2:200319165:G:A,2,200299089,2:200299089:G:T,0.89284,20076,2:200319165,chr2,200319165,200319165,rs7605146,SPATS2L,3,Jurgens,SPATS2L_locus0,2:200319165
2,200319165,2:200319165:G:A,2,200299197,2:200299197:T:C,0.89284,19968,2:200319165,chr2,200319165,200319165,rs7605146,SPATS2L,3,Jurgens,SPATS2L_locus0,2:200319165
2,200319165,2:200319165:G:A,2,200299847,2:200299847:T:A,0.89284,19318,2:200319165,chr2,200319165,200319165,rs7605146,SPATS2L,3,Jurgens,SPATS2L_locus0,2:200319165
2,200319165,2:200319165:G:A,2,200299973,2:200299973:G:C,0.908578,19192,2:200319165,chr2,200319165,200319165,rs7605146,SPATS2L,3,Jurgens,SPATS2L_locus0,2:200319165
2,200319165,2:200319165:G:A,2,200301737,2:200301737:C:CTT,0.898704,17428,2:200319165,chr2,200319165,200319165,rs7605146,SPATS2L,3,Jurgens,SPATS2L_locus0,2:200319165
2,200319165,2:200319165:G:A,2,200303049,2:200303049:G:A,0.916105,16116,2:200319165,chr2,200319165,200319165,rs7605146,SPATS2L,3,Jurgens,SPATS2L_locus0,2:200319165
2,200319165,2:200319165:G:A,2,200303972,2:200303972:T:C,0.908578,15193,2:200319165,chr2,200319165,200319165,rs7605146,SPATS2L,3,Jurgens,SPATS2L_locus0,2:200319165
2,200319165,2:200319165:G:A,2,200304035,2:200304035:T:C,0.993572,15130,2:200319165,chr2,200319165,200319165,rs7605146,SPATS2L,3,Jurgens,SPATS2L_locus0,2:200319165
2,200319165,2:200319165:G:A,2,200304270,2:200304270:G:T,0.849531,14895,2:200319165,chr2,200319165,200319165,rs7605146,SPATS2L,3,Jurgens,SPATS2L_locus0,2:200319165
2,200319165,2:200319165:G:A,2,200305858,2:200305858:A:AT,0.889035,13307,2:200319165,chr2,200319165,200319165,rs7605146,SPATS2L,3,Jurgens,SPATS2L_locus0,2:200319165
2,200319165,2:200319165:G:A,2,200306291,2:200306291:G:C,0.908578,12874,2:200319165,chr2,200319165,200319165,rs7605146,SPATS2L,3,Jurgens,SPATS2L_locus0,2:200319165
2,200319165,2:200319165:G:A,2,200306468,2:200306468:C:G,0.993572,12697,2:200319165,chr2,200319165,200319165,rs7605146,SPATS2L,3,Jurgens,SPATS2L_locus0,2:200319165
2,200319165,2:200319165:G:A,2,200306484,2:200306484:G:C,0.908578,12681,2:200319165,chr2,200319165,200319165,rs7605146,SPATS2L,3,Jurgens,SPATS2L_locus0,2:200319165
2,200319165,2:200319165:G:A,2,200306632,2:200306632:T:C,0.890501,12533,2:200319165,chr2,200319165,200319165,rs7605146,SPATS2L,3,Jurgens,SPATS2L_locus0,2:200319165
2,200319165,2:200319165:G:A,2,200306746,2:200306746:CTG:C,0.915574,12419,2:200319165,chr2,200319165,200319165,rs7605146,SPATS2L,3,Jurgens,SPATS2L_locus0,2:200319165
2,200319165,2:200319165:G:A,2,200306928,2:200306928:C:T,0.908044,12237,2:200319165,chr2,200319165,200319165,rs7605146,SPATS2L,3,Jurgens,SPATS2L_locus0,2:200319165
2,200319165,2:200319165:G:A,2,200307363,2:200307363:C:T,0.908939,11802,2:200319165,chr2,200319165,200319165,rs7605146,SPATS2L,3,Jurgens,SPATS2L_locus0,2:200319165
2,200319165,2:200319165:G:A,2,200307905,2:200307905:G:C,0.909898,11260,2:200319165,chr2,200319165,200319165,rs7605146,SPATS2L,3,Jurgens,SPATS2L_locus0,2:200319165
2,200319165,2:200319165:G:A,2,200308239,2:200308240:G:GAA,0.900905,10926,2:200319165,chr2,200319165,200319165,rs7605146,SPATS2L,3,Jurgens,SPATS2L_locus0,2:200319165
2,200319165,2:200319165:G:A,2,200312178,2:200312178:C:T,0.910854,6987,2:200319165,chr2,200319165,200319165,rs7605146,SPATS2L,3,Jurgens,SPATS2L_locus0,2:200319165
2,200319165,2:200319165:G:A,2,200312470,2:200312470:T:C,0.910375,6695,2:200319165,chr2,200319165,200319165,rs7605146,SPATS2L,3,Jurgens,SPATS2L_locus0,2:200319165
2,200319165,2:200319165:G:A,2,200312930,2:200312930:G:A,0.910854,6235,2:200319165,chr2,200319165,200319165,rs7605146,SPATS2L,3,Jurgens,SPATS2L_locus0,2:200319165
2,200319165,2:200319165:G:A,2,200314507,2:200314507:ACTGCT:A,0.910854,4658,2:200319165,chr2,200319165,200319165,rs7605146,SPATS2L,3,Jurgens,SPATS2L_locus0,2:200319165
2,200319165,2:200319165:G:A,2,200315300,2:200315300:T:C,0.997317,3865,2:200319165,chr2,200319165,200319165,rs7605146,SPATS2L,3,Jurgens,SPATS2L_locus0,2:200319165
2,200319165,2:200319165:G:A,2,200316705,2:200316705:T:C,0.920005,2460,2:200319165,chr2,200319165,200319165,rs7605146,SPATS2L,3,Jurgens,SPATS2L_locus0,2:200319165
2,200319165,2:200319165:G:A,2,200318978,2:200318978:A:G,0.913001,187,2:200319165,chr2,200319165,200319165,rs7605146,SPATS2L,3,Jurgens,SPATS2L_locus0,2:200319165
2,200319165,2:200319165:G:A,2,200319165,2:200319165:G:A,1.0,0,2:200319165,chr2,200319165,200319165,rs7605146,SPATS2L,3,Jurgens,SPATS2L_locus0,2:200319165
2,200319165,2:200319165:G:A,2,200321196,2:200321196:C:A,0.92054,2031,2:200319165,chr2,200319165,200319165,rs7605146,SPATS2L,3,Jurgens,SPATS2L_locus0,2:200319165
2,200319165,2:200319165:G:A,2,200326311,2:200326311:A:G,0.912407,7146,2:200319165,chr2,200319165,200319165,rs7605146,SPATS2L,3,Jurgens,SPATS2L_locus0,2:200319165
2,200319165,2:200319165:G:A,2,200326901,2:200326901:A:AT,0.822939,7736,2:200319165,chr2,200319165,200319165,rs7605146,SPATS2L,3,Jurgens,SPATS2L_locus0,2:200319165
2,200319165,2:200319165:G:A,2,200327860,2:200327860:G:GCA,0.873904,8695,2:200319165,chr2,200319165,200319165,rs7605146,SPATS2L,3,Jurgens,SPATS2L_locus0,2:200319165
2,200319165,2:200319165:G:A,2,200332747,2:200332747:G:GA,0.884938,13582,2:200319165,chr2,200319165,200319165,rs7605146,SPATS2L,3,Jurgens,SPATS2L_locus0,2:200319165
2,200319165,2:200319165:G:A,2,200333900,2:200333900:CATT:C,0.996238,14735,2:200319165,chr2,200319165,200319165,rs7605146,SPATS2L,3,Jurgens,SPATS2L_locus0,2:200319165
2,200319165,2:200319165:G:A,2,200341572,2:200341572:CTG:C,0.807421,22407,2:200319165,chr2,200319165,200319165,rs7605146,SPATS2L,3,Jurgens,SPATS2L_locus0,2:200319165
2,212340323,2:212340323:A:G,2,212337881,2:212337881:GT:G,0.874927,2442,2:212340323,chr2,212340323,212340323,rs4673661,ERBB4,4,Jurgens,ERBB4_locus0,2:212340323
2,212340323,2:212340323:A:G,2,212340323,2:212340323:A:G,1.0,0,2:212340323,chr2,212340323,212340323,rs4673661,ERBB4,4,Jurgens,ERBB4_locus0,2:212340323
2,212340323,2:212340323:A:G,2,212341617,2:212341617:C:CTTTG,0.997899,1294,2:212340323,chr2,212340323,212340323,rs4673661,ERBB4,4,Jurgens,ERBB4_locus0,2:212340323
2,212340323,2:212340323:A:G,2,212343070,2:212343070:T:G,0.883691,2747,2:212340323,chr2,212340323,212340323,rs4673661,ERBB4,4,Jurgens,ERBB4_locus0,2:212340323
2,212340323,2:212340323:A:G,2,212346250,2:212346250:G:C,0.894769,5927,2:212340323,chr2,212340323,212340323,rs4673661,ERBB4,4,Jurgens,ERBB4_locus0,2:212340323
2,212340323,2:212340323:A:G,2,212346308,2:212346308:GC:G,0.938538,5985,2:212340323,chr2,212340323,212340323,rs4673661,ERBB4,4,Jurgens,ERBB4_locus0,2:212340323
2,212340323,2:212340323:A:G,2,212353364,2:212353364:C:T,0.859477,13041,2:212340323,chr2,212340323,212340323,rs4673661,ERBB4,4,Jurgens,ERBB4_locus0,2:212340323
2,212340323,2:212340323:A:G,2,212354856,2:212354856:C:T,0.855336,14533,2:212340323,chr2,212340323,212340323,rs4673661,ERBB4,4,Jurgens,ERBB4_locus0,2:212340323
2,212340323,2:212340323:A:G,2,212354917,2:212354917:G:A,0.856495,14594,2:212340323,chr2,212340323,212340323,rs4673661,ERBB4,4,Jurgens,ERBB4_locus0,2:212340323
3,12668107,3:12668107:C:T,3,12581124,3:12581124:G:C,0.833779,86983,3:12668107,chr3,12668107,12668107,rs9834310,CAND2,3,Jurgens,CAND2_locus0,3:12668107
3,12668107,3:12668107:C:T,3,12659212,3:12659212:G:A,0.919214,8895,3:12668107,chr3,12668107,12668107,rs9834310,CAND2,3,Jurgens,CAND2_locus0,3:12668107
3,12668107,3:12668107:C:T,3,12659570,3:12659570:C:CAATAAAAGA,0.858505,8537,3:12668107,chr3,12668107,12668107,rs9834310,CAND2,3,Jurgens,CAND2_locus0,3:12668107
3,12668107,3:12668107:C:T,3,12660303,3:12660303:CT:C,0.836596,7804,3:12668107,chr3,12668107,12668107,rs9834310,CAND2,3,Jurgens,CAND2_locus0,3:12668107
3,12668107,3:12668107:C:T,3,12661348,3:12661348:T:G,0.917795,6759,3:12668107,chr3,12668107,12668107,rs9834310,CAND2,3,Jurgens,CAND2_locus0,3:12668107
3,12668107,3:12668107:C:T,3,12662215,3:12662215:G:C,0.950452,5892,3:12668107,chr3,12668107,12668107,rs9834310,CAND2,3,Jurgens,CAND2_locus0,3:12668107
3,12668107,3:12668107:C:T,3,12664356,3:12664356:A:G,0.950452,3751,3:12668107,chr3,12668107,12668107,rs9834310,CAND2,3,Jurgens,CAND2_locus0,3:12668107
3,12668107,3:12668107:C:T,3,12665149,3:12665149:G:T,0.995119,2958,3:12668107,chr3,12668107,12668107,rs9834310,CAND2,3,Jurgens,CAND2_locus0,3:12668107
3,12668107,3:12668107:C:T,3,12665415,3:12665415:G:A,0.951154,2692,3:12668107,chr3,12668107,12668107,rs9834310,CAND2,3,Jurgens,CAND2_locus0,3:12668107
3,12668107,3:12668107:C:T,3,12665467,3:12665467:CA:C,0.802063,2640,3:12668107,chr3,12668107,12668107,rs9834310,CAND2,3,Jurgens,CAND2_locus0,3:12668107
3,12668107,3:12668107:C:T,3,12665483,3:12665483:A:AG,0.937894,2624,3:12668107,chr3,12668107,12668107,rs9834310,CAND2,3,Jurgens,CAND2_locus0,3:12668107
3,12668107,3:12668107:C:T,3,12665778,3:12665778:C:T,0.995119,2329,3:12668107,chr3,12668107,12668107,rs9834310,CAND2,3,Jurgens,CAND2_locus0,3:12668107
3,12668107,3:12668107:C:T,3,12666121,3:12666121:A:C,0.98686,1986,3:12668107,chr3,12668107,12668107,rs9834310,CAND2,3,Jurgens,CAND2_locus0,3:12668107
3,12668107,3:12668107:C:T,3,12666277,3:12666277:A:T,0.995119,1830,3:12668107,chr3,12668107,12668107,rs9834310,CAND2,3,Jurgens,CAND2_locus0,3:12668107
3,12668107,3:12668107:C:T,3,12667015,3:12667015:A:G,0.995119,1092,3:12668107,chr3,12668107,12668107,rs9834310,CAND2,3,Jurgens,CAND2_locus0,3:12668107
3,12668107,3:12668107:C:T,3,12667447,3:12667447:T:C,0.995119,660,3:12668107,chr3,12668107,12668107,rs9834310,CAND2,3,Jurgens,CAND2_locus0,3:12668107
3,12668107,3:12668107:C:T,3,12667491,3:12667491:A:AAATAAAT,0.994419,616,3:12668107,chr3,12668107,12668107,rs9834310,CAND2,3,Jurgens,CAND2_locus0,3:12668107
3,12668107,3:12668107:C:T,3,12667668,3:12667668:A:G,0.995119,439,3:12668107,chr3,12668107,12668107,rs9834310,CAND2,3,Jurgens,CAND2_locus0,3:12668107
3,12668107,3:12668107:C:T,3,12667986,3:12667986:C:T,0.933295,121,3:12668107,chr3,12668107,12668107,rs9834310,CAND2,3,Jurgens,CAND2_locus0,3:12668107
3,12668107,3:12668107:C:T,3,12668072,3:12668072:G:A,0.981262,35,3:12668107,chr3,12668107,12668107,rs9834310,CAND2,3,Jurgens,CAND2_locus0,3:12668107
3,12668107,3:12668107:C:T,3,12668107,3:12668107:C:T,1.0,0,3:12668107,chr3,12668107,12668107,rs9834310,CAND2,3,Jurgens,CAND2_locus0,3:12668107
3,12668107,3:12668107:C:T,3,12668287,3:12668287:G:A,0.975778,180,3:12668107,chr3,12668107,12668107,rs9834310,CAND2,3,Jurgens,CAND2_locus0,3:12668107
3,12668107,3:12668107:C:T,3,12668517,3:12668517:C:A,0.995119,410,3:12668107,chr3,12668107,12668107,rs9834310,CAND2,3,Jurgens,CAND2_locus0,3:12668107
3,12668107,3:12668107:C:T,3,12669302,3:12669305:CAAAAAAAAA:C,0.973594,1195,3:12668107,chr3,12668107,12668107,rs9834310,CAND2,3,Jurgens,CAND2_locus0,3:12668107
3,12668107,3:12668107:C:T,3,12669392,3:12669392:T:C,0.990963,1285,3:12668107,chr3,12668107,12668107,rs9834310,CAND2,3,Jurgens,CAND2_locus0,3:12668107
3,12668107,3:12668107:C:T,3,12669585,3:12669585:A:T,0.98961,1478,3:12668107,chr3,12668107,12668107,rs9834310,CAND2,3,Jurgens,CAND2_locus0,3:12668107
3,12668107,3:12668107:C:T,3,12670197,3:12670197:A:G,0.990924,2090,3:12668107,chr3,12668107,12668107,rs9834310,CAND2,3,Jurgens,CAND2_locus0,3:12668107
3,12668107,3:12668107:C:T,3,12670472,3:12670472:A:C,0.993011,2365,3:12668107,chr3,12668107,12668107,rs9834310,CAND2,3,Jurgens,CAND2_locus0,3:12668107
3,12668107,3:12668107:C:T,3,12670474,3:12670474:A:C,0.993011,2367,3:12668107,chr3,12668107,12668107,rs9834310,CAND2,3,Jurgens,CAND2_locus0,3:12668107
3,12668107,3:12668107:C:T,3,12670476,3:12670476:A:C,0.993011,2369,3:12668107,chr3,12668107,12668107,rs9834310,CAND2,3,Jurgens,CAND2_locus0,3:12668107
3,12668107,3:12668107:C:T,3,12670478,3:12670478:A:C,0.952445,2371,3:12668107,chr3,12668107,12668107,rs9834310,CAND2,3,Jurgens,CAND2_locus0,3:12668107
3,12668107,3:12668107:C:T,3,12671073,3:12671073:CTG:C,0.990221,2966,3:12668107,chr3,12668107,12668107,rs9834310,CAND2,3,Jurgens,CAND2_locus0,3:12668107
3,12800305,3:12800305:A:G,3,12799435,3:12799435:T:C,0.828577,870,3:12800305,chr3,12800305,12800305,rs7650482,CAND2,4,Zheng,CAND2_locus1,3:12800305
3,12800305,3:12800305:A:G,3,12800305,3:12800305:A:G,1.0,0,3:12800305,chr3,12800305,12800305,rs7650482,CAND2,4,Zheng,CAND2_locus1,3:12800305
3,12800305,3:12800305:A:G,3,12800724,3:12800724:T:G,0.807372,419,3:12800305,chr3,12800305,12800305,rs7650482,CAND2,4,Zheng,CAND2_locus1,3:12800305
3,12800305,3:12800305:A:G,3,12805308,3:12805308:A:G,0.930376,5003,3:12800305,chr3,12800305,12800305,rs7650482,CAND2,4,Zheng,CAND2_locus1,3:12800305
3,12800305,3:12800305:A:G,3,12807323,3:12807323:T:C,0.928812,7018,3:12800305,chr3,12800305,12800305,rs7650482,CAND2,4,Zheng,CAND2_locus1,3:12800305
3,12800305,3:12800305:A:G,3,12807512,3:12807512:TA:T,0.928277,7207,3:12800305,chr3,12800305,12800305,rs7650482,CAND2,4,Zheng,CAND2_locus1,3:12800305
3,12800305,3:12800305:A:G,3,12811951,3:12811951:T:G,0.825257,11646,3:12800305,chr3,12800305,12800305,rs7650482,CAND2,4,Zheng,CAND2_locus1,3:12800305
3,12800305,3:12800305:A:G,3,12812067,3:12812067:T:C,0.826134,11762,3:12800305,chr3,12800305,12800305,rs7650482,CAND2,4,Zheng,CAND2_locus1,3:12800305
3,12800305,3:12800305:A:G,3,12815357,3:12815357:A:G,0.801828,15052,3:12800305,chr3,12800305,12800305,rs7650482,CAND2,4,Zheng,CAND2_locus1,3:12800305
3,12800305,3:12800305:A:G,3,12817505,3:12817505:A:C,0.810457,17200,3:12800305,chr3,12800305,12800305,rs7650482,CAND2,4,Zheng,CAND2_locus1,3:12800305
3,12801869,3:12801869:C:T,3,12801433,3:12801433:G:A,0.998803,436,3:12801869,chr3,12801869,12801869,rs9825233,CAND2,4,Zheng,CAND2_locus1,3:12801869
3,12801869,3:12801869:C:T,3,12801869,3:12801869:C:T,1.0,0,3:12801869,chr3,12801869,12801869,rs9825233,CAND2,4,Zheng,CAND2_locus1,3:12801869
3,12801869,3:12801869:C:T,3,12802363,3:12802363:A:C,0.988697,494,3:12801869,chr3,12801869,12801869,rs9825233,CAND2,4,Zheng,CAND2_locus1,3:12801869
3,12801869,3:12801869:C:T,3,12802571,3:12802571:G:A,0.988697,702,3:12801869,chr3,12801869,12801869,rs9825233,CAND2,4,Zheng,CAND2_locus1,3:12801869
3,12801869,3:12801869:C:T,3,12802573,3:12802573:T:C,0.988697,704,3:12801869,chr3,12801869,12801869,rs9825233,CAND2,4,Zheng,CAND2_locus1,3:12801869
3,12801869,3:12801869:C:T,3,12802613,3:12802613:G:C,0.988098,744,3:12801869,chr3,12801869,12801869,rs9825233,CAND2,4,Zheng,CAND2_locus1,3:12801869
3,12801869,3:12801869:C:T,3,12802988,3:12802989:C:CT,0.975546,1119,3:12801869,chr3,12801869,12801869,rs9825233,CAND2,4,Zheng,CAND2_locus1,3:12801869
3,12801869,3:12801869:C:T,3,12803659,3:12803659:G:A,0.99581,1790,3:12801869,chr3,12801869,12801869,rs9825233,CAND2,4,Zheng,CAND2_locus1,3:12801869
3,12801869,3:12801869:C:T,3,12803923,3:12803923:A:G,0.996408,2054,3:12801869,chr3,12801869,12801869,rs9825233,CAND2,4,Zheng,CAND2_locus1,3:12801869
3,12801869,3:12801869:C:T,3,12803927,3:12803927:G:C,0.995214,2058,3:12801869,chr3,12801869,12801869,rs9825233,CAND2,4,Zheng,CAND2_locus1,3:12801869
3,12801869,3:12801869:C:T,3,12805374,3:12805374:C:T,0.995217,3505,3:12801869,chr3,12801869,12801869,rs9825233,CAND2,4,Zheng,CAND2_locus1,3:12801869
3,12801869,3:12801869:C:T,3,12806992,3:12806992:G:T,0.994614,5123,3:12801869,chr3,12801869,12801869,rs9825233,CAND2,4,Zheng,CAND2_locus1,3:12801869
3,12801869,3:12801869:C:T,3,12807532,3:12807532:C:CA,0.926099,5663,3:12801869,chr3,12801869,12801869,rs9825233,CAND2,4,Zheng,CAND2_locus1,3:12801869
3,12801869,3:12801869:C:T,3,12811623,3:12811623:G:A,0.867237,9754,3:12801869,chr3,12801869,12801869,rs9825233,CAND2,4,Zheng,CAND2_locus1,3:12801869
3,12801869,3:12801869:C:T,3,12815994,3:12815994:C:T,0.851528,14125,3:12801869,chr3,12801869,12801869,rs9825233,CAND2,4,Zheng,CAND2_locus1,3:12801869
3,14231914,3:14231914:G:C,3,14231914,3:14231914:G:C,1.0,0,3:14231914,chr3,14231914,14231914,rs55834511,SLC6A6,2,Zheng,SLC6A6_locus0,3:14231914
3,14231914,3:14231914:G:C,3,14231964,3:14231964:C:T,0.826658,50,3:14231914,chr3,14231914,14231914,rs55834511,SLC6A6,2,Zheng,SLC6A6_locus0,3:14231914
3,14231914,3:14231914:G:C,3,14231972,3:14231972:C:T,0.826658,58,3:14231914,chr3,14231914,14231914,rs55834511,SLC6A6,2,Zheng,SLC6A6_locus0,3:14231914
3,14231914,3:14231914:G:C,3,14234259,3:14234259:C:G,0.821056,2345,3:14231914,chr3,14231914,14231914,rs55834511,SLC6A6,2,Zheng,SLC6A6_locus0,3:14231914
3,14231914,3:14231914:G:C,3,14234994,3:14234994:G:A,0.824513,3080,3:14231914,chr3,14231914,14231914,rs55834511,SLC6A6,2,Zheng,SLC6A6_locus0,3:14231914
3,14231914,3:14231914:G:C,3,14235482,3:14235482:G:A,0.825669,3568,3:14231914,chr3,14231914,14231914,rs55834511,SLC6A6,2,Zheng,SLC6A6_locus0,3:14231914
3,14231972,3:14231972:C:T,3,14231914,3:14231914:G:C,0.826658,58,3:14231972,chr3,14231972,14231972,rs56242556,SLC6A6,2,Zheng,SLC6A6_locus0,3:14231972
3,14231972,3:14231972:C:T,3,14231964,3:14231964:C:T,1.0,8,3:14231972,chr3,14231972,14231972,rs56242556,SLC6A6,2,Zheng,SLC6A6_locus0,3:14231972
3,14231972,3:14231972:C:T,3,14231972,3:14231972:C:T,1.0,0,3:14231972,chr3,14231972,14231972,rs56242556,SLC6A6,2,Zheng,SLC6A6_locus0,3:14231972
3,14231972,3:14231972:C:T,3,14232793,3:14232793:C:T,0.886765,821,3:14231972,chr3,14231972,14231972,rs56242556,SLC6A6,2,Zheng,SLC6A6_locus0,3:14231972
3,14231972,3:14231972:C:T,3,14234259,3:14234259:C:G,0.993748,2287,3:14231972,chr3,14231972,14231972,rs56242556,SLC6A6,2,Zheng,SLC6A6_locus0,3:14231972
3,14231972,3:14231972:C:T,3,14234994,3:14234994:G:A,0.997493,3022,3:14231972,chr3,14231972,14231972,rs56242556,SLC6A6,2,Zheng,SLC6A6_locus0,3:14231972
3,14231972,3:14231972:C:T,3,14235482,3:14235482:G:A,0.998746,3510,3:14231972,chr3,14231972,14231972,rs56242556,SLC6A6,2,Zheng,SLC6A6_locus0,3:14231972
3,14231972,3:14231972:C:T,3,14242316,3:14242317:A:AT,0.928156,10344,3:14231972,chr3,14231972,14231972,rs56242556,SLC6A6,2,Zheng,SLC6A6_locus0,3:14231972
3,14254937,3:14254937:G:T,3,14231260,3:14231260:A:G,0.928239,23677,3:14254937,chr3,14254937,14254937,rs59625485,SLC6A6,2,Zheng,SLC6A6_locus0,3:14254937
3,14254937,3:14254937:G:T,3,14231266,3:14231266:G:C,0.928239,23671,3:14254937,chr3,14254937,14254937,rs59625485,SLC6A6,2,Zheng,SLC6A6_locus0,3:14254937
3,14254937,3:14254937:G:T,3,14231617,3:14231617:C:T,0.901448,23320,3:14254937,chr3,14254937,14254937,rs59625485,SLC6A6,2,Zheng,SLC6A6_locus0,3:14254937
3,14254937,3:14254937:G:T,3,14232951,3:14232951:G:A,0.928239,21986,3:14254937,chr3,14254937,14254937,rs59625485,SLC6A6,2,Zheng,SLC6A6_locus0,3:14254937
3,14254937,3:14254937:G:T,3,14234763,3:14234763:A:G,0.928899,20174,3:14254937,chr3,14254937,14254937,rs59625485,SLC6A6,2,Zheng,SLC6A6_locus0,3:14254937
3,14254937,3:14254937:G:T,3,14236876,3:14236876:T:C,0.940481,18061,3:14254937,chr3,14254937,14254937,rs59625485,SLC6A6,2,Zheng,SLC6A6_locus0,3:14254937
3,14254937,3:14254937:G:T,3,14238636,3:14238636:G:A,0.937549,16301,3:14254937,chr3,14254937,14254937,rs59625485,SLC6A6,2,Zheng,SLC6A6_locus0,3:14254937
3,14254937,3:14254937:G:T,3,14238732,3:14238732:T:G,0.937549,16205,3:14254937,chr3,14254937,14254937,rs59625485,SLC6A6,2,Zheng,SLC6A6_locus0,3:14254937
3,14254937,3:14254937:G:T,3,14239931,3:14239931:A:G,0.938782,15006,3:14254937,chr3,14254937,14254937,rs59625485,SLC6A6,2,Zheng,SLC6A6_locus0,3:14254937
3,14254937,3:14254937:G:T,3,14241394,3:14241394:A:G,0.939358,13543,3:14254937,chr3,14254937,14254937,rs59625485,SLC6A6,2,Zheng,SLC6A6_locus0,3:14254937
3,14254937,3:14254937:G:T,3,14242276,3:14242276:A:G,0.944537,12661,3:14254937,chr3,14254937,14254937,rs59625485,SLC6A6,2,Zheng,SLC6A6_locus0,3:14254937
3,14254937,3:14254937:G:T,3,14242316,3:14242316:AT:A,0.939837,12621,3:14254937,chr3,14254937,14254937,rs59625485,SLC6A6,2,Zheng,SLC6A6_locus0,3:14254937
3,14254937,3:14254937:G:T,3,14242361,3:14242361:G:T,0.944537,12576,3:14254937,chr3,14254937,14254937,rs59625485,SLC6A6,2,Zheng,SLC6A6_locus0,3:14254937
3,14254937,3:14254937:G:T,3,14243162,3:14243162:A:G,0.941153,11775,3:14254937,chr3,14254937,14254937,rs59625485,SLC6A6,2,Zheng,SLC6A6_locus0,3:14254937
3,14254937,3:14254937:G:T,3,14247614,3:14247614:G:A,0.834285,7323,3:14254937,chr3,14254937,14254937,rs59625485,SLC6A6,2,Zheng,SLC6A6_locus0,3:14254937
3,14254937,3:14254937:G:T,3,14249503,3:14249503:CTTTT:C,0.945506,5434,3:14254937,chr3,14254937,14254937,rs59625485,SLC6A6,2,Zheng,SLC6A6_locus0,3:14254937
3,14254937,3:14254937:G:T,3,14250179,3:14250179:T:C,0.836945,4758,3:14254937,chr3,14254937,14254937,rs59625485,SLC6A6,2,Zheng,SLC6A6_locus0,3:14254937
3,14254937,3:14254937:G:T,3,14252018,3:14252018:A:AAC,0.835367,2919,3:14254937,chr3,14254937,14254937,rs59625485,SLC6A6,2,Zheng,SLC6A6_locus0,3:14254937
3,14254937,3:14254937:G:T,3,14254937,3:14254937:G:T,1.0,0,3:14254937,chr3,14254937,14254937,rs59625485,SLC6A6,2,Zheng,SLC6A6_locus0,3:14254937
3,14254937,3:14254937:G:T,3,14265282,3:14265282:G:T,0.857673,10345,3:14254937,chr3,14254937,14254937,rs59625485,SLC6A6,2,Zheng,SLC6A6_locus0,3:14254937
3,52498102,3:52498102:A:G,3,52498102,3:52498102:A:G,1.0,0,3:52498102,chr3,52498102,52498102,rs13326165,TKT,2,Jurgens,TKT_locus0,3:52498102
3,69807602,3:69807602:C:T,3,69795457,3:69795457:G:A,0.859789,12145,3:69807602,chr3,69807602,69807602,rs79502300,MITF,3,Zheng,MITF_locus0,3:69807602
3,69807602,3:69807602:C:T,3,69795494,3:69795494:G:A,0.872915,12108,3:69807602,chr3,69807602,69807602,rs79502300,MITF,3,Zheng,MITF_locus0,3:69807602
3,69807602,3:69807602:C:T,3,69795694,3:69795694:C:T,0.872915,11908,3:69807602,chr3,69807602,69807602,rs79502300,MITF,3,Zheng,MITF_locus0,3:69807602
3,69807602,3:69807602:C:T,3,69800684,3:69800684:T:C,0.833373,6918,3:69807602,chr3,69807602,69807602,rs79502300,MITF,3,Zheng,MITF_locus0,3:69807602
3,69807602,3:69807602:C:T,3,69801056,3:69801057:C:CTT,0.893985,6546,3:69807602,chr3,69807602,69807602,rs79502300,MITF,3,Zheng,MITF_locus0,3:69807602
3,69807602,3:69807602:C:T,3,69802154,3:69802154:T:C,0.917459,5448,3:69807602,chr3,69807602,69807602,rs79502300,MITF,3,Zheng,MITF_locus0,3:69807602
3,69807602,3:69807602:C:T,3,69802199,3:69802199:C:T,0.921486,5403,3:69807602,chr3,69807602,69807602,rs79502300,MITF,3,Zheng,MITF_locus0,3:69807602
3,69807602,3:69807602:C:T,3,69805359,3:69805359:C:G,0.931915,2243,3:69807602,chr3,69807602,69807602,rs79502300,MITF,3,Zheng,MITF_locus0,3:69807602
3,69807602,3:69807602:C:T,3,69805540,3:69805540:C:G,0.933166,2062,3:69807602,chr3,69807602,69807602,rs79502300,MITF,3,Zheng,MITF_locus0,3:69807602
3,69807602,3:69807602:C:T,3,69805547,3:69805547:G:A,0.933166,2055,3:69807602,chr3,69807602,69807602,rs79502300,MITF,3,Zheng,MITF_locus0,3:69807602
3,69807602,3:69807602:C:T,3,69807602,3:69807602:C:T,1.0,0,3:69807602,chr3,69807602,69807602,rs79502300,MITF,3,Zheng,MITF_locus0,3:69807602
3,69807602,3:69807602:C:T,3,69808152,3:69808152:A:C,0.864892,550,3:69807602,chr3,69807602,69807602,rs79502300,MITF,3,Zheng,MITF_locus0,3:69807602
3,69807602,3:69807602:C:T,3,69808622,3:69808622:C:T,0.934582,1020,3:69807602,chr3,69807602,69807602,rs79502300,MITF,3,Zheng,MITF_locus0,3:69807602
3,69807602,3:69807602:C:T,3,69809825,3:69809825:G:A,0.921522,2223,3:69807602,chr3,69807602,69807602,rs79502300,MITF,3,Zheng,MITF_locus0,3:69807602
3,69807602,3:69807602:C:T,3,69810119,3:69810119:G:A,0.876185,2517,3:69807602,chr3,69807602,69807602,rs79502300,MITF,3,Zheng,MITF_locus0,3:69807602
3,69807602,3:69807602:C:T,3,69810500,3:69810500:A:G,0.861909,2898,3:69807602,chr3,69807602,69807602,rs79502300,MITF,3,Zheng,MITF_locus0,3:69807602
3,69807602,3:69807602:C:T,3,69811337,3:69811337:G:A,0.8787,3735,3:69807602,chr3,69807602,69807602,rs79502300,MITF,3,Zheng,MITF_locus0,3:69807602
3,69807602,3:69807602:C:T,3,69811353,3:69811353:A:G,0.876237,3751,3:69807602,chr3,69807602,69807602,rs79502300,MITF,3,Zheng,MITF_locus0,3:69807602
3,69807602,3:69807602:C:T,3,69811754,3:69811754:T:G,0.878091,4152,3:69807602,chr3,69807602,69807602,rs79502300,MITF,3,Zheng,MITF_locus0,3:69807602
3,69807602,3:69807602:C:T,3,69811902,3:69811902:C:G,0.878091,4300,3:69807602,chr3,69807602,69807602,rs79502300,MITF,3,Zheng,MITF_locus0,3:69807602
3,69807602,3:69807602:C:T,3,69811921,3:69811921:G:A,0.874746,4319,3:69807602,chr3,69807602,69807602,rs79502300,MITF,3,Zheng,MITF_locus0,3:69807602
3,69807602,3:69807602:C:T,3,69812035,3:69812035:G:A,0.877047,4433,3:69807602,chr3,69807602,69807602,rs79502300,MITF,3,Zheng,MITF_locus0,3:69807602
3,69807602,3:69807602:C:T,3,69812077,3:69812077:T:TTAGATTAG,0.846614,4475,3:69807602,chr3,69807602,69807602,rs79502300,MITF,3,Zheng,MITF_locus0,3:69807602
3,69807602,3:69807602:C:T,3,69812272,3:69812272:G:A,0.835447,4670,3:69807602,chr3,69807602,69807602,rs79502300,MITF,3,Zheng,MITF_locus0,3:69807602
3,69807602,3:69807602:C:T,3,69812954,3:69812954:A:C,0.871633,5352,3:69807602,chr3,69807602,69807602,rs79502300,MITF,3,Zheng,MITF_locus0,3:69807602
3,69807602,3:69807602:C:T,3,69813002,3:69813002:T:G,0.874966,5400,3:69807602,chr3,69807602,69807602,rs79502300,MITF,3,Zheng,MITF_locus0,3:69807602
3,69807602,3:69807602:C:T,3,69813038,3:69813038:A:G,0.874162,5436,3:69807602,chr3,69807602,69807602,rs79502300,MITF,3,Zheng,MITF_locus0,3:69807602
3,69807602,3:69807602:C:T,3,69813225,3:69813225:T:C,0.874966,5623,3:69807602,chr3,69807602,69807602,rs79502300,MITF,3,Zheng,MITF_locus0,3:69807602
3,69807602,3:69807602:C:T,3,69813303,3:69813303:C:G,0.871858,5701,3:69807602,chr3,69807602,69807602,rs79502300,MITF,3,Zheng,MITF_locus0,3:69807602
3,69807602,3:69807602:C:T,3,69814135,3:69814135:A:G,0.861162,6533,3:69807602,chr3,69807602,69807602,rs79502300,MITF,3,Zheng,MITF_locus0,3:69807602
3,69807602,3:69807602:C:T,3,69814325,3:69814325:T:C,0.857853,6723,3:69807602,chr3,69807602,69807602,rs79502300,MITF,3,Zheng,MITF_locus0,3:69807602
3,69807602,3:69807602:C:T,3,69815581,3:69815581:T:C,0.878081,7979,3:69807602,chr3,69807602,69807602,rs79502300,MITF,3,Zheng,MITF_locus0,3:69807602
3,69807602,3:69807602:C:T,3,69815797,3:69815797:G:A,0.877865,8195,3:69807602,chr3,69807602,69807602,rs79502300,MITF,3,Zheng,MITF_locus0,3:69807602
3,69807602,3:69807602:C:T,3,69815932,3:69815932:T:C,0.832368,8330,3:69807602,chr3,69807602,69807602,rs79502300,MITF,3,Zheng,MITF_locus0,3:69807602
3,69807602,3:69807602:C:T,3,69815976,3:69815976:G:A,0.860144,8374,3:69807602,chr3,69807602,69807602,rs79502300,MITF,3,Zheng,MITF_locus0,3:69807602
3,69807602,3:69807602:C:T,3,69816201,3:69816201:G:A,0.876006,8599,3:69807602,chr3,69807602,69807602,rs79502300,MITF,3,Zheng,MITF_locus0,3:69807602
3,69807602,3:69807602:C:T,3,69820233,3:69820233:T:C,0.847842,12631,3:69807602,chr3,69807602,69807602,rs79502300,MITF,3,Zheng,MITF_locus0,3:69807602
3,69807602,3:69807602:C:T,3,69820882,3:69820882:C:A,0.852202,13280,3:69807602,chr3,69807602,69807602,rs79502300,MITF,3,Zheng,MITF_locus0,3:69807602
3,69807602,3:69807602:C:T,3,69821314,3:69821314:T:A,0.849798,13712,3:69807602,chr3,69807602,69807602,rs79502300,MITF,3,Zheng,MITF_locus0,3:69807602
3,69807602,3:69807602:C:T,3,69821677,3:69821677:G:GA,0.838972,14075,3:69807602,chr3,69807602,69807602,rs79502300,MITF,3,Zheng,MITF_locus0,3:69807602
3,69807602,3:69807602:C:T,3,69821720,3:69821720:C:T,0.844546,14118,3:69807602,chr3,69807602,69807602,rs79502300,MITF,3,Zheng,MITF_locus0,3:69807602
3,69807602,3:69807602:C:T,3,69822261,3:69822261:G:A,0.851738,14659,3:69807602,chr3,69807602,69807602,rs79502300,MITF,3,Zheng,MITF_locus0,3:69807602
3,69807602,3:69807602:C:T,3,69822903,3:69822903:G:GT,0.802503,15301,3:69807602,chr3,69807602,69807602,rs79502300,MITF,3,Zheng,MITF_locus0,3:69807602
3,69807602,3:69807602:C:T,3,69823546,3:69823546:C:T,0.850639,15944,3:69807602,chr3,69807602,69807602,rs79502300,MITF,3,Zheng,MITF_locus0,3:69807602
3,69807602,3:69807602:C:T,3,69823562,3:69823562:G:A,0.89106,15960,3:69807602,chr3,69807602,69807602,rs79502300,MITF,3,Zheng,MITF_locus0,3:69807602
3,69807602,3:69807602:C:T,3,69824184,3:69824184:T:C,0.866606,16582,3:69807602,chr3,69807602,69807602,rs79502300,MITF,3,Zheng,MITF_locus0,3:69807602
3,69807602,3:69807602:C:T,3,69825146,3:69825146:A:G,0.852076,17544,3:69807602,chr3,69807602,69807602,rs79502300,MITF,3,Zheng,MITF_locus0,3:69807602
3,69807602,3:69807602:C:T,3,69825232,3:69825232:T:A,0.849669,17630,3:69807602,chr3,69807602,69807602,rs79502300,MITF,3,Zheng,MITF_locus0,3:69807602
3,69807602,3:69807602:C:T,3,69827168,3:69827168:G:T,0.852839,19566,3:69807602,chr3,69807602,69807602,rs79502300,MITF,3,Zheng,MITF_locus0,3:69807602
3,69807602,3:69807602:C:T,3,69827532,3:69827532:T:G,0.849669,19930,3:69807602,chr3,69807602,69807602,rs79502300,MITF,3,Zheng,MITF_locus0,3:69807602
3,69807602,3:69807602:C:T,3,69828877,3:69828877:A:C,0.847619,21275,3:69807602,chr3,69807602,69807602,rs79502300,MITF,3,Zheng,MITF_locus0,3:69807602
3,69807602,3:69807602:C:T,3,69828945,3:69828945:A:AGT,0.806406,21343,3:69807602,chr3,69807602,69807602,rs79502300,MITF,3,Zheng,MITF_locus0,3:69807602
3,69807602,3:69807602:C:T,3,69829672,3:69829673:GCACACACA:G,0.818201,22070,3:69807602,chr3,69807602,69807602,rs79502300,MITF,3,Zheng,MITF_locus0,3:69807602
3,69807602,3:69807602:C:T,3,69830358,3:69830358:A:G,0.821134,22756,3:69807602,chr3,69807602,69807602,rs79502300,MITF,3,Zheng,MITF_locus0,3:69807602
3,69807602,3:69807602:C:T,3,69831401,3:69831401:C:T,0.821239,23799,3:69807602,chr3,69807602,69807602,rs79502300,MITF,3,Zheng,MITF_locus0,3:69807602
3,69807602,3:69807602:C:T,3,69831985,3:69831985:G:A,0.821239,24383,3:69807602,chr3,69807602,69807602,rs79502300,MITF,3,Zheng,MITF_locus0,3:69807602
3,69807602,3:69807602:C:T,3,69832035,3:69832035:T:A,0.821239,24433,3:69807602,chr3,69807602,69807602,rs79502300,MITF,3,Zheng,MITF_locus0,3:69807602
3,69807602,3:69807602:C:T,3,69832282,3:69832282:A:G,0.820145,24680,3:69807602,chr3,69807602,69807602,rs79502300,MITF,3,Zheng,MITF_locus0,3:69807602
3,69807602,3:69807602:C:T,3,69832690,3:69832690:T:A,0.820145,25088,3:69807602,chr3,69807602,69807602,rs79502300,MITF,3,Zheng,MITF_locus0,3:69807602
3,69807602,3:69807602:C:T,3,69833417,3:69833417:C:T,0.819053,25815,3:69807602,chr3,69807602,69807602,rs79502300,MITF,3,Zheng,MITF_locus0,3:69807602
3,69807602,3:69807602:C:T,3,69833597,3:69833597:T:C,0.819053,25995,3:69807602,chr3,69807602,69807602,rs79502300,MITF,3,Zheng,MITF_locus0,3:69807602
3,69807602,3:69807602:C:T,3,69834904,3:69834904:C:T,0.812542,27302,3:69807602,chr3,69807602,69807602,rs79502300,MITF,3,Zheng,MITF_locus0,3:69807602
3,69807602,3:69807602:C:T,3,69836095,3:69836095:G:A,0.819806,28493,3:69807602,chr3,69807602,69807602,rs79502300,MITF,3,Zheng,MITF_locus0,3:69807602
3,69807602,3:69807602:C:T,3,69836855,3:69836855:A:G,0.849669,29253,3:69807602,chr3,69807602,69807602,rs79502300,MITF,3,Zheng,MITF_locus0,3:69807602
3,69807602,3:69807602:C:T,3,69837665,3:69837665:G:A,0.819806,30063,3:69807602,chr3,69807602,69807602,rs79502300,MITF,3,Zheng,MITF_locus0,3:69807602
3,69807602,3:69807602:C:T,3,69839091,3:69839091:C:A,0.809359,31489,3:69807602,chr3,69807602,69807602,rs79502300,MITF,3,Zheng,MITF_locus0,3:69807602
3,69807602,3:69807602:C:T,3,69840913,3:69840913:G:A,0.809424,33311,3:69807602,chr3,69807602,69807602,rs79502300,MITF,3,Zheng,MITF_locus0,3:69807602
3,69807602,3:69807602:C:T,3,69841323,3:69841323:T:G,0.803423,33721,3:69807602,chr3,69807602,69807602,rs79502300,MITF,3,Zheng,MITF_locus0,3:69807602
3,69807602,3:69807602:C:T,3,69844344,3:69844344:A:G,0.820567,36742,3:69807602,chr3,69807602,69807602,rs79502300,MITF,3,Zheng,MITF_locus0,3:69807602
3,69807602,3:69807602:C:T,3,69844419,3:69844419:T:C,0.815561,36817,3:69807602,chr3,69807602,69807602,rs79502300,MITF,3,Zheng,MITF_locus0,3:69807602
3,69807602,3:69807602:C:T,3,69844820,3:69844820:G:T,0.839611,37218,3:69807602,chr3,69807602,69807602,rs79502300,MITF,3,Zheng,MITF_locus0,3:69807602
3,69807602,3:69807602:C:T,3,69844891,3:69844891:C:T,0.83782,37289,3:69807602,chr3,69807602,69807602,rs79502300,MITF,3,Zheng,MITF_locus0,3:69807602
3,69807602,3:69807602:C:T,3,69845442,3:69845442:C:CTT,0.854268,37840,3:69807602,chr3,69807602,69807602,rs79502300,MITF,3,Zheng,MITF_locus0,3:69807602
3,69807602,3:69807602:C:T,3,69845871,3:69845871:G:A,0.83782,38269,3:69807602,chr3,69807602,69807602,rs79502300,MITF,3,Zheng,MITF_locus0,3:69807602
3,69807602,3:69807602:C:T,3,69848299,3:69848299:G:T,0.825069,40697,3:69807602,chr3,69807602,69807602,rs79502300,MITF,3,Zheng,MITF_locus0,3:69807602
3,69812954,3:69812954:A:C,3,69795457,3:69795457:G:A,0.867608,17497,3:69812954,chr3,69812954,69812954,rs6802804,MITF,4,Jurgens,MITF_locus0,3:69812954
3,69812954,3:69812954:A:C,3,69795494,3:69795494:G:A,0.879852,17460,3:69812954,chr3,69812954,69812954,rs6802804,MITF,4,Jurgens,MITF_locus0,3:69812954
3,69812954,3:69812954:A:C,3,69795694,3:69795694:C:T,0.879852,17260,3:69812954,chr3,69812954,69812954,rs6802804,MITF,4,Jurgens,MITF_locus0,3:69812954
3,69812954,3:69812954:A:C,3,69800684,3:69800684:T:C,0.86463,12270,3:69812954,chr3,69812954,69812954,rs6802804,MITF,4,Jurgens,MITF_locus0,3:69812954
3,69812954,3:69812954:A:C,3,69801056,3:69801057:C:CTT,0.940639,11898,3:69812954,chr3,69812954,69812954,rs6802804,MITF,4,Jurgens,MITF_locus0,3:69812954
3,69812954,3:69812954:A:C,3,69802154,3:69802154:T:C,0.938412,10800,3:69812954,chr3,69812954,69812954,rs6802804,MITF,4,Jurgens,MITF_locus0,3:69812954
3,69812954,3:69812954:A:C,3,69802199,3:69802199:C:T,0.842025,10755,3:69812954,chr3,69812954,69812954,rs6802804,MITF,4,Jurgens,MITF_locus0,3:69812954
3,69812954,3:69812954:A:C,3,69805359,3:69805359:C:G,0.836546,7595,3:69812954,chr3,69812954,69812954,rs6802804,MITF,4,Jurgens,MITF_locus0,3:69812954
3,69812954,3:69812954:A:C,3,69805540,3:69805540:C:G,0.837743,7414,3:69812954,chr3,69812954,69812954,rs6802804,MITF,4,Jurgens,MITF_locus0,3:69812954
3,69812954,3:69812954:A:C,3,69805547,3:69805547:G:A,0.837743,7407,3:69812954,chr3,69812954,69812954,rs6802804,MITF,4,Jurgens,MITF_locus0,3:69812954
3,69812954,3:69812954:A:C,3,69807602,3:69807602:C:T,0.871633,5352,3:69812954,chr3,69812954,69812954,rs6802804,MITF,4,Jurgens,MITF_locus0,3:69812954
3,69812954,3:69812954:A:C,3,69808152,3:69808152:A:C,0.899843,4802,3:69812954,chr3,69812954,69812954,rs6802804,MITF,4,Jurgens,MITF_locus0,3:69812954
3,69812954,3:69812954:A:C,3,69808622,3:69808622:C:T,0.832958,4332,3:69812954,chr3,69812954,69812954,rs6802804,MITF,4,Jurgens,MITF_locus0,3:69812954
3,69812954,3:69812954:A:C,3,69809626,3:69809626:AT:A,0.80752,3328,3:69812954,chr3,69812954,69812954,rs6802804,MITF,4,Jurgens,MITF_locus0,3:69812954
3,69812954,3:69812954:A:C,3,69809825,3:69809825:G:A,0.944221,3129,3:69812954,chr3,69812954,69812954,rs6802804,MITF,4,Jurgens,MITF_locus0,3:69812954
3,69812954,3:69812954:A:C,3,69810119,3:69810119:G:A,0.894828,2835,3:69812954,chr3,69812954,69812954,rs6802804,MITF,4,Jurgens,MITF_locus0,3:69812954
3,69812954,3:69812954:A:C,3,69810500,3:69810500:A:G,0.904696,2454,3:69812954,chr3,69812954,69812954,rs6802804,MITF,4,Jurgens,MITF_locus0,3:69812954
3,69812954,3:69812954:A:C,3,69811337,3:69811337:G:A,0.989397,1617,3:69812954,chr3,69812954,69812954,rs6802804,MITF,4,Jurgens,MITF_locus0,3:69812954
3,69812954,3:69812954:A:C,3,69811353,3:69811353:A:G,0.992935,1601,3:69812954,chr3,69812954,69812954,rs6802804,MITF,4,Jurgens,MITF_locus0,3:69812954
3,69812954,3:69812954:A:C,3,69811754,3:69811754:T:G,0.990574,1200,3:69812954,chr3,69812954,69812954,rs6802804,MITF,4,Jurgens,MITF_locus0,3:69812954
3,69812954,3:69812954:A:C,3,69811902,3:69811902:C:G,0.992928,1052,3:69812954,chr3,69812954,69812954,rs6802804,MITF,4,Jurgens,MITF_locus0,3:69812954
3,69812954,3:69812954:A:C,3,69811921,3:69811921:G:A,0.99175,1033,3:69812954,chr3,69812954,69812954,rs6802804,MITF,4,Jurgens,MITF_locus0,3:69812954
3,69812954,3:69812954:A:C,3,69812035,3:69812035:G:A,0.994105,919,3:69812954,chr3,69812954,69812954,rs6802804,MITF,4,Jurgens,MITF_locus0,3:69812954
3,69812954,3:69812954:A:C,3,69812077,3:69812077:T:TTAGATTAG,0.963756,877,3:69812954,chr3,69812954,69812954,rs6802804,MITF,4,Jurgens,MITF_locus0,3:69812954
3,69812954,3:69812954:A:C,3,69812272,3:69812272:G:A,0.943151,682,3:69812954,chr3,69812954,69812954,rs6802804,MITF,4,Jurgens,MITF_locus0,3:69812954
3,69812954,3:69812954:A:C,3,69812954,3:69812954:A:C,1.0,0,3:69812954,chr3,69812954,69812954,rs6802804,MITF,4,Jurgens,MITF_locus0,3:69812954
3,69812954,3:69812954:A:C,3,69813002,3:69813002:T:G,0.994104,48,3:69812954,chr3,69812954,69812954,rs6802804,MITF,4,Jurgens,MITF_locus0,3:69812954
3,69812954,3:69812954:A:C,3,69813038,3:69813038:A:G,0.992938,84,3:69812954,chr3,69812954,69812954,rs6802804,MITF,4,Jurgens,MITF_locus0,3:69812954
3,69812954,3:69812954:A:C,3,69813225,3:69813225:T:C,0.994104,271,3:69812954,chr3,69812954,69812954,rs6802804,MITF,4,Jurgens,MITF_locus0,3:69812954
3,69812954,3:69812954:A:C,3,69813303,3:69813303:C:G,0.997643,349,3:69812954,chr3,69812954,69812954,rs6802804,MITF,4,Jurgens,MITF_locus0,3:69812954
3,69812954,3:69812954:A:C,3,69814135,3:69814135:A:G,0.909166,1181,3:69812954,chr3,69812954,69812954,rs6802804,MITF,4,Jurgens,MITF_locus0,3:69812954
3,69812954,3:69812954:A:C,3,69814325,3:69814325:T:C,0.912508,1371,3:69812954,chr3,69812954,69812954,rs6802804,MITF,4,Jurgens,MITF_locus0,3:69812954
3,69812954,3:69812954:A:C,3,69815581,3:69815581:T:C,0.990565,2627,3:69812954,chr3,69812954,69812954,rs6802804,MITF,4,Jurgens,MITF_locus0,3:69812954
3,69812954,3:69812954:A:C,3,69815797,3:69815797:G:A,0.988213,2843,3:69812954,chr3,69812954,69812954,rs6802804,MITF,4,Jurgens,MITF_locus0,3:69812954
3,69812954,3:69812954:A:C,3,69815932,3:69815932:T:C,0.937357,2978,3:69812954,chr3,69812954,69812954,rs6802804,MITF,4,Jurgens,MITF_locus0,3:69812954
3,69812954,3:69812954:A:C,3,69815976,3:69815976:G:A,0.90352,3022,3:69812954,chr3,69812954,69812954,rs6802804,MITF,4,Jurgens,MITF_locus0,3:69812954
3,69812954,3:69812954:A:C,3,69816201,3:69816201:G:A,0.990573,3247,3:69812954,chr3,69812954,69812954,rs6802804,MITF,4,Jurgens,MITF_locus0,3:69812954
3,69812954,3:69812954:A:C,3,69820233,3:69820233:T:C,0.904424,7279,3:69812954,chr3,69812954,69812954,rs6802804,MITF,4,Jurgens,MITF_locus0,3:69812954
3,69812954,3:69812954:A:C,3,69820882,3:69820882:C:A,0.899978,7928,3:69812954,chr3,69812954,69812954,rs6802804,MITF,4,Jurgens,MITF_locus0,3:69812954
3,69812954,3:69812954:A:C,3,69821314,3:69821314:T:A,0.904423,8360,3:69812954,chr3,69812954,69812954,rs6802804,MITF,4,Jurgens,MITF_locus0,3:69812954
3,69812954,3:69812954:A:C,3,69821677,3:69821677:G:GA,0.890964,8723,3:69812954,chr3,69812954,69812954,rs6802804,MITF,4,Jurgens,MITF_locus0,3:69812954
3,69812954,3:69812954:A:C,3,69821720,3:69821720:C:T,0.901097,8766,3:69812954,chr3,69812954,69812954,rs6802804,MITF,4,Jurgens,MITF_locus0,3:69812954
3,69812954,3:69812954:A:C,3,69822261,3:69822261:G:A,0.895471,9307,3:69812954,chr3,69812954,69812954,rs6802804,MITF,4,Jurgens,MITF_locus0,3:69812954
3,69812954,3:69812954:A:C,3,69822903,3:69822903:G:GT,0.858167,9949,3:69812954,chr3,69812954,69812954,rs6802804,MITF,4,Jurgens,MITF_locus0,3:69812954
3,69812954,3:69812954:A:C,3,69823546,3:69823546:C:T,0.896579,10592,3:69812954,chr3,69812954,69812954,rs6802804,MITF,4,Jurgens,MITF_locus0,3:69812954
3,69812954,3:69812954:A:C,3,69823562,3:69823562:G:A,0.954416,10608,3:69812954,chr3,69812954,69812954,rs6802804,MITF,4,Jurgens,MITF_locus0,3:69812954
3,69812954,3:69812954:A:C,3,69824184,3:69824184:T:C,0.976509,11230,3:69812954,chr3,69812954,69812954,rs6802804,MITF,4,Jurgens,MITF_locus0,3:69812954
3,69812954,3:69812954:A:C,3,69825146,3:69825146:A:G,0.89776,12192,3:69812954,chr3,69812954,69812954,rs6802804,MITF,4,Jurgens,MITF_locus0,3:69812954
3,69812954,3:69812954:A:C,3,69825232,3:69825232:T:A,0.902198,12278,3:69812954,chr3,69812954,69812954,rs6802804,MITF,4,Jurgens,MITF_locus0,3:69812954
3,69812954,3:69812954:A:C,3,69827168,3:69827168:G:T,0.894365,14214,3:69812954,chr3,69812954,69812954,rs6802804,MITF,4,Jurgens,MITF_locus0,3:69812954
3,69812954,3:69812954:A:C,3,69827532,3:69827532:T:G,0.902198,14578,3:69812954,chr3,69812954,69812954,rs6802804,MITF,4,Jurgens,MITF_locus0,3:69812954
3,69812954,3:69812954:A:C,3,69828877,3:69828877:A:C,0.906651,15923,3:69812954,chr3,69812954,69812954,rs6802804,MITF,4,Jurgens,MITF_locus0,3:69812954
3,69812954,3:69812954:A:C,3,69828945,3:69828945:A:AGT,0.846801,15991,3:69812954,chr3,69812954,69812954,rs6802804,MITF,4,Jurgens,MITF_locus0,3:69812954
3,69812954,3:69812954:A:C,3,69829672,3:69829673:GCACACACA:G,0.875345,16718,3:69812954,chr3,69812954,69812954,rs6802804,MITF,4,Jurgens,MITF_locus0,3:69812954
3,69812954,3:69812954:A:C,3,69830358,3:69830358:A:G,0.869799,17404,3:69812954,chr3,69812954,69812954,rs6802804,MITF,4,Jurgens,MITF_locus0,3:69812954
3,69812954,3:69812954:A:C,3,69831401,3:69831401:C:T,0.869708,18447,3:69812954,chr3,69812954,69812954,rs6802804,MITF,4,Jurgens,MITF_locus0,3:69812954
3,69812954,3:69812954:A:C,3,69831522,3:69831522:A:T,0.899854,18568,3:69812954,chr3,69812954,69812954,rs6802804,MITF,4,Jurgens,MITF_locus0,3:69812954
3,69812954,3:69812954:A:C,3,69831578,3:69831578:C:T,0.899854,18624,3:69812954,chr3,69812954,69812954,rs6802804,MITF,4,Jurgens,MITF_locus0,3:69812954
3,69812954,3:69812954:A:C,3,69831985,3:69831985:G:A,0.869708,19031,3:69812954,chr3,69812954,69812954,rs6802804,MITF,4,Jurgens,MITF_locus0,3:69812954
3,69812954,3:69812954:A:C,3,69832035,3:69832035:T:A,0.869708,19081,3:69812954,chr3,69812954,69812954,rs6802804,MITF,4,Jurgens,MITF_locus0,3:69812954
3,69812954,3:69812954:A:C,3,69832282,3:69832282:A:G,0.868528,19328,3:69812954,chr3,69812954,69812954,rs6802804,MITF,4,Jurgens,MITF_locus0,3:69812954
3,69812954,3:69812954:A:C,3,69832690,3:69832690:T:A,0.868528,19736,3:69812954,chr3,69812954,69812954,rs6802804,MITF,4,Jurgens,MITF_locus0,3:69812954
3,69812954,3:69812954:A:C,3,69833417,3:69833417:C:T,0.86962,20463,3:69812954,chr3,69812954,69812954,rs6802804,MITF,4,Jurgens,MITF_locus0,3:69812954
3,69812954,3:69812954:A:C,3,69833597,3:69833597:T:C,0.86962,20643,3:69812954,chr3,69812954,69812954,rs6802804,MITF,4,Jurgens,MITF_locus0,3:69812954
3,69812954,3:69812954:A:C,3,69834904,3:69834904:C:T,0.871645,21950,3:69812954,chr3,69812954,69812954,rs6802804,MITF,4,Jurgens,MITF_locus0,3:69812954
3,69812954,3:69812954:A:C,3,69836095,3:69836095:G:A,0.870808,23141,3:69812954,chr3,69812954,69812954,rs6802804,MITF,4,Jurgens,MITF_locus0,3:69812954
3,69812954,3:69812954:A:C,3,69836855,3:69836855:A:G,0.895333,23901,3:69812954,chr3,69812954,69812954,rs6802804,MITF,4,Jurgens,MITF_locus0,3:69812954
3,69812954,3:69812954:A:C,3,69837665,3:69837665:G:A,0.870808,24711,3:69812954,chr3,69812954,69812954,rs6802804,MITF,4,Jurgens,MITF_locus0,3:69812954
3,69812954,3:69812954:A:C,3,69838505,3:69838505:A:G,0.890075,25551,3:69812954,chr3,69812954,69812954,rs6802804,MITF,4,Jurgens,MITF_locus0,3:69812954
3,69812954,3:69812954:A:C,3,69839091,3:69839091:C:A,0.913643,26137,3:69812954,chr3,69812954,69812954,rs6802804,MITF,4,Jurgens,MITF_locus0,3:69812954
3,69812954,3:69812954:A:C,3,69839256,3:69839256:C:G,0.882736,26302,3:69812954,chr3,69812954,69812954,rs6802804,MITF,4,Jurgens,MITF_locus0,3:69812954
3,69812954,3:69812954:A:C,3,69839531,3:69839531:C:T,0.890075,26577,3:69812954,chr3,69812954,69812954,rs6802804,MITF,4,Jurgens,MITF_locus0,3:69812954
3,69812954,3:69812954:A:C,3,69839855,3:69839855:T:A,0.882736,26901,3:69812954,chr3,69812954,69812954,rs6802804,MITF,4,Jurgens,MITF_locus0,3:69812954
3,69812954,3:69812954:A:C,3,69840106,3:69840106:A:T,0.887852,27152,3:69812954,chr3,69812954,69812954,rs6802804,MITF,4,Jurgens,MITF_locus0,3:69812954
3,69812954,3:69812954:A:C,3,69840913,3:69840913:G:A,0.859678,27959,3:69812954,chr3,69812954,69812954,rs6802804,MITF,4,Jurgens,MITF_locus0,3:69812954
3,69812954,3:69812954:A:C,3,69841288,3:69841288:A:G,0.885632,28334,3:69812954,chr3,69812954,69812954,rs6802804,MITF,4,Jurgens,MITF_locus0,3:69812954
3,69812954,3:69812954:A:C,3,69841323,3:69841323:T:G,0.909402,28369,3:69812954,chr3,69812954,69812954,rs6802804,MITF,4,Jurgens,MITF_locus0,3:69812954
3,69812954,3:69812954:A:C,3,69844344,3:69844344:A:G,0.856777,31390,3:69812954,chr3,69812954,69812954,rs6802804,MITF,4,Jurgens,MITF_locus0,3:69812954
3,69812954,3:69812954:A:C,3,69844419,3:69844419:T:C,0.852806,31465,3:69812954,chr3,69812954,69812954,rs6802804,MITF,4,Jurgens,MITF_locus0,3:69812954
3,69812954,3:69812954:A:C,3,69844820,3:69844820:G:T,0.869534,31866,3:69812954,chr3,69812954,69812954,rs6802804,MITF,4,Jurgens,MITF_locus0,3:69812954
3,69812954,3:69812954:A:C,3,69844891,3:69844891:C:T,0.876191,31937,3:69812954,chr3,69812954,69812954,rs6802804,MITF,4,Jurgens,MITF_locus0,3:69812954
3,69812954,3:69812954:A:C,3,69845442,3:69845442:C:CTT,0.897285,32488,3:69812954,chr3,69812954,69812954,rs6802804,MITF,4,Jurgens,MITF_locus0,3:69812954
3,69812954,3:69812954:A:C,3,69845871,3:69845871:G:A,0.876191,32917,3:69812954,chr3,69812954,69812954,rs6802804,MITF,4,Jurgens,MITF_locus0,3:69812954
3,69812954,3:69812954:A:C,3,69846816,3:69846816:CAA:C,0.815381,33862,3:69812954,chr3,69812954,69812954,rs6802804,MITF,4,Jurgens,MITF_locus0,3:69812954
3,69812954,3:69812954:A:C,3,69848299,3:69848299:G:T,0.864999,35345,3:69812954,chr3,69812954,69812954,rs6802804,MITF,4,Jurgens,MITF_locus0,3:69812954
3,69812954,3:69812954:A:C,3,69849263,3:69849263:C:T,0.831026,36309,3:69812954,chr3,69812954,69812954,rs6802804,MITF,4,Jurgens,MITF_locus0,3:69812954
3,73524206,3:73524206:C:T,3,73504809,3:73504809:G:A,0.88861,19397,3:73524206,chr3,73524206,73524206,rs11711610,PDZRN3,3,Zheng,PDZRN3_locus0,3:73524206
3,73524206,3:73524206:C:T,3,73505135,3:73505135:C:T,0.907178,19071,3:73524206,chr3,73524206,73524206,rs11711610,PDZRN3,3,Zheng,PDZRN3_locus0,3:73524206
3,73524206,3:73524206:C:T,3,73516795,3:73516795:ACAGGACACG:A,0.941238,7411,3:73524206,chr3,73524206,73524206,rs11711610,PDZRN3,3,Zheng,PDZRN3_locus0,3:73524206
3,73524206,3:73524206:C:T,3,73518976,3:73518976:T:A,0.832527,5230,3:73524206,chr3,73524206,73524206,rs11711610,PDZRN3,3,Zheng,PDZRN3_locus0,3:73524206
3,73524206,3:73524206:C:T,3,73523393,3:73523393:T:C,0.961496,813,3:73524206,chr3,73524206,73524206,rs11711610,PDZRN3,3,Zheng,PDZRN3_locus0,3:73524206
3,73524206,3:73524206:C:T,3,73524206,3:73524206:C:T,1.0,0,3:73524206,chr3,73524206,73524206,rs11711610,PDZRN3,3,Zheng,PDZRN3_locus0,3:73524206
3,134696476,3:134696476:A:C,3,134684207,3:134684207:T:C,0.890664,12269,3:134696476,chr3,134696476,134696476,rs80168569,KY,1,Zheng,KY_locus0,3:134696476
3,134696476,3:134696476:A:C,3,134687595,3:134687595:A:G,0.981729,8881,3:134696476,chr3,134696476,134696476,rs80168569,KY,1,Zheng,KY_locus0,3:134696476
3,134696476,3:134696476:A:C,3,134695750,3:134695750:C:G,0.996332,726,3:134696476,chr3,134696476,134696476,rs80168569,KY,1,Zheng,KY_locus0,3:134696476
3,134696476,3:134696476:A:C,3,134696476,3:134696476:A:C,1.0,0,3:134696476,chr3,134696476,134696476,rs80168569,KY,1,Zheng,KY_locus0,3:134696476
3,134696476,3:134696476:A:C,3,134697281,3:134697281:CT:C,0.981936,805,3:134696476,chr3,134696476,134696476,rs80168569,KY,1,Zheng,KY_locus0,3:134696476
3,134696476,3:134696476:A:C,3,134698533,3:134698533:A:G,0.996341,2057,3:134696476,chr3,134696476,134696476,rs80168569,KY,1,Zheng,KY_locus0,3:134696476
3,134696476,3:134696476:A:C,3,134698827,3:134698827:C:T,0.904689,2351,3:134696476,chr3,134696476,134696476,rs80168569,KY,1,Zheng,KY_locus0,3:134696476
3,134696476,3:134696476:A:C,3,134698952,3:134698952:G:A,0.998168,2476,3:134696476,chr3,134696476,134696476,rs80168569,KY,1,Zheng,KY_locus0,3:134696476
3,134696476,3:134696476:A:C,3,134700261,3:134700261:C:CG,0.998168,3785,3:134696476,chr3,134696476,134696476,rs80168569,KY,1,Zheng,KY_locus0,3:134696476
3,134696476,3:134696476:A:C,3,134701567,3:134701567:C:G,0.990896,5091,3:134696476,chr3,134696476,134696476,rs80168569,KY,1,Zheng,KY_locus0,3:134696476
3,134696476,3:134696476:A:C,3,134704144,3:134704144:A:G,0.990896,7668,3:134696476,chr3,134696476,134696476,rs80168569,KY,1,Zheng,KY_locus0,3:134696476
3,134696476,3:134696476:A:C,3,134708638,3:134708638:A:T,0.92134,12162,3:134696476,chr3,134696476,134696476,rs80168569,KY,1,Zheng,KY_locus0,3:134696476
3,134696476,3:134696476:A:C,3,134711097,3:134711097:C:G,0.901037,14621,3:134696476,chr3,134696476,134696476,rs80168569,KY,1,Zheng,KY_locus0,3:134696476
3,134696476,3:134696476:A:C,3,134712667,3:134712667:T:G,0.851312,16191,3:134696476,chr3,134696476,134696476,rs80168569,KY,1,Zheng,KY_locus0,3:134696476
3,134696476,3:134696476:A:C,3,134715978,3:134715978:C:CTT,0.844307,19502,3:134696476,chr3,134696476,134696476,rs80168569,KY,1,Zheng,KY_locus0,3:134696476
3,134696476,3:134696476:A:C,3,134717506,3:134717506:A:G,0.851898,21030,3:134696476,chr3,134696476,134696476,rs80168569,KY,1,Zheng,KY_locus0,3:134696476
3,134696476,3:134696476:A:C,3,134738614,3:134738614:G:A,0.812523,42138,3:134696476,chr3,134696476,134696476,rs80168569,KY,1,Zheng,KY_locus0,3:134696476
3,134696476,3:134696476:A:C,3,134741155,3:134741155:C:G,0.854705,44679,3:134696476,chr3,134696476,134696476,rs80168569,KY,1,Zheng,KY_locus0,3:134696476
3,134696476,3:134696476:A:C,3,134742857,3:134742857:C:G,0.853274,46381,3:134696476,chr3,134696476,134696476,rs80168569,KY,1,Zheng,KY_locus0,3:134696476
3,134696476,3:134696476:A:C,3,134745582,3:134745582:G:A,0.855368,49106,3:134696476,chr3,134696476,134696476,rs80168569,KY,1,Zheng,KY_locus0,3:134696476
3,158572563,3:158572563:C:T,3,158568314,3:158568314:C:T,0.93423,4249,3:158572563,chr3,158572563,158572563,rs17629360,GFM1,3,Zheng,GFM1_locus0,3:158572563
3,158572563,3:158572563:C:T,3,158569666,3:158569666:A:G,0.936623,2897,3:158572563,chr3,158572563,158572563,rs17629360,GFM1,3,Zheng,GFM1_locus0,3:158572563
3,158572563,3:158572563:C:T,3,158571021,3:158571021:C:G,0.936545,1542,3:158572563,chr3,158572563,158572563,rs17629360,GFM1,3,Zheng,GFM1_locus0,3:158572563
3,158572563,3:158572563:C:T,3,158572563,3:158572563:C:T,1.0,0,3:158572563,chr3,158572563,158572563,rs17629360,GFM1,3,Zheng,GFM1_locus0,3:158572563
3,158572563,3:158572563:C:T,3,158572776,3:158572776:A:G,0.92239,213,3:158572563,chr3,158572563,158572563,rs17629360,GFM1,3,Zheng,GFM1_locus0,3:158572563
3,158572563,3:158572563:C:T,3,158572818,3:158572818:T:G,0.942632,255,3:158572563,chr3,158572563,158572563,rs17629360,GFM1,3,Zheng,GFM1_locus0,3:158572563
3,158572563,3:158572563:C:T,3,158572928,3:158572928:T:C,0.95436,365,3:158572563,chr3,158572563,158572563,rs17629360,GFM1,3,Zheng,GFM1_locus0,3:158572563
3,158572563,3:158572563:C:T,3,158573266,3:158573266:T:G,0.95436,703,3:158572563,chr3,158572563,158572563,rs17629360,GFM1,3,Zheng,GFM1_locus0,3:158572563
3,158572563,3:158572563:C:T,3,158577381,3:158577381:C:T,0.940664,4818,3:158572563,chr3,158572563,158572563,rs17629360,GFM1,3,Zheng,GFM1_locus0,3:158572563
3,158572563,3:158572563:C:T,3,158577382,3:158577382:T:C,0.953818,4819,3:158572563,chr3,158572563,158572563,rs17629360,GFM1,3,Zheng,GFM1_locus0,3:158572563
3,158572563,3:158572563:C:T,3,158579127,3:158579127:C:T,0.953818,6564,3:158572563,chr3,158572563,158572563,rs17629360,GFM1,3,Zheng,GFM1_locus0,3:158572563
3,158572563,3:158572563:C:T,3,158580151,3:158580151:T:G,0.952699,7588,3:158572563,chr3,158572563,158572563,rs17629360,GFM1,3,Zheng,GFM1_locus0,3:158572563
3,158572563,3:158572563:C:T,3,158580216,3:158580216:C:G,0.953818,7653,3:158572563,chr3,158572563,158572563,rs17629360,GFM1,3,Zheng,GFM1_locus0,3:158572563
3,158572563,3:158572563:C:T,3,158580826,3:158580826:C:T,0.952134,8263,3:158572563,chr3,158572563,158572563,rs17629360,GFM1,3,Zheng,GFM1_locus0,3:158572563
3,158572563,3:158572563:C:T,3,158580914,3:158580914:T:C,0.953818,8351,3:158572563,chr3,158572563,158572563,rs17629360,GFM1,3,Zheng,GFM1_locus0,3:158572563
3,158572563,3:158572563:C:T,3,158581094,3:158581094:G:C,0.953818,8531,3:158572563,chr3,158572563,158572563,rs17629360,GFM1,3,Zheng,GFM1_locus0,3:158572563
3,158572563,3:158572563:C:T,3,158583182,3:158583182:G:A,0.940664,10619,3:158572563,chr3,158572563,158572563,rs17629360,GFM1,3,Zheng,GFM1_locus0,3:158572563
3,158572563,3:158572563:C:T,3,158583371,3:158583371:T:C,0.953818,10808,3:158572563,chr3,158572563,158572563,rs17629360,GFM1,3,Zheng,GFM1_locus0,3:158572563
3,158572563,3:158572563:C:T,3,158584728,3:158584728:T:C,0.925307,12165,3:158572563,chr3,158572563,158572563,rs17629360,GFM1,3,Zheng,GFM1_locus0,3:158572563
3,158572563,3:158572563:C:T,3,158586811,3:158586811:A:AAATAT,0.953818,14248,3:158572563,chr3,158572563,158572563,rs17629360,GFM1,3,Zheng,GFM1_locus0,3:158572563
3,158572563,3:158572563:C:T,3,158588838,3:158588838:A:G,0.953818,16275,3:158572563,chr3,158572563,158572563,rs17629360,GFM1,3,Zheng,GFM1_locus0,3:158572563
3,158572563,3:158572563:C:T,3,158589722,3:158589722:C:T,0.953218,17159,3:158572563,chr3,158572563,158572563,rs17629360,GFM1,3,Zheng,GFM1_locus0,3:158572563
3,158572563,3:158572563:C:T,3,158589723,3:158589723:A:G,0.953218,17160,3:158572563,chr3,158572563,158572563,rs17629360,GFM1,3,Zheng,GFM1_locus0,3:158572563
3,158572563,3:158572563:C:T,3,158592364,3:158592364:A:G,0.953218,19801,3:158572563,chr3,158572563,158572563,rs17629360,GFM1,3,Zheng,GFM1_locus0,3:158572563
3,158572563,3:158572563:C:T,3,158593057,3:158593057:A:G,0.952618,20494,3:158572563,chr3,158572563,158572563,rs17629360,GFM1,3,Zheng,GFM1_locus0,3:158572563
3,158572563,3:158572563:C:T,3,158593758,3:158593758:A:G,0.953218,21195,3:158572563,chr3,158572563,158572563,rs17629360,GFM1,3,Zheng,GFM1_locus0,3:158572563
3,158572563,3:158572563:C:T,3,158594473,3:158594473:G:GT,0.953218,21910,3:158572563,chr3,158572563,158572563,rs17629360,GFM1,3,Zheng,GFM1_locus0,3:158572563
3,158572563,3:158572563:C:T,3,158595794,3:158595794:T:C,0.953218,23231,3:158572563,chr3,158572563,158572563,rs17629360,GFM1,3,Zheng,GFM1_locus0,3:158572563
3,158572563,3:158572563:C:T,3,158598861,3:158598861:G:A,0.913554,26298,3:158572563,chr3,158572563,158572563,rs17629360,GFM1,3,Zheng,GFM1_locus0,3:158572563
3,158572563,3:158572563:C:T,3,158599576,3:158599576:T:A,0.926641,27013,3:158572563,chr3,158572563,158572563,rs17629360,GFM1,3,Zheng,GFM1_locus0,3:158572563
3,158572563,3:158572563:C:T,3,158600433,3:158600433:A:ATAT,0.92725,27870,3:158572563,chr3,158572563,158572563,rs17629360,GFM1,3,Zheng,GFM1_locus0,3:158572563
3,158572563,3:158572563:C:T,3,158600572,3:158600572:T:TTA,0.926674,28009,3:158572563,chr3,158572563,158572563,rs17629360,GFM1,3,Zheng,GFM1_locus0,3:158572563
3,158572563,3:158572563:C:T,3,158601746,3:158601746:A:ACT,0.92725,29183,3:158572563,chr3,158572563,158572563,rs17629360,GFM1,3,Zheng,GFM1_locus0,3:158572563
3,158572563,3:158572563:C:T,3,158602808,3:158602808:T:C,0.926641,30245,3:158572563,chr3,158572563,158572563,rs17629360,GFM1,3,Zheng,GFM1_locus0,3:158572563
3,158572563,3:158572563:C:T,3,158604385,3:158604385:G:A,0.926641,31822,3:158572563,chr3,158572563,158572563,rs17629360,GFM1,3,Zheng,GFM1_locus0,3:158572563
3,158572563,3:158572563:C:T,3,158605423,3:158605423:G:A,0.926641,32860,3:158572563,chr3,158572563,158572563,rs17629360,GFM1,3,Zheng,GFM1_locus0,3:158572563
3,158572563,3:158572563:C:T,3,158611177,3:158611177:C:A,0.926641,38614,3:158572563,chr3,158572563,158572563,rs17629360,GFM1,3,Zheng,GFM1_locus0,3:158572563
3,158572563,3:158572563:C:T,3,158611180,3:158611180:A:T,0.926641,38617,3:158572563,chr3,158572563,158572563,rs17629360,GFM1,3,Zheng,GFM1_locus0,3:158572563
3,158572563,3:158572563:C:T,3,158611233,3:158611233:G:A,0.926641,38670,3:158572563,chr3,158572563,158572563,rs17629360,GFM1,3,Zheng,GFM1_locus0,3:158572563
3,158572563,3:158572563:C:T,3,158611740,3:158611740:A:G,0.92725,39177,3:158572563,chr3,158572563,158572563,rs17629360,GFM1,3,Zheng,GFM1_locus0,3:158572563
3,158572563,3:158572563:C:T,3,158612134,3:158612134:T:C,0.926674,39571,3:158572563,chr3,158572563,158572563,rs17629360,GFM1,3,Zheng,GFM1_locus0,3:158572563
3,158572563,3:158572563:C:T,3,158614141,3:158614141:ATTTTTTTT:A,0.855451,41578,3:158572563,chr3,158572563,158572563,rs17629360,GFM1,3,Zheng,GFM1_locus0,3:158572563
3,158572563,3:158572563:C:T,3,158614264,3:158614264:T:C,0.904314,41701,3:158572563,chr3,158572563,158572563,rs17629360,GFM1,3,Zheng,GFM1_locus0,3:158572563
3,158572563,3:158572563:C:T,3,158615283,3:158615283:AT:A,0.906001,42720,3:158572563,chr3,158572563,158572563,rs17629360,GFM1,3,Zheng,GFM1_locus0,3:158572563
3,158572563,3:158572563:C:T,3,158616102,3:158616102:A:G,0.906001,43539,3:158572563,chr3,158572563,158572563,rs17629360,GFM1,3,Zheng,GFM1_locus0,3:158572563
3,158572563,3:158572563:C:T,3,158616264,3:158616264:A:AT,0.906001,43701,3:158572563,chr3,158572563,158572563,rs17629360,GFM1,3,Zheng,GFM1_locus0,3:158572563
3,158572563,3:158572563:C:T,3,158617949,3:158617949:A:G,0.906001,45386,3:158572563,chr3,158572563,158572563,rs17629360,GFM1,3,Zheng,GFM1_locus0,3:158572563
3,158572563,3:158572563:C:T,3,158618279,3:158618279:A:ATCAG,0.906001,45716,3:158572563,chr3,158572563,158572563,rs17629360,GFM1,3,Zheng,GFM1_locus0,3:158572563
3,158572563,3:158572563:C:T,3,158618369,3:158618369:C:CTTTATT,0.906568,45806,3:158572563,chr3,158572563,158572563,rs17629360,GFM1,3,Zheng,GFM1_locus0,3:158572563
3,158572563,3:158572563:C:T,3,158618610,3:158618610:G:A,0.893091,46047,3:158572563,chr3,158572563,158572563,rs17629360,GFM1,3,Zheng,GFM1_locus0,3:158572563
3,158572563,3:158572563:C:T,3,158618728,3:158618728:G:A,0.906001,46165,3:158572563,chr3,158572563,158572563,rs17629360,GFM1,3,Zheng,GFM1_locus0,3:158572563
3,158572563,3:158572563:C:T,3,158619441,3:158619441:C:T,0.906001,46878,3:158572563,chr3,158572563,158572563,rs17629360,GFM1,3,Zheng,GFM1_locus0,3:158572563
3,158572563,3:158572563:C:T,3,158619442,3:158619442:C:A,0.906001,46879,3:158572563,chr3,158572563,158572563,rs17629360,GFM1,3,Zheng,GFM1_locus0,3:158572563
3,158572563,3:158572563:C:T,3,158620546,3:158620546:T:C,0.904911,47983,3:158572563,chr3,158572563,158572563,rs17629360,GFM1,3,Zheng,GFM1_locus0,3:158572563
3,158572563,3:158572563:C:T,3,158621747,3:158621747:T:C,0.904911,49184,3:158572563,chr3,158572563,158572563,rs17629360,GFM1,3,Zheng,GFM1_locus0,3:158572563
3,158572563,3:158572563:C:T,3,158623076,3:158623076:C:T,0.904911,50513,3:158572563,chr3,158572563,158572563,rs17629360,GFM1,3,Zheng,GFM1_locus0,3:158572563
3,158572563,3:158572563:C:T,3,158644652,3:158644652:T:C,0.899715,72089,3:158572563,chr3,158572563,158572563,rs17629360,GFM1,3,Zheng,GFM1_locus0,3:158572563
3,158572563,3:158572563:C:T,3,158647930,3:158647930:C:T,0.897565,75367,3:158572563,chr3,158572563,158572563,rs17629360,GFM1,3,Zheng,GFM1_locus0,3:158572563
3,158572563,3:158572563:C:T,3,158648417,3:158648417:A:G,0.897565,75854,3:158572563,chr3,158572563,158572563,rs17629360,GFM1,3,Zheng,GFM1_locus0,3:158572563
3,158572563,3:158572563:C:T,3,158649111,3:158649111:G:A,0.897565,76548,3:158572563,chr3,158572563,158572563,rs17629360,GFM1,3,Zheng,GFM1_locus0,3:158572563
3,158572563,3:158572563:C:T,3,158656141,3:158656141:GT:G,0.867982,83578,3:158572563,chr3,158572563,158572563,rs17629360,GFM1,3,Zheng,GFM1_locus0,3:158572563
3,158572563,3:158572563:C:T,3,158656228,3:158656228:G:A,0.896453,83665,3:158572563,chr3,158572563,158572563,rs17629360,GFM1,3,Zheng,GFM1_locus0,3:158572563
3,158572563,3:158572563:C:T,3,158656342,3:158656342:A:G,0.896453,83779,3:158572563,chr3,158572563,158572563,rs17629360,GFM1,3,Zheng,GFM1_locus0,3:158572563
3,158572563,3:158572563:C:T,3,158656602,3:158656602:T:TAAG,0.896453,84039,3:158572563,chr3,158572563,158572563,rs17629360,GFM1,3,Zheng,GFM1_locus0,3:158572563
3,158572563,3:158572563:C:T,3,158656920,3:158656920:T:C,0.896453,84357,3:158572563,chr3,158572563,158572563,rs17629360,GFM1,3,Zheng,GFM1_locus0,3:158572563
3,158572563,3:158572563:C:T,3,158659765,3:158659765:G:T,0.896453,87202,3:158572563,chr3,158572563,158572563,rs17629360,GFM1,3,Zheng,GFM1_locus0,3:158572563
3,158572563,3:158572563:C:T,3,158660008,3:158660008:C:G,0.872133,87445,3:158572563,chr3,158572563,158572563,rs17629360,GFM1,3,Zheng,GFM1_locus0,3:158572563
3,158572563,3:158572563:C:T,3,158664304,3:158664304:G:A,0.896453,91741,3:158572563,chr3,158572563,158572563,rs17629360,GFM1,3,Zheng,GFM1_locus0,3:158572563
3,158572563,3:158572563:C:T,3,158670991,3:158670991:T:C,0.872133,98428,3:158572563,chr3,158572563,158572563,rs17629360,GFM1,3,Zheng,GFM1_locus0,3:158572563
3,158572563,3:158572563:C:T,3,158674130,3:158674130:C:G,0.896453,101567,3:158572563,chr3,158572563,158572563,rs17629360,GFM1,3,Zheng,GFM1_locus0,3:158572563
3,158572563,3:158572563:C:T,3,158676224,3:158676224:A:G,0.894648,103661,3:158572563,chr3,158572563,158572563,rs17629360,GFM1,3,Zheng,GFM1_locus0,3:158572563
3,158572563,3:158572563:C:T,3,158677155,3:158677155:A:G,0.896453,104592,3:158572563,chr3,158572563,158572563,rs17629360,GFM1,3,Zheng,GFM1_locus0,3:158572563
3,158572563,3:158572563:C:T,3,158677881,3:158677881:G:A,0.881897,105318,3:158572563,chr3,158572563,158572563,rs17629360,GFM1,3,Zheng,GFM1_locus0,3:158572563
3,158572563,3:158572563:C:T,3,158685002,3:158685002:C:CTTG,0.894083,112439,3:158572563,chr3,158572563,158572563,rs17629360,GFM1,3,Zheng,GFM1_locus0,3:158572563
3,158572563,3:158572563:C:T,3,158686478,3:158686478:C:T,0.872133,113915,3:158572563,chr3,158572563,158572563,rs17629360,GFM1,3,Zheng,GFM1_locus0,3:158572563
3,158572563,3:158572563:C:T,3,158687428,3:158687428:C:T,0.896453,114865,3:158572563,chr3,158572563,158572563,rs17629360,GFM1,3,Zheng,GFM1_locus0,3:158572563
3,158572563,3:158572563:C:T,3,158688110,3:158688110:A:G,0.896453,115547,3:158572563,chr3,158572563,158572563,rs17629360,GFM1,3,Zheng,GFM1_locus0,3:158572563
3,158572563,3:158572563:C:T,3,158689126,3:158689126:A:G,0.896453,116563,3:158572563,chr3,158572563,158572563,rs17629360,GFM1,3,Zheng,GFM1_locus0,3:158572563
3,158572563,3:158572563:C:T,3,158689641,3:158689641:A:G,0.895885,117078,3:158572563,chr3,158572563,158572563,rs17629360,GFM1,3,Zheng,GFM1_locus0,3:158572563
3,158572563,3:158572563:C:T,3,158691693,3:158691693:C:T,0.896453,119130,3:158572563,chr3,158572563,158572563,rs17629360,GFM1,3,Zheng,GFM1_locus0,3:158572563
3,158572563,3:158572563:C:T,3,158695153,3:158695153:A:C,0.896453,122590,3:158572563,chr3,158572563,158572563,rs17629360,GFM1,3,Zheng,GFM1_locus0,3:158572563
3,158572563,3:158572563:C:T,3,158695927,3:158695927:G:A,0.896453,123364,3:158572563,chr3,158572563,158572563,rs17629360,GFM1,3,Zheng,GFM1_locus0,3:158572563
3,158572563,3:158572563:C:T,3,158698210,3:158698210:A:G,0.896453,125647,3:158572563,chr3,158572563,158572563,rs17629360,GFM1,3,Zheng,GFM1_locus0,3:158572563
3,158572563,3:158572563:C:T,3,158698857,3:158698857:A:C,0.896453,126294,3:158572563,chr3,158572563,158572563,rs17629360,GFM1,3,Zheng,GFM1_locus0,3:158572563
3,158572563,3:158572563:C:T,3,158704717,3:158704717:G:A,0.896453,132154,3:158572563,chr3,158572563,158572563,rs17629360,GFM1,3,Zheng,GFM1_locus0,3:158572563
3,158593758,3:158593758:A:G,3,158568314,3:158568314:C:T,0.979622,25444,3:158593758,chr3,158593758,158593758,rs1836688,MLF1,5,Jurgens,MLF1_locus0,3:158593758
3,158593758,3:158593758:A:G,3,158569666,3:158569666:A:G,0.983093,24092,3:158593758,chr3,158593758,158593758,rs1836688,MLF1,5,Jurgens,MLF1_locus0,3:158593758
3,158593758,3:158593758:A:G,3,158571021,3:158571021:C:G,0.981944,22737,3:158593758,chr3,158593758,158593758,rs1836688,MLF1,5,Jurgens,MLF1_locus0,3:158593758
3,158593758,3:158593758:A:G,3,158572563,3:158572563:C:T,0.953218,21195,3:158593758,chr3,158593758,158593758,rs1836688,MLF1,5,Jurgens,MLF1_locus0,3:158593758
3,158593758,3:158593758:A:G,3,158572776,3:158572776:A:G,0.968291,20982,3:158593758,chr3,158593758,158593758,rs1836688,MLF1,5,Jurgens,MLF1_locus0,3:158593758
3,158593758,3:158593758:A:G,3,158572818,3:158572818:T:G,0.987153,20940,3:158593758,chr3,158593758,158593758,rs1836688,MLF1,5,Jurgens,MLF1_locus0,3:158593758
3,158593758,3:158593758:A:G,3,158572928,3:158572928:T:C,0.998825,20830,3:158593758,chr3,158593758,158593758,rs1836688,MLF1,5,Jurgens,MLF1_locus0,3:158593758
3,158593758,3:158593758:A:G,3,158573266,3:158573266:T:G,0.998825,20492,3:158593758,chr3,158593758,158593758,rs1836688,MLF1,5,Jurgens,MLF1_locus0,3:158593758
3,158593758,3:158593758:A:G,3,158577381,3:158577381:C:T,0.986624,16377,3:158593758,chr3,158593758,158593758,rs1836688,MLF1,5,Jurgens,MLF1_locus0,3:158593758
3,158593758,3:158593758:A:G,3,158577382,3:158577382:T:C,0.999413,16376,3:158593758,chr3,158593758,158593758,rs1836688,MLF1,5,Jurgens,MLF1_locus0,3:158593758
3,158593758,3:158593758:A:G,3,158579127,3:158579127:C:T,0.999413,14631,3:158593758,chr3,158593758,158593758,rs1836688,MLF1,5,Jurgens,MLF1_locus0,3:158593758
3,158593758,3:158593758:A:G,3,158580151,3:158580151:T:G,0.998241,13607,3:158593758,chr3,158593758,158593758,rs1836688,MLF1,5,Jurgens,MLF1_locus0,3:158593758
3,158593758,3:158593758:A:G,3,158580216,3:158580216:C:G,0.999413,13542,3:158593758,chr3,158593758,158593758,rs1836688,MLF1,5,Jurgens,MLF1_locus0,3:158593758
3,158593758,3:158593758:A:G,3,158580826,3:158580826:C:T,0.997654,12932,3:158593758,chr3,158593758,158593758,rs1836688,MLF1,5,Jurgens,MLF1_locus0,3:158593758
3,158593758,3:158593758:A:G,3,158580914,3:158580914:T:C,0.999413,12844,3:158593758,chr3,158593758,158593758,rs1836688,MLF1,5,Jurgens,MLF1_locus0,3:158593758
3,158593758,3:158593758:A:G,3,158581094,3:158581094:G:C,0.999413,12664,3:158593758,chr3,158593758,158593758,rs1836688,MLF1,5,Jurgens,MLF1_locus0,3:158593758
3,158593758,3:158593758:A:G,3,158583182,3:158583182:G:A,0.986624,10576,3:158593758,chr3,158593758,158593758,rs1836688,MLF1,5,Jurgens,MLF1_locus0,3:158593758
3,158593758,3:158593758:A:G,3,158583371,3:158583371:T:C,0.999413,10387,3:158593758,chr3,158593758,158593758,rs1836688,MLF1,5,Jurgens,MLF1_locus0,3:158593758
3,158593758,3:158593758:A:G,3,158584728,3:158584728:T:C,0.967812,9030,3:158593758,chr3,158593758,158593758,rs1836688,MLF1,5,Jurgens,MLF1_locus0,3:158593758
3,158593758,3:158593758:A:G,3,158586811,3:158586811:A:AAATAT,0.999413,6947,3:158593758,chr3,158593758,158593758,rs1836688,MLF1,5,Jurgens,MLF1_locus0,3:158593758
3,158593758,3:158593758:A:G,3,158588838,3:158588838:A:G,0.999413,4920,3:158593758,chr3,158593758,158593758,rs1836688,MLF1,5,Jurgens,MLF1_locus0,3:158593758
3,158593758,3:158593758:A:G,3,158589722,3:158589722:C:T,1.0,4036,3:158593758,chr3,158593758,158593758,rs1836688,MLF1,5,Jurgens,MLF1_locus0,3:158593758
3,158593758,3:158593758:A:G,3,158589723,3:158589723:A:G,1.0,4035,3:158593758,chr3,158593758,158593758,rs1836688,MLF1,5,Jurgens,MLF1_locus0,3:158593758
3,158593758,3:158593758:A:G,3,158592364,3:158592364:A:G,1.0,1394,3:158593758,chr3,158593758,158593758,rs1836688,MLF1,5,Jurgens,MLF1_locus0,3:158593758
3,158593758,3:158593758:A:G,3,158593057,3:158593057:A:G,0.999413,701,3:158593758,chr3,158593758,158593758,rs1836688,MLF1,5,Jurgens,MLF1_locus0,3:158593758
3,158593758,3:158593758:A:G,3,158593758,3:158593758:A:G,1.0,0,3:158593758,chr3,158593758,158593758,rs1836688,MLF1,5,Jurgens,MLF1_locus0,3:158593758
3,158593758,3:158593758:A:G,3,158594473,3:158594473:G:GT,1.0,715,3:158593758,chr3,158593758,158593758,rs1836688,MLF1,5,Jurgens,MLF1_locus0,3:158593758
3,158593758,3:158593758:A:G,3,158595794,3:158595794:T:C,1.0,2036,3:158593758,chr3,158593758,158593758,rs1836688,MLF1,5,Jurgens,MLF1_locus0,3:158593758
3,158593758,3:158593758:A:G,3,158598861,3:158598861:G:A,0.958006,5103,3:158593758,chr3,158593758,158593758,rs1836688,MLF1,5,Jurgens,MLF1_locus0,3:158593758
3,158593758,3:158593758:A:G,3,158599576,3:158599576:T:A,0.972112,5818,3:158593758,chr3,158593758,158593758,rs1836688,MLF1,5,Jurgens,MLF1_locus0,3:158593758
3,158593758,3:158593758:A:G,3,158600433,3:158600433:A:ATAT,0.97271,6675,3:158593758,chr3,158593758,158593758,rs1836688,MLF1,5,Jurgens,MLF1_locus0,3:158593758
3,158593758,3:158593758:A:G,3,158600572,3:158600572:T:TTA,0.972123,6814,3:158593758,chr3,158593758,158593758,rs1836688,MLF1,5,Jurgens,MLF1_locus0,3:158593758
3,158593758,3:158593758:A:G,3,158601746,3:158601746:A:ACT,0.97271,7988,3:158593758,chr3,158593758,158593758,rs1836688,MLF1,5,Jurgens,MLF1_locus0,3:158593758
3,158593758,3:158593758:A:G,3,158602808,3:158602808:T:C,0.972112,9050,3:158593758,chr3,158593758,158593758,rs1836688,MLF1,5,Jurgens,MLF1_locus0,3:158593758
3,158593758,3:158593758:A:G,3,158604385,3:158604385:G:A,0.972112,10627,3:158593758,chr3,158593758,158593758,rs1836688,MLF1,5,Jurgens,MLF1_locus0,3:158593758
3,158593758,3:158593758:A:G,3,158605423,3:158605423:G:A,0.972112,11665,3:158593758,chr3,158593758,158593758,rs1836688,MLF1,5,Jurgens,MLF1_locus0,3:158593758
3,158593758,3:158593758:A:G,3,158611177,3:158611177:C:A,0.972112,17419,3:158593758,chr3,158593758,158593758,rs1836688,MLF1,5,Jurgens,MLF1_locus0,3:158593758
3,158593758,3:158593758:A:G,3,158611180,3:158611180:A:T,0.972112,17422,3:158593758,chr3,158593758,158593758,rs1836688,MLF1,5,Jurgens,MLF1_locus0,3:158593758
3,158593758,3:158593758:A:G,3,158611233,3:158611233:G:A,0.972112,17475,3:158593758,chr3,158593758,158593758,rs1836688,MLF1,5,Jurgens,MLF1_locus0,3:158593758
3,158593758,3:158593758:A:G,3,158611740,3:158611740:A:G,0.97271,17982,3:158593758,chr3,158593758,158593758,rs1836688,MLF1,5,Jurgens,MLF1_locus0,3:158593758
3,158593758,3:158593758:A:G,3,158612134,3:158612134:T:C,0.972123,18376,3:158593758,chr3,158593758,158593758,rs1836688,MLF1,5,Jurgens,MLF1_locus0,3:158593758
3,158593758,3:158593758:A:G,3,158614141,3:158614141:ATTTTTTTT:A,0.900193,20383,3:158593758,chr3,158593758,158593758,rs1836688,MLF1,5,Jurgens,MLF1_locus0,3:158593758
3,158593758,3:158593758:A:G,3,158614264,3:158614264:T:C,0.94985,20506,3:158593758,chr3,158593758,158593758,rs1836688,MLF1,5,Jurgens,MLF1_locus0,3:158593758
3,158593758,3:158593758:A:G,3,158615283,3:158615283:AT:A,0.951592,21525,3:158593758,chr3,158593758,158593758,rs1836688,MLF1,5,Jurgens,MLF1_locus0,3:158593758
3,158593758,3:158593758:A:G,3,158616102,3:158616102:A:G,0.951592,22344,3:158593758,chr3,158593758,158593758,rs1836688,MLF1,5,Jurgens,MLF1_locus0,3:158593758
3,158593758,3:158593758:A:G,3,158616264,3:158616264:A:AT,0.951592,22506,3:158593758,chr3,158593758,158593758,rs1836688,MLF1,5,Jurgens,MLF1_locus0,3:158593758
3,158593758,3:158593758:A:G,3,158617949,3:158617949:A:G,0.951592,24191,3:158593758,chr3,158593758,158593758,rs1836688,MLF1,5,Jurgens,MLF1_locus0,3:158593758
3,158593758,3:158593758:A:G,3,158618279,3:158618279:A:ATCAG,0.951592,24521,3:158593758,chr3,158593758,158593758,rs1836688,MLF1,5,Jurgens,MLF1_locus0,3:158593758
3,158593758,3:158593758:A:G,3,158618369,3:158618369:C:CTTTATT,0.951029,24611,3:158593758,chr3,158593758,158593758,rs1836688,MLF1,5,Jurgens,MLF1_locus0,3:158593758
3,158593758,3:158593758:A:G,3,158618610,3:158618610:G:A,0.939026,24852,3:158593758,chr3,158593758,158593758,rs1836688,MLF1,5,Jurgens,MLF1_locus0,3:158593758
3,158593758,3:158593758:A:G,3,158618728,3:158618728:G:A,0.951592,24970,3:158593758,chr3,158593758,158593758,rs1836688,MLF1,5,Jurgens,MLF1_locus0,3:158593758
3,158593758,3:158593758:A:G,3,158619441,3:158619441:C:T,0.951592,25683,3:158593758,chr3,158593758,158593758,rs1836688,MLF1,5,Jurgens,MLF1_locus0,3:158593758
3,158593758,3:158593758:A:G,3,158619442,3:158619442:C:A,0.951592,25684,3:158593758,chr3,158593758,158593758,rs1836688,MLF1,5,Jurgens,MLF1_locus0,3:158593758
3,158593758,3:158593758:A:G,3,158620546,3:158620546:T:C,0.950436,26788,3:158593758,chr3,158593758,158593758,rs1836688,MLF1,5,Jurgens,MLF1_locus0,3:158593758
3,158593758,3:158593758:A:G,3,158621747,3:158621747:T:C,0.950436,27989,3:158593758,chr3,158593758,158593758,rs1836688,MLF1,5,Jurgens,MLF1_locus0,3:158593758
3,158593758,3:158593758:A:G,3,158623076,3:158623076:C:T,0.950436,29318,3:158593758,chr3,158593758,158593758,rs1836688,MLF1,5,Jurgens,MLF1_locus0,3:158593758
3,158593758,3:158593758:A:G,3,158644652,3:158644652:T:C,0.944671,50894,3:158593758,chr3,158593758,158593758,rs1836688,MLF1,5,Jurgens,MLF1_locus0,3:158593758
3,158593758,3:158593758:A:G,3,158647930,3:158647930:C:T,0.942425,54172,3:158593758,chr3,158593758,158593758,rs1836688,MLF1,5,Jurgens,MLF1_locus0,3:158593758
3,158593758,3:158593758:A:G,3,158648417,3:158648417:A:G,0.942425,54659,3:158593758,chr3,158593758,158593758,rs1836688,MLF1,5,Jurgens,MLF1_locus0,3:158593758
3,158593758,3:158593758:A:G,3,158649111,3:158649111:G:A,0.942425,55353,3:158593758,chr3,158593758,158593758,rs1836688,MLF1,5,Jurgens,MLF1_locus0,3:158593758
3,158593758,3:158593758:A:G,3,158656141,3:158656141:GT:G,0.913,62383,3:158593758,chr3,158593758,158593758,rs1836688,MLF1,5,Jurgens,MLF1_locus0,3:158593758
3,158593758,3:158593758:A:G,3,158656228,3:158656228:G:A,0.941281,62470,3:158593758,chr3,158593758,158593758,rs1836688,MLF1,5,Jurgens,MLF1_locus0,3:158593758
3,158593758,3:158593758:A:G,3,158656342,3:158656342:A:G,0.941281,62584,3:158593758,chr3,158593758,158593758,rs1836688,MLF1,5,Jurgens,MLF1_locus0,3:158593758
3,158593758,3:158593758:A:G,3,158656602,3:158656602:T:TAAG,0.941281,62844,3:158593758,chr3,158593758,158593758,rs1836688,MLF1,5,Jurgens,MLF1_locus0,3:158593758
3,158593758,3:158593758:A:G,3,158656920,3:158656920:T:C,0.941281,63162,3:158593758,chr3,158593758,158593758,rs1836688,MLF1,5,Jurgens,MLF1_locus0,3:158593758
3,158593758,3:158593758:A:G,3,158659765,3:158659765:G:T,0.941281,66007,3:158593758,chr3,158593758,158593758,rs1836688,MLF1,5,Jurgens,MLF1_locus0,3:158593758
3,158593758,3:158593758:A:G,3,158660008,3:158660008:C:G,0.9171,66250,3:158593758,chr3,158593758,158593758,rs1836688,MLF1,5,Jurgens,MLF1_locus0,3:158593758
3,158593758,3:158593758:A:G,3,158664304,3:158664304:G:A,0.941281,70546,3:158593758,chr3,158593758,158593758,rs1836688,MLF1,5,Jurgens,MLF1_locus0,3:158593758
3,158593758,3:158593758:A:G,3,158670991,3:158670991:T:C,0.9171,77233,3:158593758,chr3,158593758,158593758,rs1836688,MLF1,5,Jurgens,MLF1_locus0,3:158593758
3,158593758,3:158593758:A:G,3,158674130,3:158674130:C:G,0.941281,80372,3:158593758,chr3,158593758,158593758,rs1836688,MLF1,5,Jurgens,MLF1_locus0,3:158593758
3,158593758,3:158593758:A:G,3,158676224,3:158676224:A:G,0.939486,82466,3:158593758,chr3,158593758,158593758,rs1836688,MLF1,5,Jurgens,MLF1_locus0,3:158593758
3,158593758,3:158593758:A:G,3,158677155,3:158677155:A:G,0.941281,83397,3:158593758,chr3,158593758,158593758,rs1836688,MLF1,5,Jurgens,MLF1_locus0,3:158593758
3,158593758,3:158593758:A:G,3,158677881,3:158677881:G:A,0.926679,84123,3:158593758,chr3,158593758,158593758,rs1836688,MLF1,5,Jurgens,MLF1_locus0,3:158593758
3,158593758,3:158593758:A:G,3,158685002,3:158685002:C:CTTG,0.93891,91244,3:158593758,chr3,158593758,158593758,rs1836688,MLF1,5,Jurgens,MLF1_locus0,3:158593758
3,158593758,3:158593758:A:G,3,158686478,3:158686478:C:T,0.9171,92720,3:158593758,chr3,158593758,158593758,rs1836688,MLF1,5,Jurgens,MLF1_locus0,3:158593758
3,158593758,3:158593758:A:G,3,158687428,3:158687428:C:T,0.941281,93670,3:158593758,chr3,158593758,158593758,rs1836688,MLF1,5,Jurgens,MLF1_locus0,3:158593758
3,158593758,3:158593758:A:G,3,158688110,3:158688110:A:G,0.941281,94352,3:158593758,chr3,158593758,158593758,rs1836688,MLF1,5,Jurgens,MLF1_locus0,3:158593758
3,158593758,3:158593758:A:G,3,158689126,3:158689126:A:G,0.941281,95368,3:158593758,chr3,158593758,158593758,rs1836688,MLF1,5,Jurgens,MLF1_locus0,3:158593758
3,158593758,3:158593758:A:G,3,158689641,3:158689641:A:G,0.940703,95883,3:158593758,chr3,158593758,158593758,rs1836688,MLF1,5,Jurgens,MLF1_locus0,3:158593758
3,158593758,3:158593758:A:G,3,158691693,3:158691693:C:T,0.941281,97935,3:158593758,chr3,158593758,158593758,rs1836688,MLF1,5,Jurgens,MLF1_locus0,3:158593758
3,158593758,3:158593758:A:G,3,158695153,3:158695153:A:C,0.941281,101395,3:158593758,chr3,158593758,158593758,rs1836688,MLF1,5,Jurgens,MLF1_locus0,3:158593758
3,158593758,3:158593758:A:G,3,158695927,3:158695927:G:A,0.941281,102169,3:158593758,chr3,158593758,158593758,rs1836688,MLF1,5,Jurgens,MLF1_locus0,3:158593758
3,158593758,3:158593758:A:G,3,158698210,3:158698210:A:G,0.941281,104452,3:158593758,chr3,158593758,158593758,rs1836688,MLF1,5,Jurgens,MLF1_locus0,3:158593758
3,158593758,3:158593758:A:G,3,158698857,3:158698857:A:C,0.941281,105099,3:158593758,chr3,158593758,158593758,rs1836688,MLF1,5,Jurgens,MLF1_locus0,3:158593758
3,158593758,3:158593758:A:G,3,158700225,3:158700225:A:G,0.821914,106467,3:158593758,chr3,158593758,158593758,rs1836688,MLF1,5,Jurgens,MLF1_locus0,3:158593758
3,158593758,3:158593758:A:G,3,158704717,3:158704717:G:A,0.941281,110959,3:158593758,chr3,158593758,158593758,rs1836688,MLF1,5,Jurgens,MLF1_locus0,3:158593758
3,186365822,3:186365822:C:T,3,186365822,3:186365822:C:T,1.0,0,3:186365822,chr3,186365822,186365822,rs7618021,DGKG,2,Jurgens,DGKG_locus0,3:186365822
4,16033011,4:16033011:G:A,4,16032966,4:16032966:C:T,0.931767,45,4:16033011,chr4,16033011,16033011,rs1400771,PROM1,4,both,PROM1_locus0,4:16033011
4,16033011,4:16033011:G:A,4,16033011,4:16033011:G:A,1.0,0,4:16033011,chr4,16033011,16033011,rs1400771,PROM1,4,both,PROM1_locus0,4:16033011
4,94532199,4:94532199:A:C,4,94532199,4:94532199:A:C,1.0,0,4:94532199,chr4,94532199,94532199,rs7683990,PDLIM5,4,Jurgens,PDLIM5_locus0,4:94532199
4,94587714,4:94587714:C:G,4,94587714,4:94587714:C:G,1.0,0,4:94587714,chr4,94587714,94587714,rs79700101,PDLIM5,4,Zheng,PDLIM5_locus1,4:94587714
4,102856899,4:102856899:G:T,4,102763796,4:102763796:C:G,0.823367,93103,4:102856899,chr4,102856899,102856899,rs223350,UBE2D3,3,Jurgens,UBE2D3_locus0,4:102856899
4,102856899,4:102856899:G:T,4,102764018,4:102764018:T:A,0.819306,92881,4:102856899,chr4,102856899,102856899,rs223350,UBE2D3,3,Jurgens,UBE2D3_locus0,4:102856899
4,102856899,4:102856899:G:T,4,102766051,4:102766051:A:G,0.822842,90848,4:102856899,chr4,102856899,102856899,rs223350,UBE2D3,3,Jurgens,UBE2D3_locus0,4:102856899
4,102856899,4:102856899:G:T,4,102766860,4:102766860:T:C,0.822842,90039,4:102856899,chr4,102856899,102856899,rs223350,UBE2D3,3,Jurgens,UBE2D3_locus0,4:102856899
4,102856899,4:102856899:G:T,4,102768648,4:102768648:T:A,0.822842,88251,4:102856899,chr4,102856899,102856899,rs223350,UBE2D3,3,Jurgens,UBE2D3_locus0,4:102856899
4,102856899,4:102856899:G:T,4,102769234,4:102769234:T:C,0.822842,87665,4:102856899,chr4,102856899,102856899,rs223350,UBE2D3,3,Jurgens,UBE2D3_locus0,4:102856899
4,102856899,4:102856899:G:T,4,102771000,4:102771000:G:T,0.822744,85899,4:102856899,chr4,102856899,102856899,rs223350,UBE2D3,3,Jurgens,UBE2D3_locus0,4:102856899
4,102856899,4:102856899:G:T,4,102771186,4:102771186:T:C,0.822744,85713,4:102856899,chr4,102856899,102856899,rs223350,UBE2D3,3,Jurgens,UBE2D3_locus0,4:102856899
4,102856899,4:102856899:G:T,4,102772464,4:102772464:C:T,0.822219,84435,4:102856899,chr4,102856899,102856899,rs223350,UBE2D3,3,Jurgens,UBE2D3_locus0,4:102856899
4,102856899,4:102856899:G:T,4,102779721,4:102779721:C:T,0.878773,77178,4:102856899,chr4,102856899,102856899,rs223350,UBE2D3,3,Jurgens,UBE2D3_locus0,4:102856899
4,102856899,4:102856899:G:T,4,102780039,4:102780039:A:C,0.878773,76860,4:102856899,chr4,102856899,102856899,rs223350,UBE2D3,3,Jurgens,UBE2D3_locus0,4:102856899
4,102856899,4:102856899:G:T,4,102781354,4:102781354:GTTAAC:G,0.878773,75545,4:102856899,chr4,102856899,102856899,rs223350,UBE2D3,3,Jurgens,UBE2D3_locus0,4:102856899
4,102856899,4:102856899:G:T,4,102782372,4:102782372:A:C,0.878773,74527,4:102856899,chr4,102856899,102856899,rs223350,UBE2D3,3,Jurgens,UBE2D3_locus0,4:102856899
4,102856899,4:102856899:G:T,4,102783934,4:102783934:ATT:A,0.87622,72965,4:102856899,chr4,102856899,102856899,rs223350,UBE2D3,3,Jurgens,UBE2D3_locus0,4:102856899
4,102856899,4:102856899:G:T,4,102784783,4:102784783:ACCTCCT:A,0.818871,72116,4:102856899,chr4,102856899,102856899,rs223350,UBE2D3,3,Jurgens,UBE2D3_locus0,4:102856899
4,102856899,4:102856899:G:T,4,102787954,4:102787954:CTT:C,0.834465,68945,4:102856899,chr4,102856899,102856899,rs223350,UBE2D3,3,Jurgens,UBE2D3_locus0,4:102856899
4,102856899,4:102856899:G:T,4,102788506,4:102788506:A:G,0.918871,68393,4:102856899,chr4,102856899,102856899,rs223350,UBE2D3,3,Jurgens,UBE2D3_locus0,4:102856899
4,102856899,4:102856899:G:T,4,102788948,4:102788948:A:G,0.806643,67951,4:102856899,chr4,102856899,102856899,rs223350,UBE2D3,3,Jurgens,UBE2D3_locus0,4:102856899
4,102856899,4:102856899:G:T,4,102789773,4:102789773:G:A,0.918843,67126,4:102856899,chr4,102856899,102856899,rs223350,UBE2D3,3,Jurgens,UBE2D3_locus0,4:102856899
4,102856899,4:102856899:G:T,4,102789895,4:102789895:T:C,0.834465,67004,4:102856899,chr4,102856899,102856899,rs223350,UBE2D3,3,Jurgens,UBE2D3_locus0,4:102856899
4,102856899,4:102856899:G:T,4,102791015,4:102791015:GAATT:G,0.833437,65884,4:102856899,chr4,102856899,102856899,rs223350,UBE2D3,3,Jurgens,UBE2D3_locus0,4:102856899
4,102856899,4:102856899:G:T,4,102791432,4:102791432:G:A,0.919434,65467,4:102856899,chr4,102856899,102856899,rs223350,UBE2D3,3,Jurgens,UBE2D3_locus0,4:102856899
4,102856899,4:102856899:G:T,4,102792189,4:102792189:A:G,0.919434,64710,4:102856899,chr4,102856899,102856899,rs223350,UBE2D3,3,Jurgens,UBE2D3_locus0,4:102856899
4,102856899,4:102856899:G:T,4,102793960,4:102793960:A:T,0.919434,62939,4:102856899,chr4,102856899,102856899,rs223350,UBE2D3,3,Jurgens,UBE2D3_locus0,4:102856899
4,102856899,4:102856899:G:T,4,102794228,4:102794228:C:T,0.919434,62671,4:102856899,chr4,102856899,102856899,rs223350,UBE2D3,3,Jurgens,UBE2D3_locus0,4:102856899
4,102856899,4:102856899:G:T,4,102798377,4:102798377:C:T,0.915187,58522,4:102856899,chr4,102856899,102856899,rs223350,UBE2D3,3,Jurgens,UBE2D3_locus0,4:102856899
4,102856899,4:102856899:G:T,4,102798749,4:102798749:A:G,0.91754,58150,4:102856899,chr4,102856899,102856899,rs223350,UBE2D3,3,Jurgens,UBE2D3_locus0,4:102856899
4,102856899,4:102856899:G:T,4,102799902,4:102799902:T:C,0.801599,56997,4:102856899,chr4,102856899,102856899,rs223350,UBE2D3,3,Jurgens,UBE2D3_locus0,4:102856899
4,102856899,4:102856899:G:T,4,102801081,4:102801081:G:A,0.835034,55818,4:102856899,chr4,102856899,102856899,rs223350,UBE2D3,3,Jurgens,UBE2D3_locus0,4:102856899
4,102856899,4:102856899:G:T,4,102804177,4:102804177:C:T,0.919434,52722,4:102856899,chr4,102856899,102856899,rs223350,UBE2D3,3,Jurgens,UBE2D3_locus0,4:102856899
4,102856899,4:102856899:G:T,4,102804737,4:102804737:G:A,0.920046,52162,4:102856899,chr4,102856899,102856899,rs223350,UBE2D3,3,Jurgens,UBE2D3_locus0,4:102856899
4,102856899,4:102856899:G:T,4,102805616,4:102805616:A:C,0.934574,51283,4:102856899,chr4,102856899,102856899,rs223350,UBE2D3,3,Jurgens,UBE2D3_locus0,4:102856899
4,102856899,4:102856899:G:T,4,102805861,4:102805861:A:T,0.919667,51038,4:102856899,chr4,102856899,102856899,rs223350,UBE2D3,3,Jurgens,UBE2D3_locus0,4:102856899
4,102856899,4:102856899:G:T,4,102809336,4:102809336:T:G,0.801599,47563,4:102856899,chr4,102856899,102856899,rs223350,UBE2D3,3,Jurgens,UBE2D3_locus0,4:102856899
4,102856899,4:102856899:G:T,4,102809910,4:102809910:CAAAT:C,0.934574,46989,4:102856899,chr4,102856899,102856899,rs223350,UBE2D3,3,Jurgens,UBE2D3_locus0,4:102856899
4,102856899,4:102856899:G:T,4,102810415,4:102810415:AT:A,0.884037,46484,4:102856899,chr4,102856899,102856899,rs223350,UBE2D3,3,Jurgens,UBE2D3_locus0,4:102856899
4,102856899,4:102856899:G:T,4,102810568,4:102810568:G:A,0.934574,46331,4:102856899,chr4,102856899,102856899,rs223350,UBE2D3,3,Jurgens,UBE2D3_locus0,4:102856899
4,102856899,4:102856899:G:T,4,102810580,4:102810580:T:C,0.934574,46319,4:102856899,chr4,102856899,102856899,rs223350,UBE2D3,3,Jurgens,UBE2D3_locus0,4:102856899
4,102856899,4:102856899:G:T,4,102811016,4:102811016:C:T,0.801599,45883,4:102856899,chr4,102856899,102856899,rs223350,UBE2D3,3,Jurgens,UBE2D3_locus0,4:102856899
4,102856899,4:102856899:G:T,4,102811336,4:102811336:CT:C,0.802139,45563,4:102856899,chr4,102856899,102856899,rs223350,UBE2D3,3,Jurgens,UBE2D3_locus0,4:102856899
4,102856899,4:102856899:G:T,4,102811411,4:102811411:G:T,0.932619,45488,4:102856899,chr4,102856899,102856899,rs223350,UBE2D3,3,Jurgens,UBE2D3_locus0,4:102856899
4,102856899,4:102856899:G:T,4,102811688,4:102811688:A:C,0.920046,45211,4:102856899,chr4,102856899,102856899,rs223350,UBE2D3,3,Jurgens,UBE2D3_locus0,4:102856899
4,102856899,4:102856899:G:T,4,102812017,4:102812017:A:ACATGC,0.801599,44882,4:102856899,chr4,102856899,102856899,rs223350,UBE2D3,3,Jurgens,UBE2D3_locus0,4:102856899
4,102856899,4:102856899:G:T,4,102812443,4:102812443:T:C,0.849978,44456,4:102856899,chr4,102856899,102856899,rs223350,UBE2D3,3,Jurgens,UBE2D3_locus0,4:102856899
4,102856899,4:102856899:G:T,4,102814296,4:102814296:CT:C,0.93448,42603,4:102856899,chr4,102856899,102856899,rs223350,UBE2D3,3,Jurgens,UBE2D3_locus0,4:102856899
4,102856899,4:102856899:G:T,4,102815023,4:102815023:T:G,0.934013,41876,4:102856899,chr4,102856899,102856899,rs223350,UBE2D3,3,Jurgens,UBE2D3_locus0,4:102856899
4,102856899,4:102856899:G:T,4,102815265,4:102815265:A:G,0.802139,41634,4:102856899,chr4,102856899,102856899,rs223350,UBE2D3,3,Jurgens,UBE2D3_locus0,4:102856899
4,102856899,4:102856899:G:T,4,102815871,4:102815871:A:C,0.935176,41028,4:102856899,chr4,102856899,102856899,rs223350,UBE2D3,3,Jurgens,UBE2D3_locus0,4:102856899
4,102856899,4:102856899:G:T,4,102816951,4:102816951:T:C,0.935176,39948,4:102856899,chr4,102856899,102856899,rs223350,UBE2D3,3,Jurgens,UBE2D3_locus0,4:102856899
4,102856899,4:102856899:G:T,4,102817075,4:102817075:G:C,0.850538,39824,4:102856899,chr4,102856899,102856899,rs223350,UBE2D3,3,Jurgens,UBE2D3_locus0,4:102856899
4,102856899,4:102856899:G:T,4,102817086,4:102817086:G:A,0.802139,39813,4:102856899,chr4,102856899,102856899,rs223350,UBE2D3,3,Jurgens,UBE2D3_locus0,4:102856899
4,102856899,4:102856899:G:T,4,102817198,4:102817198:C:T,0.802139,39701,4:102856899,chr4,102856899,102856899,rs223350,UBE2D3,3,Jurgens,UBE2D3_locus0,4:102856899
4,102856899,4:102856899:G:T,4,102820800,4:102820800:A:G,0.935176,36099,4:102856899,chr4,102856899,102856899,rs223350,UBE2D3,3,Jurgens,UBE2D3_locus0,4:102856899
4,102856899,4:102856899:G:T,4,102821607,4:102821607:ATT:A,0.933918,35292,4:102856899,chr4,102856899,102856899,rs223350,UBE2D3,3,Jurgens,UBE2D3_locus0,4:102856899
4,102856899,4:102856899:G:T,4,102822914,4:102822914:T:C,0.802139,33985,4:102856899,chr4,102856899,102856899,rs223350,UBE2D3,3,Jurgens,UBE2D3_locus0,4:102856899
4,102856899,4:102856899:G:T,4,102823801,4:102823801:A:C,0.934574,33098,4:102856899,chr4,102856899,102856899,rs223350,UBE2D3,3,Jurgens,UBE2D3_locus0,4:102856899
4,102856899,4:102856899:G:T,4,102824599,4:102824599:A:G,0.800779,32300,4:102856899,chr4,102856899,102856899,rs223350,UBE2D3,3,Jurgens,UBE2D3_locus0,4:102856899
4,102856899,4:102856899:G:T,4,102827640,4:102827640:A:G,0.80103,29259,4:102856899,chr4,102856899,102856899,rs223350,UBE2D3,3,Jurgens,UBE2D3_locus0,4:102856899
4,102856899,4:102856899:G:T,4,102828287,4:102828287:G:A,0.933965,28612,4:102856899,chr4,102856899,102856899,rs223350,UBE2D3,3,Jurgens,UBE2D3_locus0,4:102856899
4,102856899,4:102856899:G:T,4,102828359,4:102828359:C:G,0.849392,28540,4:102856899,chr4,102856899,102856899,rs223350,UBE2D3,3,Jurgens,UBE2D3_locus0,4:102856899
4,102856899,4:102856899:G:T,4,102829111,4:102829111:C:T,0.934574,27788,4:102856899,chr4,102856899,102856899,rs223350,UBE2D3,3,Jurgens,UBE2D3_locus0,4:102856899
4,102856899,4:102856899:G:T,4,102829159,4:102829159:G:A,0.935176,27740,4:102856899,chr4,102856899,102856899,rs223350,UBE2D3,3,Jurgens,UBE2D3_locus0,4:102856899
4,102856899,4:102856899:G:T,4,102829976,4:102829976:T:A,0.934574,26923,4:102856899,chr4,102856899,102856899,rs223350,UBE2D3,3,Jurgens,UBE2D3_locus0,4:102856899
4,102856899,4:102856899:G:T,4,102830094,4:102830094:A:G,0.932802,26805,4:102856899,chr4,102856899,102856899,rs223350,UBE2D3,3,Jurgens,UBE2D3_locus0,4:102856899
4,102856899,4:102856899:G:T,4,102831145,4:102831145:A:T,0.934574,25754,4:102856899,chr4,102856899,102856899,rs223350,UBE2D3,3,Jurgens,UBE2D3_locus0,4:102856899
4,102856899,4:102856899:G:T,4,102832214,4:102832214:A:C,0.801599,24685,4:102856899,chr4,102856899,102856899,rs223350,UBE2D3,3,Jurgens,UBE2D3_locus0,4:102856899
4,102856899,4:102856899:G:T,4,102832578,4:102832578:T:G,0.849978,24321,4:102856899,chr4,102856899,102856899,rs223350,UBE2D3,3,Jurgens,UBE2D3_locus0,4:102856899
4,102856899,4:102856899:G:T,4,102833014,4:102833014:T:A,0.801599,23885,4:102856899,chr4,102856899,102856899,rs223350,UBE2D3,3,Jurgens,UBE2D3_locus0,4:102856899
4,102856899,4:102856899:G:T,4,102833343,4:102833343:G:A,0.801599,23556,4:102856899,chr4,102856899,102856899,rs223350,UBE2D3,3,Jurgens,UBE2D3_locus0,4:102856899
4,102856899,4:102856899:G:T,4,102833434,4:102833434:G:C,0.801599,23465,4:102856899,chr4,102856899,102856899,rs223350,UBE2D3,3,Jurgens,UBE2D3_locus0,4:102856899
4,102856899,4:102856899:G:T,4,102833488,4:102833488:A:G,0.800332,23411,4:102856899,chr4,102856899,102856899,rs223350,UBE2D3,3,Jurgens,UBE2D3_locus0,4:102856899
4,102856899,4:102856899:G:T,4,102834919,4:102834919:C:T,0.933965,21980,4:102856899,chr4,102856899,102856899,rs223350,UBE2D3,3,Jurgens,UBE2D3_locus0,4:102856899
4,102856899,4:102856899:G:T,4,102836484,4:102836484:T:C,0.801599,20415,4:102856899,chr4,102856899,102856899,rs223350,UBE2D3,3,Jurgens,UBE2D3_locus0,4:102856899
4,102856899,4:102856899:G:T,4,102837934,4:102837934:G:A,0.802139,18965,4:102856899,chr4,102856899,102856899,rs223350,UBE2D3,3,Jurgens,UBE2D3_locus0,4:102856899
4,102856899,4:102856899:G:T,4,102838032,4:102838032:T:C,0.849978,18867,4:102856899,chr4,102856899,102856899,rs223350,UBE2D3,3,Jurgens,UBE2D3_locus0,4:102856899
4,102856899,4:102856899:G:T,4,102842899,4:102842899:CAGGAGTTCA:C,0.931845,14000,4:102856899,chr4,102856899,102856899,rs223350,UBE2D3,3,Jurgens,UBE2D3_locus0,4:102856899
4,102856899,4:102856899:G:T,4,102843052,4:102843052:A:G,0.803818,13847,4:102856899,chr4,102856899,102856899,rs223350,UBE2D3,3,Jurgens,UBE2D3_locus0,4:102856899
4,102856899,4:102856899:G:T,4,102843676,4:102843676:A:AAG,0.937603,13223,4:102856899,chr4,102856899,102856899,rs223350,UBE2D3,3,Jurgens,UBE2D3_locus0,4:102856899
4,102856899,4:102856899:G:T,4,102843836,4:102843836:A:G,0.936992,13063,4:102856899,chr4,102856899,102856899,rs223350,UBE2D3,3,Jurgens,UBE2D3_locus0,4:102856899
4,102856899,4:102856899:G:T,4,102844759,4:102844759:G:A,0.937603,12140,4:102856899,chr4,102856899,102856899,rs223350,UBE2D3,3,Jurgens,UBE2D3_locus0,4:102856899
4,102856899,4:102856899:G:T,4,102846182,4:102846182:T:G,0.937603,10717,4:102856899,chr4,102856899,102856899,rs223350,UBE2D3,3,Jurgens,UBE2D3_locus0,4:102856899
4,102856899,4:102856899:G:T,4,102848077,4:102848077:T:C,0.852273,8822,4:102856899,chr4,102856899,102856899,rs223350,UBE2D3,3,Jurgens,UBE2D3_locus0,4:102856899
4,102856899,4:102856899:G:T,4,102849422,4:102849422:C:T,0.937603,7477,4:102856899,chr4,102856899,102856899,rs223350,UBE2D3,3,Jurgens,UBE2D3_locus0,4:102856899
4,102856899,4:102856899:G:T,4,102850345,4:102850345:TG:T,0.837671,6554,4:102856899,chr4,102856899,102856899,rs223350,UBE2D3,3,Jurgens,UBE2D3_locus0,4:102856899
4,102856899,4:102856899:G:T,4,102851095,4:102851095:A:G,0.937603,5804,4:102856899,chr4,102856899,102856899,rs223350,UBE2D3,3,Jurgens,UBE2D3_locus0,4:102856899
4,102856899,4:102856899:G:T,4,102851672,4:102851672:GT:G,0.867722,5227,4:102856899,chr4,102856899,102856899,rs223350,UBE2D3,3,Jurgens,UBE2D3_locus0,4:102856899
4,102856899,4:102856899:G:T,4,102852055,4:102852055:A:AGGTT,0.803818,4844,4:102856899,chr4,102856899,102856899,rs223350,UBE2D3,3,Jurgens,UBE2D3_locus0,4:102856899
4,102856899,4:102856899:G:T,4,102854547,4:102854547:C:T,0.804643,2352,4:102856899,chr4,102856899,102856899,rs223350,UBE2D3,3,Jurgens,UBE2D3_locus0,4:102856899
4,102856899,4:102856899:G:T,4,102855710,4:102855710:G:A,0.804071,1189,4:102856899,chr4,102856899,102856899,rs223350,UBE2D3,3,Jurgens,UBE2D3_locus0,4:102856899
4,102856899,4:102856899:G:T,4,102856235,4:102856235:G:A,0.927176,664,4:102856899,chr4,102856899,102856899,rs223350,UBE2D3,3,Jurgens,UBE2D3_locus0,4:102856899
4,102856899,4:102856899:G:T,4,102856899,4:102856899:G:T,1.0,0,4:102856899,chr4,102856899,102856899,rs223350,UBE2D3,3,Jurgens,UBE2D3_locus0,4:102856899
4,102856899,4:102856899:G:T,4,102857277,4:102857277:A:G,0.80917,378,4:102856899,chr4,102856899,102856899,rs223350,UBE2D3,3,Jurgens,UBE2D3_locus0,4:102856899
4,102856899,4:102856899:G:T,4,102858815,4:102858815:A:G,0.872703,1916,4:102856899,chr4,102856899,102856899,rs223350,UBE2D3,3,Jurgens,UBE2D3_locus0,4:102856899
4,102856899,4:102856899:G:T,4,102859339,4:102859339:T:C,0.872548,2440,4:102856899,chr4,102856899,102856899,rs223350,UBE2D3,3,Jurgens,UBE2D3_locus0,4:102856899
4,102856899,4:102856899:G:T,4,102859366,4:102859366:T:C,0.922641,2467,4:102856899,chr4,102856899,102856899,rs223350,UBE2D3,3,Jurgens,UBE2D3_locus0,4:102856899
4,102856899,4:102856899:G:T,4,102859765,4:102859765:C:T,0.922641,2866,4:102856899,chr4,102856899,102856899,rs223350,UBE2D3,3,Jurgens,UBE2D3_locus0,4:102856899
4,102856899,4:102856899:G:T,4,102860002,4:102860002:C:T,0.895217,3103,4:102856899,chr4,102856899,102856899,rs223350,UBE2D3,3,Jurgens,UBE2D3_locus0,4:102856899
4,102856899,4:102856899:G:T,4,102860374,4:102860374:AATTT:A,0.921371,3475,4:102856899,chr4,102856899,102856899,rs223350,UBE2D3,3,Jurgens,UBE2D3_locus0,4:102856899
4,102856899,4:102856899:G:T,4,102862343,4:102862343:T:A,0.923257,5444,4:102856899,chr4,102856899,102856899,rs223350,UBE2D3,3,Jurgens,UBE2D3_locus0,4:102856899
4,102856899,4:102856899:G:T,4,102864368,HGSV_66143,0.808757,7469,4:102856899,chr4,102856899,102856899,rs223350,UBE2D3,3,Jurgens,UBE2D3_locus0,4:102856899
4,102856899,4:102856899:G:T,4,102864425,4:102864425:G:A,0.894003,7526,4:102856899,chr4,102856899,102856899,rs223350,UBE2D3,3,Jurgens,UBE2D3_locus0,4:102856899
4,102856899,4:102856899:G:T,4,102864700,4:102864700:T:C,0.944916,7801,4:102856899,chr4,102856899,102856899,rs223350,UBE2D3,3,Jurgens,UBE2D3_locus0,4:102856899
4,102856899,4:102856899:G:T,4,102865214,4:102865214:C:T,0.895217,8315,4:102856899,chr4,102856899,102856899,rs223350,UBE2D3,3,Jurgens,UBE2D3_locus0,4:102856899
4,102856899,4:102856899:G:T,4,102865403,4:102865403:G:A,0.80917,8504,4:102856899,chr4,102856899,102856899,rs223350,UBE2D3,3,Jurgens,UBE2D3_locus0,4:102856899
4,102856899,4:102856899:G:T,4,102865431,4:102865431:G:A,0.944916,8532,4:102856899,chr4,102856899,102856899,rs223350,UBE2D3,3,Jurgens,UBE2D3_locus0,4:102856899
4,102856899,4:102856899:G:T,4,102867054,4:102867054:A:G,0.895217,10155,4:102856899,chr4,102856899,102856899,rs223350,UBE2D3,3,Jurgens,UBE2D3_locus0,4:102856899
4,102856899,4:102856899:G:T,4,102868653,4:102868653:C:A,0.943714,11754,4:102856899,chr4,102856899,102856899,rs223350,UBE2D3,3,Jurgens,UBE2D3_locus0,4:102856899
4,102856899,4:102856899:G:T,4,102871952,4:102871952:CTAGT:C,0.944299,15053,4:102856899,chr4,102856899,102856899,rs223350,UBE2D3,3,Jurgens,UBE2D3_locus0,4:102856899
4,102856899,4:102856899:G:T,4,102872502,4:102872502:T:C,0.808592,15603,4:102856899,chr4,102856899,102856899,rs223350,UBE2D3,3,Jurgens,UBE2D3_locus0,4:102856899
4,102856899,4:102856899:G:T,4,102873031,4:102873031:T:A,0.808592,16132,4:102856899,chr4,102856899,102856899,rs223350,UBE2D3,3,Jurgens,UBE2D3_locus0,4:102856899
4,102856899,4:102856899:G:T,4,102873379,4:102873379:C:T,0.944299,16480,4:102856899,chr4,102856899,102856899,rs223350,UBE2D3,3,Jurgens,UBE2D3_locus0,4:102856899
4,102856899,4:102856899:G:T,4,102875751,4:102875751:A:G,0.942566,18852,4:102856899,chr4,102856899,102856899,rs223350,UBE2D3,3,Jurgens,UBE2D3_locus0,4:102856899
4,102856899,4:102856899:G:T,4,102876177,4:102876177:G:A,0.808592,19278,4:102856899,chr4,102856899,102856899,rs223350,UBE2D3,3,Jurgens,UBE2D3_locus0,4:102856899
4,102856899,4:102856899:G:T,4,102878371,4:102878371:T:C,0.808592,21472,4:102856899,chr4,102856899,102856899,rs223350,UBE2D3,3,Jurgens,UBE2D3_locus0,4:102856899
4,102856899,4:102856899:G:T,4,102878375,4:102878375:C:T,0.944299,21476,4:102856899,chr4,102856899,102856899,rs223350,UBE2D3,3,Jurgens,UBE2D3_locus0,4:102856899
4,102856899,4:102856899:G:T,4,102881157,4:102881157:T:C,0.944299,24258,4:102856899,chr4,102856899,102856899,rs223350,UBE2D3,3,Jurgens,UBE2D3_locus0,4:102856899
4,102856899,4:102856899:G:T,4,102881422,4:102881422:A:G,0.944299,24523,4:102856899,chr4,102856899,102856899,rs223350,UBE2D3,3,Jurgens,UBE2D3_locus0,4:102856899
4,102856899,4:102856899:G:T,4,102884286,4:102884286:T:C,0.944299,27387,4:102856899,chr4,102856899,102856899,rs223350,UBE2D3,3,Jurgens,UBE2D3_locus0,4:102856899
4,102856899,4:102856899:G:T,4,102884642,4:102884642:A:G,0.808592,27743,4:102856899,chr4,102856899,102856899,rs223350,UBE2D3,3,Jurgens,UBE2D3_locus0,4:102856899
4,102856899,4:102856899:G:T,4,102885151,4:102885151:CTA:C,0.942454,28252,4:102856899,chr4,102856899,102856899,rs223350,UBE2D3,3,Jurgens,UBE2D3_locus0,4:102856899
4,102856899,4:102856899:G:T,4,102888488,4:102888488:T:G,0.808592,31589,4:102856899,chr4,102856899,102856899,rs223350,UBE2D3,3,Jurgens,UBE2D3_locus0,4:102856899
4,102856899,4:102856899:G:T,4,102890220,4:102890220:A:C,0.807441,33321,4:102856899,chr4,102856899,102856899,rs223350,UBE2D3,3,Jurgens,UBE2D3_locus0,4:102856899
4,102856899,4:102856899:G:T,4,102891342,4:102891342:A:G,0.943682,34443,4:102856899,chr4,102856899,102856899,rs223350,UBE2D3,3,Jurgens,UBE2D3_locus0,4:102856899
4,102856899,4:102856899:G:T,4,102891964,4:102891964:T:G,0.808592,35065,4:102856899,chr4,102856899,102856899,rs223350,UBE2D3,3,Jurgens,UBE2D3_locus0,4:102856899
4,102856899,4:102856899:G:T,4,102892437,4:102892437:T:C,0.808592,35538,4:102856899,chr4,102856899,102856899,rs223350,UBE2D3,3,Jurgens,UBE2D3_locus0,4:102856899
4,102856899,4:102856899:G:T,4,102892577,4:102892577:C:T,0.808592,35678,4:102856899,chr4,102856899,102856899,rs223350,UBE2D3,3,Jurgens,UBE2D3_locus0,4:102856899
4,102856899,4:102856899:G:T,4,102892724,4:102892724:C:T,0.808592,35825,4:102856899,chr4,102856899,102856899,rs223350,UBE2D3,3,Jurgens,UBE2D3_locus0,4:102856899
4,102856899,4:102856899:G:T,4,102893563,4:102893563:T:A,0.802165,36664,4:102856899,chr4,102856899,102856899,rs223350,UBE2D3,3,Jurgens,UBE2D3_locus0,4:102856899
4,102856899,4:102856899:G:T,4,102895366,4:102895366:A:G,0.80641,38467,4:102856899,chr4,102856899,102856899,rs223350,UBE2D3,3,Jurgens,UBE2D3_locus0,4:102856899
4,102856899,4:102856899:G:T,4,102896374,4:102896374:C:T,0.80254,39475,4:102856899,chr4,102856899,102856899,rs223350,UBE2D3,3,Jurgens,UBE2D3_locus0,4:102856899
4,102856899,4:102856899:G:T,4,102897401,4:102897401:T:C,0.910341,40502,4:102856899,chr4,102856899,102856899,rs223350,UBE2D3,3,Jurgens,UBE2D3_locus0,4:102856899
4,102856899,4:102856899:G:T,4,102897417,4:102897417:T:C,0.921055,40518,4:102856899,chr4,102856899,102856899,rs223350,UBE2D3,3,Jurgens,UBE2D3_locus0,4:102856899
4,102856899,4:102856899:G:T,4,102904983,4:102904983:CA:C,0.902779,48084,4:102856899,chr4,102856899,102856899,rs223350,UBE2D3,3,Jurgens,UBE2D3_locus0,4:102856899
4,102856899,4:102856899:G:T,4,102909296,4:102909296:C:CA,0.867623,52397,4:102856899,chr4,102856899,102856899,rs223350,UBE2D3,3,Jurgens,UBE2D3_locus0,4:102856899
4,102856899,4:102856899:G:T,4,102909368,4:102909368:C:T,0.908417,52469,4:102856899,chr4,102856899,102856899,rs223350,UBE2D3,3,Jurgens,UBE2D3_locus0,4:102856899
4,102856899,4:102856899:G:T,4,102912138,4:102912138:GAA:G,0.909791,55239,4:102856899,chr4,102856899,102856899,rs223350,UBE2D3,3,Jurgens,UBE2D3_locus0,4:102856899
4,102856899,4:102856899:G:T,4,102912732,4:102912732:C:T,0.898707,55833,4:102856899,chr4,102856899,102856899,rs223350,UBE2D3,3,Jurgens,UBE2D3_locus0,4:102856899
4,102856899,4:102856899:G:T,4,102913483,4:102913483:G:A,0.910427,56584,4:102856899,chr4,102856899,102856899,rs223350,UBE2D3,3,Jurgens,UBE2D3_locus0,4:102856899
4,102856899,4:102856899:G:T,4,102914546,4:102914546:T:C,0.898707,57647,4:102856899,chr4,102856899,102856899,rs223350,UBE2D3,3,Jurgens,UBE2D3_locus0,4:102856899
4,102856899,4:102856899:G:T,4,102914927,4:102914927:T:C,0.907852,58028,4:102856899,chr4,102856899,102856899,rs223350,UBE2D3,3,Jurgens,UBE2D3_locus0,4:102856899
4,102856899,4:102856899:G:T,4,102915103,4:102915103:GA:G,0.867845,58204,4:102856899,chr4,102856899,102856899,rs223350,UBE2D3,3,Jurgens,UBE2D3_locus0,4:102856899
4,102856899,4:102856899:G:T,4,102915665,4:102915665:A:G,0.898707,58766,4:102856899,chr4,102856899,102856899,rs223350,UBE2D3,3,Jurgens,UBE2D3_locus0,4:102856899
4,102856899,4:102856899:G:T,4,102918000,4:102918000:A:G,0.89636,61101,4:102856899,chr4,102856899,102856899,rs223350,UBE2D3,3,Jurgens,UBE2D3_locus0,4:102856899
4,102856899,4:102856899:G:T,4,102918096,4:102918096:G:GA,0.881958,61197,4:102856899,chr4,102856899,102856899,rs223350,UBE2D3,3,Jurgens,UBE2D3_locus0,4:102856899
4,102856899,4:102856899:G:T,4,102918497,4:102918497:C:T,0.908617,61598,4:102856899,chr4,102856899,102856899,rs223350,UBE2D3,3,Jurgens,UBE2D3_locus0,4:102856899
4,102856899,4:102856899:G:T,4,102919722,4:102919722:AG:A,0.910232,62823,4:102856899,chr4,102856899,102856899,rs223350,UBE2D3,3,Jurgens,UBE2D3_locus0,4:102856899
4,102856899,4:102856899:G:T,4,102919725,4:102919725:TCTTAGCAAC:T,0.910232,62826,4:102856899,chr4,102856899,102856899,rs223350,UBE2D3,3,Jurgens,UBE2D3_locus0,4:102856899
4,102856899,4:102856899:G:T,4,102920096,4:102920096:A:G,0.897465,63197,4:102856899,chr4,102856899,102856899,rs223350,UBE2D3,3,Jurgens,UBE2D3_locus0,4:102856899
4,102856899,4:102856899:G:T,4,102920413,4:102920413:G:A,0.910976,63514,4:102856899,chr4,102856899,102856899,rs223350,UBE2D3,3,Jurgens,UBE2D3_locus0,4:102856899
4,102856899,4:102856899:G:T,4,102920874,4:102920874:A:G,0.882192,63975,4:102856899,chr4,102856899,102856899,rs223350,UBE2D3,3,Jurgens,UBE2D3_locus0,4:102856899
4,102856899,4:102856899:G:T,4,102921793,4:102921793:A:G,0.898054,64894,4:102856899,chr4,102856899,102856899,rs223350,UBE2D3,3,Jurgens,UBE2D3_locus0,4:102856899
4,102856899,4:102856899:G:T,4,102922082,4:102922082:C:G,0.898707,65183,4:102856899,chr4,102856899,102856899,rs223350,UBE2D3,3,Jurgens,UBE2D3_locus0,4:102856899
4,102856899,4:102856899:G:T,4,102922602,4:102922602:G:A,0.898707,65703,4:102856899,chr4,102856899,102856899,rs223350,UBE2D3,3,Jurgens,UBE2D3_locus0,4:102856899
4,102856899,4:102856899:G:T,4,102923292,4:102923292:G:A,0.897465,66393,4:102856899,chr4,102856899,102856899,rs223350,UBE2D3,3,Jurgens,UBE2D3_locus0,4:102856899
4,102856899,4:102856899:G:T,4,102923312,4:102923312:C:T,0.898707,66413,4:102856899,chr4,102856899,102856899,rs223350,UBE2D3,3,Jurgens,UBE2D3_locus0,4:102856899
4,102856899,4:102856899:G:T,4,102923560,4:102923560:C:A,0.910976,66661,4:102856899,chr4,102856899,102856899,rs223350,UBE2D3,3,Jurgens,UBE2D3_locus0,4:102856899
4,102856899,4:102856899:G:T,4,102923884,4:102923884:C:G,0.897401,66985,4:102856899,chr4,102856899,102856899,rs223350,UBE2D3,3,Jurgens,UBE2D3_locus0,4:102856899
4,102856899,4:102856899:G:T,4,102925242,4:102925242:C:A,0.898118,68343,4:102856899,chr4,102856899,102856899,rs223350,UBE2D3,3,Jurgens,UBE2D3_locus0,4:102856899
4,102856899,4:102856899:G:T,4,102925267,4:102925267:A:G,0.910383,68368,4:102856899,chr4,102856899,102856899,rs223350,UBE2D3,3,Jurgens,UBE2D3_locus0,4:102856899
4,102856899,4:102856899:G:T,4,102925641,4:102925641:C:G,0.898118,68742,4:102856899,chr4,102856899,102856899,rs223350,UBE2D3,3,Jurgens,UBE2D3_locus0,4:102856899
4,102856899,4:102856899:G:T,4,102925699,4:102925699:C:CAAAAAA,0.813238,68800,4:102856899,chr4,102856899,102856899,rs223350,UBE2D3,3,Jurgens,UBE2D3_locus0,4:102856899
4,102856899,4:102856899:G:T,4,102926937,4:102926937:A:G,0.909089,70038,4:102856899,chr4,102856899,102856899,rs223350,UBE2D3,3,Jurgens,UBE2D3_locus0,4:102856899
4,102856899,4:102856899:G:T,4,102927259,4:102927259:C:T,0.898118,70360,4:102856899,chr4,102856899,102856899,rs223350,UBE2D3,3,Jurgens,UBE2D3_locus0,4:102856899
4,102856899,4:102856899:G:T,4,102927281,4:102927281:A:G,0.898118,70382,4:102856899,chr4,102856899,102856899,rs223350,UBE2D3,3,Jurgens,UBE2D3_locus0,4:102856899
4,102856899,4:102856899:G:T,4,102928359,4:102928359:T:C,0.898707,71460,4:102856899,chr4,102856899,102856899,rs223350,UBE2D3,3,Jurgens,UBE2D3_locus0,4:102856899
4,102856899,4:102856899:G:T,4,102929227,4:102929227:A:G,0.910976,72328,4:102856899,chr4,102856899,102856899,rs223350,UBE2D3,3,Jurgens,UBE2D3_locus0,4:102856899
4,102856899,4:102856899:G:T,4,102930222,4:102930222:T:A,0.898707,73323,4:102856899,chr4,102856899,102856899,rs223350,UBE2D3,3,Jurgens,UBE2D3_locus0,4:102856899
4,102856899,4:102856899:G:T,4,102930619,4:102930619:G:T,0.910976,73720,4:102856899,chr4,102856899,102856899,rs223350,UBE2D3,3,Jurgens,UBE2D3_locus0,4:102856899
4,102856899,4:102856899:G:T,4,102930644,4:102930644:A:G,0.898707,73745,4:102856899,chr4,102856899,102856899,rs223350,UBE2D3,3,Jurgens,UBE2D3_locus0,4:102856899
4,102856899,4:102856899:G:T,4,102930953,4:102930953:G:A,0.898707,74054,4:102856899,chr4,102856899,102856899,rs223350,UBE2D3,3,Jurgens,UBE2D3_locus0,4:102856899
4,102856899,4:102856899:G:T,4,102930995,4:102930995:C:T,0.910976,74096,4:102856899,chr4,102856899,102856899,rs223350,UBE2D3,3,Jurgens,UBE2D3_locus0,4:102856899
4,102856899,4:102856899:G:T,4,102931225,4:102931226:C:CA,0.855368,74326,4:102856899,chr4,102856899,102856899,rs223350,UBE2D3,3,Jurgens,UBE2D3_locus0,4:102856899
4,102856899,4:102856899:G:T,4,102931421,4:102931421:C:T,0.898707,74522,4:102856899,chr4,102856899,102856899,rs223350,UBE2D3,3,Jurgens,UBE2D3_locus0,4:102856899
4,102856899,4:102856899:G:T,4,102932886,4:102932886:T:G,0.906714,75987,4:102856899,chr4,102856899,102856899,rs223350,UBE2D3,3,Jurgens,UBE2D3_locus0,4:102856899
4,102856899,4:102856899:G:T,4,102934763,4:102934764:C:CA,0.860435,77864,4:102856899,chr4,102856899,102856899,rs223350,UBE2D3,3,Jurgens,UBE2D3_locus0,4:102856899
4,102856899,4:102856899:G:T,4,102934971,4:102934971:T:C,0.898707,78072,4:102856899,chr4,102856899,102856899,rs223350,UBE2D3,3,Jurgens,UBE2D3_locus0,4:102856899
4,102856899,4:102856899:G:T,4,102935714,4:102935714:CT:C,0.897519,78815,4:102856899,chr4,102856899,102856899,rs223350,UBE2D3,3,Jurgens,UBE2D3_locus0,4:102856899
4,102856899,4:102856899:G:T,4,102935865,4:102935865:A:G,0.898707,78966,4:102856899,chr4,102856899,102856899,rs223350,UBE2D3,3,Jurgens,UBE2D3_locus0,4:102856899
4,102856899,4:102856899:G:T,4,102936545,4:102936545:A:G,0.910976,79646,4:102856899,chr4,102856899,102856899,rs223350,UBE2D3,3,Jurgens,UBE2D3_locus0,4:102856899
4,102856899,4:102856899:G:T,4,102937924,4:102937924:G:A,0.898707,81025,4:102856899,chr4,102856899,102856899,rs223350,UBE2D3,3,Jurgens,UBE2D3_locus0,4:102856899
4,102856899,4:102856899:G:T,4,102938135,4:102938135:C:G,0.898707,81236,4:102856899,chr4,102856899,102856899,rs223350,UBE2D3,3,Jurgens,UBE2D3_locus0,4:102856899
4,102856899,4:102856899:G:T,4,102938244,4:102938244:A:G,0.898707,81345,4:102856899,chr4,102856899,102856899,rs223350,UBE2D3,3,Jurgens,UBE2D3_locus0,4:102856899
4,102856899,4:102856899:G:T,4,102938648,4:102938648:G:A,0.898707,81749,4:102856899,chr4,102856899,102856899,rs223350,UBE2D3,3,Jurgens,UBE2D3_locus0,4:102856899
4,102856899,4:102856899:G:T,4,102940527,4:102940527:A:C,0.897584,83628,4:102856899,chr4,102856899,102856899,rs223350,UBE2D3,3,Jurgens,UBE2D3_locus0,4:102856899
4,102856899,4:102856899:G:T,4,102940972,4:102940972:C:A,0.897511,84073,4:102856899,chr4,102856899,102856899,rs223350,UBE2D3,3,Jurgens,UBE2D3_locus0,4:102856899
4,102856899,4:102856899:G:T,4,102941635,4:102941635:G:A,0.904509,84736,4:102856899,chr4,102856899,102856899,rs223350,UBE2D3,3,Jurgens,UBE2D3_locus0,4:102856899
4,102856899,4:102856899:G:T,4,102941664,4:102941664:C:CGA,0.885966,84765,4:102856899,chr4,102856899,102856899,rs223350,UBE2D3,3,Jurgens,UBE2D3_locus0,4:102856899
4,102856899,4:102856899:G:T,4,102942033,4:102942033:G:A,0.897511,85134,4:102856899,chr4,102856899,102856899,rs223350,UBE2D3,3,Jurgens,UBE2D3_locus0,4:102856899
4,102856899,4:102856899:G:T,4,102944396,4:102944396:A:G,0.910976,87497,4:102856899,chr4,102856899,102856899,rs223350,UBE2D3,3,Jurgens,UBE2D3_locus0,4:102856899
4,102856899,4:102856899:G:T,4,102945323,4:102945323:G:A,0.898707,88424,4:102856899,chr4,102856899,102856899,rs223350,UBE2D3,3,Jurgens,UBE2D3_locus0,4:102856899
4,102856899,4:102856899:G:T,4,102946467,4:102946467:A:AC,0.883495,89568,4:102856899,chr4,102856899,102856899,rs223350,UBE2D3,3,Jurgens,UBE2D3_locus0,4:102856899
4,102856899,4:102856899:G:T,4,102947592,4:102947592:G:T,0.882065,90693,4:102856899,chr4,102856899,102856899,rs223350,UBE2D3,3,Jurgens,UBE2D3_locus0,4:102856899
4,102856899,4:102856899:G:T,4,102947966,4:102947966:A:AGTGATGGTG,0.880189,91067,4:102856899,chr4,102856899,102856899,rs223350,UBE2D3,3,Jurgens,UBE2D3_locus0,4:102856899
4,102856899,4:102856899:G:T,4,102951186,4:102951186:T:C,0.882065,94287,4:102856899,chr4,102856899,102856899,rs223350,UBE2D3,3,Jurgens,UBE2D3_locus0,4:102856899
4,102856899,4:102856899:G:T,4,102951615,4:102951615:C:T,0.882065,94716,4:102856899,chr4,102856899,102856899,rs223350,UBE2D3,3,Jurgens,UBE2D3_locus0,4:102856899
4,102856899,4:102856899:G:T,4,102951697,4:102951697:C:A,0.85259,94798,4:102856899,chr4,102856899,102856899,rs223350,UBE2D3,3,Jurgens,UBE2D3_locus0,4:102856899
4,102856899,4:102856899:G:T,4,102955979,4:102955979:G:T,0.873514,99080,4:102856899,chr4,102856899,102856899,rs223350,UBE2D3,3,Jurgens,UBE2D3_locus0,4:102856899
4,102856899,4:102856899:G:T,4,102956834,4:102956834:T:C,0.873514,99935,4:102856899,chr4,102856899,102856899,rs223350,UBE2D3,3,Jurgens,UBE2D3_locus0,4:102856899
4,102856899,4:102856899:G:T,4,102957010,4:102957010:C:T,0.885825,100111,4:102856899,chr4,102856899,102856899,rs223350,UBE2D3,3,Jurgens,UBE2D3_locus0,4:102856899
4,102856899,4:102856899:G:T,4,102957720,4:102957720:C:T,0.885276,100821,4:102856899,chr4,102856899,102856899,rs223350,UBE2D3,3,Jurgens,UBE2D3_locus0,4:102856899
4,102856899,4:102856899:G:T,4,102957991,4:102957991:C:T,0.873514,101092,4:102856899,chr4,102856899,102856899,rs223350,UBE2D3,3,Jurgens,UBE2D3_locus0,4:102856899
4,102856899,4:102856899:G:T,4,102958354,4:102958354:C:A,0.885825,101455,4:102856899,chr4,102856899,102856899,rs223350,UBE2D3,3,Jurgens,UBE2D3_locus0,4:102856899
4,102856899,4:102856899:G:T,4,102959294,4:102959294:T:C,0.861423,102395,4:102856899,chr4,102856899,102856899,rs223350,UBE2D3,3,Jurgens,UBE2D3_locus0,4:102856899
4,102856899,4:102856899:G:T,4,102959922,4:102959922:G:A,0.862032,103023,4:102856899,chr4,102856899,102856899,rs223350,UBE2D3,3,Jurgens,UBE2D3_locus0,4:102856899
4,102856899,4:102856899:G:T,4,102960203,4:102960203:T:TTA,0.803057,103304,4:102856899,chr4,102856899,102856899,rs223350,UBE2D3,3,Jurgens,UBE2D3_locus0,4:102856899
4,102856899,4:102856899:G:T,4,102960973,4:102960973:C:A,0.871292,104074,4:102856899,chr4,102856899,102856899,rs223350,UBE2D3,3,Jurgens,UBE2D3_locus0,4:102856899
4,102856899,4:102856899:G:T,4,102960974,4:102960974:C:T,0.883381,104075,4:102856899,chr4,102856899,102856899,rs223350,UBE2D3,3,Jurgens,UBE2D3_locus0,4:102856899
4,102856899,4:102856899:G:T,4,102961049,4:102961049:A:C,0.870001,104150,4:102856899,chr4,102856899,102856899,rs223350,UBE2D3,3,Jurgens,UBE2D3_locus0,4:102856899
4,102856899,4:102856899:G:T,4,102964347,4:102964347:C:T,0.818944,107448,4:102856899,chr4,102856899,102856899,rs223350,UBE2D3,3,Jurgens,UBE2D3_locus0,4:102856899
4,102856899,4:102856899:G:T,4,102964411,4:102964411:T:G,0.815126,107512,4:102856899,chr4,102856899,102856899,rs223350,UBE2D3,3,Jurgens,UBE2D3_locus0,4:102856899
4,102856899,4:102856899:G:T,4,102965261,4:102965261:C:T,0.870605,108362,4:102856899,chr4,102856899,102856899,rs223350,UBE2D3,3,Jurgens,UBE2D3_locus0,4:102856899
4,102856899,4:102856899:G:T,4,102965265,4:102965265:A:T,0.869316,108366,4:102856899,chr4,102856899,102856899,rs223350,UBE2D3,3,Jurgens,UBE2D3_locus0,4:102856899
4,102856899,4:102856899:G:T,4,102966174,4:102966174:G:A,0.861423,109275,4:102856899,chr4,102856899,102856899,rs223350,UBE2D3,3,Jurgens,UBE2D3_locus0,4:102856899
4,102856899,4:102856899:G:T,4,102966404,4:102966404:G:C,0.874622,109505,4:102856899,chr4,102856899,102856899,rs223350,UBE2D3,3,Jurgens,UBE2D3_locus0,4:102856899
4,102856899,4:102856899:G:T,4,102968657,4:102968657:G:T,0.862032,111758,4:102856899,chr4,102856899,102856899,rs223350,UBE2D3,3,Jurgens,UBE2D3_locus0,4:102856899
4,102856899,4:102856899:G:T,4,102968908,4:102968908:C:T,0.868327,112009,4:102856899,chr4,102856899,102856899,rs223350,UBE2D3,3,Jurgens,UBE2D3_locus0,4:102856899
4,102856899,4:102856899:G:T,4,102969292,4:102969292:G:A,0.868939,112393,4:102856899,chr4,102856899,102856899,rs223350,UBE2D3,3,Jurgens,UBE2D3_locus0,4:102856899
4,102856899,4:102856899:G:T,4,102974160,4:102974160:T:G,0.854659,117261,4:102856899,chr4,102856899,102856899,rs223350,UBE2D3,3,Jurgens,UBE2D3_locus0,4:102856899
4,102856899,4:102856899:G:T,4,102974240,4:102974240:TTG:T,0.830361,117341,4:102856899,chr4,102856899,102856899,rs223350,UBE2D3,3,Jurgens,UBE2D3_locus0,4:102856899
4,102856899,4:102856899:G:T,4,102975256,4:102975256:A:T,0.848771,118357,4:102856899,chr4,102856899,102856899,rs223350,UBE2D3,3,Jurgens,UBE2D3_locus0,4:102856899
4,102856899,4:102856899:G:T,4,102979044,4:102979044:G:T,0.860378,122145,4:102856899,chr4,102856899,102856899,rs223350,UBE2D3,3,Jurgens,UBE2D3_locus0,4:102856899
4,102856899,4:102856899:G:T,4,102980538,4:102980538:A:C,0.855265,123639,4:102856899,chr4,102856899,102856899,rs223350,UBE2D3,3,Jurgens,UBE2D3_locus0,4:102856899
4,102856899,4:102856899:G:T,4,102980629,4:102980629:C:T,0.860378,123730,4:102856899,chr4,102856899,102856899,rs223350,UBE2D3,3,Jurgens,UBE2D3_locus0,4:102856899
4,102856899,4:102856899:G:T,4,102981959,4:102981959:C:T,0.862742,125060,4:102856899,chr4,102856899,102856899,rs223350,UBE2D3,3,Jurgens,UBE2D3_locus0,4:102856899
4,102856899,4:102856899:G:T,4,102983013,4:102983013:T:C,0.875846,126114,4:102856899,chr4,102856899,102856899,rs223350,UBE2D3,3,Jurgens,UBE2D3_locus0,4:102856899
4,102856899,4:102856899:G:T,4,102983084,4:102983084:T:A,0.863869,126185,4:102856899,chr4,102856899,102856899,rs223350,UBE2D3,3,Jurgens,UBE2D3_locus0,4:102856899
4,102856899,4:102856899:G:T,4,102983877,4:102983877:C:T,0.854711,126978,4:102856899,chr4,102856899,102856899,rs223350,UBE2D3,3,Jurgens,UBE2D3_locus0,4:102856899
4,102856899,4:102856899:G:T,4,102985525,4:102985525:A:T,0.868956,128626,4:102856899,chr4,102856899,102856899,rs223350,UBE2D3,3,Jurgens,UBE2D3_locus0,4:102856899
4,102856899,4:102856899:G:T,4,102990002,4:102990002:A:C,0.859856,133103,4:102856899,chr4,102856899,102856899,rs223350,UBE2D3,3,Jurgens,UBE2D3_locus0,4:102856899
4,102856899,4:102856899:G:T,4,102990065,4:102990065:C:G,0.867914,133166,4:102856899,chr4,102856899,102856899,rs223350,UBE2D3,3,Jurgens,UBE2D3_locus0,4:102856899
4,102856899,4:102856899:G:T,4,102990624,4:102990624:G:A,0.858752,133725,4:102856899,chr4,102856899,102856899,rs223350,UBE2D3,3,Jurgens,UBE2D3_locus0,4:102856899
4,102856899,4:102856899:G:T,4,102991926,4:102991926:A:G,0.865614,135027,4:102856899,chr4,102856899,102856899,rs223350,UBE2D3,3,Jurgens,UBE2D3_locus0,4:102856899
4,102856899,4:102856899:G:T,4,102993090,4:102993090:C:CT,0.863869,136191,4:102856899,chr4,102856899,102856899,rs223350,UBE2D3,3,Jurgens,UBE2D3_locus0,4:102856899
4,102856899,4:102856899:G:T,4,102993283,4:102993283:A:G,0.863869,136384,4:102856899,chr4,102856899,102856899,rs223350,UBE2D3,3,Jurgens,UBE2D3_locus0,4:102856899
4,102856899,4:102856899:G:T,4,102993481,4:102993481:A:G,0.875846,136582,4:102856899,chr4,102856899,102856899,rs223350,UBE2D3,3,Jurgens,UBE2D3_locus0,4:102856899
4,102856899,4:102856899:G:T,4,102994153,4:102994153:T:G,0.862095,137254,4:102856899,chr4,102856899,102856899,rs223350,UBE2D3,3,Jurgens,UBE2D3_locus0,4:102856899
4,102856899,4:102856899:G:T,4,102995297,4:102995297:C:T,0.865036,138398,4:102856899,chr4,102856899,102856899,rs223350,UBE2D3,3,Jurgens,UBE2D3_locus0,4:102856899
4,102856899,4:102856899:G:T,4,102996952,4:102996952:A:AT,0.852318,140053,4:102856899,chr4,102856899,102856899,rs223350,UBE2D3,3,Jurgens,UBE2D3_locus0,4:102856899
4,102856899,4:102856899:G:T,4,103000141,4:103000141:C:A,0.870718,143242,4:102856899,chr4,102856899,102856899,rs223350,UBE2D3,3,Jurgens,UBE2D3_locus0,4:102856899
4,102856899,4:102856899:G:T,4,103002401,4:103002401:C:T,0.858635,145502,4:102856899,chr4,102856899,102856899,rs223350,UBE2D3,3,Jurgens,UBE2D3_locus0,4:102856899
4,102856899,4:102856899:G:T,4,103002507,4:103002507:C:A,0.858635,145608,4:102856899,chr4,102856899,102856899,rs223350,UBE2D3,3,Jurgens,UBE2D3_locus0,4:102856899
4,102856899,4:102856899:G:T,4,103003981,4:103003981:G:C,0.859099,147082,4:102856899,chr4,102856899,102856899,rs223350,UBE2D3,3,Jurgens,UBE2D3_locus0,4:102856899
4,102856899,4:102856899:G:T,4,103004032,4:103004032:T:A,0.859099,147133,4:102856899,chr4,102856899,102856899,rs223350,UBE2D3,3,Jurgens,UBE2D3_locus0,4:102856899
4,102856899,4:102856899:G:T,4,103004514,4:103004514:G:A,0.870085,147615,4:102856899,chr4,102856899,102856899,rs223350,UBE2D3,3,Jurgens,UBE2D3_locus0,4:102856899
4,102856899,4:102856899:G:T,4,103005261,4:103005261:TAAA:T,0.822753,148362,4:102856899,chr4,102856899,102856899,rs223350,UBE2D3,3,Jurgens,UBE2D3_locus0,4:102856899
4,102856899,4:102856899:G:T,4,103005385,4:103005385:C:T,0.870085,148486,4:102856899,chr4,102856899,102856899,rs223350,UBE2D3,3,Jurgens,UBE2D3_locus0,4:102856899
4,102856899,4:102856899:G:T,4,103006416,4:103006416:A:G,0.870718,149517,4:102856899,chr4,102856899,102856899,rs223350,UBE2D3,3,Jurgens,UBE2D3_locus0,4:102856899
4,102856899,4:102856899:G:T,4,103006991,4:103006991:G:A,0.858635,150092,4:102856899,chr4,102856899,102856899,rs223350,UBE2D3,3,Jurgens,UBE2D3_locus0,4:102856899
4,102856899,4:102856899:G:T,4,103008672,4:103008672:C:T,0.821974,151773,4:102856899,chr4,102856899,102856899,rs223350,UBE2D3,3,Jurgens,UBE2D3_locus0,4:102856899
4,102856899,4:102856899:G:T,4,103009354,4:103009354:T:C,0.866735,152455,4:102856899,chr4,102856899,102856899,rs223350,UBE2D3,3,Jurgens,UBE2D3_locus0,4:102856899
4,102856899,4:102856899:G:T,4,103009918,4:103009918:A:AT,0.861864,153019,4:102856899,chr4,102856899,102856899,rs223350,UBE2D3,3,Jurgens,UBE2D3_locus0,4:102856899
4,102856899,4:102856899:G:T,4,103010206,4:103010206:T:C,0.858635,153307,4:102856899,chr4,102856899,102856899,rs223350,UBE2D3,3,Jurgens,UBE2D3_locus0,4:102856899
4,102856899,4:102856899:G:T,4,103010240,4:103010240:ACC:A,0.858635,153341,4:102856899,chr4,102856899,102856899,rs223350,UBE2D3,3,Jurgens,UBE2D3_locus0,4:102856899
4,102856899,4:102856899:G:T,4,103011399,4:103011399:C:T,0.826342,154500,4:102856899,chr4,102856899,102856899,rs223350,UBE2D3,3,Jurgens,UBE2D3_locus0,4:102856899
4,102856899,4:102856899:G:T,4,103013743,4:103013743:C:T,0.870085,156844,4:102856899,chr4,102856899,102856899,rs223350,UBE2D3,3,Jurgens,UBE2D3_locus0,4:102856899
4,102856899,4:102856899:G:T,4,103016438,4:103016438:G:A,0.868281,159539,4:102856899,chr4,102856899,102856899,rs223350,UBE2D3,3,Jurgens,UBE2D3_locus0,4:102856899
4,102856899,4:102856899:G:T,4,103016729,4:103016729:T:A,0.863683,159830,4:102856899,chr4,102856899,102856899,rs223350,UBE2D3,3,Jurgens,UBE2D3_locus0,4:102856899
4,102856899,4:102856899:G:T,4,103016817,4:103016817:C:A,0.863683,159918,4:102856899,chr4,102856899,102856899,rs223350,UBE2D3,3,Jurgens,UBE2D3_locus0,4:102856899
4,110761847,4:110761847:T:C,4,110744760,4:110744760:T:C,0.913567,17087,4:110761847,chr4,110761847,110761847,rs144691425,PITX2,2,Zheng,PITX2_locus0,4:110761847
4,110761847,4:110761847:T:C,4,110756239,4:110756239:C:T,0.99838,5608,4:110761847,chr4,110761847,110761847,rs144691425,PITX2,2,Zheng,PITX2_locus0,4:110761847
4,110761847,4:110761847:T:C,4,110759093,4:110759093:G:A,0.998383,2754,4:110761847,chr4,110761847,110761847,rs144691425,PITX2,2,Zheng,PITX2_locus0,4:110761847
4,110761847,4:110761847:T:C,4,110760383,4:110760383:G:A,1.0,1464,4:110761847,chr4,110761847,110761847,rs144691425,PITX2,2,Zheng,PITX2_locus0,4:110761847
4,110761847,4:110761847:T:C,4,110761090,4:110761090:G:T,0.997573,757,4:110761847,chr4,110761847,110761847,rs144691425,PITX2,2,Zheng,PITX2_locus0,4:110761847
4,110761847,4:110761847:T:C,4,110761847,4:110761847:T:C,1.0,0,4:110761847,chr4,110761847,110761847,rs144691425,PITX2,2,Zheng,PITX2_locus0,4:110761847
4,110761847,4:110761847:T:C,4,110762205,4:110762205:T:C,0.99919,358,4:110761847,chr4,110761847,110761847,rs144691425,PITX2,2,Zheng,PITX2_locus0,4:110761847
4,110761847,4:110761847:T:C,4,110766358,4:110766358:C:A,1.0,4511,4:110761847,chr4,110761847,110761847,rs144691425,PITX2,2,Zheng,PITX2_locus0,4:110761847
4,110761847,4:110761847:T:C,4,110767797,4:110767797:A:ATATTGT,0.993559,5950,4:110761847,chr4,110761847,110761847,rs144691425,PITX2,2,Zheng,PITX2_locus0,4:110761847
4,110761847,4:110761847:T:C,4,110768178,4:110768178:TG:T,0.993559,6331,4:110761847,chr4,110761847,110761847,rs144691425,PITX2,2,Zheng,PITX2_locus0,4:110761847
4,110761847,4:110761847:T:C,4,110768624,4:110768624:TGA:T,0.853625,6777,4:110761847,chr4,110761847,110761847,rs144691425,PITX2,2,Zheng,PITX2_locus0,4:110761847
4,110761847,4:110761847:T:C,4,110774266,4:110774266:A:G,0.893263,12419,4:110761847,chr4,110761847,110761847,rs144691425,PITX2,2,Zheng,PITX2_locus0,4:110761847
4,110796911,4:110796911:G:A,4,110775495,4:110775495:A:T,0.918541,21416,4:110796911,chr4,110796911,110796911,rs6843082,PITX2,3,Jurgens,PITX2_locus0,4:110796911
4,110796911,4:110796911:G:A,4,110776412,4:110776412:A:G,0.919024,20499,4:110796911,chr4,110796911,110796911,rs6843082,PITX2,3,Jurgens,PITX2_locus0,4:110796911
4,110796911,4:110796911:G:A,4,110776659,4:110776659:TG:T,0.922925,20252,4:110796911,chr4,110796911,110796911,rs6843082,PITX2,3,Jurgens,PITX2_locus0,4:110796911
4,110796911,4:110796911:G:A,4,110776952,4:110776952:T:C,0.919024,19959,4:110796911,chr4,110796911,110796911,rs6843082,PITX2,3,Jurgens,PITX2_locus0,4:110796911
4,110796911,4:110796911:G:A,4,110778529,4:110778529:A:T,0.927522,18382,4:110796911,chr4,110796911,110796911,rs6843082,PITX2,3,Jurgens,PITX2_locus0,4:110796911
4,110796911,4:110796911:G:A,4,110778675,4:110778675:C:T,0.923415,18236,4:110796911,chr4,110796911,110796911,rs6843082,PITX2,3,Jurgens,PITX2_locus0,4:110796911
4,110796911,4:110796911:G:A,4,110780642,4:110780642:G:T,0.92233,16269,4:110796911,chr4,110796911,110796911,rs6843082,PITX2,3,Jurgens,PITX2_locus0,4:110796911
4,110796911,4:110796911:G:A,4,110782354,4:110782354:G:T,0.91635,14557,4:110796911,chr4,110796911,110796911,rs6843082,PITX2,3,Jurgens,PITX2_locus0,4:110796911
4,110796911,4:110796911:G:A,4,110782987,4:110782987:A:G,0.919491,13924,4:110796911,chr4,110796911,110796911,rs6843082,PITX2,3,Jurgens,PITX2_locus0,4:110796911
4,110796911,4:110796911:G:A,4,110783380,4:110783380:A:T,0.918637,13531,4:110796911,chr4,110796911,110796911,rs6843082,PITX2,3,Jurgens,PITX2_locus0,4:110796911
4,110796911,4:110796911:G:A,4,110791276,4:110791276:A:G,0.955237,5635,4:110796911,chr4,110796911,110796911,rs6843082,PITX2,3,Jurgens,PITX2_locus0,4:110796911
4,110796911,4:110796911:G:A,4,110793263,4:110793263:T:G,0.975204,3648,4:110796911,chr4,110796911,110796911,rs6843082,PITX2,3,Jurgens,PITX2_locus0,4:110796911
4,110796911,4:110796911:G:A,4,110796911,4:110796911:G:A,1.0,0,4:110796911,chr4,110796911,110796911,rs6843082,PITX2,3,Jurgens,PITX2_locus0,4:110796911
4,113535350,4:113535350:C:G,4,113523545,4:113523545:G:C,0.811191,11805,4:113535350,chr4,113535350,113535350,rs35132791,CAMK2D,4,Zheng,CAMK2D_locus0,4:113535350
4,113535350,4:113535350:C:G,4,113535350,4:113535350:C:G,1.0,0,4:113535350,chr4,113535350,113535350,rs35132791,CAMK2D,4,Zheng,CAMK2D_locus0,4:113535350
5,57670275,5:57670275:G:T,5,57660094,5:57660094:A:G,0.955894,10181,5:57670275,chr5,57670275,57670275,rs230861,ACTBL2,1,Zheng,ACTBL2_locus0,5:57670275
5,57670275,5:57670275:G:T,5,57660157,5:57660157:A:G,0.955894,10118,5:57670275,chr5,57670275,57670275,rs230861,ACTBL2,1,Zheng,ACTBL2_locus0,5:57670275
5,57670275,5:57670275:G:T,5,57663792,5:57663792:A:G,0.957695,6483,5:57670275,chr5,57670275,57670275,rs230861,ACTBL2,1,Zheng,ACTBL2_locus0,5:57670275
5,57670275,5:57670275:G:T,5,57663793,5:57663794:C:CTT,0.838978,6482,5:57670275,chr5,57670275,57670275,rs230861,ACTBL2,1,Zheng,ACTBL2_locus0,5:57670275
5,57670275,5:57670275:G:T,5,57668936,5:57668936:C:T,0.968684,1339,5:57670275,chr5,57670275,57670275,rs230861,ACTBL2,1,Zheng,ACTBL2_locus0,5:57670275
5,57670275,5:57670275:G:T,5,57670275,5:57670275:G:T,1.0,0,5:57670275,chr5,57670275,57670275,rs230861,ACTBL2,1,Zheng,ACTBL2_locus0,5:57670275
5,57670275,5:57670275:G:T,5,57670715,5:57670715:T:G,0.970541,440,5:57670275,chr5,57670275,57670275,rs230861,ACTBL2,1,Zheng,ACTBL2_locus0,5:57670275
5,57670275,5:57670275:G:T,5,57679233,5:57679233:A:G,0.968684,8958,5:57670275,chr5,57670275,57670275,rs230861,ACTBL2,1,Zheng,ACTBL2_locus0,5:57670275
5,57670275,5:57670275:G:T,5,57679835,5:57679835:A:G,0.801695,9560,5:57670275,chr5,57670275,57670275,rs230861,ACTBL2,1,Zheng,ACTBL2_locus0,5:57670275
5,57670275,5:57670275:G:T,5,57680271,5:57680271:A:G,0.966854,9996,5:57670275,chr5,57670275,57670275,rs230861,ACTBL2,1,Zheng,ACTBL2_locus0,5:57670275
5,57670275,5:57670275:G:T,5,57681404,5:57681404:C:T,0.965031,11129,5:57670275,chr5,57670275,57670275,rs230861,ACTBL2,1,Zheng,ACTBL2_locus0,5:57670275
5,57670275,5:57670275:G:T,5,57683686,5:57683686:A:G,0.968711,13411,5:57670275,chr5,57670275,57670275,rs230861,ACTBL2,1,Zheng,ACTBL2_locus0,5:57670275
5,57670275,5:57670275:G:T,5,57685000,5:57685000:A:T,0.968711,14725,5:57670275,chr5,57670275,57670275,rs230861,ACTBL2,1,Zheng,ACTBL2_locus0,5:57670275
5,57670275,5:57670275:G:T,5,57688674,5:57688674:T:C,0.966854,18399,5:57670275,chr5,57670275,57670275,rs230861,ACTBL2,1,Zheng,ACTBL2_locus0,5:57670275
5,57670275,5:57670275:G:T,5,57690333,5:57690333:C:A,0.934813,20058,5:57670275,chr5,57670275,57670275,rs230861,ACTBL2,1,Zheng,ACTBL2_locus0,5:57670275
5,57670275,5:57670275:G:T,5,57690889,5:57690889:T:C,0.851785,20614,5:57670275,chr5,57670275,57670275,rs230861,ACTBL2,1,Zheng,ACTBL2_locus0,5:57670275
5,57670275,5:57670275:G:T,5,57693080,5:57693080:T:TA,0.895804,22805,5:57670275,chr5,57670275,57670275,rs230861,ACTBL2,1,Zheng,ACTBL2_locus0,5:57670275
5,57670275,5:57670275:G:T,5,57698702,5:57698702:A:C,0.895804,28427,5:57670275,chr5,57670275,57670275,rs230861,ACTBL2,1,Zheng,ACTBL2_locus0,5:57670275
5,57670275,5:57670275:G:T,5,57699211,5:57699211:A:C,0.895804,28936,5:57670275,chr5,57670275,57670275,rs230861,ACTBL2,1,Zheng,ACTBL2_locus0,5:57670275
5,57670275,5:57670275:G:T,5,57699822,5:57699822:C:T,0.894176,29547,5:57670275,chr5,57670275,57670275,rs230861,ACTBL2,1,Zheng,ACTBL2_locus0,5:57670275
5,57670275,5:57670275:G:T,5,57700364,5:57700364:A:T,0.894176,30089,5:57670275,chr5,57670275,57670275,rs230861,ACTBL2,1,Zheng,ACTBL2_locus0,5:57670275
5,57670275,5:57670275:G:T,5,57700733,5:57700733:G:C,0.895804,30458,5:57670275,chr5,57670275,57670275,rs230861,ACTBL2,1,Zheng,ACTBL2_locus0,5:57670275
5,57670275,5:57670275:G:T,5,57701274,5:57701274:A:T,0.895804,30999,5:57670275,chr5,57670275,57670275,rs230861,ACTBL2,1,Zheng,ACTBL2_locus0,5:57670275
5,57670275,5:57670275:G:T,5,57702028,5:57702028:T:C,0.895804,31753,5:57670275,chr5,57670275,57670275,rs230861,ACTBL2,1,Zheng,ACTBL2_locus0,5:57670275
5,57670275,5:57670275:G:T,5,57703866,5:57703866:A:G,0.895804,33591,5:57670275,chr5,57670275,57670275,rs230861,ACTBL2,1,Zheng,ACTBL2_locus0,5:57670275
5,57670275,5:57670275:G:T,5,57706502,5:57706502:C:T,0.895804,36227,5:57670275,chr5,57670275,57670275,rs230861,ACTBL2,1,Zheng,ACTBL2_locus0,5:57670275
5,57670275,5:57670275:G:T,5,57715577,5:57715577:G:A,0.887109,45302,5:57670275,chr5,57670275,57670275,rs230861,ACTBL2,1,Zheng,ACTBL2_locus0,5:57670275
5,57670275,5:57670275:G:T,5,57715642,5:57715642:A:T,0.887109,45367,5:57670275,chr5,57670275,57670275,rs230861,ACTBL2,1,Zheng,ACTBL2_locus0,5:57670275
5,57670275,5:57670275:G:T,5,57718369,5:57718369:C:T,0.889119,48094,5:57670275,chr5,57670275,57670275,rs230861,ACTBL2,1,Zheng,ACTBL2_locus0,5:57670275
5,57670275,5:57670275:G:T,5,57719100,5:57719100:G:A,0.889119,48825,5:57670275,chr5,57670275,57670275,rs230861,ACTBL2,1,Zheng,ACTBL2_locus0,5:57670275
5,57670275,5:57670275:G:T,5,57723264,5:57723264:T:C,0.883486,52989,5:57670275,chr5,57670275,57670275,rs230861,ACTBL2,1,Zheng,ACTBL2_locus0,5:57670275
5,57670275,5:57670275:G:T,5,57731815,5:57731815:A:G,0.880726,61540,5:57670275,chr5,57670275,57670275,rs230861,ACTBL2,1,Zheng,ACTBL2_locus0,5:57670275
5,57670275,5:57670275:G:T,5,57733441,5:57733441:A:G,0.885297,63166,5:57670275,chr5,57670275,57670275,rs230861,ACTBL2,1,Zheng,ACTBL2_locus0,5:57670275
5,57670275,5:57670275:G:T,5,57740824,5:57740824:G:A,0.885898,70549,5:57670275,chr5,57670275,57670275,rs230861,ACTBL2,1,Zheng,ACTBL2_locus0,5:57670275
5,57673811,5:57673811:T:A,5,57658989,5:57658989:G:C,0.919328,14822,5:57673811,chr5,57673811,57673811,none,ACTBL2,1,Zheng,ACTBL2_locus0,5:57673811
5,57673811,5:57673811:T:A,5,57659218,5:57659218:A:C,0.950145,14593,5:57673811,chr5,57673811,57673811,none,ACTBL2,1,Zheng,ACTBL2_locus0,5:57673811
5,57673811,5:57673811:T:A,5,57659253,5:57659253:A:G,0.953841,14558,5:57673811,chr5,57673811,57673811,none,ACTBL2,1,Zheng,ACTBL2_locus0,5:57673811
5,57673811,5:57673811:T:A,5,57659426,5:57659426:A:G,0.938521,14385,5:57673811,chr5,57673811,57673811,none,ACTBL2,1,Zheng,ACTBL2_locus0,5:57673811
5,57673811,5:57673811:T:A,5,57662069,5:57662069:A:T,0.952601,11742,5:57673811,chr5,57673811,57673811,none,ACTBL2,1,Zheng,ACTBL2_locus0,5:57673811
5,57673811,5:57673811:T:A,5,57662495,5:57662495:C:A,0.954729,11316,5:57673811,chr5,57673811,57673811,none,ACTBL2,1,Zheng,ACTBL2_locus0,5:57673811
5,57673811,5:57673811:T:A,5,57662628,5:57662628:A:C,0.95811,11183,5:57673811,chr5,57673811,57673811,none,ACTBL2,1,Zheng,ACTBL2_locus0,5:57673811
5,57673811,5:57673811:T:A,5,57662661,5:57662661:C:G,0.941119,11150,5:57673811,chr5,57673811,57673811,none,ACTBL2,1,Zheng,ACTBL2_locus0,5:57673811
5,57673811,5:57673811:T:A,5,57664915,5:57664915:A:G,0.942116,8896,5:57673811,chr5,57673811,57673811,none,ACTBL2,1,Zheng,ACTBL2_locus0,5:57673811
5,57673811,5:57673811:T:A,5,57664993,5:57664993:GA:G,0.958648,8818,5:57673811,chr5,57673811,57673811,none,ACTBL2,1,Zheng,ACTBL2_locus0,5:57673811
5,57673811,5:57673811:T:A,5,57665939,5:57665939:G:A,0.958618,7872,5:57673811,chr5,57673811,57673811,none,ACTBL2,1,Zheng,ACTBL2_locus0,5:57673811
5,57673811,5:57673811:T:A,5,57666122,5:57666122:A:G,0.942116,7689,5:57673811,chr5,57673811,57673811,none,ACTBL2,1,Zheng,ACTBL2_locus0,5:57673811
5,57673811,5:57673811:T:A,5,57667575,5:57667575:T:C,0.945326,6236,5:57673811,chr5,57673811,57673811,none,ACTBL2,1,Zheng,ACTBL2_locus0,5:57673811
5,57673811,5:57673811:T:A,5,57667629,5:57667629:C:G,0.961911,6182,5:57673811,chr5,57673811,57673811,none,ACTBL2,1,Zheng,ACTBL2_locus0,5:57673811
5,57673811,5:57673811:T:A,5,57667713,5:57667713:G:A,0.945326,6098,5:57673811,chr5,57673811,57673811,none,ACTBL2,1,Zheng,ACTBL2_locus0,5:57673811
5,57673811,5:57673811:T:A,5,57669167,5:57669167:T:A,0.985807,4644,5:57673811,chr5,57673811,57673811,none,ACTBL2,1,Zheng,ACTBL2_locus0,5:57673811
5,57673811,5:57673811:T:A,5,57670776,5:57670776:G:A,0.965927,3035,5:57673811,chr5,57673811,57673811,none,ACTBL2,1,Zheng,ACTBL2_locus0,5:57673811
5,57673811,5:57673811:T:A,5,57671053,5:57671053:T:C,0.98635,2758,5:57673811,chr5,57673811,57673811,none,ACTBL2,1,Zheng,ACTBL2_locus0,5:57673811
5,57673811,5:57673811:T:A,5,57671181,5:57671181:T:C,0.965865,2630,5:57673811,chr5,57673811,57673811,none,ACTBL2,1,Zheng,ACTBL2_locus0,5:57673811
5,57673811,5:57673811:T:A,5,57672012,5:57672012:A:G,0.968616,1799,5:57673811,chr5,57673811,57673811,none,ACTBL2,1,Zheng,ACTBL2_locus0,5:57673811
5,57673811,5:57673811:T:A,5,57672041,5:57672041:G:A,0.963167,1770,5:57673811,chr5,57673811,57673811,none,ACTBL2,1,Zheng,ACTBL2_locus0,5:57673811
5,57673811,5:57673811:T:A,5,57672116,5:57672116:C:A,0.963167,1695,5:57673811,chr5,57673811,57673811,none,ACTBL2,1,Zheng,ACTBL2_locus0,5:57673811
5,57673811,5:57673811:T:A,5,57673433,5:57673433:G:T,0.968067,378,5:57673811,chr5,57673811,57673811,none,ACTBL2,1,Zheng,ACTBL2_locus0,5:57673811
5,57673811,5:57673811:T:A,5,57673811,5:57673811:T:A,1.0,0,5:57673811,chr5,57673811,57673811,none,ACTBL2,1,Zheng,ACTBL2_locus0,5:57673811
5,57673811,5:57673811:T:A,5,57674824,5:57674824:TG:T,0.980607,1013,5:57673811,chr5,57673811,57673811,none,ACTBL2,1,Zheng,ACTBL2_locus0,5:57673811
5,57673811,5:57673811:T:A,5,57675214,5:57675214:C:T,0.98009,1403,5:57673811,chr5,57673811,57673811,none,ACTBL2,1,Zheng,ACTBL2_locus0,5:57673811
5,57673811,5:57673811:T:A,5,57675553,5:57675553:A:G,0.980607,1742,5:57673811,chr5,57673811,57673811,none,ACTBL2,1,Zheng,ACTBL2_locus0,5:57673811
5,57673811,5:57673811:T:A,5,57676248,5:57676248:A:G,1.0,2437,5:57673811,chr5,57673811,57673811,none,ACTBL2,1,Zheng,ACTBL2_locus0,5:57673811
5,57673811,5:57673811:T:A,5,57676298,5:57676298:A:G,0.974963,2487,5:57673811,chr5,57673811,57673811,none,ACTBL2,1,Zheng,ACTBL2_locus0,5:57673811
5,57673811,5:57673811:T:A,5,57676759,5:57676759:A:C,0.980057,2948,5:57673811,chr5,57673811,57673811,none,ACTBL2,1,Zheng,ACTBL2_locus0,5:57673811
5,57673811,5:57673811:T:A,5,57677947,5:57677947:C:A,0.972554,4136,5:57673811,chr5,57673811,57673811,none,ACTBL2,1,Zheng,ACTBL2_locus0,5:57673811
5,57673811,5:57673811:T:A,5,57678195,5:57678195:A:G,0.973911,4384,5:57673811,chr5,57673811,57673811,none,ACTBL2,1,Zheng,ACTBL2_locus0,5:57673811
5,57673811,5:57673811:T:A,5,57678725,5:57678725:C:T,0.999447,4914,5:57673811,chr5,57673811,57673811,none,ACTBL2,1,Zheng,ACTBL2_locus0,5:57673811
5,57673811,5:57673811:T:A,5,57678808,5:57678808:A:G,0.974459,4997,5:57673811,chr5,57673811,57673811,none,ACTBL2,1,Zheng,ACTBL2_locus0,5:57673811
5,57673811,5:57673811:T:A,5,57678851,5:57678851:CT:C,0.98009,5040,5:57673811,chr5,57673811,57673811,none,ACTBL2,1,Zheng,ACTBL2_locus0,5:57673811
5,57673811,5:57673811:T:A,5,57680136,5:57680136:A:G,0.972818,6325,5:57673811,chr5,57673811,57673811,none,ACTBL2,1,Zheng,ACTBL2_locus0,5:57673811
5,57673811,5:57673811:T:A,5,57680435,5:57680435:C:G,0.973364,6624,5:57673811,chr5,57673811,57673811,none,ACTBL2,1,Zheng,ACTBL2_locus0,5:57673811
5,57673811,5:57673811:T:A,5,57682360,5:57682360:C:T,0.973911,8549,5:57673811,chr5,57673811,57673811,none,ACTBL2,1,Zheng,ACTBL2_locus0,5:57673811
5,57673811,5:57673811:T:A,5,57683167,5:57683167:T:C,0.973364,9356,5:57673811,chr5,57673811,57673811,none,ACTBL2,1,Zheng,ACTBL2_locus0,5:57673811
5,57673811,5:57673811:T:A,5,57685174,5:57685174:G:T,0.973826,11363,5:57673811,chr5,57673811,57673811,none,ACTBL2,1,Zheng,ACTBL2_locus0,5:57673811
5,57673811,5:57673811:T:A,5,57686400,5:57686400:G:T,0.973868,12589,5:57673811,chr5,57673811,57673811,none,ACTBL2,1,Zheng,ACTBL2_locus0,5:57673811
5,57673811,5:57673811:T:A,5,57687836,5:57687836:T:C,0.973321,14025,5:57673811,chr5,57673811,57673811,none,ACTBL2,1,Zheng,ACTBL2_locus0,5:57673811
5,57673811,5:57673811:T:A,5,57688798,5:57688798:G:A,0.972747,14987,5:57673811,chr5,57673811,57673811,none,ACTBL2,1,Zheng,ACTBL2_locus0,5:57673811
5,57673811,5:57673811:T:A,5,57689843,5:57689843:T:C,0.969558,16032,5:57673811,chr5,57673811,57673811,none,ACTBL2,1,Zheng,ACTBL2_locus0,5:57673811
5,57673811,5:57673811:T:A,5,57690251,5:57690251:C:A,0.969057,16440,5:57673811,chr5,57673811,57673811,none,ACTBL2,1,Zheng,ACTBL2_locus0,5:57673811
5,57680271,5:57680271:A:G,5,57660094,5:57660094:A:G,0.981295,20177,5:57680271,chr5,57680271,57680271,rs10487613,ACTBL2,2,Jurgens,ACTBL2_locus0,5:57680271
5,57680271,5:57680271:A:G,5,57660157,5:57660157:A:G,0.981295,20114,5:57680271,chr5,57680271,57680271,rs10487613,ACTBL2,2,Jurgens,ACTBL2_locus0,5:57680271
5,57680271,5:57680271:A:G,5,57663792,5:57663792:A:G,0.982991,16479,5:57680271,chr5,57680271,57680271,rs10487613,ACTBL2,2,Jurgens,ACTBL2_locus0,5:57680271
5,57680271,5:57680271:A:G,5,57663793,5:57663794:C:CTT,0.862159,16478,5:57680271,chr5,57680271,57680271,rs10487613,ACTBL2,2,Jurgens,ACTBL2_locus0,5:57680271
5,57680271,5:57680271:A:G,5,57668936,5:57668936:C:T,0.994327,11335,5:57680271,chr5,57680271,57680271,rs10487613,ACTBL2,2,Jurgens,ACTBL2_locus0,5:57680271
5,57680271,5:57680271:A:G,5,57670275,5:57670275:G:T,0.966854,9996,5:57680271,chr5,57680271,57680271,rs10487613,ACTBL2,2,Jurgens,ACTBL2_locus0,5:57680271
5,57680271,5:57680271:A:G,5,57670715,5:57670715:T:G,0.996213,9556,5:57680271,chr5,57680271,57680271,rs10487613,ACTBL2,2,Jurgens,ACTBL2_locus0,5:57680271
5,57680271,5:57680271:A:G,5,57679233,5:57679233:A:G,0.998108,1038,5:57680271,chr5,57680271,57680271,rs10487613,ACTBL2,2,Jurgens,ACTBL2_locus0,5:57680271
5,57680271,5:57680271:A:G,5,57679835,5:57679835:A:G,0.825358,436,5:57680271,chr5,57680271,57680271,rs10487613,ACTBL2,2,Jurgens,ACTBL2_locus0,5:57680271
5,57680271,5:57680271:A:G,5,57680271,5:57680271:A:G,1.0,0,5:57680271,chr5,57680271,57680271,rs10487613,ACTBL2,2,Jurgens,ACTBL2_locus0,5:57680271
5,57680271,5:57680271:A:G,5,57681404,5:57681404:C:T,0.998117,1133,5:57680271,chr5,57680271,57680271,rs10487613,ACTBL2,2,Jurgens,ACTBL2_locus0,5:57680271
5,57680271,5:57680271:A:G,5,57683686,5:57683686:A:G,0.998105,3415,5:57680271,chr5,57680271,57680271,rs10487613,ACTBL2,2,Jurgens,ACTBL2_locus0,5:57680271
5,57680271,5:57680271:A:G,5,57685000,5:57685000:A:T,0.998105,4729,5:57680271,chr5,57680271,57680271,rs10487613,ACTBL2,2,Jurgens,ACTBL2_locus0,5:57680271
5,57680271,5:57680271:A:G,5,57688674,5:57688674:T:C,0.996213,8403,5:57680271,chr5,57680271,57680271,rs10487613,ACTBL2,2,Jurgens,ACTBL2_locus0,5:57680271
5,57680271,5:57680271:A:G,5,57690333,5:57690333:C:A,0.967192,10062,5:57680271,chr5,57680271,57680271,rs10487613,ACTBL2,2,Jurgens,ACTBL2_locus0,5:57680271
5,57680271,5:57680271:A:G,5,57690624,5:57690624:C:A,0.817722,10353,5:57680271,chr5,57680271,57680271,rs10487613,ACTBL2,2,Jurgens,ACTBL2_locus0,5:57680271
5,57680271,5:57680271:A:G,5,57690889,5:57690889:T:C,0.87785,10618,5:57680271,chr5,57680271,57680271,rs10487613,ACTBL2,2,Jurgens,ACTBL2_locus0,5:57680271
5,57680271,5:57680271:A:G,5,57693080,5:57693080:T:TA,0.923613,12809,5:57680271,chr5,57680271,57680271,rs10487613,ACTBL2,2,Jurgens,ACTBL2_locus0,5:57680271
5,57680271,5:57680271:A:G,5,57697463,5:57697463:A:C,0.808338,17192,5:57680271,chr5,57680271,57680271,rs10487613,ACTBL2,2,Jurgens,ACTBL2_locus0,5:57680271
5,57680271,5:57680271:A:G,5,57698702,5:57698702:A:C,0.923613,18431,5:57680271,chr5,57680271,57680271,rs10487613,ACTBL2,2,Jurgens,ACTBL2_locus0,5:57680271
5,57680271,5:57680271:A:G,5,57699211,5:57699211:A:C,0.923613,18940,5:57680271,chr5,57680271,57680271,rs10487613,ACTBL2,2,Jurgens,ACTBL2_locus0,5:57680271
5,57680271,5:57680271:A:G,5,57699822,5:57699822:C:T,0.925494,19551,5:57680271,chr5,57680271,57680271,rs10487613,ACTBL2,2,Jurgens,ACTBL2_locus0,5:57680271
5,57680271,5:57680271:A:G,5,57700364,5:57700364:A:T,0.925494,20093,5:57680271,chr5,57680271,57680271,rs10487613,ACTBL2,2,Jurgens,ACTBL2_locus0,5:57680271
5,57680271,5:57680271:A:G,5,57700733,5:57700733:G:C,0.923613,20462,5:57680271,chr5,57680271,57680271,rs10487613,ACTBL2,2,Jurgens,ACTBL2_locus0,5:57680271
5,57680271,5:57680271:A:G,5,57701274,5:57701274:A:T,0.923613,21003,5:57680271,chr5,57680271,57680271,rs10487613,ACTBL2,2,Jurgens,ACTBL2_locus0,5:57680271
5,57680271,5:57680271:A:G,5,57702028,5:57702028:T:C,0.923613,21757,5:57680271,chr5,57680271,57680271,rs10487613,ACTBL2,2,Jurgens,ACTBL2_locus0,5:57680271
5,57680271,5:57680271:A:G,5,57703866,5:57703866:A:G,0.923613,23595,5:57680271,chr5,57680271,57680271,rs10487613,ACTBL2,2,Jurgens,ACTBL2_locus0,5:57680271
5,57680271,5:57680271:A:G,5,57706502,5:57706502:C:T,0.923613,26231,5:57680271,chr5,57680271,57680271,rs10487613,ACTBL2,2,Jurgens,ACTBL2_locus0,5:57680271
5,57680271,5:57680271:A:G,5,57715577,5:57715577:G:A,0.914665,35306,5:57680271,chr5,57680271,57680271,rs10487613,ACTBL2,2,Jurgens,ACTBL2_locus0,5:57680271
5,57680271,5:57680271:A:G,5,57715642,5:57715642:A:T,0.914665,35371,5:57680271,chr5,57680271,57680271,rs10487613,ACTBL2,2,Jurgens,ACTBL2_locus0,5:57680271
5,57680271,5:57680271:A:G,5,57718369,5:57718369:C:T,0.9203,38098,5:57680271,chr5,57680271,57680271,rs10487613,ACTBL2,2,Jurgens,ACTBL2_locus0,5:57680271
5,57680271,5:57680271:A:G,5,57718473,5:57718473:A:G,0.804336,38202,5:57680271,chr5,57680271,57680271,rs10487613,ACTBL2,2,Jurgens,ACTBL2_locus0,5:57680271
5,57680271,5:57680271:A:G,5,57719100,5:57719100:G:A,0.9203,38829,5:57680271,chr5,57680271,57680271,rs10487613,ACTBL2,2,Jurgens,ACTBL2_locus0,5:57680271
5,57680271,5:57680271:A:G,5,57723264,5:57723264:T:C,0.910914,42993,5:57680271,chr5,57680271,57680271,rs10487613,ACTBL2,2,Jurgens,ACTBL2_locus0,5:57680271
5,57680271,5:57680271:A:G,5,57731815,5:57731815:A:G,0.908122,51544,5:57680271,chr5,57680271,57680271,rs10487613,ACTBL2,2,Jurgens,ACTBL2_locus0,5:57680271
5,57680271,5:57680271:A:G,5,57733441,5:57733441:A:G,0.912789,53170,5:57680271,chr5,57680271,57680271,rs10487613,ACTBL2,2,Jurgens,ACTBL2_locus0,5:57680271
5,57680271,5:57680271:A:G,5,57740824,5:57740824:G:A,0.917008,60553,5:57680271,chr5,57680271,57680271,rs10487613,ACTBL2,2,Jurgens,ACTBL2_locus0,5:57680271
5,133061659,5:133061659:G:A,5,133013962,5:133013962:T:G,0.823464,47697,5:133061659,chr5,133061659,133061659,rs55747751,HSPA4,3,Zheng,HSPA4_locus0,5:133061659
5,133061659,5:133061659:G:A,5,133024961,5:133024961:A:G,0.815866,36698,5:133061659,chr5,133061659,133061659,rs55747751,HSPA4,3,Zheng,HSPA4_locus0,5:133061659
5,133061659,5:133061659:G:A,5,133061659,5:133061659:G:A,1.0,0,5:133061659,chr5,133061659,133061659,rs55747751,HSPA4,3,Zheng,HSPA4_locus0,5:133061659
5,133061659,5:133061659:G:A,5,133091159,5:133091159:GTT:G,0.83873,29500,5:133061659,chr5,133061659,133061659,rs55747751,HSPA4,3,Zheng,HSPA4_locus0,5:133061659
5,133061659,5:133061659:G:A,5,133108436,5:133108436:G:A,0.83873,46777,5:133061659,chr5,133061659,133061659,rs55747751,HSPA4,3,Zheng,HSPA4_locus0,5:133061659
5,133108436,5:133108436:G:A,5,133061659,5:133061659:G:A,0.83873,46777,5:133108436,chr5,133108436,133108436,rs72801474,HSPA4,5,both,HSPA4_locus0,5:133108436
5,133108436,5:133108436:G:A,5,133091159,5:133091159:GTT:G,1.0,17277,5:133108436,chr5,133108436,133108436,rs72801474,HSPA4,5,both,HSPA4_locus0,5:133108436
5,133108436,5:133108436:G:A,5,133108436,5:133108436:G:A,1.0,0,5:133108436,chr5,133108436,133108436,rs72801474,HSPA4,5,both,HSPA4_locus0,5:133108436
5,139426616,5:139426616:T:G,5,139394348,5:139394348:T:C,0.922043,32268,5:139426616,chr5,139426616,139426616,rs11242465,DNAJC18,3,Jurgens,DNAJC18_locus0,5:139426616
5,139426616,5:139426616:T:G,5,139426616,5:139426616:T:G,1.0,0,5:139426616,chr5,139426616,139426616,rs11242465,DNAJC18,3,Jurgens,DNAJC18_locus0,5:139426616
5,139437401,5:139437401:A:G,5,139378470,5:139378470:G:A,0.821266,58931,5:139437401,chr5,139437401,139437401,rs10900864,DNAJC18,2,Zheng,DNAJC18_locus0,5:139437401
5,139437401,5:139437401:A:G,5,139378785,5:139378785:G:A,0.827426,58616,5:139437401,chr5,139437401,139437401,rs10900864,DNAJC18,2,Zheng,DNAJC18_locus0,5:139437401
5,139437401,5:139437401:A:G,5,139383136,5:139383136:C:G,0.804869,54265,5:139437401,chr5,139437401,139437401,rs10900864,DNAJC18,2,Zheng,DNAJC18_locus0,5:139437401
5,139437401,5:139437401:A:G,5,139383969,5:139383969:T:C,0.809545,53432,5:139437401,chr5,139437401,139437401,rs10900864,DNAJC18,2,Zheng,DNAJC18_locus0,5:139437401
5,139437401,5:139437401:A:G,5,139384467,5:139384467:C:T,0.866156,52934,5:139437401,chr5,139437401,139437401,rs10900864,DNAJC18,2,Zheng,DNAJC18_locus0,5:139437401
5,139437401,5:139437401:A:G,5,139385475,5:139385475:C:T,0.867582,51926,5:139437401,chr5,139437401,139437401,rs10900864,DNAJC18,2,Zheng,DNAJC18_locus0,5:139437401
5,139437401,5:139437401:A:G,5,139385782,5:139385782:CCCTTTCTCA:C,0.849328,51619,5:139437401,chr5,139437401,139437401,rs10900864,DNAJC18,2,Zheng,DNAJC18_locus0,5:139437401
5,139437401,5:139437401:A:G,5,139396890,5:139396890:C:T,0.882411,40511,5:139437401,chr5,139437401,139437401,rs10900864,DNAJC18,2,Zheng,DNAJC18_locus0,5:139437401
5,139437401,5:139437401:A:G,5,139398122,5:139398122:C:T,0.815725,39279,5:139437401,chr5,139437401,139437401,rs10900864,DNAJC18,2,Zheng,DNAJC18_locus0,5:139437401
5,139437401,5:139437401:A:G,5,139399917,5:139399917:C:T,0.816614,37484,5:139437401,chr5,139437401,139437401,rs10900864,DNAJC18,2,Zheng,DNAJC18_locus0,5:139437401
5,139437401,5:139437401:A:G,5,139400806,5:139400806:T:C,0.885791,36595,5:139437401,chr5,139437401,139437401,rs10900864,DNAJC18,2,Zheng,DNAJC18_locus0,5:139437401
5,139437401,5:139437401:A:G,5,139402489,5:139402489:C:T,0.887297,34912,5:139437401,chr5,139437401,139437401,rs10900864,DNAJC18,2,Zheng,DNAJC18_locus0,5:139437401
5,139437401,5:139437401:A:G,5,139402962,5:139402962:T:C,0.880763,34439,5:139437401,chr5,139437401,139437401,rs10900864,DNAJC18,2,Zheng,DNAJC18_locus0,5:139437401
5,139437401,5:139437401:A:G,5,139405655,5:139405656:C:CT,0.804866,31746,5:139437401,chr5,139437401,139437401,rs10900864,DNAJC18,2,Zheng,DNAJC18_locus0,5:139437401
5,139437401,5:139437401:A:G,5,139406123,5:139406123:G:A,0.868699,31278,5:139437401,chr5,139437401,139437401,rs10900864,DNAJC18,2,Zheng,DNAJC18_locus0,5:139437401
5,139437401,5:139437401:A:G,5,139407462,5:139407462:G:T,0.867633,29939,5:139437401,chr5,139437401,139437401,rs10900864,DNAJC18,2,Zheng,DNAJC18_locus0,5:139437401
5,139437401,5:139437401:A:G,5,139407567,5:139407567:A:G,0.804477,29834,5:139437401,chr5,139437401,139437401,rs10900864,DNAJC18,2,Zheng,DNAJC18_locus0,5:139437401
5,139437401,5:139437401:A:G,5,139410645,5:139410645:G:C,0.817819,26756,5:139437401,chr5,139437401,139437401,rs10900864,DNAJC18,2,Zheng,DNAJC18_locus0,5:139437401
5,139437401,5:139437401:A:G,5,139419052,5:139419052:T:C,0.800397,18349,5:139437401,chr5,139437401,139437401,rs10900864,DNAJC18,2,Zheng,DNAJC18_locus0,5:139437401
5,139437401,5:139437401:A:G,5,139421136,5:139421136:A:G,0.839732,16265,5:139437401,chr5,139437401,139437401,rs10900864,DNAJC18,2,Zheng,DNAJC18_locus0,5:139437401
5,139437401,5:139437401:A:G,5,139426750,5:139426750:A:G,0.913267,10651,5:139437401,chr5,139437401,139437401,rs10900864,DNAJC18,2,Zheng,DNAJC18_locus0,5:139437401
5,139437401,5:139437401:A:G,5,139427640,5:139427640:A:G,0.908694,9761,5:139437401,chr5,139437401,139437401,rs10900864,DNAJC18,2,Zheng,DNAJC18_locus0,5:139437401
5,139437401,5:139437401:A:G,5,139428118,5:139428118:T:C,0.91224,9283,5:139437401,chr5,139437401,139437401,rs10900864,DNAJC18,2,Zheng,DNAJC18_locus0,5:139437401
5,139437401,5:139437401:A:G,5,139428226,5:139428226:A:G,0.913823,9175,5:139437401,chr5,139437401,139437401,rs10900864,DNAJC18,2,Zheng,DNAJC18_locus0,5:139437401
5,139437401,5:139437401:A:G,5,139429310,5:139429310:C:T,0.912477,8091,5:139437401,chr5,139437401,139437401,rs10900864,DNAJC18,2,Zheng,DNAJC18_locus0,5:139437401
5,139437401,5:139437401:A:G,5,139430586,5:139430586:C:CTT,0.900841,6815,5:139437401,chr5,139437401,139437401,rs10900864,DNAJC18,2,Zheng,DNAJC18_locus0,5:139437401
5,139437401,5:139437401:A:G,5,139431199,5:139431199:C:G,0.917279,6202,5:139437401,chr5,139437401,139437401,rs10900864,DNAJC18,2,Zheng,DNAJC18_locus0,5:139437401
5,139437401,5:139437401:A:G,5,139431876,5:139431876:A:C,0.929153,5525,5:139437401,chr5,139437401,139437401,rs10900864,DNAJC18,2,Zheng,DNAJC18_locus0,5:139437401
5,139437401,5:139437401:A:G,5,139434748,5:139434748:T:TTG,0.807778,2653,5:139437401,chr5,139437401,139437401,rs10900864,DNAJC18,2,Zheng,DNAJC18_locus0,5:139437401
5,139437401,5:139437401:A:G,5,139436491,5:139436491:G:A,0.856676,910,5:139437401,chr5,139437401,139437401,rs10900864,DNAJC18,2,Zheng,DNAJC18_locus0,5:139437401
5,139437401,5:139437401:A:G,5,139437401,5:139437401:A:G,1.0,0,5:139437401,chr5,139437401,139437401,rs10900864,DNAJC18,2,Zheng,DNAJC18_locus0,5:139437401
5,139437401,5:139437401:A:G,5,139438185,5:139438185:A:G,0.842168,784,5:139437401,chr5,139437401,139437401,rs10900864,DNAJC18,2,Zheng,DNAJC18_locus0,5:139437401
5,139437401,5:139437401:A:G,5,139438315,5:139438315:C:CA,0.959387,914,5:139437401,chr5,139437401,139437401,rs10900864,DNAJC18,2,Zheng,DNAJC18_locus0,5:139437401
5,139437401,5:139437401:A:G,5,139438342,5:139438342:AT:A,0.943534,941,5:139437401,chr5,139437401,139437401,rs10900864,DNAJC18,2,Zheng,DNAJC18_locus0,5:139437401
5,139437401,5:139437401:A:G,5,139439863,5:139439863:G:T,0.975267,2462,5:139437401,chr5,139437401,139437401,rs10900864,DNAJC18,2,Zheng,DNAJC18_locus0,5:139437401
5,144140812,5:144140812:A:G,5,144107921,5:144107921:G:A,0.969857,32891,5:144140812,chr5,144140812,144140812,rs11167845,YIPF5,3,Jurgens,YIPF5_locus0,5:144140812
5,144140812,5:144140812:A:G,5,144108332,5:144108332:T:A,0.849456,32480,5:144140812,chr5,144140812,144140812,rs11167845,YIPF5,3,Jurgens,YIPF5_locus0,5:144140812
5,144140812,5:144140812:A:G,5,144109236,5:144109236:T:A,0.971201,31576,5:144140812,chr5,144140812,144140812,rs11167845,YIPF5,3,Jurgens,YIPF5_locus0,5:144140812
5,144140812,5:144140812:A:G,5,144109573,5:144109573:T:A,0.971201,31239,5:144140812,chr5,144140812,144140812,rs11167845,YIPF5,3,Jurgens,YIPF5_locus0,5:144140812
5,144140812,5:144140812:A:G,5,144110485,5:144110485:G:T,0.971201,30327,5:144140812,chr5,144140812,144140812,rs11167845,YIPF5,3,Jurgens,YIPF5_locus0,5:144140812
5,144140812,5:144140812:A:G,5,144112143,5:144112143:A:T,0.960402,28669,5:144140812,chr5,144140812,144140812,rs11167845,YIPF5,3,Jurgens,YIPF5_locus0,5:144140812
5,144140812,5:144140812:A:G,5,144112302,5:144112302:G:T,0.979358,28510,5:144140812,chr5,144140812,144140812,rs11167845,YIPF5,3,Jurgens,YIPF5_locus0,5:144140812
5,144140812,5:144140812:A:G,5,144112457,5:144112457:C:T,0.971876,28355,5:144140812,chr5,144140812,144140812,rs11167845,YIPF5,3,Jurgens,YIPF5_locus0,5:144140812
5,144140812,5:144140812:A:G,5,144112927,5:144112927:A:C,0.963734,27885,5:144140812,chr5,144140812,144140812,rs11167845,YIPF5,3,Jurgens,YIPF5_locus0,5:144140812
5,144140812,5:144140812:A:G,5,144113166,5:144113166:C:T,0.963734,27646,5:144140812,chr5,144140812,144140812,rs11167845,YIPF5,3,Jurgens,YIPF5_locus0,5:144140812
5,144140812,5:144140812:A:G,5,144113299,5:144113299:T:G,0.963761,27513,5:144140812,chr5,144140812,144140812,rs11167845,YIPF5,3,Jurgens,YIPF5_locus0,5:144140812
5,144140812,5:144140812:A:G,5,144113684,5:144113684:TAG:T,0.975376,27128,5:144140812,chr5,144140812,144140812,rs11167845,YIPF5,3,Jurgens,YIPF5_locus0,5:144140812
5,144140812,5:144140812:A:G,5,144114732,5:144114732:G:A,0.969178,26080,5:144140812,chr5,144140812,144140812,rs11167845,YIPF5,3,Jurgens,YIPF5_locus0,5:144140812
5,144140812,5:144140812:A:G,5,144120269,5:144120269:G:A,0.987649,20543,5:144140812,chr5,144140812,144140812,rs11167845,YIPF5,3,Jurgens,YIPF5_locus0,5:144140812
5,144140812,5:144140812:A:G,5,144123372,5:144123372:T:C,0.983475,17440,5:144140812,chr5,144140812,144140812,rs11167845,YIPF5,3,Jurgens,YIPF5_locus0,5:144140812
5,144140812,5:144140812:A:G,5,144123442,5:144123442:G:A,0.954867,17370,5:144140812,chr5,144140812,144140812,rs11167845,YIPF5,3,Jurgens,YIPF5_locus0,5:144140812
5,144140812,5:144140812:A:G,5,144124445,5:144124445:T:C,0.980078,16367,5:144140812,chr5,144140812,144140812,rs11167845,YIPF5,3,Jurgens,YIPF5_locus0,5:144140812
5,144140812,5:144140812:A:G,5,144124537,5:144124537:A:G,0.980078,16275,5:144140812,chr5,144140812,144140812,rs11167845,YIPF5,3,Jurgens,YIPF5_locus0,5:144140812
5,144140812,5:144140812:A:G,5,144126931,5:144126931:T:C,0.97324,13881,5:144140812,chr5,144140812,144140812,rs11167845,YIPF5,3,Jurgens,YIPF5_locus0,5:144140812
5,144140812,5:144140812:A:G,5,144127264,5:144127264:G:T,0.97597,13548,5:144140812,chr5,144140812,144140812,rs11167845,YIPF5,3,Jurgens,YIPF5_locus0,5:144140812
5,144140812,5:144140812:A:G,5,144127416,5:144127416:G:T,0.97597,13396,5:144140812,chr5,144140812,144140812,rs11167845,YIPF5,3,Jurgens,YIPF5_locus0,5:144140812
5,144140812,5:144140812:A:G,5,144128599,5:144128599:A:T,0.97597,12213,5:144140812,chr5,144140812,144140812,rs11167845,YIPF5,3,Jurgens,YIPF5_locus0,5:144140812
5,144140812,5:144140812:A:G,5,144128833,5:144128833:TA:T,0.903445,11979,5:144140812,chr5,144140812,144140812,rs11167845,YIPF5,3,Jurgens,YIPF5_locus0,5:144140812
5,144140812,5:144140812:A:G,5,144129163,5:144129163:C:A,0.975295,11649,5:144140812,chr5,144140812,144140812,rs11167845,YIPF5,3,Jurgens,YIPF5_locus0,5:144140812
5,144140812,5:144140812:A:G,5,144129934,5:144129934:G:T,0.97597,10878,5:144140812,chr5,144140812,144140812,rs11167845,YIPF5,3,Jurgens,YIPF5_locus0,5:144140812
5,144140812,5:144140812:A:G,5,144131259,5:144131259:A:G,0.97597,9553,5:144140812,chr5,144140812,144140812,rs11167845,YIPF5,3,Jurgens,YIPF5_locus0,5:144140812
5,144140812,5:144140812:A:G,5,144132074,5:144132074:C:CT,0.973243,8738,5:144140812,chr5,144140812,144140812,rs11167845,YIPF5,3,Jurgens,YIPF5_locus0,5:144140812
5,144140812,5:144140812:A:G,5,144134703,5:144134703:C:T,0.972551,6109,5:144140812,chr5,144140812,144140812,rs11167845,YIPF5,3,Jurgens,YIPF5_locus0,5:144140812
5,144140812,5:144140812:A:G,5,144134828,5:144134828:C:T,0.97393,5984,5:144140812,chr5,144140812,144140812,rs11167845,YIPF5,3,Jurgens,YIPF5_locus0,5:144140812
5,144140812,5:144140812:A:G,5,144135482,HGSV_86014,0.969272,5330,5:144140812,chr5,144140812,144140812,rs11167845,YIPF5,3,Jurgens,YIPF5_locus0,5:144140812
5,144140812,5:144140812:A:G,5,144136097,5:144136097:T:C,0.976648,4715,5:144140812,chr5,144140812,144140812,rs11167845,YIPF5,3,Jurgens,YIPF5_locus0,5:144140812
5,144140812,5:144140812:A:G,5,144136712,5:144136712:A:T,0.976648,4100,5:144140812,chr5,144140812,144140812,rs11167845,YIPF5,3,Jurgens,YIPF5_locus0,5:144140812
5,144140812,5:144140812:A:G,5,144136848,5:144136848:A:T,0.976648,3964,5:144140812,chr5,144140812,144140812,rs11167845,YIPF5,3,Jurgens,YIPF5_locus0,5:144140812
5,144140812,5:144140812:A:G,5,144138752,5:144138752:C:A,0.940678,2060,5:144140812,chr5,144140812,144140812,rs11167845,YIPF5,3,Jurgens,YIPF5_locus0,5:144140812
5,144140812,5:144140812:A:G,5,144138819,5:144138819:T:G,0.976653,1993,5:144140812,chr5,144140812,144140812,rs11167845,YIPF5,3,Jurgens,YIPF5_locus0,5:144140812
5,144140812,5:144140812:A:G,5,144139088,5:144139088:G:A,0.977328,1724,5:144140812,chr5,144140812,144140812,rs11167845,YIPF5,3,Jurgens,YIPF5_locus0,5:144140812
5,144140812,5:144140812:A:G,5,144139803,5:144139803:T:G,0.977328,1009,5:144140812,chr5,144140812,144140812,rs11167845,YIPF5,3,Jurgens,YIPF5_locus0,5:144140812
5,144140812,5:144140812:A:G,5,144140812,5:144140812:A:G,1.0,0,5:144140812,chr5,144140812,144140812,rs11167845,YIPF5,3,Jurgens,YIPF5_locus0,5:144140812
5,144140812,5:144140812:A:G,5,144143025,5:144143025:C:T,0.929073,2213,5:144140812,chr5,144140812,144140812,rs11167845,YIPF5,3,Jurgens,YIPF5_locus0,5:144140812
6,36679512,6:36679512:G:A,6,36678991,6:36678991:C:CTA,0.972934,521,6:36679512,chr6,36679512,36679512,rs3176326,CDKN1A,2,both,CDKN1A_locus0,6:36679512
6,36679512,6:36679512:G:A,6,36679512,6:36679512:G:A,1.0,0,6:36679512,chr6,36679512,36679512,rs3176326,CDKN1A,2,both,CDKN1A_locus0,6:36679512
6,36679512,6:36679512:G:A,6,36680287,6:36680287:CGCGT:C,0.927117,775,6:36679512,chr6,36679512,36679512,rs3176326,CDKN1A,2,both,CDKN1A_locus0,6:36679512
6,54092790,6:54092790:T:C,6,54034543,6:54034543:C:T,0.819712,58247,6:54092790,chr6,54092790,54092790,rs625899,MLIP,4,Jurgens,MLIP_locus0,6:54092790
6,54092790,6:54092790:T:C,6,54038045,6:54038045:G:A,0.821537,54745,6:54092790,chr6,54092790,54092790,rs625899,MLIP,4,Jurgens,MLIP_locus0,6:54092790
6,54092790,6:54092790:T:C,6,54038354,6:54038354:G:A,0.819319,54436,6:54092790,chr6,54092790,54092790,rs625899,MLIP,4,Jurgens,MLIP_locus0,6:54092790
6,54092790,6:54092790:T:C,6,54039549,6:54039549:T:C,0.813539,53241,6:54092790,chr6,54092790,54092790,rs625899,MLIP,4,Jurgens,MLIP_locus0,6:54092790
6,54092790,6:54092790:T:C,6,54046190,6:54046190:T:G,0.808182,46600,6:54092790,chr6,54092790,54092790,rs625899,MLIP,4,Jurgens,MLIP_locus0,6:54092790
6,54092790,6:54092790:T:C,6,54047815,6:54047815:C:T,0.800811,44975,6:54092790,chr6,54092790,54092790,rs625899,MLIP,4,Jurgens,MLIP_locus0,6:54092790
6,54092790,6:54092790:T:C,6,54056876,6:54056876:T:C,0.8296,35914,6:54092790,chr6,54092790,54092790,rs625899,MLIP,4,Jurgens,MLIP_locus0,6:54092790
6,54092790,6:54092790:T:C,6,54059899,6:54059899:T:C,0.829521,32891,6:54092790,chr6,54092790,54092790,rs625899,MLIP,4,Jurgens,MLIP_locus0,6:54092790
6,54092790,6:54092790:T:C,6,54074926,6:54074926:A:G,0.911262,17864,6:54092790,chr6,54092790,54092790,rs625899,MLIP,4,Jurgens,MLIP_locus0,6:54092790
6,54092790,6:54092790:T:C,6,54081393,6:54081393:AT:A,0.806512,11397,6:54092790,chr6,54092790,54092790,rs625899,MLIP,4,Jurgens,MLIP_locus0,6:54092790
6,54092790,6:54092790:T:C,6,54086067,6:54086067:G:A,0.957059,6723,6:54092790,chr6,54092790,54092790,rs625899,MLIP,4,Jurgens,MLIP_locus0,6:54092790
6,54092790,6:54092790:T:C,6,54087816,6:54087817:C:CTT,0.964914,4974,6:54092790,chr6,54092790,54092790,rs625899,MLIP,4,Jurgens,MLIP_locus0,6:54092790
6,54092790,6:54092790:T:C,6,54092790,6:54092790:T:C,1.0,0,6:54092790,chr6,54092790,54092790,rs625899,MLIP,4,Jurgens,MLIP_locus0,6:54092790
6,90502416,6:90502416:C:A,6,90502416,6:90502416:C:A,1.0,0,6:90502416,chr6,90502416,90502416,rs205653,MAP3K7,4,both,MAP3K7_locus0,6:90502416
6,90502416,6:90502416:C:A,6,90503290,6:90503290:C:A,0.921155,874,6:90502416,chr6,90502416,90502416,rs205653,MAP3K7,4,both,MAP3K7_locus0,6:90502416
6,90502416,6:90502416:C:A,6,90504135,6:90504135:AAT:A,0.915345,1719,6:90502416,chr6,90502416,90502416,rs205653,MAP3K7,4,both,MAP3K7_locus0,6:90502416
6,90502416,6:90502416:C:A,6,90504143,6:90504143:A:AG,0.916007,1727,6:90502416,chr6,90502416,90502416,rs205653,MAP3K7,4,both,MAP3K7_locus0,6:90502416
6,90502416,6:90502416:C:A,6,90504146,6:90504146:AG:A,0.915345,1730,6:90502416,chr6,90502416,90502416,rs205653,MAP3K7,4,both,MAP3K7_locus0,6:90502416
6,90502416,6:90502416:C:A,6,90504531,6:90504531:A:G,0.859047,2115,6:90502416,chr6,90502416,90502416,rs205653,MAP3K7,4,both,MAP3K7_locus0,6:90502416
6,90502416,6:90502416:C:A,6,90508718,6:90508718:CTT:C,0.86657,6302,6:90502416,chr6,90502416,90502416,rs205653,MAP3K7,4,both,MAP3K7_locus0,6:90502416
6,90502416,6:90502416:C:A,6,90508754,6:90508754:A:C,0.921942,6338,6:90502416,chr6,90502416,90502416,rs205653,MAP3K7,4,both,MAP3K7_locus0,6:90502416
6,90502416,6:90502416:C:A,6,90511765,6:90511765:C:G,0.836035,9349,6:90502416,chr6,90502416,90502416,rs205653,MAP3K7,4,both,MAP3K7_locus0,6:90502416
6,118381458,6:118381458:C:T,6,118381458,6:118381458:C:T,1.0,0,6:118381458,chr6,118381458,118381458,rs57912492,PLN,3,Jurgens,PLN_locus0,6:118381458
6,118381458,6:118381458:C:T,6,118382371,6:118382371:T:C,0.9893,913,6:118381458,chr6,118381458,118381458,rs57912492,PLN,3,Jurgens,PLN_locus0,6:118381458
6,118381458,6:118381458:C:T,6,118385480,6:118385480:C:T,0.839009,4022,6:118381458,chr6,118381458,118381458,rs57912492,PLN,3,Jurgens,PLN_locus0,6:118381458
6,118381458,6:118381458:C:T,6,118393067,6:118393067:C:CAA,0.812914,11609,6:118381458,chr6,118381458,118381458,rs57912492,PLN,3,Jurgens,PLN_locus0,6:118381458
6,118381458,6:118381458:C:T,6,118400465,6:118400465:A:G,0.811685,19007,6:118381458,chr6,118381458,118381458,rs57912492,PLN,3,Jurgens,PLN_locus0,6:118381458
6,118381458,6:118381458:C:T,6,118420219,6:118420219:T:C,0.861461,38761,6:118381458,chr6,118381458,118381458,rs57912492,PLN,3,Jurgens,PLN_locus0,6:118381458
6,118381458,6:118381458:C:T,6,118451043,6:118451044:A:ATT,0.84494,69585,6:118381458,chr6,118381458,118381458,rs57912492,PLN,3,Jurgens,PLN_locus0,6:118381458
6,118381458,6:118381458:C:T,6,118502812,6:118502812:A:G,0.859425,121354,6:118381458,chr6,118381458,118381458,rs57912492,PLN,3,Jurgens,PLN_locus0,6:118381458
6,118381458,6:118381458:C:T,6,118517918,6:118517918:C:G,0.857842,136460,6:118381458,chr6,118381458,118381458,rs57912492,PLN,3,Jurgens,PLN_locus0,6:118381458
6,118381458,6:118381458:C:T,6,118518324,6:118518324:C:T,0.858777,136866,6:118381458,chr6,118381458,118381458,rs57912492,PLN,3,Jurgens,PLN_locus0,6:118381458
6,118381458,6:118381458:C:T,6,118555376,6:118555376:C:T,0.856325,173918,6:118381458,chr6,118381458,118381458,rs57912492,PLN,3,Jurgens,PLN_locus0,6:118381458
6,118381458,6:118381458:C:T,6,118565452,6:118565452:T:C,0.856325,183994,6:118381458,chr6,118381458,118381458,rs57912492,PLN,3,Jurgens,PLN_locus0,6:118381458
6,118381458,6:118381458:C:T,6,118641577,6:118641577:T:C,0.855078,260119,6:118381458,chr6,118381458,118381458,rs57912492,PLN,3,Jurgens,PLN_locus0,6:118381458
6,118381458,6:118381458:C:T,6,118656605,6:118656605:C:G,0.816694,275147,6:118381458,chr6,118381458,118381458,rs57912492,PLN,3,Jurgens,PLN_locus0,6:118381458
6,118381458,6:118381458:C:T,6,118657732,6:118657732:GC:G,0.818209,276274,6:118381458,chr6,118381458,118381458,rs57912492,PLN,3,Jurgens,PLN_locus0,6:118381458
6,118381458,6:118381458:C:T,6,118659393,6:118659393:G:C,0.818209,277935,6:118381458,chr6,118381458,118381458,rs57912492,PLN,3,Jurgens,PLN_locus0,6:118381458
6,118381458,6:118381458:C:T,6,118662518,6:118662518:G:C,0.818209,281060,6:118381458,chr6,118381458,118381458,rs57912492,PLN,3,Jurgens,PLN_locus0,6:118381458
6,118381458,6:118381458:C:T,6,118665035,6:118665035:G:A,0.818408,283577,6:118381458,chr6,118381458,118381458,rs57912492,PLN,3,Jurgens,PLN_locus0,6:118381458
6,118381458,6:118381458:C:T,6,118666989,6:118666989:C:T,0.80783,285531,6:118381458,chr6,118381458,118381458,rs57912492,PLN,3,Jurgens,PLN_locus0,6:118381458
6,118381458,6:118381458:C:T,6,118667199,6:118667199:A:G,0.812392,285741,6:118381458,chr6,118381458,118381458,rs57912492,PLN,3,Jurgens,PLN_locus0,6:118381458
6,149801509,6:149801509:G:A,6,149657633,6:149657633:T:C,0.802416,143876,6:149801509,chr6,149801509,149801509,rs9322223,LATS1,3,Zheng,LATS1_locus0,6:149801509
6,149801509,6:149801509:G:A,6,149664079,6:149664079:T:G,0.803052,137430,6:149801509,chr6,149801509,149801509,rs9322223,LATS1,3,Zheng,LATS1_locus0,6:149801509
6,149801509,6:149801509:G:A,6,149675705,6:149675705:T:C,0.805222,125804,6:149801509,chr6,149801509,149801509,rs9322223,LATS1,3,Zheng,LATS1_locus0,6:149801509
6,149801509,6:149801509:G:A,6,149676521,6:149676521:T:C,0.805222,124988,6:149801509,chr6,149801509,149801509,rs9322223,LATS1,3,Zheng,LATS1_locus0,6:149801509
6,149801509,6:149801509:G:A,6,149677147,6:149677147:A:AAAAC,0.805222,124362,6:149801509,chr6,149801509,149801509,rs9322223,LATS1,3,Zheng,LATS1_locus0,6:149801509
6,149801509,6:149801509:G:A,6,149722119,6:149722119:C:CT,0.859651,79390,6:149801509,chr6,149801509,149801509,rs9322223,LATS1,3,Zheng,LATS1_locus0,6:149801509
6,149801509,6:149801509:G:A,6,149742840,6:149742840:G:A,0.812858,58669,6:149801509,chr6,149801509,149801509,rs9322223,LATS1,3,Zheng,LATS1_locus0,6:149801509
6,149801509,6:149801509:G:A,6,149745206,6:149745206:G:C,0.811024,56303,6:149801509,chr6,149801509,149801509,rs9322223,LATS1,3,Zheng,LATS1_locus0,6:149801509
6,149801509,6:149801509:G:A,6,149751359,6:149751359:C:T,0.811621,50150,6:149801509,chr6,149801509,149801509,rs9322223,LATS1,3,Zheng,LATS1_locus0,6:149801509
6,149801509,6:149801509:G:A,6,149756283,6:149756283:T:TTTCTAA,0.81619,45226,6:149801509,chr6,149801509,149801509,rs9322223,LATS1,3,Zheng,LATS1_locus0,6:149801509
6,149801509,6:149801509:G:A,6,149763714,6:149763714:A:G,0.81619,37795,6:149801509,chr6,149801509,149801509,rs9322223,LATS1,3,Zheng,LATS1_locus0,6:149801509
6,149801509,6:149801509:G:A,6,149764529,6:149764529:A:C,0.815789,36980,6:149801509,chr6,149801509,149801509,rs9322223,LATS1,3,Zheng,LATS1_locus0,6:149801509
6,149801509,6:149801509:G:A,6,149766383,6:149766383:G:A,0.815292,35126,6:149801509,chr6,149801509,149801509,rs9322223,LATS1,3,Zheng,LATS1_locus0,6:149801509
6,149801509,6:149801509:G:A,6,149766491,6:149766491:C:A,0.81619,35018,6:149801509,chr6,149801509,149801509,rs9322223,LATS1,3,Zheng,LATS1_locus0,6:149801509
6,149801509,6:149801509:G:A,6,149767258,6:149767258:C:CT,0.810612,34251,6:149801509,chr6,149801509,149801509,rs9322223,LATS1,3,Zheng,LATS1_locus0,6:149801509
6,149801509,6:149801509:G:A,6,149767481,6:149767481:T:C,0.81619,34028,6:149801509,chr6,149801509,149801509,rs9322223,LATS1,3,Zheng,LATS1_locus0,6:149801509
6,149801509,6:149801509:G:A,6,149767547,6:149767547:A:G,0.81619,33962,6:149801509,chr6,149801509,149801509,rs9322223,LATS1,3,Zheng,LATS1_locus0,6:149801509
6,149801509,6:149801509:G:A,6,149767798,6:149767798:CGTTT:C,0.863411,33711,6:149801509,chr6,149801509,149801509,rs9322223,LATS1,3,Zheng,LATS1_locus0,6:149801509
6,149801509,6:149801509:G:A,6,149767816,6:149767816:T:C,0.81619,33693,6:149801509,chr6,149801509,149801509,rs9322223,LATS1,3,Zheng,LATS1_locus0,6:149801509
6,149801509,6:149801509:G:A,6,149768013,6:149768013:T:TA,0.81619,33496,6:149801509,chr6,149801509,149801509,rs9322223,LATS1,3,Zheng,LATS1_locus0,6:149801509
6,149801509,6:149801509:G:A,6,149769680,6:149769680:T:C,0.81619,31829,6:149801509,chr6,149801509,149801509,rs9322223,LATS1,3,Zheng,LATS1_locus0,6:149801509
6,149801509,6:149801509:G:A,6,149770637,6:149770637:C:T,0.804337,30872,6:149801509,chr6,149801509,149801509,rs9322223,LATS1,3,Zheng,LATS1_locus0,6:149801509
6,149801509,6:149801509:G:A,6,149770776,6:149770776:A:G,0.806732,30733,6:149801509,chr6,149801509,149801509,rs9322223,LATS1,3,Zheng,LATS1_locus0,6:149801509
6,149801509,6:149801509:G:A,6,149770854,6:149770854:C:CCCTG,0.811458,30655,6:149801509,chr6,149801509,149801509,rs9322223,LATS1,3,Zheng,LATS1_locus0,6:149801509
6,149801509,6:149801509:G:A,6,149771673,6:149771673:T:C,0.817089,29836,6:149801509,chr6,149801509,149801509,rs9322223,LATS1,3,Zheng,LATS1_locus0,6:149801509
6,149801509,6:149801509:G:A,6,149772542,6:149772542:C:T,0.825863,28967,6:149801509,chr6,149801509,149801509,rs9322223,LATS1,3,Zheng,LATS1_locus0,6:149801509
6,149801509,6:149801509:G:A,6,149772832,6:149772832:G:A,0.810981,28677,6:149801509,chr6,149801509,149801509,rs9322223,LATS1,3,Zheng,LATS1_locus0,6:149801509
6,149801509,6:149801509:G:A,6,149772845,6:149772845:G:A,0.809704,28664,6:149801509,chr6,149801509,149801509,rs9322223,LATS1,3,Zheng,LATS1_locus0,6:149801509
6,149801509,6:149801509:G:A,6,149773519,6:149773519:C:T,0.811621,27990,6:149801509,chr6,149801509,149801509,rs9322223,LATS1,3,Zheng,LATS1_locus0,6:149801509
6,149801509,6:149801509:G:A,6,149773578,6:149773578:T:C,0.811621,27931,6:149801509,chr6,149801509,149801509,rs9322223,LATS1,3,Zheng,LATS1_locus0,6:149801509
6,149801509,6:149801509:G:A,6,149774257,6:149774257:T:C,0.858469,27252,6:149801509,chr6,149801509,149801509,rs9322223,LATS1,3,Zheng,LATS1_locus0,6:149801509
6,149801509,6:149801509:G:A,6,149774301,6:149774301:G:A,0.810981,27208,6:149801509,chr6,149801509,149801509,rs9322223,LATS1,3,Zheng,LATS1_locus0,6:149801509
6,149801509,6:149801509:G:A,6,149774538,6:149774538:CT:C,0.820289,26971,6:149801509,chr6,149801509,149801509,rs9322223,LATS1,3,Zheng,LATS1_locus0,6:149801509
6,149801509,6:149801509:G:A,6,149775136,6:149775136:G:C,0.810981,26373,6:149801509,chr6,149801509,149801509,rs9322223,LATS1,3,Zheng,LATS1_locus0,6:149801509
6,149801509,6:149801509:G:A,6,149775216,6:149775216:T:A,0.811621,26293,6:149801509,chr6,149801509,149801509,rs9322223,LATS1,3,Zheng,LATS1_locus0,6:149801509
6,149801509,6:149801509:G:A,6,149775303,6:149775303:C:T,0.811621,26206,6:149801509,chr6,149801509,149801509,rs9322223,LATS1,3,Zheng,LATS1_locus0,6:149801509
6,149801509,6:149801509:G:A,6,149775882,6:149775882:A:G,0.825863,25627,6:149801509,chr6,149801509,149801509,rs9322223,LATS1,3,Zheng,LATS1_locus0,6:149801509
6,149801509,6:149801509:G:A,6,149776207,6:149776207:T:A,0.811621,25302,6:149801509,chr6,149801509,149801509,rs9322223,LATS1,3,Zheng,LATS1_locus0,6:149801509
6,149801509,6:149801509:G:A,6,149776321,HGSV_102192,0.811082,25188,6:149801509,chr6,149801509,149801509,rs9322223,LATS1,3,Zheng,LATS1_locus0,6:149801509
6,149801509,6:149801509:G:A,6,149776681,6:149776681:G:A,0.811621,24828,6:149801509,chr6,149801509,149801509,rs9322223,LATS1,3,Zheng,LATS1_locus0,6:149801509
6,149801509,6:149801509:G:A,6,149777465,6:149777465:T:TAAATG,0.811621,24044,6:149801509,chr6,149801509,149801509,rs9322223,LATS1,3,Zheng,LATS1_locus0,6:149801509
6,149801509,6:149801509:G:A,6,149777561,6:149777561:C:T,0.81033,23948,6:149801509,chr6,149801509,149801509,rs9322223,LATS1,3,Zheng,LATS1_locus0,6:149801509
6,149801509,6:149801509:G:A,6,149777641,6:149777641:T:C,0.811621,23868,6:149801509,chr6,149801509,149801509,rs9322223,LATS1,3,Zheng,LATS1_locus0,6:149801509
6,149801509,6:149801509:G:A,6,149777838,6:149777838:CTCCT:C,0.960451,23671,6:149801509,chr6,149801509,149801509,rs9322223,LATS1,3,Zheng,LATS1_locus0,6:149801509
6,149801509,6:149801509:G:A,6,149778389,6:149778389:C:T,0.811082,23120,6:149801509,chr6,149801509,149801509,rs9322223,LATS1,3,Zheng,LATS1_locus0,6:149801509
6,149801509,6:149801509:G:A,6,149778907,6:149778907:A:C,0.811224,22602,6:149801509,chr6,149801509,149801509,rs9322223,LATS1,3,Zheng,LATS1_locus0,6:149801509
6,149801509,6:149801509:G:A,6,149779294,6:149779294:C:T,0.994274,22215,6:149801509,chr6,149801509,149801509,rs9322223,LATS1,3,Zheng,LATS1_locus0,6:149801509
6,149801509,6:149801509:G:A,6,149779341,6:149779341:T:C,0.814912,22168,6:149801509,chr6,149801509,149801509,rs9322223,LATS1,3,Zheng,LATS1_locus0,6:149801509
6,149801509,6:149801509:G:A,6,149779576,6:149779576:G:A,0.81659,21933,6:149801509,chr6,149801509,149801509,rs9322223,LATS1,3,Zheng,LATS1_locus0,6:149801509
6,149801509,6:149801509:G:A,6,149779669,6:149779669:G:A,0.81619,21840,6:149801509,chr6,149801509,149801509,rs9322223,LATS1,3,Zheng,LATS1_locus0,6:149801509
6,149801509,6:149801509:G:A,6,149780563,6:149780563:T:C,0.997133,20946,6:149801509,chr6,149801509,149801509,rs9322223,LATS1,3,Zheng,LATS1_locus0,6:149801509
6,149801509,6:149801509:G:A,6,149780867,6:149780867:G:A,0.81619,20642,6:149801509,chr6,149801509,149801509,rs9322223,LATS1,3,Zheng,LATS1_locus0,6:149801509
6,149801509,6:149801509:G:A,6,149781191,6:149781191:TTTTTTTTTT:T,0.811248,20318,6:149801509,chr6,149801509,149801509,rs9322223,LATS1,3,Zheng,LATS1_locus0,6:149801509
6,149801509,6:149801509:G:A,6,149781361,6:149781361:G:A,0.997705,20148,6:149801509,chr6,149801509,149801509,rs9322223,LATS1,3,Zheng,LATS1_locus0,6:149801509
6,149801509,6:149801509:G:A,6,149781442,6:149781442:G:A,0.81619,20067,6:149801509,chr6,149801509,149801509,rs9322223,LATS1,3,Zheng,LATS1_locus0,6:149801509
6,149801509,6:149801509:G:A,6,149781649,6:149781649:A:C,0.81619,19860,6:149801509,chr6,149801509,149801509,rs9322223,LATS1,3,Zheng,LATS1_locus0,6:149801509
6,149801509,6:149801509:G:A,6,149782183,6:149782183:A:G,0.997705,19326,6:149801509,chr6,149801509,149801509,rs9322223,LATS1,3,Zheng,LATS1_locus0,6:149801509
6,149801509,6:149801509:G:A,6,149782263,6:149782263:C:T,0.997705,19246,6:149801509,chr6,149801509,149801509,rs9322223,LATS1,3,Zheng,LATS1_locus0,6:149801509
6,149801509,6:149801509:G:A,6,149782897,6:149782897:G:C,0.810122,18612,6:149801509,chr6,149801509,149801509,rs9322223,LATS1,3,Zheng,LATS1_locus0,6:149801509
6,149801509,6:149801509:G:A,6,149783124,6:149783124:A:G,0.810122,18385,6:149801509,chr6,149801509,149801509,rs9322223,LATS1,3,Zheng,LATS1_locus0,6:149801509
6,149801509,6:149801509:G:A,6,149783321,6:149783321:C:T,0.810122,18188,6:149801509,chr6,149801509,149801509,rs9322223,LATS1,3,Zheng,LATS1_locus0,6:149801509
6,149801509,6:149801509:G:A,6,149783553,6:149783553:T:G,0.80959,17956,6:149801509,chr6,149801509,149801509,rs9322223,LATS1,3,Zheng,LATS1_locus0,6:149801509
6,149801509,6:149801509:G:A,6,149783956,6:149783956:G:A,0.810122,17553,6:149801509,chr6,149801509,149801509,rs9322223,LATS1,3,Zheng,LATS1_locus0,6:149801509
6,149801509,6:149801509:G:A,6,149784836,6:149784836:T:G,0.959584,16673,6:149801509,chr6,149801509,149801509,rs9322223,LATS1,3,Zheng,LATS1_locus0,6:149801509
6,149801509,6:149801509:G:A,6,149787615,6:149787615:G:A,0.810122,13894,6:149801509,chr6,149801509,149801509,rs9322223,LATS1,3,Zheng,LATS1_locus0,6:149801509
6,149801509,6:149801509:G:A,6,149787823,6:149787823:CTG:C,0.816663,13686,6:149801509,chr6,149801509,149801509,rs9322223,LATS1,3,Zheng,LATS1_locus0,6:149801509
6,149801509,6:149801509:G:A,6,149787920,6:149787920:C:T,0.810122,13589,6:149801509,chr6,149801509,149801509,rs9322223,LATS1,3,Zheng,LATS1_locus0,6:149801509
6,149801509,6:149801509:G:A,6,149787970,6:149787970:T:C,0.808854,13539,6:149801509,chr6,149801509,149801509,rs9322223,LATS1,3,Zheng,LATS1_locus0,6:149801509
6,149801509,6:149801509:G:A,6,149788074,6:149788074:C:T,0.810122,13435,6:149801509,chr6,149801509,149801509,rs9322223,LATS1,3,Zheng,LATS1_locus0,6:149801509
6,149801509,6:149801509:G:A,6,149788159,6:149788159:C:T,0.990843,13350,6:149801509,chr6,149801509,149801509,rs9322223,LATS1,3,Zheng,LATS1_locus0,6:149801509
6,149801509,6:149801509:G:A,6,149788479,6:149788479:T:A,0.810122,13030,6:149801509,chr6,149801509,149801509,rs9322223,LATS1,3,Zheng,LATS1_locus0,6:149801509
6,149801509,6:149801509:G:A,6,149788709,6:149788709:C:G,0.807315,12800,6:149801509,chr6,149801509,149801509,rs9322223,LATS1,3,Zheng,LATS1_locus0,6:149801509
6,149801509,6:149801509:G:A,6,149788941,6:149788941:G:A,0.810122,12568,6:149801509,chr6,149801509,149801509,rs9322223,LATS1,3,Zheng,LATS1_locus0,6:149801509
6,149801509,6:149801509:G:A,6,149788977,6:149788977:G:A,0.810122,12532,6:149801509,chr6,149801509,149801509,rs9322223,LATS1,3,Zheng,LATS1_locus0,6:149801509
6,149801509,6:149801509:G:A,6,149789350,6:149789350:T:A,0.81619,12159,6:149801509,chr6,149801509,149801509,rs9322223,LATS1,3,Zheng,LATS1_locus0,6:149801509
6,149801509,6:149801509:G:A,6,149789486,6:149789486:C:T,0.997705,12023,6:149801509,chr6,149801509,149801509,rs9322223,LATS1,3,Zheng,LATS1_locus0,6:149801509
6,149801509,6:149801509:G:A,6,149789721,6:149789721:TAA:T,0.81619,11788,6:149801509,chr6,149801509,149801509,rs9322223,LATS1,3,Zheng,LATS1_locus0,6:149801509
6,149801509,6:149801509:G:A,6,149791033,6:149791033:C:G,0.81619,10476,6:149801509,chr6,149801509,149801509,rs9322223,LATS1,3,Zheng,LATS1_locus0,6:149801509
6,149801509,6:149801509:G:A,6,149791063,6:149791063:C:T,0.838719,10446,6:149801509,chr6,149801509,149801509,rs9322223,LATS1,3,Zheng,LATS1_locus0,6:149801509
6,149801509,6:149801509:G:A,6,149791065,6:149791065:G:A,0.838719,10444,6:149801509,chr6,149801509,149801509,rs9322223,LATS1,3,Zheng,LATS1_locus0,6:149801509
6,149801509,6:149801509:G:A,6,149791193,6:149791193:G:A,0.852039,10316,6:149801509,chr6,149801509,149801509,rs9322223,LATS1,3,Zheng,LATS1_locus0,6:149801509
6,149801509,6:149801509:G:A,6,149791861,6:149791861:G:A,0.81619,9648,6:149801509,chr6,149801509,149801509,rs9322223,LATS1,3,Zheng,LATS1_locus0,6:149801509
6,149801509,6:149801509:G:A,6,149792658,6:149792658:G:A,0.815292,8851,6:149801509,chr6,149801509,149801509,rs9322223,LATS1,3,Zheng,LATS1_locus0,6:149801509
6,149801509,6:149801509:G:A,6,149792666,6:149792666:T:C,0.970845,8843,6:149801509,chr6,149801509,149801509,rs9322223,LATS1,3,Zheng,LATS1_locus0,6:149801509
6,149801509,6:149801509:G:A,6,149793470,6:149793470:C:T,0.81619,8039,6:149801509,chr6,149801509,149801509,rs9322223,LATS1,3,Zheng,LATS1_locus0,6:149801509
6,149801509,6:149801509:G:A,6,149793609,6:149793609:G:A,0.81619,7900,6:149801509,chr6,149801509,149801509,rs9322223,LATS1,3,Zheng,LATS1_locus0,6:149801509
6,149801509,6:149801509:G:A,6,149794670,6:149794670:AT:A,0.817187,6839,6:149801509,chr6,149801509,149801509,rs9322223,LATS1,3,Zheng,LATS1_locus0,6:149801509
6,149801509,6:149801509:G:A,6,149795662,6:149795662:C:T,0.817588,5847,6:149801509,chr6,149801509,149801509,rs9322223,LATS1,3,Zheng,LATS1_locus0,6:149801509
6,149801509,6:149801509:G:A,6,149796825,6:149796825:G:T,0.837134,4684,6:149801509,chr6,149801509,149801509,rs9322223,LATS1,3,Zheng,LATS1_locus0,6:149801509
6,149801509,6:149801509:G:A,6,149798205,6:149798205:T:TA,0.815692,3304,6:149801509,chr6,149801509,149801509,rs9322223,LATS1,3,Zheng,LATS1_locus0,6:149801509
6,149801509,6:149801509:G:A,6,149798774,6:149798774:A:T,0.81619,2735,6:149801509,chr6,149801509,149801509,rs9322223,LATS1,3,Zheng,LATS1_locus0,6:149801509
6,149801509,6:149801509:G:A,6,149798900,6:149798900:T:C,0.81619,2609,6:149801509,chr6,149801509,149801509,rs9322223,LATS1,3,Zheng,LATS1_locus0,6:149801509
6,149801509,6:149801509:G:A,6,149799444,6:149799444:A:C,0.850314,2065,6:149801509,chr6,149801509,149801509,rs9322223,LATS1,3,Zheng,LATS1_locus0,6:149801509
6,149801509,6:149801509:G:A,6,149801253,6:149801253:C:G,0.81619,256,6:149801509,chr6,149801509,149801509,rs9322223,LATS1,3,Zheng,LATS1_locus0,6:149801509
6,149801509,6:149801509:G:A,6,149801509,6:149801509:G:A,1.0,0,6:149801509,chr6,149801509,149801509,rs9322223,LATS1,3,Zheng,LATS1_locus0,6:149801509
6,149801509,6:149801509:G:A,6,149802180,6:149802180:CT:C,0.85027,671,6:149801509,chr6,149801509,149801509,rs9322223,LATS1,3,Zheng,LATS1_locus0,6:149801509
6,149801509,6:149801509:G:A,6,149802614,6:149802614:TG:T,0.814168,1105,6:149801509,chr6,149801509,149801509,rs9322223,LATS1,3,Zheng,LATS1_locus0,6:149801509
6,149801509,6:149801509:G:A,6,149802619,6:149802619:G:GT,0.814939,1110,6:149801509,chr6,149801509,149801509,rs9322223,LATS1,3,Zheng,LATS1_locus0,6:149801509
6,149801509,6:149801509:G:A,6,149802627,6:149802627:G:T,0.81313,1118,6:149801509,chr6,149801509,149801509,rs9322223,LATS1,3,Zheng,LATS1_locus0,6:149801509
6,149801509,6:149801509:G:A,6,149802628,6:149802628:T:G,0.813765,1119,6:149801509,chr6,149801509,149801509,rs9322223,LATS1,3,Zheng,LATS1_locus0,6:149801509
6,149801509,6:149801509:G:A,6,149802883,6:149802883:G:A,0.81619,1374,6:149801509,chr6,149801509,149801509,rs9322223,LATS1,3,Zheng,LATS1_locus0,6:149801509
6,149801509,6:149801509:G:A,6,149803077,6:149803077:A:C,0.962345,1568,6:149801509,chr6,149801509,149801509,rs9322223,LATS1,3,Zheng,LATS1_locus0,6:149801509
6,149801509,6:149801509:G:A,6,149803147,6:149803147:G:A,0.81619,1638,6:149801509,chr6,149801509,149801509,rs9322223,LATS1,3,Zheng,LATS1_locus0,6:149801509
6,149801509,6:149801509:G:A,6,149803509,6:149803509:T:TTTCTC,0.801328,2000,6:149801509,chr6,149801509,149801509,rs9322223,LATS1,3,Zheng,LATS1_locus0,6:149801509
6,149801509,6:149801509:G:A,6,149803797,6:149803797:GA:G,0.82324,2288,6:149801509,chr6,149801509,149801509,rs9322223,LATS1,3,Zheng,LATS1_locus0,6:149801509
6,149801509,6:149801509:G:A,6,149805967,6:149805967:C:T,0.810727,4458,6:149801509,chr6,149801509,149801509,rs9322223,LATS1,3,Zheng,LATS1_locus0,6:149801509
6,149801509,6:149801509:G:A,6,149806304,6:149806304:G:A,0.813115,4795,6:149801509,chr6,149801509,149801509,rs9322223,LATS1,3,Zheng,LATS1_locus0,6:149801509
6,149801509,6:149801509:G:A,6,149807037,6:149807037:C:A,0.813213,5528,6:149801509,chr6,149801509,149801509,rs9322223,LATS1,3,Zheng,LATS1_locus0,6:149801509
6,149801509,6:149801509:G:A,6,149808187,6:149808187:A:G,0.827502,6678,6:149801509,chr6,149801509,149801509,rs9322223,LATS1,3,Zheng,LATS1_locus0,6:149801509
6,149801509,6:149801509:G:A,6,149808470,6:149808470:T:C,0.813213,6961,6:149801509,chr6,149801509,149801509,rs9322223,LATS1,3,Zheng,LATS1_locus0,6:149801509
6,149801509,6:149801509:G:A,6,149809506,6:149809506:C:T,0.827502,7997,6:149801509,chr6,149801509,149801509,rs9322223,LATS1,3,Zheng,LATS1_locus0,6:149801509
6,149801509,6:149801509:G:A,6,149809537,6:149809537:G:A,0.813213,8028,6:149801509,chr6,149801509,149801509,rs9322223,LATS1,3,Zheng,LATS1_locus0,6:149801509
6,149801509,6:149801509:G:A,6,149809701,6:149809701:A:G,0.813213,8192,6:149801509,chr6,149801509,149801509,rs9322223,LATS1,3,Zheng,LATS1_locus0,6:149801509
6,149801509,6:149801509:G:A,6,149810072,6:149810072:T:C,0.813213,8563,6:149801509,chr6,149801509,149801509,rs9322223,LATS1,3,Zheng,LATS1_locus0,6:149801509
6,149801509,6:149801509:G:A,6,149810956,6:149810956:A:G,0.813213,9447,6:149801509,chr6,149801509,149801509,rs9322223,LATS1,3,Zheng,LATS1_locus0,6:149801509
6,149801509,6:149801509:G:A,6,149811183,6:149811183:A:T,0.813213,9674,6:149801509,chr6,149801509,149801509,rs9322223,LATS1,3,Zheng,LATS1_locus0,6:149801509
6,149801509,6:149801509:G:A,6,149812052,6:149812052:C:T,0.994267,10543,6:149801509,chr6,149801509,149801509,rs9322223,LATS1,3,Zheng,LATS1_locus0,6:149801509
6,149801509,6:149801509:G:A,6,149812465,6:149812465:G:A,0.994267,10956,6:149801509,chr6,149801509,149801509,rs9322223,LATS1,3,Zheng,LATS1_locus0,6:149801509
6,149801509,6:149801509:G:A,6,149812818,6:149812818:C:A,0.813213,11309,6:149801509,chr6,149801509,149801509,rs9322223,LATS1,3,Zheng,LATS1_locus0,6:149801509
6,149801509,6:149801509:G:A,6,149812859,6:149812859:A:G,0.813213,11350,6:149801509,chr6,149801509,149801509,rs9322223,LATS1,3,Zheng,LATS1_locus0,6:149801509
6,149801509,6:149801509:G:A,6,149813260,6:149813260:ATGTGTGTGT:A,0.809651,11751,6:149801509,chr6,149801509,149801509,rs9322223,LATS1,3,Zheng,LATS1_locus0,6:149801509
6,149801509,6:149801509:G:A,6,149813857,6:149813857:G:A,0.835178,12348,6:149801509,chr6,149801509,149801509,rs9322223,LATS1,3,Zheng,LATS1_locus0,6:149801509
6,149801509,6:149801509:G:A,6,149814388,6:149814388:C:T,0.813213,12879,6:149801509,chr6,149801509,149801509,rs9322223,LATS1,3,Zheng,LATS1_locus0,6:149801509
6,149801509,6:149801509:G:A,6,149814464,6:149814464:A:G,0.813213,12955,6:149801509,chr6,149801509,149801509,rs9322223,LATS1,3,Zheng,LATS1_locus0,6:149801509
6,149801509,6:149801509:G:A,6,149816620,6:149816620:C:T,0.808952,15111,6:149801509,chr6,149801509,149801509,rs9322223,LATS1,3,Zheng,LATS1_locus0,6:149801509
6,149801509,6:149801509:G:A,6,149819674,6:149819674:C:T,0.814003,18165,6:149801509,chr6,149801509,149801509,rs9322223,LATS1,3,Zheng,LATS1_locus0,6:149801509
6,149801509,6:149801509:G:A,6,149819770,6:149819770:G:T,0.978881,18261,6:149801509,chr6,149801509,149801509,rs9322223,LATS1,3,Zheng,LATS1_locus0,6:149801509
6,149801509,6:149801509:G:A,6,149820396,6:149820396:C:CT,0.978869,18887,6:149801509,chr6,149801509,149801509,rs9322223,LATS1,3,Zheng,LATS1_locus0,6:149801509
6,149801509,6:149801509:G:A,6,149821815,6:149821815:A:G,0.875152,20306,6:149801509,chr6,149801509,149801509,rs9322223,LATS1,3,Zheng,LATS1_locus0,6:149801509
6,149801509,6:149801509:G:A,6,149822501,6:149822501:TAAAAAAAAA:T,0.951164,20992,6:149801509,chr6,149801509,149801509,rs9322223,LATS1,3,Zheng,LATS1_locus0,6:149801509
6,149801509,6:149801509:G:A,6,149822743,6:149822743:T:A,0.852591,21234,6:149801509,chr6,149801509,149801509,rs9322223,LATS1,3,Zheng,LATS1_locus0,6:149801509
6,149801509,6:149801509:G:A,6,149823074,6:149823074:CA:C,0.870996,21565,6:149801509,chr6,149801509,149801509,rs9322223,LATS1,3,Zheng,LATS1_locus0,6:149801509
6,149801509,6:149801509:G:A,6,149825080,6:149825080:G:T,0.939572,23571,6:149801509,chr6,149801509,149801509,rs9322223,LATS1,3,Zheng,LATS1_locus0,6:149801509
6,149801509,6:149801509:G:A,6,149825485,6:149825485:C:G,0.962488,23976,6:149801509,chr6,149801509,149801509,rs9322223,LATS1,3,Zheng,LATS1_locus0,6:149801509
6,149801509,6:149801509:G:A,6,149826604,6:149826604:C:CG,0.843591,25095,6:149801509,chr6,149801509,149801509,rs9322223,LATS1,3,Zheng,LATS1_locus0,6:149801509
6,149801509,6:149801509:G:A,6,149826974,6:149826974:C:CT,0.88123,25465,6:149801509,chr6,149801509,149801509,rs9322223,LATS1,3,Zheng,LATS1_locus0,6:149801509
6,149801509,6:149801509:G:A,6,149828494,6:149828494:C:CT,0.956265,26985,6:149801509,chr6,149801509,149801509,rs9322223,LATS1,3,Zheng,LATS1_locus0,6:149801509
6,149801509,6:149801509:G:A,6,149831357,6:149831357:T:C,0.957975,29848,6:149801509,chr6,149801509,149801509,rs9322223,LATS1,3,Zheng,LATS1_locus0,6:149801509
6,149801509,6:149801509:G:A,6,149831720,6:149831720:G:A,0.958545,30211,6:149801509,chr6,149801509,149801509,rs9322223,LATS1,3,Zheng,LATS1_locus0,6:149801509
7,46590756,7:46590756:A:C,7,46590756,7:46590756:A:C,1.0,0,7:46590756,chr7,46590756,46590756,rs11769224,IGFBP3,2,Jurgens,IGFBP3_locus0,7:46590756
7,46590756,7:46590756:A:C,7,46591004,7:46591004:G:C,0.999456,248,7:46590756,chr7,46590756,46590756,rs11769224,IGFBP3,2,Jurgens,IGFBP3_locus0,7:46590756
7,46590756,7:46590756:A:C,7,46592679,7:46592679:C:T,0.999456,1923,7:46590756,chr7,46590756,46590756,rs11769224,IGFBP3,2,Jurgens,IGFBP3_locus0,7:46590756
7,46590756,7:46590756:A:C,7,46593971,7:46593971:G:A,0.996737,3215,7:46590756,chr7,46590756,46590756,rs11769224,IGFBP3,2,Jurgens,IGFBP3_locus0,7:46590756
7,46590756,7:46590756:A:C,7,46594303,7:46594303:G:T,0.998911,3547,7:46590756,chr7,46590756,46590756,rs11769224,IGFBP3,2,Jurgens,IGFBP3_locus0,7:46590756
7,46590756,7:46590756:A:C,7,46597651,7:46597651:T:C,0.802385,6895,7:46590756,chr7,46590756,46590756,rs11769224,IGFBP3,2,Jurgens,IGFBP3_locus0,7:46590756
7,46590756,7:46590756:A:C,7,46601302,7:46601302:C:T,0.991867,10546,7:46590756,chr7,46590756,46590756,rs11769224,IGFBP3,2,Jurgens,IGFBP3_locus0,7:46590756
7,46590756,7:46590756:A:C,7,46601975,7:46601975:A:C,0.973592,11219,7:46590756,chr7,46590756,46590756,rs11769224,IGFBP3,2,Jurgens,IGFBP3_locus0,7:46590756
7,107993072,7:107993072:T:C,7,107993072,7:107993072:T:C,1.0,0,7:107993072,chr7,107993072,107993072,rs12705437,LAMB1,4,Jurgens,LAMB1_locus0,7:107993072
7,128809302,7:128809302:A:C,7,128793636,7:128793636:A:T,0.877063,15666,7:128809302,chr7,128809302,128809302,rs2307038,FLNC,4,Zheng,FLNC_locus0,7:128809302
7,128809302,7:128809302:A:C,7,128793755,7:128793755:G:A,0.809618,15547,7:128809302,chr7,128809302,128809302,rs2307038,FLNC,4,Zheng,FLNC_locus0,7:128809302
7,128809302,7:128809302:A:C,7,128793910,7:128793910:T:C,0.877063,15392,7:128809302,chr7,128809302,128809302,rs2307038,FLNC,4,Zheng,FLNC_locus0,7:128809302
7,128809302,7:128809302:A:C,7,128797677,7:128797677:G:A,0.859428,11625,7:128809302,chr7,128809302,128809302,rs2307038,FLNC,4,Zheng,FLNC_locus0,7:128809302
7,128809302,7:128809302:A:C,7,128799112,7:128799112:G:A,0.81819,10190,7:128809302,chr7,128809302,128809302,rs2307038,FLNC,4,Zheng,FLNC_locus0,7:128809302
7,128809302,7:128809302:A:C,7,128802843,7:128802843:G:A,0.934914,6459,7:128809302,chr7,128809302,128809302,rs2307038,FLNC,4,Zheng,FLNC_locus0,7:128809302
7,128809302,7:128809302:A:C,7,128804241,7:128804241:T:C,0.805663,5061,7:128809302,chr7,128809302,128809302,rs2307038,FLNC,4,Zheng,FLNC_locus0,7:128809302
7,128809302,7:128809302:A:C,7,128804766,7:128804766:A:G,0.808552,4536,7:128809302,chr7,128809302,128809302,rs2307038,FLNC,4,Zheng,FLNC_locus0,7:128809302
7,128809302,7:128809302:A:C,7,128805316,7:128805316:G:A,0.825319,3986,7:128809302,chr7,128809302,128809302,rs2307038,FLNC,4,Zheng,FLNC_locus0,7:128809302
7,128809302,7:128809302:A:C,7,128809301,7:128809301:A:G,1.0,1,7:128809302,chr7,128809302,128809302,rs2307038,FLNC,4,Zheng,FLNC_locus0,7:128809302
7,128809302,7:128809302:A:C,7,128809302,7:128809302:A:C,1.0,0,7:128809302,chr7,128809302,128809302,rs2307038,FLNC,4,Zheng,FLNC_locus0,7:128809302
7,128809302,7:128809302:A:C,7,128809351,7:128809351:G:A,1.0,49,7:128809302,chr7,128809302,128809302,rs2307038,FLNC,4,Zheng,FLNC_locus0,7:128809302
7,128809302,7:128809302:A:C,7,128811687,7:128811687:T:C,0.828606,2385,7:128809302,chr7,128809302,128809302,rs2307038,FLNC,4,Zheng,FLNC_locus0,7:128809302
7,128809302,7:128809302:A:C,7,128812502,7:128812502:T:G,0.994258,3200,7:128809302,chr7,128809302,128809302,rs2307038,FLNC,4,Zheng,FLNC_locus0,7:128809302
7,128809302,7:128809302:A:C,7,128813572,7:128813572:C:G,0.87976,4270,7:128809302,chr7,128809302,128809302,rs2307038,FLNC,4,Zheng,FLNC_locus0,7:128809302
7,128809302,7:128809302:A:C,7,128814148,7:128814148:C:T,0.870781,4846,7:128809302,chr7,128809302,128809302,rs2307038,FLNC,4,Zheng,FLNC_locus0,7:128809302
7,128809302,7:128809302:A:C,7,128816180,7:128816180:C:T,0.873685,6878,7:128809302,chr7,128809302,128809302,rs2307038,FLNC,4,Zheng,FLNC_locus0,7:128809302
7,128809302,7:128809302:A:C,7,128820691,7:128820691:C:T,0.996551,11389,7:128809302,chr7,128809302,128809302,rs2307038,FLNC,4,Zheng,FLNC_locus0,7:128809302
7,128809302,7:128809302:A:C,7,128821666,7:128821666:G:A,0.877582,12364,7:128809302,chr7,128809302,128809302,rs2307038,FLNC,4,Zheng,FLNC_locus0,7:128809302
7,128809302,7:128809302:A:C,7,128822219,7:128822219:C:G,0.880874,12917,7:128809302,chr7,128809302,128809302,rs2307038,FLNC,4,Zheng,FLNC_locus0,7:128809302
7,128809302,7:128809302:A:C,7,128822789,7:128822789:T:A,0.885551,13487,7:128809302,chr7,128809302,128809302,rs2307038,FLNC,4,Zheng,FLNC_locus0,7:128809302
7,128809302,7:128809302:A:C,7,128823094,7:128823094:C:CTT,0.809876,13792,7:128809302,chr7,128809302,128809302,rs2307038,FLNC,4,Zheng,FLNC_locus0,7:128809302
7,128809302,7:128809302:A:C,7,128823810,7:128823810:G:A,0.994295,14508,7:128809302,chr7,128809302,128809302,rs2307038,FLNC,4,Zheng,FLNC_locus0,7:128809302
7,128809302,7:128809302:A:C,7,128823917,7:128823917:C:T,0.877582,14615,7:128809302,chr7,128809302,128809302,rs2307038,FLNC,4,Zheng,FLNC_locus0,7:128809302
7,128809302,7:128809302:A:C,7,128825192,7:128825192:C:A,0.880874,15890,7:128809302,chr7,128809302,128809302,rs2307038,FLNC,4,Zheng,FLNC_locus0,7:128809302
7,128809302,7:128809302:A:C,7,128825396,7:128825396:A:G,0.995433,16094,7:128809302,chr7,128809302,128809302,rs2307038,FLNC,4,Zheng,FLNC_locus0,7:128809302
7,128809302,7:128809302:A:C,7,128825701,7:128825701:G:A,0.879744,16399,7:128809302,chr7,128809302,128809302,rs2307038,FLNC,4,Zheng,FLNC_locus0,7:128809302
7,128809302,7:128809302:A:C,7,128826182,7:128826182:T:TA,0.98737,16880,7:128809302,chr7,128809302,128809302,rs2307038,FLNC,4,Zheng,FLNC_locus0,7:128809302
7,128809302,7:128809302:A:C,7,128826581,7:128826581:G:A,0.879809,17279,7:128809302,chr7,128809302,128809302,rs2307038,FLNC,4,Zheng,FLNC_locus0,7:128809302
7,128809302,7:128809302:A:C,7,128828051,7:128828051:A:G,0.879308,18749,7:128809302,chr7,128809302,128809302,rs2307038,FLNC,4,Zheng,FLNC_locus0,7:128809302
7,128809302,7:128809302:A:C,7,128828827,7:128828827:G:A,0.874372,19525,7:128809302,chr7,128809302,128809302,rs2307038,FLNC,4,Zheng,FLNC_locus0,7:128809302
7,128809302,7:128809302:A:C,7,128829308,7:128829308:G:A,0.874587,20006,7:128809302,chr7,128809302,128809302,rs2307038,FLNC,4,Zheng,FLNC_locus0,7:128809302
7,128809302,7:128809302:A:C,7,128829327,7:128829327:G:A,0.873256,20025,7:128809302,chr7,128809302,128809302,rs2307038,FLNC,4,Zheng,FLNC_locus0,7:128809302
7,128809302,7:128809302:A:C,7,128829430,7:128829430:T:C,0.874587,20128,7:128809302,chr7,128809302,128809302,rs2307038,FLNC,4,Zheng,FLNC_locus0,7:128809302
7,128809302,7:128809302:A:C,7,128829706,7:128829706:G:A,0.873644,20404,7:128809302,chr7,128809302,128809302,rs2307038,FLNC,4,Zheng,FLNC_locus0,7:128809302
7,128809302,7:128809302:A:C,7,128829863,7:128829863:T:C,0.809638,20561,7:128809302,chr7,128809302,128809302,rs2307038,FLNC,4,Zheng,FLNC_locus0,7:128809302
7,128809351,7:128809351:G:A,7,128793636,7:128793636:A:T,0.877063,15715,7:128809351,chr7,128809351,128809351,rs2307037,FLNC,4,Zheng,FLNC_locus0,7:128809351
7,128809351,7:128809351:G:A,7,128793755,7:128793755:G:A,0.809618,15596,7:128809351,chr7,128809351,128809351,rs2307037,FLNC,4,Zheng,FLNC_locus0,7:128809351
7,128809351,7:128809351:G:A,7,128793910,7:128793910:T:C,0.877063,15441,7:128809351,chr7,128809351,128809351,rs2307037,FLNC,4,Zheng,FLNC_locus0,7:128809351
7,128809351,7:128809351:G:A,7,128797677,7:128797677:G:A,0.859428,11674,7:128809351,chr7,128809351,128809351,rs2307037,FLNC,4,Zheng,FLNC_locus0,7:128809351
7,128809351,7:128809351:G:A,7,128799112,7:128799112:G:A,0.81819,10239,7:128809351,chr7,128809351,128809351,rs2307037,FLNC,4,Zheng,FLNC_locus0,7:128809351
7,128809351,7:128809351:G:A,7,128802843,7:128802843:G:A,0.934914,6508,7:128809351,chr7,128809351,128809351,rs2307037,FLNC,4,Zheng,FLNC_locus0,7:128809351
7,128809351,7:128809351:G:A,7,128804241,7:128804241:T:C,0.805663,5110,7:128809351,chr7,128809351,128809351,rs2307037,FLNC,4,Zheng,FLNC_locus0,7:128809351
7,128809351,7:128809351:G:A,7,128804766,7:128804766:A:G,0.808552,4585,7:128809351,chr7,128809351,128809351,rs2307037,FLNC,4,Zheng,FLNC_locus0,7:128809351
7,128809351,7:128809351:G:A,7,128805316,7:128805316:G:A,0.825319,4035,7:128809351,chr7,128809351,128809351,rs2307037,FLNC,4,Zheng,FLNC_locus0,7:128809351
7,128809351,7:128809351:G:A,7,128809301,7:128809301:A:G,1.0,50,7:128809351,chr7,128809351,128809351,rs2307037,FLNC,4,Zheng,FLNC_locus0,7:128809351
7,128809351,7:128809351:G:A,7,128809302,7:128809302:A:C,1.0,49,7:128809351,chr7,128809351,128809351,rs2307037,FLNC,4,Zheng,FLNC_locus0,7:128809351
7,128809351,7:128809351:G:A,7,128809351,7:128809351:G:A,1.0,0,7:128809351,chr7,128809351,128809351,rs2307037,FLNC,4,Zheng,FLNC_locus0,7:128809351
7,128809351,7:128809351:G:A,7,128811687,7:128811687:T:C,0.828606,2336,7:128809351,chr7,128809351,128809351,rs2307037,FLNC,4,Zheng,FLNC_locus0,7:128809351
7,128809351,7:128809351:G:A,7,128812502,7:128812502:T:G,0.994258,3151,7:128809351,chr7,128809351,128809351,rs2307037,FLNC,4,Zheng,FLNC_locus0,7:128809351
7,128809351,7:128809351:G:A,7,128813572,7:128813572:C:G,0.87976,4221,7:128809351,chr7,128809351,128809351,rs2307037,FLNC,4,Zheng,FLNC_locus0,7:128809351
7,128809351,7:128809351:G:A,7,128814148,7:128814148:C:T,0.870781,4797,7:128809351,chr7,128809351,128809351,rs2307037,FLNC,4,Zheng,FLNC_locus0,7:128809351
7,128809351,7:128809351:G:A,7,128816180,7:128816180:C:T,0.873685,6829,7:128809351,chr7,128809351,128809351,rs2307037,FLNC,4,Zheng,FLNC_locus0,7:128809351
7,128809351,7:128809351:G:A,7,128820691,7:128820691:C:T,0.996551,11340,7:128809351,chr7,128809351,128809351,rs2307037,FLNC,4,Zheng,FLNC_locus0,7:128809351
7,128809351,7:128809351:G:A,7,128821666,7:128821666:G:A,0.877582,12315,7:128809351,chr7,128809351,128809351,rs2307037,FLNC,4,Zheng,FLNC_locus0,7:128809351
7,128809351,7:128809351:G:A,7,128822219,7:128822219:C:G,0.880874,12868,7:128809351,chr7,128809351,128809351,rs2307037,FLNC,4,Zheng,FLNC_locus0,7:128809351
7,128809351,7:128809351:G:A,7,128822789,7:128822789:T:A,0.885551,13438,7:128809351,chr7,128809351,128809351,rs2307037,FLNC,4,Zheng,FLNC_locus0,7:128809351
7,128809351,7:128809351:G:A,7,128823094,7:128823094:C:CTT,0.809876,13743,7:128809351,chr7,128809351,128809351,rs2307037,FLNC,4,Zheng,FLNC_locus0,7:128809351
7,128809351,7:128809351:G:A,7,128823810,7:128823810:G:A,0.994295,14459,7:128809351,chr7,128809351,128809351,rs2307037,FLNC,4,Zheng,FLNC_locus0,7:128809351
7,128809351,7:128809351:G:A,7,128823917,7:128823917:C:T,0.877582,14566,7:128809351,chr7,128809351,128809351,rs2307037,FLNC,4,Zheng,FLNC_locus0,7:128809351
7,128809351,7:128809351:G:A,7,128825192,7:128825192:C:A,0.880874,15841,7:128809351,chr7,128809351,128809351,rs2307037,FLNC,4,Zheng,FLNC_locus0,7:128809351
7,128809351,7:128809351:G:A,7,128825396,7:128825396:A:G,0.995433,16045,7:128809351,chr7,128809351,128809351,rs2307037,FLNC,4,Zheng,FLNC_locus0,7:128809351
7,128809351,7:128809351:G:A,7,128825701,7:128825701:G:A,0.879744,16350,7:128809351,chr7,128809351,128809351,rs2307037,FLNC,4,Zheng,FLNC_locus0,7:128809351
7,128809351,7:128809351:G:A,7,128826182,7:128826182:T:TA,0.98737,16831,7:128809351,chr7,128809351,128809351,rs2307037,FLNC,4,Zheng,FLNC_locus0,7:128809351
7,128809351,7:128809351:G:A,7,128826581,7:128826581:G:A,0.879809,17230,7:128809351,chr7,128809351,128809351,rs2307037,FLNC,4,Zheng,FLNC_locus0,7:128809351
7,128809351,7:128809351:G:A,7,128828051,7:128828051:A:G,0.879308,18700,7:128809351,chr7,128809351,128809351,rs2307037,FLNC,4,Zheng,FLNC_locus0,7:128809351
7,128809351,7:128809351:G:A,7,128828827,7:128828827:G:A,0.874372,19476,7:128809351,chr7,128809351,128809351,rs2307037,FLNC,4,Zheng,FLNC_locus0,7:128809351
7,128809351,7:128809351:G:A,7,128829308,7:128829308:G:A,0.874587,19957,7:128809351,chr7,128809351,128809351,rs2307037,FLNC,4,Zheng,FLNC_locus0,7:128809351
7,128809351,7:128809351:G:A,7,128829327,7:128829327:G:A,0.873256,19976,7:128809351,chr7,128809351,128809351,rs2307037,FLNC,4,Zheng,FLNC_locus0,7:128809351
7,128809351,7:128809351:G:A,7,128829430,7:128829430:T:C,0.874587,20079,7:128809351,chr7,128809351,128809351,rs2307037,FLNC,4,Zheng,FLNC_locus0,7:128809351
7,128809351,7:128809351:G:A,7,128829706,7:128829706:G:A,0.873644,20355,7:128809351,chr7,128809351,128809351,rs2307037,FLNC,4,Zheng,FLNC_locus0,7:128809351
7,128809351,7:128809351:G:A,7,128829863,7:128829863:T:C,0.809638,20512,7:128809351,chr7,128809351,128809351,rs2307037,FLNC,4,Zheng,FLNC_locus0,7:128809351
7,128818595,7:128818595:C:A,7,128802425,7:128802425:A:G,0.884576,16170,7:128818595,chr7,128818595,128818595,rs4731517,FLNC,3,Jurgens,FLNC_locus0,7:128818595
7,128818595,7:128818595:C:A,7,128814483,7:128814483:C:A,0.998029,4112,7:128818595,chr7,128818595,128818595,rs4731517,FLNC,3,Jurgens,FLNC_locus0,7:128818595
7,128818595,7:128818595:C:A,7,128818595,7:128818595:C:A,1.0,0,7:128818595,chr7,128818595,128818595,rs4731517,FLNC,3,Jurgens,FLNC_locus0,7:128818595
7,128818595,7:128818595:C:A,7,128825592,7:128825592:A:G,0.992164,6997,7:128818595,chr7,128818595,128818595,rs4731517,FLNC,3,Jurgens,FLNC_locus0,7:128818595
7,128818595,7:128818595:C:A,7,128828051,7:128828051:A:G,0.842913,9456,7:128818595,chr7,128818595,128818595,rs4731517,FLNC,3,Jurgens,FLNC_locus0,7:128818595
7,128818595,7:128818595:C:A,7,128829308,7:128829308:G:A,0.838081,10713,7:128818595,chr7,128818595,128818595,rs4731517,FLNC,3,Jurgens,FLNC_locus0,7:128818595
7,128818595,7:128818595:C:A,7,128829430,7:128829430:T:C,0.838081,10835,7:128818595,chr7,128818595,128818595,rs4731517,FLNC,3,Jurgens,FLNC_locus0,7:128818595
7,128818595,7:128818595:C:A,7,128829706,7:128829706:G:A,0.837074,11111,7:128818595,chr7,128818595,128818595,rs4731517,FLNC,3,Jurgens,FLNC_locus0,7:128818595
8,11924924,8:11924924:A:G,8,11919897,8:11919897:C:T,0.895042,5027,8:11924924,chr8,11924924,11924924,rs67146188,GATA4,2,Jurgens,GATA4_locus0,8:11924924
8,11924924,8:11924924:A:G,8,11922671,8:11922671:A:G,0.936867,2253,8:11924924,chr8,11924924,11924924,rs67146188,GATA4,2,Jurgens,GATA4_locus0,8:11924924
8,11924924,8:11924924:A:G,8,11923084,8:11923084:G:A,0.942251,1840,8:11924924,chr8,11924924,11924924,rs67146188,GATA4,2,Jurgens,GATA4_locus0,8:11924924
8,11924924,8:11924924:A:G,8,11923378,8:11923378:A:G,0.943554,1546,8:11924924,chr8,11924924,11924924,rs67146188,GATA4,2,Jurgens,GATA4_locus0,8:11924924
8,11924924,8:11924924:A:G,8,11923435,8:11923435:G:C,0.867572,1489,8:11924924,chr8,11924924,11924924,rs67146188,GATA4,2,Jurgens,GATA4_locus0,8:11924924
8,11924924,8:11924924:A:G,8,11923543,8:11923543:G:C,0.895191,1381,8:11924924,chr8,11924924,11924924,rs67146188,GATA4,2,Jurgens,GATA4_locus0,8:11924924
8,11924924,8:11924924:A:G,8,11923955,8:11923955:T:C,0.98081,969,8:11924924,chr8,11924924,11924924,rs67146188,GATA4,2,Jurgens,GATA4_locus0,8:11924924
8,11924924,8:11924924:A:G,8,11924026,8:11924026:G:T,0.943105,898,8:11924924,chr8,11924924,11924924,rs67146188,GATA4,2,Jurgens,GATA4_locus0,8:11924924
8,11924924,8:11924924:A:G,8,11924159,8:11924159:C:T,0.98209,765,8:11924924,chr8,11924924,11924924,rs67146188,GATA4,2,Jurgens,GATA4_locus0,8:11924924
8,11924924,8:11924924:A:G,8,11924183,8:11924183:C:A,0.98209,741,8:11924924,chr8,11924924,11924924,rs67146188,GATA4,2,Jurgens,GATA4_locus0,8:11924924
8,11924924,8:11924924:A:G,8,11924185,8:11924185:T:C,0.98209,739,8:11924924,chr8,11924924,11924924,rs67146188,GATA4,2,Jurgens,GATA4_locus0,8:11924924
8,11924924,8:11924924:A:G,8,11924371,8:11924371:T:C,0.984014,553,8:11924924,chr8,11924924,11924924,rs67146188,GATA4,2,Jurgens,GATA4_locus0,8:11924924
8,11924924,8:11924924:A:G,8,11924479,8:11924479:G:A,0.939684,445,8:11924924,chr8,11924924,11924924,rs67146188,GATA4,2,Jurgens,GATA4_locus0,8:11924924
8,11924924,8:11924924:A:G,8,11924518,8:11924518:G:C,0.982093,406,8:11924924,chr8,11924924,11924924,rs67146188,GATA4,2,Jurgens,GATA4_locus0,8:11924924
8,11924924,8:11924924:A:G,8,11924554,8:11924554:G:A,0.982742,370,8:11924924,chr8,11924924,11924924,rs67146188,GATA4,2,Jurgens,GATA4_locus0,8:11924924
8,11924924,8:11924924:A:G,8,11924705,8:11924705:G:A,0.984014,219,8:11924924,chr8,11924924,11924924,rs67146188,GATA4,2,Jurgens,GATA4_locus0,8:11924924
8,11924924,8:11924924:A:G,8,11924736,8:11924736:GT:G,0.944578,188,8:11924924,chr8,11924924,11924924,rs67146188,GATA4,2,Jurgens,GATA4_locus0,8:11924924
8,11924924,8:11924924:A:G,8,11924747,8:11924747:CTT:C,0.978924,177,8:11924924,chr8,11924924,11924924,rs67146188,GATA4,2,Jurgens,GATA4_locus0,8:11924924
8,11924924,8:11924924:A:G,8,11924802,8:11924802:G:A,0.939549,122,8:11924924,chr8,11924924,11924924,rs67146188,GATA4,2,Jurgens,GATA4_locus0,8:11924924
8,11924924,8:11924924:A:G,8,11924817,8:11924817:T:C,0.977011,107,8:11924924,chr8,11924924,11924924,rs67146188,GATA4,2,Jurgens,GATA4_locus0,8:11924924
8,11924924,8:11924924:A:G,8,11924840,8:11924840:G:T,0.938894,84,8:11924924,chr8,11924924,11924924,rs67146188,GATA4,2,Jurgens,GATA4_locus0,8:11924924
8,11924924,8:11924924:A:G,8,11924924,8:11924924:A:G,1.0,0,8:11924924,chr8,11924924,11924924,rs67146188,GATA4,2,Jurgens,GATA4_locus0,8:11924924
8,11924924,8:11924924:A:G,8,11925025,8:11925025:C:A,0.958274,101,8:11924924,chr8,11924924,11924924,rs67146188,GATA4,2,Jurgens,GATA4_locus0,8:11924924
8,11924924,8:11924924:A:G,8,11925061,8:11925061:A:C,0.973857,137,8:11924924,chr8,11924924,11924924,rs67146188,GATA4,2,Jurgens,GATA4_locus0,8:11924924
8,11924924,8:11924924:A:G,8,11925100,8:11925100:T:A,0.984014,176,8:11924924,chr8,11924924,11924924,rs67146188,GATA4,2,Jurgens,GATA4_locus0,8:11924924
8,11924924,8:11924924:A:G,8,11925250,8:11925250:G:A,0.983372,326,8:11924924,chr8,11924924,11924924,rs67146188,GATA4,2,Jurgens,GATA4_locus0,8:11924924
8,11924924,8:11924924:A:G,8,11925306,8:11925306:T:C,0.984014,382,8:11924924,chr8,11924924,11924924,rs67146188,GATA4,2,Jurgens,GATA4_locus0,8:11924924
8,11924924,8:11924924:A:G,8,11925377,8:11925377:C:T,0.978915,453,8:11924924,chr8,11924924,11924924,rs67146188,GATA4,2,Jurgens,GATA4_locus0,8:11924924
8,11924924,8:11924924:A:G,8,11925410,8:11925410:A:T,0.983372,486,8:11924924,chr8,11924924,11924924,rs67146188,GATA4,2,Jurgens,GATA4_locus0,8:11924924
8,11924924,8:11924924:A:G,8,11925609,8:11925609:C:T,0.83547,685,8:11924924,chr8,11924924,11924924,rs67146188,GATA4,2,Jurgens,GATA4_locus0,8:11924924
8,11924924,8:11924924:A:G,8,11925725,8:11925725:A:G,0.982735,801,8:11924924,chr8,11924924,11924924,rs67146188,GATA4,2,Jurgens,GATA4_locus0,8:11924924
8,11924924,8:11924924:A:G,8,11926015,8:11926015:A:G,0.941314,1091,8:11924924,chr8,11924924,11924924,rs67146188,GATA4,2,Jurgens,GATA4_locus0,8:11924924
8,11924924,8:11924924:A:G,8,11926076,8:11926076:C:A,0.981451,1152,8:11924924,chr8,11924924,11924924,rs67146188,GATA4,2,Jurgens,GATA4_locus0,8:11924924
8,11924924,8:11924924:A:G,8,11926105,8:11926105:C:T,0.945755,1181,8:11924924,chr8,11924924,11924924,rs67146188,GATA4,2,Jurgens,GATA4_locus0,8:11924924
8,11924924,8:11924924:A:G,8,11926106,8:11926106:A:G,0.982735,1182,8:11924924,chr8,11924924,11924924,rs67146188,GATA4,2,Jurgens,GATA4_locus0,8:11924924
8,11924924,8:11924924:A:G,8,11926109,8:11926109:T:C,0.982735,1185,8:11924924,chr8,11924924,11924924,rs67146188,GATA4,2,Jurgens,GATA4_locus0,8:11924924
8,11924924,8:11924924:A:G,8,11926181,8:11926181:C:T,0.945755,1257,8:11924924,chr8,11924924,11924924,rs67146188,GATA4,2,Jurgens,GATA4_locus0,8:11924924
8,11924924,8:11924924:A:G,8,11926536,8:11926536:T:C,0.982735,1612,8:11924924,chr8,11924924,11924924,rs67146188,GATA4,2,Jurgens,GATA4_locus0,8:11924924
8,11924924,8:11924924:A:G,8,11926725,8:11926725:C:T,0.981454,1801,8:11924924,chr8,11924924,11924924,rs67146188,GATA4,2,Jurgens,GATA4_locus0,8:11924924
8,11924924,8:11924924:A:G,8,11926731,8:11926731:C:T,0.982097,1807,8:11924924,chr8,11924924,11924924,rs67146188,GATA4,2,Jurgens,GATA4_locus0,8:11924924
8,11924924,8:11924924:A:G,8,11926817,8:11926817:T:C,0.982097,1893,8:11924924,chr8,11924924,11924924,rs67146188,GATA4,2,Jurgens,GATA4_locus0,8:11924924
8,11924924,8:11924924:A:G,8,11926894,8:11926894:A:T,0.982734,1970,8:11924924,chr8,11924924,11924924,rs67146188,GATA4,2,Jurgens,GATA4_locus0,8:11924924
8,11924924,8:11924924:A:G,8,11927032,8:11927032:C:T,0.982097,2108,8:11924924,chr8,11924924,11924924,rs67146188,GATA4,2,Jurgens,GATA4_locus0,8:11924924
8,11924924,8:11924924:A:G,8,11927352,8:11927352:T:C,0.980823,2428,8:11924924,chr8,11924924,11924924,rs67146188,GATA4,2,Jurgens,GATA4_locus0,8:11924924
8,11924924,8:11924924:A:G,8,11927416,8:11927416:A:C,0.982097,2492,8:11924924,chr8,11924924,11924924,rs67146188,GATA4,2,Jurgens,GATA4_locus0,8:11924924
8,11924924,8:11924924:A:G,8,11927447,8:11927447:A:G,0.942688,2523,8:11924924,chr8,11924924,11924924,rs67146188,GATA4,2,Jurgens,GATA4_locus0,8:11924924
8,11924924,8:11924924:A:G,8,11927480,8:11927480:T:A,0.977645,2556,8:11924924,chr8,11924924,11924924,rs67146188,GATA4,2,Jurgens,GATA4_locus0,8:11924924
8,11924924,8:11924924:A:G,8,11927482,8:11927482:A:T,0.978914,2558,8:11924924,chr8,11924924,11924924,rs67146188,GATA4,2,Jurgens,GATA4_locus0,8:11924924
8,11924924,8:11924924:A:G,8,11927663,8:11927665:GA:G,0.965568,2739,8:11924924,chr8,11924924,11924924,rs67146188,GATA4,2,Jurgens,GATA4_locus0,8:11924924
8,11924924,8:11924924:A:G,8,11928040,8:11928040:C:A,0.910508,3116,8:11924924,chr8,11924924,11924924,rs67146188,GATA4,2,Jurgens,GATA4_locus0,8:11924924
8,11924924,8:11924924:A:G,8,11928146,8:11928146:G:A,0.910508,3222,8:11924924,chr8,11924924,11924924,rs67146188,GATA4,2,Jurgens,GATA4_locus0,8:11924924
8,11924924,8:11924924:A:G,8,11929694,8:11929694:C:T,0.938358,4770,8:11924924,chr8,11924924,11924924,rs67146188,GATA4,2,Jurgens,GATA4_locus0,8:11924924
8,11924924,8:11924924:A:G,8,11932785,8:11932785:CG:C,0.899597,7861,8:11924924,chr8,11924924,11924924,rs67146188,GATA4,2,Jurgens,GATA4_locus0,8:11924924
8,11924924,8:11924924:A:G,8,11935393,8:11935393:C:T,0.881675,10469,8:11924924,chr8,11924924,11924924,rs67146188,GATA4,2,Jurgens,GATA4_locus0,8:11924924
8,11924924,8:11924924:A:G,8,11936145,8:11936145:T:G,0.899517,11221,8:11924924,chr8,11924924,11924924,rs67146188,GATA4,2,Jurgens,GATA4_locus0,8:11924924
8,11924924,8:11924924:A:G,8,11937840,8:11937840:C:T,0.810955,12916,8:11924924,chr8,11924924,11924924,rs67146188,GATA4,2,Jurgens,GATA4_locus0,8:11924924
8,11928146,8:11928146:G:A,8,11919897,8:11919897:C:T,0.909978,8249,8:11928146,chr8,11928146,11928146,rs35010200,BLK,1,Zheng,BLK_locus0,8:11928146
8,11928146,8:11928146:G:A,8,11922671,8:11922671:A:G,0.878404,5475,8:11928146,chr8,11928146,11928146,rs35010200,BLK,1,Zheng,BLK_locus0,8:11928146
8,11928146,8:11928146:G:A,8,11923084,8:11923084:G:A,0.898445,5062,8:11928146,chr8,11928146,11928146,rs35010200,BLK,1,Zheng,BLK_locus0,8:11928146
8,11928146,8:11928146:G:A,8,11923378,8:11923378:A:G,0.898656,4768,8:11928146,chr8,11928146,11928146,rs35010200,BLK,1,Zheng,BLK_locus0,8:11928146
8,11928146,8:11928146:G:A,8,11923435,8:11923435:G:C,0.940709,4711,8:11928146,chr8,11928146,11928146,rs35010200,BLK,1,Zheng,BLK_locus0,8:11928146
8,11928146,8:11928146:G:A,8,11923543,8:11923543:G:C,0.982879,4603,8:11928146,chr8,11928146,11928146,rs35010200,BLK,1,Zheng,BLK_locus0,8:11928146
8,11928146,8:11928146:G:A,8,11923955,8:11923955:T:C,0.921939,4191,8:11928146,chr8,11928146,11928146,rs35010200,BLK,1,Zheng,BLK_locus0,8:11928146
8,11928146,8:11928146:G:A,8,11924026,8:11924026:G:T,0.957506,4120,8:11928146,chr8,11928146,11928146,rs35010200,BLK,1,Zheng,BLK_locus0,8:11928146
8,11928146,8:11928146:G:A,8,11924159,8:11924159:C:T,0.923067,3987,8:11928146,chr8,11928146,11928146,rs35010200,BLK,1,Zheng,BLK_locus0,8:11928146
8,11928146,8:11928146:G:A,8,11924183,8:11924183:C:A,0.923067,3963,8:11928146,chr8,11928146,11928146,rs35010200,BLK,1,Zheng,BLK_locus0,8:11928146
8,11928146,8:11928146:G:A,8,11924185,8:11924185:T:C,0.923067,3961,8:11928146,chr8,11928146,11928146,rs35010200,BLK,1,Zheng,BLK_locus0,8:11928146
8,11928146,8:11928146:G:A,8,11924371,8:11924371:T:C,0.9249,3775,8:11928146,chr8,11928146,11928146,rs35010200,BLK,1,Zheng,BLK_locus0,8:11928146
8,11928146,8:11928146:G:A,8,11924479,8:11924479:G:A,0.970421,3667,8:11928146,chr8,11928146,11928146,rs35010200,BLK,1,Zheng,BLK_locus0,8:11928146
8,11928146,8:11928146:G:A,8,11924518,8:11924518:G:C,0.922905,3628,8:11928146,chr8,11928146,11928146,rs35010200,BLK,1,Zheng,BLK_locus0,8:11928146
8,11928146,8:11928146:G:A,8,11924554,8:11924554:G:A,0.924652,3592,8:11928146,chr8,11928146,11928146,rs35010200,BLK,1,Zheng,BLK_locus0,8:11928146
8,11928146,8:11928146:G:A,8,11924705,8:11924705:G:A,0.9249,3441,8:11928146,chr8,11928146,11928146,rs35010200,BLK,1,Zheng,BLK_locus0,8:11928146
8,11928146,8:11928146:G:A,8,11924736,8:11924736:GT:G,0.958608,3410,8:11928146,chr8,11928146,11928146,rs35010200,BLK,1,Zheng,BLK_locus0,8:11928146
8,11928146,8:11928146:G:A,8,11924747,8:11924747:CTT:C,0.924449,3399,8:11928146,chr8,11928146,11928146,rs35010200,BLK,1,Zheng,BLK_locus0,8:11928146
8,11928146,8:11928146:G:A,8,11924802,8:11924802:G:A,0.953418,3344,8:11928146,chr8,11928146,11928146,rs35010200,BLK,1,Zheng,BLK_locus0,8:11928146
8,11928146,8:11928146:G:A,8,11924817,8:11924817:T:C,0.917651,3329,8:11928146,chr8,11928146,11928146,rs35010200,BLK,1,Zheng,BLK_locus0,8:11928146
8,11928146,8:11928146:G:A,8,11924840,8:11924840:G:T,0.952819,3306,8:11928146,chr8,11928146,11928146,rs35010200,BLK,1,Zheng,BLK_locus0,8:11928146
8,11928146,8:11928146:G:A,8,11924924,8:11924924:A:G,0.910508,3222,8:11928146,chr8,11928146,11928146,rs35010200,BLK,1,Zheng,BLK_locus0,8:11928146
8,11928146,8:11928146:G:A,8,11925025,8:11925025:C:A,0.901938,3121,8:11928146,chr8,11928146,11928146,rs35010200,BLK,1,Zheng,BLK_locus0,8:11928146
8,11928146,8:11928146:G:A,8,11925061,8:11925061:A:C,0.915563,3085,8:11928146,chr8,11928146,11928146,rs35010200,BLK,1,Zheng,BLK_locus0,8:11928146
8,11928146,8:11928146:G:A,8,11925100,8:11925100:T:A,0.9249,3046,8:11928146,chr8,11928146,11928146,rs35010200,BLK,1,Zheng,BLK_locus0,8:11928146
8,11928146,8:11928146:G:A,8,11925250,8:11925250:G:A,0.925583,2896,8:11928146,chr8,11928146,11928146,rs35010200,BLK,1,Zheng,BLK_locus0,8:11928146
8,11928146,8:11928146:G:A,8,11925306,8:11925306:T:C,0.9249,2840,8:11928146,chr8,11928146,11928146,rs35010200,BLK,1,Zheng,BLK_locus0,8:11928146
8,11928146,8:11928146:G:A,8,11925377,8:11925377:C:T,0.928235,2769,8:11928146,chr8,11928146,11928146,rs35010200,BLK,1,Zheng,BLK_locus0,8:11928146
8,11928146,8:11928146:G:A,8,11925410,8:11925410:A:T,0.925583,2736,8:11928146,chr8,11928146,11928146,rs35010200,BLK,1,Zheng,BLK_locus0,8:11928146
8,11928146,8:11928146:G:A,8,11925609,8:11925609:C:T,0.850186,2537,8:11928146,chr8,11928146,11928146,rs35010200,BLK,1,Zheng,BLK_locus0,8:11928146
8,11928146,8:11928146:G:A,8,11925725,8:11925725:A:G,0.926107,2421,8:11928146,chr8,11928146,11928146,rs35010200,BLK,1,Zheng,BLK_locus0,8:11928146
8,11928146,8:11928146:G:A,8,11926015,8:11926015:A:G,0.963452,2131,8:11928146,chr8,11928146,11928146,rs35010200,BLK,1,Zheng,BLK_locus0,8:11928146
8,11928146,8:11928146:G:A,8,11926076,8:11926076:C:A,0.924883,2070,8:11928146,chr8,11928146,11928146,rs35010200,BLK,1,Zheng,BLK_locus0,8:11928146
8,11928146,8:11928146:G:A,8,11926105,8:11926105:C:T,0.962754,2041,8:11928146,chr8,11928146,11928146,rs35010200,BLK,1,Zheng,BLK_locus0,8:11928146
8,11928146,8:11928146:G:A,8,11926106,8:11926106:A:G,0.926107,2040,8:11928146,chr8,11928146,11928146,rs35010200,BLK,1,Zheng,BLK_locus0,8:11928146
8,11928146,8:11928146:G:A,8,11926109,8:11926109:T:C,0.926107,2037,8:11928146,chr8,11928146,11928146,rs35010200,BLK,1,Zheng,BLK_locus0,8:11928146
8,11928146,8:11928146:G:A,8,11926181,8:11926181:C:T,0.962754,1965,8:11928146,chr8,11928146,11928146,rs35010200,BLK,1,Zheng,BLK_locus0,8:11928146
8,11928146,8:11928146:G:A,8,11926536,8:11926536:T:C,0.926107,1610,8:11928146,chr8,11928146,11928146,rs35010200,BLK,1,Zheng,BLK_locus0,8:11928146
8,11928146,8:11928146:G:A,8,11926725,8:11926725:C:T,0.926107,1421,8:11928146,chr8,11928146,11928146,rs35010200,BLK,1,Zheng,BLK_locus0,8:11928146
8,11928146,8:11928146:G:A,8,11926731,8:11926731:C:T,0.926719,1415,8:11928146,chr8,11928146,11928146,rs35010200,BLK,1,Zheng,BLK_locus0,8:11928146
8,11928146,8:11928146:G:A,8,11926817,8:11926817:T:C,0.926719,1329,8:11928146,chr8,11928146,11928146,rs35010200,BLK,1,Zheng,BLK_locus0,8:11928146
8,11928146,8:11928146:G:A,8,11926894,8:11926894:A:T,0.926194,1252,8:11928146,chr8,11928146,11928146,rs35010200,BLK,1,Zheng,BLK_locus0,8:11928146
8,11928146,8:11928146:G:A,8,11927032,8:11927032:C:T,0.926719,1114,8:11928146,chr8,11928146,11928146,rs35010200,BLK,1,Zheng,BLK_locus0,8:11928146
8,11928146,8:11928146:G:A,8,11927352,8:11927352:T:C,0.925265,794,8:11928146,chr8,11928146,11928146,rs35010200,BLK,1,Zheng,BLK_locus0,8:11928146
8,11928146,8:11928146:G:A,8,11927416,8:11927416:A:C,0.926719,730,8:11928146,chr8,11928146,11928146,rs35010200,BLK,1,Zheng,BLK_locus0,8:11928146
8,11928146,8:11928146:G:A,8,11927447,8:11927447:A:G,0.965989,699,8:11928146,chr8,11928146,11928146,rs35010200,BLK,1,Zheng,BLK_locus0,8:11928146
8,11928146,8:11928146:G:A,8,11927480,8:11927480:T:A,0.926869,666,8:11928146,chr8,11928146,11928146,rs35010200,BLK,1,Zheng,BLK_locus0,8:11928146
8,11928146,8:11928146:G:A,8,11927482,8:11927482:A:T,0.927022,664,8:11928146,chr8,11928146,11928146,rs35010200,BLK,1,Zheng,BLK_locus0,8:11928146
8,11928146,8:11928146:G:A,8,11927663,8:11927665:GA:G,0.9282,483,8:11928146,chr8,11928146,11928146,rs35010200,BLK,1,Zheng,BLK_locus0,8:11928146
8,11928146,8:11928146:G:A,8,11928040,8:11928040:C:A,1.0,106,8:11928146,chr8,11928146,11928146,rs35010200,BLK,1,Zheng,BLK_locus0,8:11928146
8,11928146,8:11928146:G:A,8,11928146,8:11928146:G:A,1.0,0,8:11928146,chr8,11928146,11928146,rs35010200,BLK,1,Zheng,BLK_locus0,8:11928146
8,11928146,8:11928146:G:A,8,11929694,8:11929694:C:T,0.962503,1548,8:11928146,chr8,11928146,11928146,rs35010200,BLK,1,Zheng,BLK_locus0,8:11928146
8,11928146,8:11928146:G:A,8,11932785,8:11932785:CG:C,0.988916,4639,8:11928146,chr8,11928146,11928146,rs35010200,BLK,1,Zheng,BLK_locus0,8:11928146
8,11928146,8:11928146:G:A,8,11935393,8:11935393:C:T,0.925817,7247,8:11928146,chr8,11928146,11928146,rs35010200,BLK,1,Zheng,BLK_locus0,8:11928146
8,11928146,8:11928146:G:A,8,11936145,8:11936145:T:G,0.910874,7999,8:11928146,chr8,11928146,11928146,rs35010200,BLK,1,Zheng,BLK_locus0,8:11928146
8,11928146,8:11928146:G:A,8,11937840,8:11937840:C:T,0.829014,9694,8:11928146,chr8,11928146,11928146,rs35010200,BLK,1,Zheng,BLK_locus0,8:11928146
8,11928146,8:11928146:G:A,8,11939961,8:11939961:G:A,0.815148,11815,8:11928146,chr8,11928146,11928146,rs35010200,BLK,1,Zheng,BLK_locus0,8:11928146
8,94235602,8:94235602:A:G,8,94235602,8:94235602:A:G,1.0,0,8:94235602,chr8,94235602,94235602,rs2613208,GEM,3,Jurgens,GEM_locus0,8:94235602
8,123540063,8:123540063:G:A,8,123539539,8:123539539:G:A,0.986327,524,8:123540063,chr8,123540063,123540063,rs7835298,FBXO32,5,both,FBXO32_locus0,8:123540063
8,123540063,8:123540063:G:A,8,123540063,8:123540063:G:A,1.0,0,8:123540063,chr8,123540063,123540063,rs7835298,FBXO32,5,both,FBXO32_locus0,8:123540063
8,124847608,8:124847608:G:A,8,124847575,8:124847575:C:A,0.8193,33,8:124847608,chr8,124847608,124847608,rs34866937,MTSS1,4,Zheng,MTSS1_locus0,8:124847608
8,124847608,8:124847608:G:A,8,124847608,8:124847608:G:A,1.0,0,8:124847608,chr8,124847608,124847608,rs34866937,MTSS1,4,Zheng,MTSS1_locus0,8:124847608
8,124847608,8:124847608:G:A,8,124849132,8:124849132:C:T,0.830966,1524,8:124847608,chr8,124847608,124847608,rs34866937,MTSS1,4,Zheng,MTSS1_locus0,8:124847608
8,124847608,8:124847608:G:A,8,124855592,8:124855592:A:T,0.821316,7984,8:124847608,chr8,124847608,124847608,rs34866937,MTSS1,4,Zheng,MTSS1_locus0,8:124847608
8,124849132,8:124849132:C:T,8,124845117,8:124845117:G:T,0.891713,4015,8:124849132,chr8,124849132,124849132,rs7461129,MTSS1,3,Jurgens,MTSS1_locus0,8:124849132
8,124849132,8:124849132:C:T,8,124846279,8:124846279:G:A,0.894903,2853,8:124849132,chr8,124849132,124849132,rs7461129,MTSS1,3,Jurgens,MTSS1_locus0,8:124849132
8,124849132,8:124849132:C:T,8,124847575,8:124847575:C:A,0.951232,1557,8:124849132,chr8,124849132,124849132,rs7461129,MTSS1,3,Jurgens,MTSS1_locus0,8:124849132
8,124849132,8:124849132:C:T,8,124847608,8:124847608:G:A,0.830966,1524,8:124849132,chr8,124849132,124849132,rs7461129,MTSS1,3,Jurgens,MTSS1_locus0,8:124849132
8,124849132,8:124849132:C:T,8,124849132,8:124849132:C:T,1.0,0,8:124849132,chr8,124849132,124849132,rs7461129,MTSS1,3,Jurgens,MTSS1_locus0,8:124849132
8,124849132,8:124849132:C:T,8,124855592,8:124855592:A:T,0.99106,6460,8:124849132,chr8,124849132,124849132,rs7461129,MTSS1,3,Jurgens,MTSS1_locus0,8:124849132
8,124849132,8:124849132:C:T,8,124864202,8:124864202:A:G,0.951871,15070,8:124849132,chr8,124849132,124849132,rs7461129,MTSS1,3,Jurgens,MTSS1_locus0,8:124849132
8,124849132,8:124849132:C:T,8,124881909,8:124881909:C:T,0.92209,32777,8:124849132,chr8,124849132,124849132,rs7461129,MTSS1,3,Jurgens,MTSS1_locus0,8:124849132
8,124849132,8:124849132:C:T,8,124886015,8:124886015:T:C,0.889232,36883,8:124849132,chr8,124849132,124849132,rs7461129,MTSS1,3,Jurgens,MTSS1_locus0,8:124849132
8,124849132,8:124849132:C:T,8,124889174,8:124889174:G:T,0.820486,40042,8:124849132,chr8,124849132,124849132,rs7461129,MTSS1,3,Jurgens,MTSS1_locus0,8:124849132
8,140614946,8:140614946:G:A,8,140610939,8:140610939:G:A,0.807839,4007,8:140614946,chr8,140614946,140614946,rs10087629,AGO2,2,Zheng,AGO2_locus0,8:140614946
8,140614946,8:140614946:G:A,8,140611772,8:140611772:C:G,0.872313,3174,8:140614946,chr8,140614946,140614946,rs10087629,AGO2,2,Zheng,AGO2_locus0,8:140614946
8,140614946,8:140614946:G:A,8,140613859,8:140613859:A:AC,0.911252,1087,8:140614946,chr8,140614946,140614946,rs10087629,AGO2,2,Zheng,AGO2_locus0,8:140614946
8,140614946,8:140614946:G:A,8,140614946,8:140614946:G:A,1.0,0,8:140614946,chr8,140614946,140614946,rs10087629,AGO2,2,Zheng,AGO2_locus0,8:140614946
9,35776422,9:35776422:G:A,9,35776422,9:35776422:G:A,1.0,0,9:35776422,chr9,35776422,35776422,rs2381400,NPR2,2,Zheng,NPR2_locus0,9:35776422
9,35776422,9:35776422:G:A,9,35776994,9:35776994:CA:C,0.942581,572,9:35776422,chr9,35776422,35776422,rs2381400,NPR2,2,Zheng,NPR2_locus0,9:35776422
9,36361306,9:36361306:C:A,9,36345154,9:36345154:C:T,0.915735,16152,9:36361306,chr9,36361306,36361306,rs4879988,RNF38,2,Zheng,RNF38_locus0,9:36361306
9,36361306,9:36361306:C:A,9,36346308,9:36346308:C:T,0.910386,14998,9:36361306,chr9,36361306,36361306,rs4879988,RNF38,2,Zheng,RNF38_locus0,9:36361306
9,36361306,9:36361306:C:A,9,36354116,9:36354116:T:C,0.994795,7190,9:36361306,chr9,36361306,36361306,rs4879988,RNF38,2,Zheng,RNF38_locus0,9:36361306
9,36361306,9:36361306:C:A,9,36358867,9:36358867:T:A,0.996741,2439,9:36361306,chr9,36361306,36361306,rs4879988,RNF38,2,Zheng,RNF38_locus0,9:36361306
9,36361306,9:36361306:C:A,9,36361306,9:36361306:C:A,1.0,0,9:36361306,chr9,36361306,36361306,rs4879988,RNF38,2,Zheng,RNF38_locus0,9:36361306
9,36361306,9:36361306:C:A,9,36364164,9:36364164:C:T,0.912251,2858,9:36361306,chr9,36361306,36361306,rs4879988,RNF38,2,Zheng,RNF38_locus0,9:36361306
9,36361306,9:36361306:C:A,9,36367125,9:36367125:C:T,0.907898,5819,9:36361306,chr9,36361306,36361306,rs4879988,RNF38,2,Zheng,RNF38_locus0,9:36361306
9,36361306,9:36361306:C:A,9,36371971,9:36371971:G:C,0.989624,10665,9:36361306,chr9,36361306,36361306,rs4879988,RNF38,2,Zheng,RNF38_locus0,9:36361306
9,36361306,9:36361306:C:A,9,36376335,9:36376335:G:C,0.984378,15029,9:36361306,chr9,36361306,36361306,rs4879988,RNF38,2,Zheng,RNF38_locus0,9:36361306
9,36361306,9:36361306:C:A,9,36384565,9:36384565:A:G,0.989575,23259,9:36361306,chr9,36361306,36361306,rs4879988,RNF38,2,Zheng,RNF38_locus0,9:36361306
9,36361306,9:36361306:C:A,9,36388353,9:36388353:A:G,0.990223,27047,9:36361306,chr9,36361306,36361306,rs4879988,RNF38,2,Zheng,RNF38_locus0,9:36361306
9,36361306,9:36361306:C:A,9,36389344,9:36389344:CA:C,0.902178,28038,9:36361306,chr9,36361306,36361306,rs4879988,RNF38,2,Zheng,RNF38_locus0,9:36361306
9,36361306,9:36361306:C:A,9,36395949,9:36395949:G:A,0.981234,34643,9:36361306,chr9,36361306,36361306,rs4879988,RNF38,2,Zheng,RNF38_locus0,9:36361306
9,36361306,9:36361306:C:A,9,36396919,9:36396919:G:A,0.980572,35613,9:36361306,chr9,36361306,36361306,rs4879988,RNF38,2,Zheng,RNF38_locus0,9:36361306
9,36361306,9:36361306:C:A,9,36399493,9:36399493:A:AAT,0.873258,38187,9:36361306,chr9,36361306,36361306,rs4879988,RNF38,2,Zheng,RNF38_locus0,9:36361306
9,36361306,9:36361306:C:A,9,36401355,9:36401355:G:A,0.99155,40049,9:36361306,chr9,36361306,36361306,rs4879988,RNF38,2,Zheng,RNF38_locus0,9:36361306
9,36361306,9:36361306:C:A,9,36405268,9:36405268:T:TA,0.957327,43962,9:36361306,chr9,36361306,36361306,rs4879988,RNF38,2,Zheng,RNF38_locus0,9:36361306
9,36361306,9:36361306:C:A,9,36407328,9:36407328:T:C,0.976633,46022,9:36361306,chr9,36361306,36361306,rs4879988,RNF38,2,Zheng,RNF38_locus0,9:36361306
9,36361306,9:36361306:C:A,9,36415389,9:36415389:T:C,0.979899,54083,9:36361306,chr9,36361306,36361306,rs4879988,RNF38,2,Zheng,RNF38_locus0,9:36361306
9,36361306,9:36361306:C:A,9,36442935,9:36442935:G:C,0.935207,81629,9:36361306,chr9,36361306,36361306,rs4879988,RNF38,2,Zheng,RNF38_locus0,9:36361306
9,36361306,9:36361306:C:A,9,36448948,9:36448948:T:C,0.937223,87642,9:36361306,chr9,36361306,36361306,rs4879988,RNF38,2,Zheng,RNF38_locus0,9:36361306
9,36361306,9:36361306:C:A,9,36451339,9:36451339:T:C,0.933201,90033,9:36361306,chr9,36361306,36361306,rs4879988,RNF38,2,Zheng,RNF38_locus0,9:36361306
9,36361306,9:36361306:C:A,9,36459681,9:36459681:A:G,0.926008,98375,9:36361306,chr9,36361306,36361306,rs4879988,RNF38,2,Zheng,RNF38_locus0,9:36361306
9,36361306,9:36361306:C:A,9,36460942,9:36460942:A:G,0.933243,99636,9:36361306,chr9,36361306,36361306,rs4879988,RNF38,2,Zheng,RNF38_locus0,9:36361306
9,36361306,9:36361306:C:A,9,36463747,9:36463747:T:C,0.936068,102441,9:36361306,chr9,36361306,36361306,rs4879988,RNF38,2,Zheng,RNF38_locus0,9:36361306
9,36361306,9:36361306:C:A,9,36469329,9:36469329:C:CT,0.93732,108023,9:36361306,chr9,36361306,36361306,rs4879988,RNF38,2,Zheng,RNF38_locus0,9:36361306
9,36361306,9:36361306:C:A,9,36473562,9:36473562:C:T,0.936449,112256,9:36361306,chr9,36361306,36361306,rs4879988,RNF38,2,Zheng,RNF38_locus0,9:36361306
9,36361306,9:36361306:C:A,9,36478040,9:36478040:C:CCAATAA,0.912231,116734,9:36361306,chr9,36361306,36361306,rs4879988,RNF38,2,Zheng,RNF38_locus0,9:36361306
9,36361306,9:36361306:C:A,9,36481990,9:36481990:C:A,0.923724,120684,9:36361306,chr9,36361306,36361306,rs4879988,RNF38,2,Zheng,RNF38_locus0,9:36361306
10,28812260,10:28812260:C:T,10,28812260,10:28812260:C:T,1.0,0,10:28812260,chr10,28812260,28812260,rs1495677,BAMBI,2,Zheng,BAMBI_locus0,10:28812260
10,29428910,10:29428910:A:G,10,29397309,10:29397309:C:T,0.819899,31601,10:29428910,chr10,29428910,29428910,rs4749423,SVIL,3,Jurgens,SVIL_locus0,10:29428910
10,29428910,10:29428910:A:G,10,29398046,10:29398046:T:TA,0.807692,30864,10:29428910,chr10,29428910,29428910,rs4749423,SVIL,3,Jurgens,SVIL_locus0,10:29428910
10,29428910,10:29428910:A:G,10,29406437,10:29406437:T:C,0.831649,22473,10:29428910,chr10,29428910,29428910,rs4749423,SVIL,3,Jurgens,SVIL_locus0,10:29428910
10,29428910,10:29428910:A:G,10,29408298,10:29408298:C:A,0.822164,20612,10:29428910,chr10,29428910,29428910,rs4749423,SVIL,3,Jurgens,SVIL_locus0,10:29428910
10,29428910,10:29428910:A:G,10,29408310,10:29408310:A:G,0.840937,20600,10:29428910,chr10,29428910,29428910,rs4749423,SVIL,3,Jurgens,SVIL_locus0,10:29428910
10,29428910,10:29428910:A:G,10,29411463,10:29411463:C:T,0.83477,17447,10:29428910,chr10,29428910,29428910,rs4749423,SVIL,3,Jurgens,SVIL_locus0,10:29428910
10,29428910,10:29428910:A:G,10,29414321,10:29414321:TC:T,0.931771,14589,10:29428910,chr10,29428910,29428910,rs4749423,SVIL,3,Jurgens,SVIL_locus0,10:29428910
10,29428910,10:29428910:A:G,10,29415106,10:29415106:TAGG:T,0.83538,13804,10:29428910,chr10,29428910,29428910,rs4749423,SVIL,3,Jurgens,SVIL_locus0,10:29428910
10,29428910,10:29428910:A:G,10,29418622,10:29418622:A:G,0.830861,10288,10:29428910,chr10,29428910,29428910,rs4749423,SVIL,3,Jurgens,SVIL_locus0,10:29428910
10,29428910,10:29428910:A:G,10,29424562,10:29424562:T:A,0.99084,4348,10:29428910,chr10,29428910,29428910,rs4749423,SVIL,3,Jurgens,SVIL_locus0,10:29428910
10,29428910,10:29428910:A:G,10,29425002,10:29425002:G:A,0.99084,3908,10:29428910,chr10,29428910,29428910,rs4749423,SVIL,3,Jurgens,SVIL_locus0,10:29428910
10,29428910,10:29428910:A:G,10,29425580,10:29425580:C:T,0.840613,3330,10:29428910,chr10,29428910,29428910,rs4749423,SVIL,3,Jurgens,SVIL_locus0,10:29428910
10,29428910,10:29428910:A:G,10,29426150,10:29426150:T:G,0.99084,2760,10:29428910,chr10,29428910,29428910,rs4749423,SVIL,3,Jurgens,SVIL_locus0,10:29428910
10,29428910,10:29428910:A:G,10,29426265,10:29426265:GAC:G,0.840613,2645,10:29428910,chr10,29428910,29428910,rs4749423,SVIL,3,Jurgens,SVIL_locus0,10:29428910
10,29428910,10:29428910:A:G,10,29426532,10:29426532:C:T,0.803183,2378,10:29428910,chr10,29428910,29428910,rs4749423,SVIL,3,Jurgens,SVIL_locus0,10:29428910
10,29428910,10:29428910:A:G,10,29426937,10:29426937:A:G,0.802337,1973,10:29428910,chr10,29428910,29428910,rs4749423,SVIL,3,Jurgens,SVIL_locus0,10:29428910
10,29428910,10:29428910:A:G,10,29427995,10:29427995:C:T,0.99084,915,10:29428910,chr10,29428910,29428910,rs4749423,SVIL,3,Jurgens,SVIL_locus0,10:29428910
10,29428910,10:29428910:A:G,10,29428321,10:29428321:T:TCA,0.803664,589,10:29428910,chr10,29428910,29428910,rs4749423,SVIL,3,Jurgens,SVIL_locus0,10:29428910
10,29428910,10:29428910:A:G,10,29428443,10:29428443:G:A,0.99084,467,10:29428910,chr10,29428910,29428910,rs4749423,SVIL,3,Jurgens,SVIL_locus0,10:29428910
10,29428910,10:29428910:A:G,10,29428575,10:29428575:C:T,0.99084,335,10:29428910,chr10,29428910,29428910,rs4749423,SVIL,3,Jurgens,SVIL_locus0,10:29428910
10,29428910,10:29428910:A:G,10,29428910,10:29428910:A:G,1.0,0,10:29428910,chr10,29428910,29428910,rs4749423,SVIL,3,Jurgens,SVIL_locus0,10:29428910
10,29428910,10:29428910:A:G,10,29430943,10:29430943:G:A,0.847474,2033,10:29428910,chr10,29428910,29428910,rs4749423,SVIL,3,Jurgens,SVIL_locus0,10:29428910
10,29428910,10:29428910:A:G,10,29431400,10:29431400:TA:T,0.967493,2490,10:29428910,chr10,29428910,29428910,rs4749423,SVIL,3,Jurgens,SVIL_locus0,10:29428910
10,29428910,10:29428910:A:G,10,29431744,10:29431744:T:C,0.99084,2834,10:29428910,chr10,29428910,29428910,rs4749423,SVIL,3,Jurgens,SVIL_locus0,10:29428910
10,29428910,10:29428910:A:G,10,29434241,10:29434241:C:A,0.983579,5331,10:29428910,chr10,29428910,29428910,rs4749423,SVIL,3,Jurgens,SVIL_locus0,10:29428910
10,29428910,10:29428910:A:G,10,29435327,10:29435327:G:C,0.803664,6417,10:29428910,chr10,29428910,29428910,rs4749423,SVIL,3,Jurgens,SVIL_locus0,10:29428910
10,29428910,10:29428910:A:G,10,29435874,10:29435874:G:A,0.99084,6964,10:29428910,chr10,29428910,29428910,rs4749423,SVIL,3,Jurgens,SVIL_locus0,10:29428910
10,29428910,10:29428910:A:G,10,29436184,10:29436184:A:T,0.99084,7274,10:29428910,chr10,29428910,29428910,rs4749423,SVIL,3,Jurgens,SVIL_locus0,10:29428910
10,29428910,10:29428910:A:G,10,29436413,10:29436413:A:G,0.99084,7503,10:29428910,chr10,29428910,29428910,rs4749423,SVIL,3,Jurgens,SVIL_locus0,10:29428910
10,29428910,10:29428910:A:G,10,29436594,10:29436594:T:C,0.99084,7684,10:29428910,chr10,29428910,29428910,rs4749423,SVIL,3,Jurgens,SVIL_locus0,10:29428910
10,29428910,10:29428910:A:G,10,29437189,10:29437189:A:G,0.99084,8279,10:29428910,chr10,29428910,29428910,rs4749423,SVIL,3,Jurgens,SVIL_locus0,10:29428910
10,29428910,10:29428910:A:G,10,29439570,10:29439570:G:GAA,0.838179,10660,10:29428910,chr10,29428910,29428910,rs4749423,SVIL,3,Jurgens,SVIL_locus0,10:29428910
10,29428910,10:29428910:A:G,10,29444287,10:29444287:A:C,0.99084,15377,10:29428910,chr10,29428910,29428910,rs4749423,SVIL,3,Jurgens,SVIL_locus0,10:29428910
10,29428910,10:29428910:A:G,10,29444475,10:29444475:AAT:A,0.802678,15565,10:29428910,chr10,29428910,29428910,rs4749423,SVIL,3,Jurgens,SVIL_locus0,10:29428910
10,29428910,10:29428910:A:G,10,29444780,10:29444780:C:G,0.979986,15870,10:29428910,chr10,29428910,29428910,rs4749423,SVIL,3,Jurgens,SVIL_locus0,10:29428910
10,29428910,10:29428910:A:G,10,29447370,10:29447370:G:A,0.83771,18460,10:29428910,chr10,29428910,29428910,rs4749423,SVIL,3,Jurgens,SVIL_locus0,10:29428910
10,29428910,10:29428910:A:G,10,29447371,10:29447371:C:T,0.987213,18461,10:29428910,chr10,29428910,29428910,rs4749423,SVIL,3,Jurgens,SVIL_locus0,10:29428910
10,29428910,10:29428910:A:G,10,29449039,10:29449039:G:T,0.982357,20129,10:29428910,chr10,29428910,29428910,rs4749423,SVIL,3,Jurgens,SVIL_locus0,10:29428910
10,29428910,10:29428910:A:G,10,29449266,10:29449266:C:A,0.981735,20356,10:29428910,chr10,29428910,29428910,rs4749423,SVIL,3,Jurgens,SVIL_locus0,10:29428910
10,29428910,10:29428910:A:G,10,29449441,10:29449441:G:A,0.982357,20531,10:29428910,chr10,29428910,29428910,rs4749423,SVIL,3,Jurgens,SVIL_locus0,10:29428910
10,29428910,10:29428910:A:G,10,29452059,10:29452059:TC:T,0.981176,23149,10:29428910,chr10,29428910,29428910,rs4749423,SVIL,3,Jurgens,SVIL_locus0,10:29428910
10,29428910,10:29428910:A:G,10,29452102,10:29452102:G:A,0.984176,23192,10:29428910,chr10,29428910,29428910,rs4749423,SVIL,3,Jurgens,SVIL_locus0,10:29428910
10,29428910,10:29428910:A:G,10,29454708,10:29454708:C:T,0.935642,25798,10:29428910,chr10,29428910,29428910,rs4749423,SVIL,3,Jurgens,SVIL_locus0,10:29428910
10,29428910,10:29428910:A:G,10,29455702,10:29455702:GCTCACTGCA:G,0.934394,26792,10:29428910,chr10,29428910,29428910,rs4749423,SVIL,3,Jurgens,SVIL_locus0,10:29428910
10,29428910,10:29428910:A:G,10,29457299,10:29457299:CA:C,0.943124,28389,10:29428910,chr10,29428910,29428910,rs4749423,SVIL,3,Jurgens,SVIL_locus0,10:29428910
10,29428910,10:29428910:A:G,10,29457417,10:29457417:C:CTGTT,0.932699,28507,10:29428910,chr10,29428910,29428910,rs4749423,SVIL,3,Jurgens,SVIL_locus0,10:29428910
10,29428910,10:29428910:A:G,10,29458488,10:29458488:C:T,0.967449,29578,10:29428910,chr10,29428910,29428910,rs4749423,SVIL,3,Jurgens,SVIL_locus0,10:29428910
10,29428910,10:29428910:A:G,10,29460801,10:29460801:G:T,0.967449,31891,10:29428910,chr10,29428910,29428910,rs4749423,SVIL,3,Jurgens,SVIL_locus0,10:29428910
10,29428910,10:29428910:A:G,10,29461937,10:29461937:C:T,0.967449,33027,10:29428910,chr10,29428910,29428910,rs4749423,SVIL,3,Jurgens,SVIL_locus0,10:29428910
10,29428910,10:29428910:A:G,10,29462539,10:29462539:C:T,0.967449,33629,10:29428910,chr10,29428910,29428910,rs4749423,SVIL,3,Jurgens,SVIL_locus0,10:29428910
10,29428910,10:29428910:A:G,10,29463186,10:29463186:G:A,0.967449,34276,10:29428910,chr10,29428910,29428910,rs4749423,SVIL,3,Jurgens,SVIL_locus0,10:29428910
10,29428910,10:29428910:A:G,10,29463282,10:29463282:T:G,0.967449,34372,10:29428910,chr10,29428910,29428910,rs4749423,SVIL,3,Jurgens,SVIL_locus0,10:29428910
10,29428910,10:29428910:A:G,10,29464240,10:29464240:C:T,0.838769,35330,10:29428910,chr10,29428910,29428910,rs4749423,SVIL,3,Jurgens,SVIL_locus0,10:29428910
10,29428910,10:29428910:A:G,10,29466791,10:29466791:T:C,0.943476,37881,10:29428910,chr10,29428910,29428910,rs4749423,SVIL,3,Jurgens,SVIL_locus0,10:29428910
10,29428910,10:29428910:A:G,10,29468107,10:29468107:C:T,0.965026,39197,10:29428910,chr10,29428910,29428910,rs4749423,SVIL,3,Jurgens,SVIL_locus0,10:29428910
10,29428910,10:29428910:A:G,10,29469236,10:29469236:G:A,0.958627,40326,10:29428910,chr10,29428910,29428910,rs4749423,SVIL,3,Jurgens,SVIL_locus0,10:29428910
10,29428910,10:29428910:A:G,10,29469856,10:29469856:G:A,0.83763,40946,10:29428910,chr10,29428910,29428910,rs4749423,SVIL,3,Jurgens,SVIL_locus0,10:29428910
10,29428910,10:29428910:A:G,10,29471722,10:29471722:T:G,0.927601,42812,10:29428910,chr10,29428910,29428910,rs4749423,SVIL,3,Jurgens,SVIL_locus0,10:29428910
10,29428910,10:29428910:A:G,10,29472385,10:29472385:T:C,0.956251,43475,10:29428910,chr10,29428910,29428910,rs4749423,SVIL,3,Jurgens,SVIL_locus0,10:29428910
10,29428910,10:29428910:A:G,10,29475646,10:29475646:T:C,0.960331,46736,10:29428910,chr10,29428910,29428910,rs4749423,SVIL,3,Jurgens,SVIL_locus0,10:29428910
10,29428910,10:29428910:A:G,10,29475715,10:29475715:A:G,0.950155,46805,10:29428910,chr10,29428910,29428910,rs4749423,SVIL,3,Jurgens,SVIL_locus0,10:29428910
10,29428910,10:29428910:A:G,10,29482615,10:29482615:TTTC:T,0.945244,53705,10:29428910,chr10,29428910,29428910,rs4749423,SVIL,3,Jurgens,SVIL_locus0,10:29428910
10,29428910,10:29428910:A:G,10,29483592,10:29483592:A:G,0.919095,54682,10:29428910,chr10,29428910,29428910,rs4749423,SVIL,3,Jurgens,SVIL_locus0,10:29428910
10,29428910,10:29428910:A:G,10,29485029,10:29485029:C:T,0.944634,56119,10:29428910,chr10,29428910,29428910,rs4749423,SVIL,3,Jurgens,SVIL_locus0,10:29428910
10,29428910,10:29428910:A:G,10,29487396,10:29487396:TAA:T,0.916184,58486,10:29428910,chr10,29428910,29428910,rs4749423,SVIL,3,Jurgens,SVIL_locus0,10:29428910
10,29428910,10:29428910:A:G,10,29487480,10:29487480:C:T,0.888871,58570,10:29428910,chr10,29428910,29428910,rs4749423,SVIL,3,Jurgens,SVIL_locus0,10:29428910
10,68153446,10:68153446:T:C,10,68152530,10:68152530:G:A,0.882563,916,10:68153446,chr10,68153446,68153446,rs7095238,MYPN,7,Zheng,MYPN_locus0,10:68153446
10,68153446,10:68153446:T:C,10,68153446,10:68153446:T:C,1.0,0,10:68153446,chr10,68153446,68153446,rs7095238,MYPN,7,Zheng,MYPN_locus0,10:68153446
10,68153446,10:68153446:T:C,10,68154907,10:68154907:C:T,0.965142,1461,10:68153446,chr10,68153446,68153446,rs7095238,MYPN,7,Zheng,MYPN_locus0,10:68153446
10,68156684,10:68156684:G:A,10,68152521,10:68152521:G:A,0.876056,4163,10:68156684,chr10,68156684,68156684,rs10997957,MYPN,7,Zheng,MYPN_locus0,10:68156684
10,68156684,10:68156684:G:A,10,68154252,10:68154252:C:T,0.902004,2432,10:68156684,chr10,68156684,68156684,rs10997957,MYPN,7,Zheng,MYPN_locus0,10:68156684
10,68156684,10:68156684:G:A,10,68156684,10:68156684:G:A,1.0,0,10:68156684,chr10,68156684,68156684,rs10997957,MYPN,7,Zheng,MYPN_locus0,10:68156684
10,68156684,10:68156684:G:A,10,68157152,10:68157152:G:C,0.978442,468,10:68156684,chr10,68156684,68156684,rs10997957,MYPN,7,Zheng,MYPN_locus0,10:68156684
10,68156684,10:68156684:G:A,10,68157156,10:68157156:T:A,0.994716,472,10:68156684,chr10,68156684,68156684,rs10997957,MYPN,7,Zheng,MYPN_locus0,10:68156684
10,68156684,10:68156684:G:A,10,68158905,10:68158905:CT:C,0.929858,2221,10:68156684,chr10,68156684,68156684,rs10997957,MYPN,7,Zheng,MYPN_locus0,10:68156684
10,68156684,10:68156684:G:A,10,68159665,10:68159665:A:T,0.940761,2981,10:68156684,chr10,68156684,68156684,rs10997957,MYPN,7,Zheng,MYPN_locus0,10:68156684
10,68156684,10:68156684:G:A,10,68160148,10:68160148:C:A,0.938623,3464,10:68156684,chr10,68156684,68156684,rs10997957,MYPN,7,Zheng,MYPN_locus0,10:68156684
10,68156684,10:68156684:G:A,10,68160274,10:68160274:C:A,0.933518,3590,10:68156684,chr10,68156684,68156684,rs10997957,MYPN,7,Zheng,MYPN_locus0,10:68156684
10,68156684,10:68156684:G:A,10,68160691,10:68160691:C:T,0.940761,4007,10:68156684,chr10,68156684,68156684,rs10997957,MYPN,7,Zheng,MYPN_locus0,10:68156684
10,68156684,10:68156684:G:A,10,68160771,10:68160771:G:T,0.940761,4087,10:68156684,chr10,68156684,68156684,rs10997957,MYPN,7,Zheng,MYPN_locus0,10:68156684
10,68156684,10:68156684:G:A,10,68161167,10:68161167:C:A,0.938623,4483,10:68156684,chr10,68156684,68156684,rs10997957,MYPN,7,Zheng,MYPN_locus0,10:68156684
10,68156684,10:68156684:G:A,10,68161578,10:68161578:T:A,0.906124,4894,10:68156684,chr10,68156684,68156684,rs10997957,MYPN,7,Zheng,MYPN_locus0,10:68156684
10,68156684,10:68156684:G:A,10,68162146,10:68162146:G:A,0.907393,5462,10:68156684,chr10,68156684,68156684,rs10997957,MYPN,7,Zheng,MYPN_locus0,10:68156684
10,68156684,10:68156684:G:A,10,68162689,10:68162689:T:C,0.90677,6005,10:68156684,chr10,68156684,68156684,rs10997957,MYPN,7,Zheng,MYPN_locus0,10:68156684
10,68156684,10:68156684:G:A,10,68163086,10:68163086:T:C,0.90677,6402,10:68156684,chr10,68156684,68156684,rs10997957,MYPN,7,Zheng,MYPN_locus0,10:68156684
10,68156684,10:68156684:G:A,10,68163230,10:68163230:G:A,0.90677,6546,10:68156684,chr10,68156684,68156684,rs10997957,MYPN,7,Zheng,MYPN_locus0,10:68156684
10,68156684,10:68156684:G:A,10,68163402,10:68163402:G:A,0.90677,6718,10:68156684,chr10,68156684,68156684,rs10997957,MYPN,7,Zheng,MYPN_locus0,10:68156684
10,68156684,10:68156684:G:A,10,68163588,10:68163588:C:A,0.905438,6904,10:68156684,chr10,68156684,68156684,rs10997957,MYPN,7,Zheng,MYPN_locus0,10:68156684
10,68156684,10:68156684:G:A,10,68164078,10:68164078:A:G,0.890206,7394,10:68156684,chr10,68156684,68156684,rs10997957,MYPN,7,Zheng,MYPN_locus0,10:68156684
10,68156684,10:68156684:G:A,10,68164343,10:68164343:A:G,0.890825,7659,10:68156684,chr10,68156684,68156684,rs10997957,MYPN,7,Zheng,MYPN_locus0,10:68156684
10,68156684,10:68156684:G:A,10,68164389,10:68164389:A:G,0.90677,7705,10:68156684,chr10,68156684,68156684,rs10997957,MYPN,7,Zheng,MYPN_locus0,10:68156684
10,68156684,10:68156684:G:A,10,68165146,10:68165146:T:A,0.906147,8462,10:68156684,chr10,68156684,68156684,rs10997957,MYPN,7,Zheng,MYPN_locus0,10:68156684
10,68156684,10:68156684:G:A,10,68165280,10:68165280:T:C,0.906147,8596,10:68156684,chr10,68156684,68156684,rs10997957,MYPN,7,Zheng,MYPN_locus0,10:68156684
10,68156684,10:68156684:G:A,10,68165309,10:68165309:G:A,0.886835,8625,10:68156684,chr10,68156684,68156684,rs10997957,MYPN,7,Zheng,MYPN_locus0,10:68156684
10,68156684,10:68156684:G:A,10,68165366,10:68165366:C:T,0.902175,8682,10:68156684,chr10,68156684,68156684,rs10997957,MYPN,7,Zheng,MYPN_locus0,10:68156684
10,68156684,10:68156684:G:A,10,68165419,10:68165419:T:C,0.878473,8735,10:68156684,chr10,68156684,68156684,rs10997957,MYPN,7,Zheng,MYPN_locus0,10:68156684
10,68156684,10:68156684:G:A,10,68166577,10:68166577:C:G,0.886201,9893,10:68156684,chr10,68156684,68156684,rs10997957,MYPN,7,Zheng,MYPN_locus0,10:68156684
10,68156684,10:68156684:G:A,10,68166837,10:68166837:G:T,0.89409,10153,10:68156684,chr10,68156684,68156684,rs10997957,MYPN,7,Zheng,MYPN_locus0,10:68156684
10,68156684,10:68156684:G:A,10,68166853,10:68166853:A:C,0.89409,10169,10:68156684,chr10,68156684,68156684,rs10997957,MYPN,7,Zheng,MYPN_locus0,10:68156684
10,68156684,10:68156684:G:A,10,68167583,10:68167583:TA:T,0.89409,10899,10:68156684,chr10,68156684,68156684,rs10997957,MYPN,7,Zheng,MYPN_locus0,10:68156684
10,68156684,10:68156684:G:A,10,68167761,10:68167761:T:C,0.89409,11077,10:68156684,chr10,68156684,68156684,rs10997957,MYPN,7,Zheng,MYPN_locus0,10:68156684
10,68156684,10:68156684:G:A,10,68168175,10:68168175:G:A,0.892772,11491,10:68156684,chr10,68156684,68156684,rs10997957,MYPN,7,Zheng,MYPN_locus0,10:68156684
10,68156684,10:68156684:G:A,10,68169215,10:68169215:A:C,0.825738,12531,10:68156684,chr10,68156684,68156684,rs10997957,MYPN,7,Zheng,MYPN_locus0,10:68156684
10,68156684,10:68156684:G:A,10,68169301,10:68169301:T:C,0.824009,12617,10:68156684,chr10,68156684,68156684,rs10997957,MYPN,7,Zheng,MYPN_locus0,10:68156684
10,68156684,10:68156684:G:A,10,68169362,10:68169362:TA:T,0.803992,12678,10:68156684,chr10,68156684,68156684,rs10997957,MYPN,7,Zheng,MYPN_locus0,10:68156684
10,68156684,10:68156684:G:A,10,68169796,10:68169796:C:G,0.835703,13112,10:68156684,chr10,68156684,68156684,rs10997957,MYPN,7,Zheng,MYPN_locus0,10:68156684
10,68156684,10:68156684:G:A,10,68170297,10:68170297:T:C,0.835703,13613,10:68156684,chr10,68156684,68156684,rs10997957,MYPN,7,Zheng,MYPN_locus0,10:68156684
10,68156684,10:68156684:G:A,10,68171387,10:68171387:T:G,0.819683,14703,10:68156684,chr10,68156684,68156684,rs10997957,MYPN,7,Zheng,MYPN_locus0,10:68156684
10,68156684,10:68156684:G:A,10,68171399,10:68171399:C:A,0.819066,14715,10:68156684,chr10,68156684,68156684,rs10997957,MYPN,7,Zheng,MYPN_locus0,10:68156684
10,68156684,10:68156684:G:A,10,68171917,10:68171917:A:G,0.833383,15233,10:68156684,chr10,68156684,68156684,rs10997957,MYPN,7,Zheng,MYPN_locus0,10:68156684
10,68156684,10:68156684:G:A,10,68171963,10:68171963:G:T,0.834015,15279,10:68156684,chr10,68156684,68156684,rs10997957,MYPN,7,Zheng,MYPN_locus0,10:68156684
10,68156684,10:68156684:G:A,10,68172083,10:68172083:A:C,0.83354,15399,10:68156684,chr10,68156684,68156684,rs10997957,MYPN,7,Zheng,MYPN_locus0,10:68156684
10,68156684,10:68156684:G:A,10,68172124,10:68172124:C:T,0.819066,15440,10:68156684,chr10,68156684,68156684,rs10997957,MYPN,7,Zheng,MYPN_locus0,10:68156684
10,68156684,10:68156684:G:A,10,68172800,10:68172800:C:T,0.827396,16116,10:68156684,chr10,68156684,68156684,rs10997957,MYPN,7,Zheng,MYPN_locus0,10:68156684
10,68156684,10:68156684:G:A,10,68173121,10:68173121:T:G,0.820573,16437,10:68156684,chr10,68156684,68156684,rs10997957,MYPN,7,Zheng,MYPN_locus0,10:68156684
10,68156684,10:68156684:G:A,10,68173375,10:68173375:G:C,0.830441,16691,10:68156684,chr10,68156684,68156684,rs10997957,MYPN,7,Zheng,MYPN_locus0,10:68156684
10,68156684,10:68156684:G:A,10,68173481,10:68173481:C:A,0.815502,16797,10:68156684,chr10,68156684,68156684,rs10997957,MYPN,7,Zheng,MYPN_locus0,10:68156684
10,68156684,10:68156684:G:A,10,68173664,10:68173664:A:T,0.827921,16980,10:68156684,chr10,68156684,68156684,rs10997957,MYPN,7,Zheng,MYPN_locus0,10:68156684
10,73650119,10:73650119:C:T,10,73650119,10:73650119:C:T,1.0,0,10:73650119,chr10,73650119,73650119,rs2177843,SYNPO2L,3,Zheng,SYNPO2L_locus0,10:73650119
10,73661450,10:73661450:G:A,10,73657031,10:73657031:A:G,0.93144,4419,10:73661450,chr10,73661450,73661450,rs10824026,SYNPO2L,3,Jurgens,SYNPO2L_locus0,10:73661450
10,73661450,10:73661450:G:A,10,73657491,10:73657491:G:C,0.985699,3959,10:73661450,chr10,73661450,73661450,rs10824026,SYNPO2L,3,Jurgens,SYNPO2L_locus0,10:73661450
10,73661450,10:73661450:G:A,10,73657921,10:73657921:A:C,0.942634,3529,10:73661450,chr10,73661450,73661450,rs10824026,SYNPO2L,3,Jurgens,SYNPO2L_locus0,10:73661450
10,73661450,10:73661450:G:A,10,73659905,10:73659905:T:G,0.944713,1545,10:73661450,chr10,73661450,73661450,rs10824026,SYNPO2L,3,Jurgens,SYNPO2L_locus0,10:73661450
10,73661450,10:73661450:G:A,10,73659953,HGSV_150235,0.945208,1497,10:73661450,chr10,73661450,73661450,rs10824026,SYNPO2L,3,Jurgens,SYNPO2L_locus0,10:73661450
10,73661450,10:73661450:G:A,10,73660356,10:73660356:C:A,0.956768,1094,10:73661450,chr10,73661450,73661450,rs10824026,SYNPO2L,3,Jurgens,SYNPO2L_locus0,10:73661450
10,73661450,10:73661450:G:A,10,73661450,10:73661450:G:A,1.0,0,10:73661450,chr10,73661450,73661450,rs10824026,SYNPO2L,3,Jurgens,SYNPO2L_locus0,10:73661450
10,73661450,10:73661450:G:A,10,73661890,10:73661890:G:A,0.949765,440,10:73661450,chr10,73661450,73661450,rs10824026,SYNPO2L,3,Jurgens,SYNPO2L_locus0,10:73661450
10,73661450,10:73661450:G:A,10,73670243,10:73670243:A:G,0.963108,8793,10:73661450,chr10,73661450,73661450,rs10824026,SYNPO2L,3,Jurgens,SYNPO2L_locus0,10:73661450
10,86751607,10:86751607:A:G,10,86751607,10:86751607:A:G,1.0,0,10:86751607,chr10,86751607,86751607,rs113493405,BMPR1A,2,Zheng,BMPR1A_locus0,10:86751607
10,102082373,10:102082373:C:T,10,102082373,10:102082373:C:T,1.0,0,10:102082373,chr10,102082373,102082373,rs191216969,GBF1,1,Zheng,GBF1_locus0,10:102082373
10,119656173,10:119656173:G:A,10,119656173,10:119656173:G:A,1.0,0,10:119656173,chr10,119656173,119656173,rs72840788,BAG3,5,both,BAG3_locus0,10:119656173
10,119656173,10:119656173:G:A,10,119663324,10:119663324:G:C,0.994985,7151,10:119656173,chr10,119656173,119656173,rs72840788,BAG3,5,both,BAG3_locus0,10:119656173
10,119656173,10:119656173:G:A,10,119665303,10:119665303:A:AT,0.955053,9130,10:119656173,chr10,119656173,119656173,rs72840788,BAG3,5,both,BAG3_locus0,10:119656173
10,119656173,10:119656173:G:A,10,119665450,10:119665450:A:T,0.996644,9277,10:119656173,chr10,119656173,119656173,rs72840788,BAG3,5,both,BAG3_locus0,10:119656173
10,119656173,10:119656173:G:A,10,119667372,10:119667372:C:T,0.996644,11199,10:119656173,chr10,119656173,119656173,rs72840788,BAG3,5,both,BAG3_locus0,10:119656173
10,119656173,10:119656173:G:A,10,119670121,10:119670121:T:C,0.991618,13948,10:119656173,chr10,119656173,119656173,rs72840788,BAG3,5,both,BAG3_locus0,10:119656173
10,119656173,10:119656173:G:A,10,119674163,10:119674163:C:T,0.988269,17990,10:119656173,chr10,119656173,119656173,rs72840788,BAG3,5,both,BAG3_locus0,10:119656173
10,119659975,10:119659975:C:G,10,119659975,10:119659975:C:G,1.0,0,10:119659975,chr10,119659975,119659975,rs17099139,BAG3,5,Zheng,BAG3_locus0,10:119659975
10,119659975,10:119659975:C:G,10,119666800,10:119666800:G:A,0.994693,6825,10:119659975,chr10,119659975,119659975,rs17099139,BAG3,5,Zheng,BAG3_locus0,10:119659975
11,14017074,11:14017074:A:G,11,13990788,11:13990788:A:G,0.883159,26286,11:14017074,chr11,14017074,14017074,rs1969539,SPON1,3,Jurgens,SPON1_locus0,11:14017074
11,14017074,11:14017074:A:G,11,13990977,11:13990977:T:C,0.881047,26097,11:14017074,chr11,14017074,14017074,rs1969539,SPON1,3,Jurgens,SPON1_locus0,11:14017074
11,14017074,11:14017074:A:G,11,14001115,11:14001115:C:T,0.877658,15959,11:14017074,chr11,14017074,14017074,rs1969539,SPON1,3,Jurgens,SPON1_locus0,11:14017074
11,14017074,11:14017074:A:G,11,14008307,11:14008307:T:C,0.882022,8767,11:14017074,chr11,14017074,14017074,rs1969539,SPON1,3,Jurgens,SPON1_locus0,11:14017074
11,14017074,11:14017074:A:G,11,14017074,11:14017074:A:G,1.0,0,11:14017074,chr11,14017074,14017074,rs1969539,SPON1,3,Jurgens,SPON1_locus0,11:14017074
11,14017074,11:14017074:A:G,11,14026933,11:14026933:C:T,0.954954,9859,11:14017074,chr11,14017074,14017074,rs1969539,SPON1,3,Jurgens,SPON1_locus0,11:14017074
11,14017074,11:14017074:A:G,11,14029124,11:14029124:TAC:T,0.821357,12050,11:14017074,chr11,14017074,14017074,rs1969539,SPON1,3,Jurgens,SPON1_locus0,11:14017074
11,14017074,11:14017074:A:G,11,14030572,11:14030572:A:G,0.906957,13498,11:14017074,chr11,14017074,14017074,rs1969539,SPON1,3,Jurgens,SPON1_locus0,11:14017074
11,14017074,11:14017074:A:G,11,14030801,11:14030801:T:C,0.906957,13727,11:14017074,chr11,14017074,14017074,rs1969539,SPON1,3,Jurgens,SPON1_locus0,11:14017074
11,14017074,11:14017074:A:G,11,14042394,11:14042394:G:GA,0.915289,25320,11:14017074,chr11,14017074,14017074,rs1969539,SPON1,3,Jurgens,SPON1_locus0,11:14017074
11,14030801,11:14030801:T:C,11,13990788,11:13990788:A:G,0.807427,40013,11:14030801,chr11,14030801,14030801,rs61884835,COPB1,3,Zheng,COPB1_locus0,11:14030801
11,14030801,11:14030801:T:C,11,13990977,11:13990977:T:C,0.805461,39824,11:14030801,chr11,14030801,14030801,rs61884835,COPB1,3,Zheng,COPB1_locus0,11:14030801
11,14030801,11:14030801:T:C,11,14008307,11:14008307:T:C,0.805264,22494,11:14030801,chr11,14030801,14030801,rs61884835,COPB1,3,Zheng,COPB1_locus0,11:14030801
11,14030801,11:14030801:T:C,11,14017074,11:14017074:A:G,0.906957,13727,11:14030801,chr11,14030801,14030801,rs61884835,COPB1,3,Zheng,COPB1_locus0,11:14030801
11,14030801,11:14030801:T:C,11,14026933,11:14026933:C:T,0.947179,3868,11:14030801,chr11,14030801,14030801,rs61884835,COPB1,3,Zheng,COPB1_locus0,11:14030801
11,14030801,11:14030801:T:C,11,14029124,11:14029124:TAC:T,0.826632,1677,11:14030801,chr11,14030801,14030801,rs61884835,COPB1,3,Zheng,COPB1_locus0,11:14030801
11,14030801,11:14030801:T:C,11,14030572,11:14030572:A:G,1.0,229,11:14030801,chr11,14030801,14030801,rs61884835,COPB1,3,Zheng,COPB1_locus0,11:14030801
11,14030801,11:14030801:T:C,11,14030801,11:14030801:T:C,1.0,0,11:14030801,chr11,14030801,14030801,rs61884835,COPB1,3,Zheng,COPB1_locus0,11:14030801
11,14030801,11:14030801:T:C,11,14042394,11:14042394:G:GA,0.921949,11593,11:14030801,chr11,14030801,14030801,rs61884835,COPB1,3,Zheng,COPB1_locus0,11:14030801
11,14401216,11:14401216:G:A,11,14372712,11:14372712:A:G,0.809486,28504,11:14401216,chr11,14401216,14401216,rs11023210,COPB1,3,Zheng,COPB1_locus1,11:14401216
11,14401216,11:14401216:G:A,11,14378018,11:14378018:T:TTG,0.833904,23198,11:14401216,chr11,14401216,14401216,rs11023210,COPB1,3,Zheng,COPB1_locus1,11:14401216
11,14401216,11:14401216:G:A,11,14383437,11:14383437:T:C,0.916939,17779,11:14401216,chr11,14401216,14401216,rs11023210,COPB1,3,Zheng,COPB1_locus1,11:14401216
11,14401216,11:14401216:G:A,11,14384210,11:14384210:C:T,0.916188,17006,11:14401216,chr11,14401216,14401216,rs11023210,COPB1,3,Zheng,COPB1_locus1,11:14401216
11,14401216,11:14401216:G:A,11,14384552,11:14384552:C:CA,0.952215,16664,11:14401216,chr11,14401216,14401216,rs11023210,COPB1,3,Zheng,COPB1_locus1,11:14401216
11,14401216,11:14401216:G:A,11,14384554,11:14384554:G:A,0.952215,16662,11:14401216,chr11,14401216,14401216,rs11023210,COPB1,3,Zheng,COPB1_locus1,11:14401216
11,14401216,11:14401216:G:A,11,14388269,11:14388269:G:A,0.936287,12947,11:14401216,chr11,14401216,14401216,rs11023210,COPB1,3,Zheng,COPB1_locus1,11:14401216
11,14401216,11:14401216:G:A,11,14391541,11:14391541:G:A,0.918261,9675,11:14401216,chr11,14401216,14401216,rs11023210,COPB1,3,Zheng,COPB1_locus1,11:14401216
11,14401216,11:14401216:G:A,11,14392271,11:14392271:G:A,0.969464,8945,11:14401216,chr11,14401216,14401216,rs11023210,COPB1,3,Zheng,COPB1_locus1,11:14401216
11,14401216,11:14401216:G:A,11,14393088,11:14393088:A:C,0.937686,8128,11:14401216,chr11,14401216,14401216,rs11023210,COPB1,3,Zheng,COPB1_locus1,11:14401216
11,14401216,11:14401216:G:A,11,14395618,11:14395618:GTATA:G,0.994471,5598,11:14401216,chr11,14401216,14401216,rs11023210,COPB1,3,Zheng,COPB1_locus1,11:14401216
11,14401216,11:14401216:G:A,11,14396749,11:14396749:G:A,0.961449,4467,11:14401216,chr11,14401216,14401216,rs11023210,COPB1,3,Zheng,COPB1_locus1,11:14401216
11,14401216,11:14401216:G:A,11,14399555,11:14399555:A:G,0.963556,1661,11:14401216,chr11,14401216,14401216,rs11023210,COPB1,3,Zheng,COPB1_locus1,11:14401216
11,14401216,11:14401216:G:A,11,14400862,11:14400862:CA:C,0.808157,354,11:14401216,chr11,14401216,14401216,rs11023210,COPB1,3,Zheng,COPB1_locus1,11:14401216
11,14401216,11:14401216:G:A,11,14401054,11:14401054:T:C,1.0,162,11:14401216,chr11,14401216,14401216,rs11023210,COPB1,3,Zheng,COPB1_locus1,11:14401216
11,14401216,11:14401216:G:A,11,14401216,11:14401216:G:A,1.0,0,11:14401216,chr11,14401216,14401216,rs11023210,COPB1,3,Zheng,COPB1_locus1,11:14401216
11,14401216,11:14401216:G:A,11,14404916,11:14404916:C:T,0.938141,3700,11:14401216,chr11,14401216,14401216,rs11023210,COPB1,3,Zheng,COPB1_locus1,11:14401216
11,14401216,11:14401216:G:A,11,14404937,11:14404937:AT:A,0.936953,3721,11:14401216,chr11,14401216,14401216,rs11023210,COPB1,3,Zheng,COPB1_locus1,11:14401216
11,14401216,11:14401216:G:A,11,14404942,11:14404942:T:A,0.945072,3726,11:14401216,chr11,14401216,14401216,rs11023210,COPB1,3,Zheng,COPB1_locus1,11:14401216
11,14401216,11:14401216:G:A,11,14405226,11:14405226:CA:C,0.800349,4010,11:14401216,chr11,14401216,14401216,rs11023210,COPB1,3,Zheng,COPB1_locus1,11:14401216
11,19213250,11:19213250:G:A,11,19211855,11:19211855:C:T,0.99103,1395,11:19213250,chr11,19213250,19213250,rs11025059,CSRP3,4,Jurgens,CSRP3_locus0,11:19213250
11,19213250,11:19213250:G:A,11,19212627,11:19212627:C:T,0.995103,623,11:19213250,chr11,19213250,19213250,rs11025059,CSRP3,4,Jurgens,CSRP3_locus0,11:19213250
11,19213250,11:19213250:G:A,11,19213250,11:19213250:G:A,1.0,0,11:19213250,chr11,19213250,19213250,rs11025059,CSRP3,4,Jurgens,CSRP3_locus0,11:19213250
11,19213250,11:19213250:G:A,11,19214743,11:19214743:G:A,0.99185,1493,11:19213250,chr11,19213250,19213250,rs11025059,CSRP3,4,Jurgens,CSRP3_locus0,11:19213250
11,19213250,11:19213250:G:A,11,19215129,11:19215129:C:T,0.990219,1879,11:19213250,chr11,19213250,19213250,rs11025059,CSRP3,4,Jurgens,CSRP3_locus0,11:19213250
11,19213250,11:19213250:G:A,11,19215192,11:19215192:A:G,0.985322,1942,11:19213250,chr11,19213250,19213250,rs11025059,CSRP3,4,Jurgens,CSRP3_locus0,11:19213250
11,101072061,11:101072061:T:G,11,101072061,11:101072061:T:G,1.0,0,11:101072061,chr11,101072061,101072061,rs658286,PGR,4,Jurgens,PGR_locus0,11:101072061
11,101072061,11:101072061:T:G,11,101113427,11:101113427:A:ATT,0.806782,41366,11:101072061,chr11,101072061,101072061,rs658286,PGR,4,Jurgens,PGR_locus0,11:101072061
11,111947190,11:111947190:T:C,11,111947190,11:111947190:T:C,1.0,0,11:111947190,chr11,111947190,111947190,rs35440570,CRYAB,2,Zheng,CRYAB_locus0,11:111947190
11,111947190,11:111947190:T:C,11,112021335,11:112021335:A:C,0.918202,74145,11:111947190,chr11,111947190,111947190,rs35440570,CRYAB,2,Zheng,CRYAB_locus0,11:111947190
11,111947190,11:111947190:T:C,11,112023119,11:112023119:G:C,0.88563,75929,11:111947190,chr11,111947190,111947190,rs35440570,CRYAB,2,Zheng,CRYAB_locus0,11:111947190
11,111947190,11:111947190:T:C,11,112026326,11:112026326:A:T,0.879624,79136,11:111947190,chr11,111947190,111947190,rs35440570,CRYAB,2,Zheng,CRYAB_locus0,11:111947190
11,111947190,11:111947190:T:C,11,112026934,11:112026934:A:G,0.875384,79744,11:111947190,chr11,111947190,111947190,rs35440570,CRYAB,2,Zheng,CRYAB_locus0,11:111947190
11,111947190,11:111947190:T:C,11,112027501,11:112027501:A:G,0.856102,80311,11:111947190,chr11,111947190,111947190,rs35440570,CRYAB,2,Zheng,CRYAB_locus0,11:111947190
11,111947190,11:111947190:T:C,11,112027893,11:112027893:A:AGAGAGG,0.876162,80703,11:111947190,chr11,111947190,111947190,rs35440570,CRYAB,2,Zheng,CRYAB_locus0,11:111947190
11,111947190,11:111947190:T:C,11,112031478,11:112031478:A:G,0.878688,84288,11:111947190,chr11,111947190,111947190,rs35440570,CRYAB,2,Zheng,CRYAB_locus0,11:111947190
11,111947190,11:111947190:T:C,11,112031740,11:112031740:ATT:A,0.815566,84550,11:111947190,chr11,111947190,111947190,rs35440570,CRYAB,2,Zheng,CRYAB_locus0,11:111947190
11,111947190,11:111947190:T:C,11,112039095,11:112039095:C:A,0.907311,91905,11:111947190,chr11,111947190,111947190,rs35440570,CRYAB,2,Zheng,CRYAB_locus0,11:111947190
12,26177439,12:26177439:A:G,12,26125285,12:26125285:G:C,0.812393,52154,12:26177439,chr12,26177439,26177439,rs1466467,SSPN,3,Jurgens,SSPN_locus0,12:26177439
12,26177439,12:26177439:A:G,12,26126635,12:26126635:G:A,0.807478,50804,12:26177439,chr12,26177439,26177439,rs1466467,SSPN,3,Jurgens,SSPN_locus0,12:26177439
12,26177439,12:26177439:A:G,12,26130834,12:26130834:T:C,0.969084,46605,12:26177439,chr12,26177439,26177439,rs1466467,SSPN,3,Jurgens,SSPN_locus0,12:26177439
12,26177439,12:26177439:A:G,12,26134336,12:26134336:A:G,0.858842,43103,12:26177439,chr12,26177439,26177439,rs1466467,SSPN,3,Jurgens,SSPN_locus0,12:26177439
12,26177439,12:26177439:A:G,12,26177439,12:26177439:A:G,1.0,0,12:26177439,chr12,26177439,26177439,rs1466467,SSPN,3,Jurgens,SSPN_locus0,12:26177439
12,26186798,12:26186798:C:T,12,26182393,12:26182393:T:C,0.821828,4405,12:26186798,chr12,26186798,26186798,rs7955859,SSPN,4,Zheng,SSPN_locus0,12:26186798
12,26186798,12:26186798:C:T,12,26183478,12:26183478:T:C,0.821828,3320,12:26186798,chr12,26186798,26186798,rs7955859,SSPN,4,Zheng,SSPN_locus0,12:26186798
12,26186798,12:26186798:C:T,12,26184901,12:26184901:C:A,0.900762,1897,12:26186798,chr12,26186798,26186798,rs7955859,SSPN,4,Zheng,SSPN_locus0,12:26186798
12,26186798,12:26186798:C:T,12,26185797,12:26185797:G:C,0.800289,1001,12:26186798,chr12,26186798,26186798,rs7955859,SSPN,4,Zheng,SSPN_locus0,12:26186798
12,26186798,12:26186798:C:T,12,26186284,12:26186284:G:A,0.976008,514,12:26186798,chr12,26186798,26186798,rs7955859,SSPN,4,Zheng,SSPN_locus0,12:26186798
12,26186798,12:26186798:C:T,12,26186798,12:26186798:C:T,1.0,0,12:26186798,chr12,26186798,26186798,rs7955859,SSPN,4,Zheng,SSPN_locus0,12:26186798
12,54902973,12:54902973:A:C,12,54858418,12:54858418:C:T,0.826633,44555,12:54902973,chr12,54902973,54902973,rs12230438,ITGA5,1,Zheng,ITGA5_locus0,12:54902973
12,54902973,12:54902973:A:C,12,54867269,12:54867269:G:A,0.834371,35704,12:54902973,chr12,54902973,54902973,rs12230438,ITGA5,1,Zheng,ITGA5_locus0,12:54902973
12,54902973,12:54902973:A:C,12,54874376,12:54874376:A:G,0.838192,28597,12:54902973,chr12,54902973,54902973,rs12230438,ITGA5,1,Zheng,ITGA5_locus0,12:54902973
12,54902973,12:54902973:A:C,12,54887365,12:54887365:G:A,0.838731,15608,12:54902973,chr12,54902973,54902973,rs12230438,ITGA5,1,Zheng,ITGA5_locus0,12:54902973
12,54902973,12:54902973:A:C,12,54896335,12:54896335:C:T,0.888008,6638,12:54902973,chr12,54902973,54902973,rs12230438,ITGA5,1,Zheng,ITGA5_locus0,12:54902973
12,54902973,12:54902973:A:C,12,54902386,12:54902386:T:C,0.88952,587,12:54902973,chr12,54902973,54902973,rs12230438,ITGA5,1,Zheng,ITGA5_locus0,12:54902973
12,54902973,12:54902973:A:C,12,54902973,12:54902973:A:C,1.0,0,12:54902973,chr12,54902973,54902973,rs12230438,ITGA5,1,Zheng,ITGA5_locus0,12:54902973
12,54902973,12:54902973:A:C,12,54912055,12:54912055:C:T,0.886044,9082,12:54902973,chr12,54902973,54902973,rs12230438,ITGA5,1,Zheng,ITGA5_locus0,12:54902973
12,54902973,12:54902973:A:C,12,54917297,12:54917297:G:A,0.875793,14324,12:54902973,chr12,54902973,54902973,rs12230438,ITGA5,1,Zheng,ITGA5_locus0,12:54902973
12,56158475,12:56158475:G:A,12,56158475,12:56158475:G:A,1.0,0,12:56158475,chr12,56158475,56158475,rs78564374,MYL6,3,Zheng,MYL6_locus0,12:56158475
12,119172934,12:119172934:C:T,12,119172934,12:119172934:C:T,1.0,0,12:119172934,chr12,119172934,119172934,rs6490242,HSPB8,4,Jurgens,HSPB8_locus0,12:119172934
12,119172934,12:119172934:C:T,12,119174854,12:119174854:G:C,0.847994,1920,12:119172934,chr12,119172934,119172934,rs6490242,HSPB8,4,Jurgens,HSPB8_locus0,12:119172934
12,119172934,12:119172934:C:T,12,119177152,12:119177152:A:G,0.817664,4218,12:119172934,chr12,119172934,119172934,rs6490242,HSPB8,4,Jurgens,HSPB8_locus0,12:119172934
12,119172934,12:119172934:C:T,12,119185665,12:119185665:T:C,0.826841,12731,12:119172934,chr12,119172934,119172934,rs6490242,HSPB8,4,Jurgens,HSPB8_locus0,12:119172934
12,119180894,12:119180894:C:T,12,119180894,12:119180894:C:T,1.0,0,12:119180894,chr12,119180894,119180894,rs11064693,HSPB8,6,Zheng,HSPB8_locus0,12:119180894
12,124011769,12:124011769:A:G,12,123920171,12:123920171:T:C,0.811014,91598,12:124011769,chr12,124011769,124011769,rs1054852,CCDC92,2,Zheng,CCDC92_locus0,12:124011769
12,124011769,12:124011769:A:G,12,123922856,12:123922856:C:T,0.814188,88913,12:124011769,chr12,124011769,124011769,rs1054852,CCDC92,2,Zheng,CCDC92_locus0,12:124011769
12,124011769,12:124011769:A:G,12,123923129,12:123923129:T:C,0.814786,88640,12:124011769,chr12,124011769,124011769,rs1054852,CCDC92,2,Zheng,CCDC92_locus0,12:124011769
12,124011769,12:124011769:A:G,12,123923444,12:123923444:A:G,0.813807,88325,12:124011769,chr12,124011769,124011769,rs1054852,CCDC92,2,Zheng,CCDC92_locus0,12:124011769
12,124011769,12:124011769:A:G,12,123928944,12:123928944:G:A,0.821981,82825,12:124011769,chr12,124011769,124011769,rs1054852,CCDC92,2,Zheng,CCDC92_locus0,12:124011769
12,124011769,12:124011769:A:G,12,123932791,12:123932791:T:C,0.824061,78978,12:124011769,chr12,124011769,124011769,rs1054852,CCDC92,2,Zheng,CCDC92_locus0,12:124011769
12,124011769,12:124011769:A:G,12,123935529,12:123935529:C:CAGGA,0.821569,76240,12:124011769,chr12,124011769,124011769,rs1054852,CCDC92,2,Zheng,CCDC92_locus0,12:124011769
12,124011769,12:124011769:A:G,12,123943784,12:123943784:T:C,0.833963,67985,12:124011769,chr12,124011769,124011769,rs1054852,CCDC92,2,Zheng,CCDC92_locus0,12:124011769
12,124011769,12:124011769:A:G,12,123946502,12:123946502:G:A,0.816829,65267,12:124011769,chr12,124011769,124011769,rs1054852,CCDC92,2,Zheng,CCDC92_locus0,12:124011769
12,124011769,12:124011769:A:G,12,123947154,12:123947154:A:G,0.888508,64615,12:124011769,chr12,124011769,124011769,rs1054852,CCDC92,2,Zheng,CCDC92_locus0,12:124011769
12,124011769,12:124011769:A:G,12,123953813,12:123953813:A:G,0.834094,57956,12:124011769,chr12,124011769,124011769,rs1054852,CCDC92,2,Zheng,CCDC92_locus0,12:124011769
12,124011769,12:124011769:A:G,12,123956196,12:123956196:G:T,0.834819,55573,12:124011769,chr12,124011769,124011769,rs1054852,CCDC92,2,Zheng,CCDC92_locus0,12:124011769
12,124011769,12:124011769:A:G,12,123958205,12:123958205:T:C,0.801896,53564,12:124011769,chr12,124011769,124011769,rs1054852,CCDC92,2,Zheng,CCDC92_locus0,12:124011769
12,124011769,12:124011769:A:G,12,123959795,12:123959795:G:GAATT,0.881217,51974,12:124011769,chr12,124011769,124011769,rs1054852,CCDC92,2,Zheng,CCDC92_locus0,12:124011769
12,124011769,12:124011769:A:G,12,123961706,12:123961706:T:C,0.828972,50063,12:124011769,chr12,124011769,124011769,rs1054852,CCDC92,2,Zheng,CCDC92_locus0,12:124011769
12,124011769,12:124011769:A:G,12,123962069,12:123962069:G:A,0.828972,49700,12:124011769,chr12,124011769,124011769,rs1054852,CCDC92,2,Zheng,CCDC92_locus0,12:124011769
12,124011769,12:124011769:A:G,12,123962792,12:123962792:T:G,0.881285,48977,12:124011769,chr12,124011769,124011769,rs1054852,CCDC92,2,Zheng,CCDC92_locus0,12:124011769
12,124011769,12:124011769:A:G,12,123962860,12:123962860:A:T,0.821176,48909,12:124011769,chr12,124011769,124011769,rs1054852,CCDC92,2,Zheng,CCDC92_locus0,12:124011769
12,124011769,12:124011769:A:G,12,123964676,12:123964676:C:A,0.887029,47093,12:124011769,chr12,124011769,124011769,rs1054852,CCDC92,2,Zheng,CCDC92_locus0,12:124011769
12,124011769,12:124011769:A:G,12,123973455,12:123973455:C:A,0.877334,38314,12:124011769,chr12,124011769,124011769,rs1054852,CCDC92,2,Zheng,CCDC92_locus0,12:124011769
12,124011769,12:124011769:A:G,12,123981448,12:123981448:T:C,0.893803,30321,12:124011769,chr12,124011769,124011769,rs1054852,CCDC92,2,Zheng,CCDC92_locus0,12:124011769
12,124011769,12:124011769:A:G,12,123985786,12:123985786:T:C,0.894804,25983,12:124011769,chr12,124011769,124011769,rs1054852,CCDC92,2,Zheng,CCDC92_locus0,12:124011769
12,124011769,12:124011769:A:G,12,123988024,12:123988024:T:C,0.894804,23745,12:124011769,chr12,124011769,124011769,rs1054852,CCDC92,2,Zheng,CCDC92_locus0,12:124011769
12,124011769,12:124011769:A:G,12,123992326,12:123992326:C:T,0.896758,19443,12:124011769,chr12,124011769,124011769,rs1054852,CCDC92,2,Zheng,CCDC92_locus0,12:124011769
12,124011769,12:124011769:A:G,12,123995826,12:123995826:G:C,0.908268,15943,12:124011769,chr12,124011769,124011769,rs1054852,CCDC92,2,Zheng,CCDC92_locus0,12:124011769
12,124011769,12:124011769:A:G,12,124004595,12:124004595:G:C,0.912022,7174,12:124011769,chr12,124011769,124011769,rs1054852,CCDC92,2,Zheng,CCDC92_locus0,12:124011769
12,124011769,12:124011769:A:G,12,124006982,12:124006982:G:C,0.907912,4787,12:124011769,chr12,124011769,124011769,rs1054852,CCDC92,2,Zheng,CCDC92_locus0,12:124011769
12,124011769,12:124011769:A:G,12,124007766,12:124007766:A:ATTTTATTCA,0.917657,4003,12:124011769,chr12,124011769,124011769,rs1054852,CCDC92,2,Zheng,CCDC92_locus0,12:124011769
12,124011769,12:124011769:A:G,12,124008063,12:124008063:T:G,0.919907,3706,12:124011769,chr12,124011769,124011769,rs1054852,CCDC92,2,Zheng,CCDC92_locus0,12:124011769
12,124011769,12:124011769:A:G,12,124011769,12:124011769:A:G,1.0,0,12:124011769,chr12,124011769,124011769,rs1054852,CCDC92,2,Zheng,CCDC92_locus0,12:124011769
12,132881589,12:132881589:C:T,12,132804204,12:132804204:G:A,0.94841,77385,12:132881589,chr12,132881589,132881589,rs34287227,CHFR,2,Zheng,CHFR_locus0,12:132881589
12,132881589,12:132881589:C:T,12,132816737,12:132816737:C:T,0.948271,64852,12:132881589,chr12,132881589,132881589,rs34287227,CHFR,2,Zheng,CHFR_locus0,12:132881589
12,132881589,12:132881589:C:T,12,132839152,12:132839152:G:A,0.958788,42437,12:132881589,chr12,132881589,132881589,rs34287227,CHFR,2,Zheng,CHFR_locus0,12:132881589
12,132881589,12:132881589:C:T,12,132858948,12:132858948:C:T,0.98356,22641,12:132881589,chr12,132881589,132881589,rs34287227,CHFR,2,Zheng,CHFR_locus0,12:132881589
12,132881589,12:132881589:C:T,12,132865194,12:132865194:C:T,0.98356,16395,12:132881589,chr12,132881589,132881589,rs34287227,CHFR,2,Zheng,CHFR_locus0,12:132881589
12,132881589,12:132881589:C:T,12,132881589,12:132881589:C:T,1.0,0,12:132881589,chr12,132881589,132881589,rs34287227,CHFR,2,Zheng,CHFR_locus0,12:132881589
12,132881589,12:132881589:C:T,12,132896309,12:132896309:C:T,0.966949,14720,12:132881589,chr12,132881589,132881589,rs34287227,CHFR,2,Zheng,CHFR_locus0,12:132881589
12,132881589,12:132881589:C:T,12,132898294,12:132898294:T:C,0.994493,16705,12:132881589,chr12,132881589,132881589,rs34287227,CHFR,2,Zheng,CHFR_locus0,12:132881589
12,132881589,12:132881589:C:T,12,132903171,12:132903171:T:C,0.817683,21582,12:132881589,chr12,132881589,132881589,rs34287227,CHFR,2,Zheng,CHFR_locus0,12:132881589
12,132881589,12:132881589:C:T,12,132909161,12:132909161:T:C,0.879642,27572,12:132881589,chr12,132881589,132881589,rs34287227,CHFR,2,Zheng,CHFR_locus0,12:132881589
12,132881589,12:132881589:C:T,12,132909946,12:132909946:T:C,0.885003,28357,12:132881589,chr12,132881589,132881589,rs34287227,CHFR,2,Zheng,CHFR_locus0,12:132881589
13,50571020,13:50571020:G:A,13,50567268,13:50567268:C:A,0.985356,3752,13:50571020,chr13,50571020,50571020,rs770389,DLEU1,2,Zheng,DLEU1_locus0,13:50571020
13,50571020,13:50571020:G:A,13,50571020,13:50571020:G:A,1.0,0,13:50571020,chr13,50571020,50571020,rs770389,DLEU1,2,Zheng,DLEU1_locus0,13:50571020
13,110279091,13:110279091:G:A,13,110279091,13:110279091:G:A,1.0,0,13:110279091,chr13,110279091,110279091,rs73617438,COL4A1,2,Zheng,COL4A1_locus0,13:110279091
14,52837920,14:52837920:A:G,14,52837920,14:52837920:A:G,1.0,0,14:52837920,chr14,52837920,52837920,rs7150104,FERMT2,2,Zheng,FERMT2_locus0,14:52837920
14,52837920,14:52837920:A:G,14,52903320,14:52903320:T:C,0.889834,65400,14:52837920,chr14,52837920,52837920,rs7150104,FERMT2,2,Zheng,FERMT2_locus0,14:52837920
14,52846379,14:52846379:C:T,14,52843222,14:52843222:C:G,0.970938,3157,14:52846379,chr14,52846379,52846379,rs74800104,FERMT2,3,Jurgens,FERMT2_locus0,14:52846379
14,52846379,14:52846379:C:T,14,52846379,14:52846379:C:T,1.0,0,14:52846379,chr14,52846379,52846379,rs74800104,FERMT2,3,Jurgens,FERMT2_locus0,14:52846379
14,52846379,14:52846379:C:T,14,52850149,14:52850149:T:G,0.867458,3770,14:52846379,chr14,52846379,52846379,rs74800104,FERMT2,3,Jurgens,FERMT2_locus0,14:52846379
14,52846379,14:52846379:C:T,14,52854528,14:52854528:C:T,0.820724,8149,14:52846379,chr14,52846379,52846379,rs74800104,FERMT2,3,Jurgens,FERMT2_locus0,14:52846379
14,52846379,14:52846379:C:T,14,52854555,14:52854555:C:T,0.85447,8176,14:52846379,chr14,52846379,52846379,rs74800104,FERMT2,3,Jurgens,FERMT2_locus0,14:52846379
14,52846379,14:52846379:C:T,14,52854622,14:52854622:G:A,0.901154,8243,14:52846379,chr14,52846379,52846379,rs74800104,FERMT2,3,Jurgens,FERMT2_locus0,14:52846379
14,52846379,14:52846379:C:T,14,52863289,14:52863289:T:C,0.932228,16910,14:52846379,chr14,52846379,52846379,rs74800104,FERMT2,3,Jurgens,FERMT2_locus0,14:52846379
14,52846379,14:52846379:C:T,14,52864002,14:52864002:AT:A,0.914997,17623,14:52846379,chr14,52846379,52846379,rs74800104,FERMT2,3,Jurgens,FERMT2_locus0,14:52846379
14,52846379,14:52846379:C:T,14,52864961,14:52864961:T:C,0.905393,18582,14:52846379,chr14,52846379,52846379,rs74800104,FERMT2,3,Jurgens,FERMT2_locus0,14:52846379
14,52846379,14:52846379:C:T,14,52866398,14:52866398:C:G,0.814638,20019,14:52846379,chr14,52846379,52846379,rs74800104,FERMT2,3,Jurgens,FERMT2_locus0,14:52846379
14,52846379,14:52846379:C:T,14,52881822,14:52881822:T:G,0.921254,35443,14:52846379,chr14,52846379,52846379,rs74800104,FERMT2,3,Jurgens,FERMT2_locus0,14:52846379
14,52846379,14:52846379:C:T,14,52890393,14:52890393:G:A,0.829622,44014,14:52846379,chr14,52846379,52846379,rs74800104,FERMT2,3,Jurgens,FERMT2_locus0,14:52846379
14,52864961,14:52864961:T:C,14,52843222,14:52843222:C:G,0.922117,21739,14:52864961,chr14,52864961,52864961,rs17694496,FERMT2,2,Zheng,FERMT2_locus0,14:52864961
14,52864961,14:52864961:T:C,14,52846379,14:52846379:C:T,0.905393,18582,14:52864961,chr14,52864961,52864961,rs17694496,FERMT2,2,Zheng,FERMT2_locus0,14:52864961
14,52864961,14:52864961:T:C,14,52850149,14:52850149:T:G,0.828964,14812,14:52864961,chr14,52864961,52864961,rs17694496,FERMT2,2,Zheng,FERMT2_locus0,14:52864961
14,52864961,14:52864961:T:C,14,52854528,14:52854528:C:T,0.867685,10433,14:52864961,chr14,52864961,52864961,rs17694496,FERMT2,2,Zheng,FERMT2_locus0,14:52864961
14,52864961,14:52864961:T:C,14,52854555,14:52854555:C:T,0.834891,10406,14:52864961,chr14,52864961,52864961,rs17694496,FERMT2,2,Zheng,FERMT2_locus0,14:52864961
14,52864961,14:52864961:T:C,14,52854622,14:52854622:G:A,0.973042,10339,14:52864961,chr14,52864961,52864961,rs17694496,FERMT2,2,Zheng,FERMT2_locus0,14:52864961
14,52864961,14:52864961:T:C,14,52863289,14:52863289:T:C,0.959678,1672,14:52864961,chr14,52864961,52864961,rs17694496,FERMT2,2,Zheng,FERMT2_locus0,14:52864961
14,52864961,14:52864961:T:C,14,52864002,14:52864002:AT:A,0.938612,959,14:52864961,chr14,52864961,52864961,rs17694496,FERMT2,2,Zheng,FERMT2_locus0,14:52864961
14,52864961,14:52864961:T:C,14,52864961,14:52864961:T:C,1.0,0,14:52864961,chr14,52864961,52864961,rs17694496,FERMT2,2,Zheng,FERMT2_locus0,14:52864961
14,52864961,14:52864961:T:C,14,52866398,14:52866398:C:G,0.865809,1437,14:52864961,chr14,52864961,52864961,rs17694496,FERMT2,2,Zheng,FERMT2_locus0,14:52864961
14,52864961,14:52864961:T:C,14,52881822,14:52881822:T:G,0.940673,16861,14:52864961,chr14,52864961,52864961,rs17694496,FERMT2,2,Zheng,FERMT2_locus0,14:52864961
14,52864961,14:52864961:T:C,14,52890393,14:52890393:G:A,0.814165,25432,14:52864961,chr14,52864961,52864961,rs17694496,FERMT2,2,Zheng,FERMT2_locus0,14:52864961
14,60995685,14:60995685:G:A,14,60430742,14:60430742:T:A,0.898283,564943,14:60995685,chr14,60995685,60995685,rs77522579,SLC38A6,2,Zheng,SLC38A6_locus0,14:60995685
14,60995685,14:60995685:G:A,14,60730779,14:60730779:C:T,0.979307,264906,14:60995685,chr14,60995685,60995685,rs77522579,SLC38A6,2,Zheng,SLC38A6_locus0,14:60995685
14,60995685,14:60995685:G:A,14,60890103,14:60890103:A:G,0.814233,105582,14:60995685,chr14,60995685,60995685,rs77522579,SLC38A6,2,Zheng,SLC38A6_locus0,14:60995685
14,60995685,14:60995685:G:A,14,60895265,14:60895265:G:T,0.979307,100420,14:60995685,chr14,60995685,60995685,rs77522579,SLC38A6,2,Zheng,SLC38A6_locus0,14:60995685
14,60995685,14:60995685:G:A,14,60992853,14:60992853:T:TC,0.979307,2832,14:60995685,chr14,60995685,60995685,rs77522579,SLC38A6,2,Zheng,SLC38A6_locus0,14:60995685
14,60995685,14:60995685:G:A,14,60995685,14:60995685:G:A,1.0,0,14:60995685,chr14,60995685,60995685,rs77522579,SLC38A6,2,Zheng,SLC38A6_locus0,14:60995685
14,60995685,14:60995685:G:A,14,61005445,14:61005445:C:A,0.979307,9760,14:60995685,chr14,60995685,60995685,rs77522579,SLC38A6,2,Zheng,SLC38A6_locus0,14:60995685
14,89377767,14:89377767:A:G,14,89371352,14:89371352:G:A,0.802635,6415,14:89377767,chr14,89377767,89377767,rs1952183,FOXN3,4,Zheng,FOXN3_locus0,14:89377767
14,89377767,14:89377767:A:G,14,89372748,14:89372748:T:C,0.816887,5019,14:89377767,chr14,89377767,89377767,rs1952183,FOXN3,4,Zheng,FOXN3_locus0,14:89377767
14,89377767,14:89377767:A:G,14,89377395,14:89377395:C:T,0.901762,372,14:89377767,chr14,89377767,89377767,rs1952183,FOXN3,4,Zheng,FOXN3_locus0,14:89377767
14,89377767,14:89377767:A:G,14,89377767,14:89377767:A:G,1.0,0,14:89377767,chr14,89377767,89377767,rs1952183,FOXN3,4,Zheng,FOXN3_locus0,14:89377767
14,89377767,14:89377767:A:G,14,89378706,14:89378707:C:CTT,0.89147,939,14:89377767,chr14,89377767,89377767,rs1952183,FOXN3,4,Zheng,FOXN3_locus0,14:89377767
14,89377767,14:89377767:A:G,14,89378952,14:89378952:C:T,0.892913,1185,14:89377767,chr14,89377767,89377767,rs1952183,FOXN3,4,Zheng,FOXN3_locus0,14:89377767
14,89377767,14:89377767:A:G,14,89380667,14:89380667:C:T,0.880317,2900,14:89377767,chr14,89377767,89377767,rs1952183,FOXN3,4,Zheng,FOXN3_locus0,14:89377767
14,89377767,14:89377767:A:G,14,89381249,14:89381249:G:A,0.908078,3482,14:89377767,chr14,89377767,89377767,rs1952183,FOXN3,4,Zheng,FOXN3_locus0,14:89377767
14,89389616,14:89389616:G:A,14,89377395,14:89377395:C:T,0.818456,12221,14:89389616,chr14,89389616,89389616,rs4904560,FOXN3,3,Jurgens,FOXN3_locus0,14:89389616
14,89389616,14:89389616:G:A,14,89378706,14:89378707:C:CTT,0.80664,10910,14:89389616,chr14,89389616,89389616,rs4904560,FOXN3,3,Jurgens,FOXN3_locus0,14:89389616
14,89389616,14:89389616:G:A,14,89378952,14:89378952:C:T,0.815017,10664,14:89389616,chr14,89389616,89389616,rs4904560,FOXN3,3,Jurgens,FOXN3_locus0,14:89389616
14,89389616,14:89389616:G:A,14,89380667,14:89380667:C:T,0.827188,8949,14:89389616,chr14,89389616,89389616,rs4904560,FOXN3,3,Jurgens,FOXN3_locus0,14:89389616
14,89389616,14:89389616:G:A,14,89384323,14:89384323:A:AGAAAC,0.820761,5293,14:89389616,chr14,89389616,89389616,rs4904560,FOXN3,3,Jurgens,FOXN3_locus0,14:89389616
14,89389616,14:89389616:G:A,14,89387044,14:89387044:G:A,0.99873,2572,14:89389616,chr14,89389616,89389616,rs4904560,FOXN3,3,Jurgens,FOXN3_locus0,14:89389616
14,89389616,14:89389616:G:A,14,89389616,14:89389616:G:A,1.0,0,14:89389616,chr14,89389616,89389616,rs4904560,FOXN3,3,Jurgens,FOXN3_locus0,14:89389616
14,89389616,14:89389616:G:A,14,89391872,14:89391872:C:T,0.975375,2256,14:89389616,chr14,89389616,89389616,rs4904560,FOXN3,3,Jurgens,FOXN3_locus0,14:89389616
14,89389616,14:89389616:G:A,14,89392046,14:89392046:A:C,0.974755,2430,14:89389616,chr14,89389616,89389616,rs4904560,FOXN3,3,Jurgens,FOXN3_locus0,14:89389616
14,89389616,14:89389616:G:A,14,89392637,14:89392640:CTTTTTTTTT:C,0.969096,3021,14:89389616,chr14,89389616,89389616,rs4904560,FOXN3,3,Jurgens,FOXN3_locus0,14:89389616
14,89389616,14:89389616:G:A,14,89392789,14:89392789:G:GACC,0.97477,3173,14:89389616,chr14,89389616,89389616,rs4904560,FOXN3,3,Jurgens,FOXN3_locus0,14:89389616
14,89389616,14:89389616:G:A,14,89392807,14:89392807:A:AT,0.857333,3191,14:89389616,chr14,89389616,89389616,rs4904560,FOXN3,3,Jurgens,FOXN3_locus0,14:89389616
14,89389616,14:89389616:G:A,14,89393099,14:89393099:C:T,0.97477,3483,14:89389616,chr14,89389616,89389616,rs4904560,FOXN3,3,Jurgens,FOXN3_locus0,14:89389616
14,89389616,14:89389616:G:A,14,89398504,14:89398504:C:A,0.90813,8888,14:89389616,chr14,89389616,89389616,rs4904560,FOXN3,3,Jurgens,FOXN3_locus0,14:89389616
14,89389616,14:89389616:G:A,14,89399608,14:89399608:T:C,0.903828,9992,14:89389616,chr14,89389616,89389616,rs4904560,FOXN3,3,Jurgens,FOXN3_locus0,14:89389616
14,89389616,14:89389616:G:A,14,89399991,14:89399991:G:A,0.903389,10375,14:89389616,chr14,89389616,89389616,rs4904560,FOXN3,3,Jurgens,FOXN3_locus0,14:89389616
14,89389616,14:89389616:G:A,14,89401267,14:89401267:C:G,0.892047,11651,14:89389616,chr14,89389616,89389616,rs4904560,FOXN3,3,Jurgens,FOXN3_locus0,14:89389616
14,89389616,14:89389616:G:A,14,89404428,14:89404428:T:C,0.890319,14812,14:89389616,chr14,89389616,89389616,rs4904560,FOXN3,3,Jurgens,FOXN3_locus0,14:89389616
14,89389616,14:89389616:G:A,14,89405019,14:89405019:G:A,0.885148,15403,14:89389616,chr14,89389616,89389616,rs4904560,FOXN3,3,Jurgens,FOXN3_locus0,14:89389616
14,89389616,14:89389616:G:A,14,89406188,14:89406188:C:T,0.868856,16572,14:89389616,chr14,89389616,89389616,rs4904560,FOXN3,3,Jurgens,FOXN3_locus0,14:89389616
14,89389616,14:89389616:G:A,14,89406401,14:89406401:C:CAG,0.867708,16785,14:89389616,chr14,89389616,89389616,rs4904560,FOXN3,3,Jurgens,FOXN3_locus0,14:89389616
14,89389616,14:89389616:G:A,14,89406776,14:89406776:T:TAA,0.865871,17160,14:89389616,chr14,89389616,89389616,rs4904560,FOXN3,3,Jurgens,FOXN3_locus0,14:89389616
14,89389616,14:89389616:G:A,14,89411059,14:89411059:T:A,0.852663,21443,14:89389616,chr14,89389616,89389616,rs4904560,FOXN3,3,Jurgens,FOXN3_locus0,14:89389616
14,89389616,14:89389616:G:A,14,89411556,14:89411556:T:C,0.867465,21940,14:89389616,chr14,89389616,89389616,rs4904560,FOXN3,3,Jurgens,FOXN3_locus0,14:89389616
14,89389616,14:89389616:G:A,14,89415004,14:89415004:A:G,0.83675,25388,14:89389616,chr14,89389616,89389616,rs4904560,FOXN3,3,Jurgens,FOXN3_locus0,14:89389616
14,89411100,14:89411100:T:C,14,89411100,14:89411100:T:C,1.0,0,14:89411100,chr14,89411100,89411100,rs9652390,FOXN3,4,Zheng,FOXN3_locus0,14:89411100
15,39453360,15:39453360:G:C,15,39432889,15:39432889:G:C,0.836084,20471,15:39453360,chr15,39453360,39453360,rs12438465,THBS1,3,Zheng,THBS1_locus0,15:39453360
15,39453360,15:39453360:G:C,15,39433041,15:39433041:T:C,0.838136,20319,15:39453360,chr15,39453360,39453360,rs12438465,THBS1,3,Zheng,THBS1_locus0,15:39453360
15,39453360,15:39453360:G:C,15,39437061,15:39437061:G:C,0.866136,16299,15:39453360,chr15,39453360,39453360,rs12438465,THBS1,3,Zheng,THBS1_locus0,15:39453360
15,39453360,15:39453360:G:C,15,39440052,15:39440052:A:C,0.83865,13308,15:39453360,chr15,39453360,39453360,rs12438465,THBS1,3,Zheng,THBS1_locus0,15:39453360
15,39453360,15:39453360:G:C,15,39446268,15:39446268:C:A,0.953138,7092,15:39453360,chr15,39453360,39453360,rs12438465,THBS1,3,Zheng,THBS1_locus0,15:39453360
15,39453360,15:39453360:G:C,15,39450366,15:39450366:G:GGA,0.845459,2994,15:39453360,chr15,39453360,39453360,rs12438465,THBS1,3,Zheng,THBS1_locus0,15:39453360
15,39453360,15:39453360:G:C,15,39450367,15:39450367:CTT:C,0.845459,2993,15:39453360,chr15,39453360,39453360,rs12438465,THBS1,3,Zheng,THBS1_locus0,15:39453360
15,39453360,15:39453360:G:C,15,39452071,15:39452071:C:T,0.964941,1289,15:39453360,chr15,39453360,39453360,rs12438465,THBS1,3,Zheng,THBS1_locus0,15:39453360
15,39453360,15:39453360:G:C,15,39453360,15:39453360:G:C,1.0,0,15:39453360,chr15,39453360,39453360,rs12438465,THBS1,3,Zheng,THBS1_locus0,15:39453360
15,39453360,15:39453360:G:C,15,39454411,15:39454411:T:A,0.964319,1051,15:39453360,chr15,39453360,39453360,rs12438465,THBS1,3,Zheng,THBS1_locus0,15:39453360
15,39453360,15:39453360:G:C,15,39455553,15:39455553:G:C,0.956116,2193,15:39453360,chr15,39453360,39453360,rs12438465,THBS1,3,Zheng,THBS1_locus0,15:39453360
15,39453360,15:39453360:G:C,15,39460609,15:39460609:C:T,0.861684,7249,15:39453360,chr15,39453360,39453360,rs12438465,THBS1,3,Zheng,THBS1_locus0,15:39453360
15,39453360,15:39453360:G:C,15,39461513,15:39461513:C:G,0.841169,8153,15:39453360,chr15,39453360,39453360,rs12438465,THBS1,3,Zheng,THBS1_locus0,15:39453360
15,39453360,15:39453360:G:C,15,39462360,15:39462360:A:T,0.927642,9000,15:39453360,chr15,39453360,39453360,rs12438465,THBS1,3,Zheng,THBS1_locus0,15:39453360
15,39453360,15:39453360:G:C,15,39466978,15:39466978:A:T,0.935199,13618,15:39453360,chr15,39453360,39453360,rs12438465,THBS1,3,Zheng,THBS1_locus0,15:39453360
15,39453360,15:39453360:G:C,15,39467104,15:39467104:CCCTGGG:C,0.935199,13744,15:39453360,chr15,39453360,39453360,rs12438465,THBS1,3,Zheng,THBS1_locus0,15:39453360
15,39453360,15:39453360:G:C,15,39468825,15:39468825:A:T,0.945512,15465,15:39453360,chr15,39453360,39453360,rs12438465,THBS1,3,Zheng,THBS1_locus0,15:39453360
15,39453360,15:39453360:G:C,15,39469468,15:39469468:A:G,0.933518,16108,15:39453360,chr15,39453360,39453360,rs12438465,THBS1,3,Zheng,THBS1_locus0,15:39453360
15,39453360,15:39453360:G:C,15,39474325,15:39474325:A:T,0.82388,20965,15:39453360,chr15,39453360,39453360,rs12438465,THBS1,3,Zheng,THBS1_locus0,15:39453360
15,39453360,15:39453360:G:C,15,39474352,15:39474352:G:C,0.820655,20992,15:39453360,chr15,39453360,39453360,rs12438465,THBS1,3,Zheng,THBS1_locus0,15:39453360
15,39453360,15:39453360:G:C,15,39482468,15:39482468:C:T,0.830528,29108,15:39453360,chr15,39453360,39453360,rs12438465,THBS1,3,Zheng,THBS1_locus0,15:39453360
15,39453360,15:39453360:G:C,15,39485312,15:39485312:TGAC:T,0.820195,31952,15:39453360,chr15,39453360,39453360,rs12438465,THBS1,3,Zheng,THBS1_locus0,15:39453360
15,39453360,15:39453360:G:C,15,39485319,15:39485319:C:G,0.820195,31959,15:39453360,chr15,39453360,39453360,rs12438465,THBS1,3,Zheng,THBS1_locus0,15:39453360
15,39453360,15:39453360:G:C,15,39489588,15:39489588:T:A,0.819507,36228,15:39453360,chr15,39453360,39453360,rs12438465,THBS1,3,Zheng,THBS1_locus0,15:39453360
15,78790089,15:78790089:A:G,15,78778009,15:78778009:C:A,0.836282,12080,15:78790089,chr15,78790089,78790089,rs2277547,ADAMTS7,2,Jurgens,ADAMTS7_locus0,15:78790089
15,78790089,15:78790089:A:G,15,78779619,15:78779619:C:T,0.915538,10470,15:78790089,chr15,78790089,78790089,rs2277547,ADAMTS7,2,Jurgens,ADAMTS7_locus0,15:78790089
15,78790089,15:78790089:A:G,15,78784543,15:78784543:A:G,0.968038,5546,15:78790089,chr15,78790089,78790089,rs2277547,ADAMTS7,2,Jurgens,ADAMTS7_locus0,15:78790089
15,78790089,15:78790089:A:G,15,78785546,15:78785547:CA:C,0.949561,4543,15:78790089,chr15,78790089,78790089,rs2277547,ADAMTS7,2,Jurgens,ADAMTS7_locus0,15:78790089
15,78790089,15:78790089:A:G,15,78785931,15:78785931:AT:A,0.899021,4158,15:78790089,chr15,78790089,78790089,rs2277547,ADAMTS7,2,Jurgens,ADAMTS7_locus0,15:78790089
15,78790089,15:78790089:A:G,15,78788456,15:78788456:C:T,0.98478,1633,15:78790089,chr15,78790089,78790089,rs2277547,ADAMTS7,2,Jurgens,ADAMTS7_locus0,15:78790089
15,78790089,15:78790089:A:G,15,78790089,15:78790089:A:G,1.0,0,15:78790089,chr15,78790089,78790089,rs2277547,ADAMTS7,2,Jurgens,ADAMTS7_locus0,15:78790089
15,78790089,15:78790089:A:G,15,78790778,15:78790778:G:A,0.968927,689,15:78790089,chr15,78790089,78790089,rs2277547,ADAMTS7,2,Jurgens,ADAMTS7_locus0,15:78790089
15,78790089,15:78790089:A:G,15,78792338,15:78792338:G:A,0.845073,2249,15:78790089,chr15,78790089,78790089,rs2277547,ADAMTS7,2,Jurgens,ADAMTS7_locus0,15:78790089
15,84642662,15:84642662:G:A,15,84642662,15:84642662:G:A,1.0,0,15:84642662,chr15,84642662,84642662,rs11073613,ALPK3,6,Zheng,ALPK3_locus0,15:84642662
15,84806000,15:84806000:T:C,15,84620374,15:84620374:T:C,0.880314,185626,15:84806000,chr15,84806000,84806000,rs35630683,ALPK3,4,Jurgens,ALPK3_locus1,15:84806000
15,84806000,15:84806000:T:C,15,84622468,15:84622468:C:T,0.879129,183532,15:84806000,chr15,84806000,84806000,rs35630683,ALPK3,4,Jurgens,ALPK3_locus1,15:84806000
15,84806000,15:84806000:T:C,15,84627352,15:84627352:C:G,0.875804,178648,15:84806000,chr15,84806000,84806000,rs35630683,ALPK3,4,Jurgens,ALPK3_locus1,15:84806000
15,84806000,15:84806000:T:C,15,84628086,15:84628086:C:T,0.877228,177914,15:84806000,chr15,84806000,84806000,rs35630683,ALPK3,4,Jurgens,ALPK3_locus1,15:84806000
15,84806000,15:84806000:T:C,15,84628264,15:84628264:A:C,0.877228,177736,15:84806000,chr15,84806000,84806000,rs35630683,ALPK3,4,Jurgens,ALPK3_locus1,15:84806000
15,84806000,15:84806000:T:C,15,84628978,15:84628978:C:T,0.881501,177022,15:84806000,chr15,84806000,84806000,rs35630683,ALPK3,4,Jurgens,ALPK3_locus1,15:84806000
15,84806000,15:84806000:T:C,15,84630496,15:84630496:A:AG,0.881068,175504,15:84806000,chr15,84806000,84806000,rs35630683,ALPK3,4,Jurgens,ALPK3_locus1,15:84806000
15,84806000,15:84806000:T:C,15,84630641,15:84630641:C:T,0.881501,175359,15:84806000,chr15,84806000,84806000,rs35630683,ALPK3,4,Jurgens,ALPK3_locus1,15:84806000
15,84806000,15:84806000:T:C,15,84634066,15:84634066:G:A,0.881617,171934,15:84806000,chr15,84806000,84806000,rs35630683,ALPK3,4,Jurgens,ALPK3_locus1,15:84806000
15,84806000,15:84806000:T:C,15,84634492,15:84634492:T:G,0.881617,171508,15:84806000,chr15,84806000,84806000,rs35630683,ALPK3,4,Jurgens,ALPK3_locus1,15:84806000
15,84806000,15:84806000:T:C,15,84640559,15:84640559:G:C,0.884996,165441,15:84806000,chr15,84806000,84806000,rs35630683,ALPK3,4,Jurgens,ALPK3_locus1,15:84806000
15,84806000,15:84806000:T:C,15,84641732,15:84641732:G:A,0.921511,164268,15:84806000,chr15,84806000,84806000,rs35630683,ALPK3,4,Jurgens,ALPK3_locus1,15:84806000
15,84806000,15:84806000:T:C,15,84643872,15:84643872:C:T,0.87434,162128,15:84806000,chr15,84806000,84806000,rs35630683,ALPK3,4,Jurgens,ALPK3_locus1,15:84806000
15,84806000,15:84806000:T:C,15,84643921,15:84643921:T:C,0.8716,162079,15:84806000,chr15,84806000,84806000,rs35630683,ALPK3,4,Jurgens,ALPK3_locus1,15:84806000
15,84806000,15:84806000:T:C,15,84646233,15:84646233:T:G,0.846767,159767,15:84806000,chr15,84806000,84806000,rs35630683,ALPK3,4,Jurgens,ALPK3_locus1,15:84806000
15,84806000,15:84806000:T:C,15,84647549,15:84647549:T:C,0.88149,158451,15:84806000,chr15,84806000,84806000,rs35630683,ALPK3,4,Jurgens,ALPK3_locus1,15:84806000
15,84806000,15:84806000:T:C,15,84649784,15:84649784:A:T,0.880067,156216,15:84806000,chr15,84806000,84806000,rs35630683,ALPK3,4,Jurgens,ALPK3_locus1,15:84806000
15,84806000,15:84806000:T:C,15,84650323,15:84650323:G:A,0.894287,155677,15:84806000,chr15,84806000,84806000,rs35630683,ALPK3,4,Jurgens,ALPK3_locus1,15:84806000
15,84806000,15:84806000:T:C,15,84650638,15:84650638:T:C,0.859996,155362,15:84806000,chr15,84806000,84806000,rs35630683,ALPK3,4,Jurgens,ALPK3_locus1,15:84806000
15,84806000,15:84806000:T:C,15,84650706,15:84650706:G:A,0.894287,155294,15:84806000,chr15,84806000,84806000,rs35630683,ALPK3,4,Jurgens,ALPK3_locus1,15:84806000
15,84806000,15:84806000:T:C,15,84652199,15:84652199:C:T,0.893095,153801,15:84806000,chr15,84806000,84806000,rs35630683,ALPK3,4,Jurgens,ALPK3_locus1,15:84806000
15,84806000,15:84806000:T:C,15,84653013,15:84653013:G:A,0.894287,152987,15:84806000,chr15,84806000,84806000,rs35630683,ALPK3,4,Jurgens,ALPK3_locus1,15:84806000
15,84806000,15:84806000:T:C,15,84656980,15:84656980:C:G,0.90678,149020,15:84806000,chr15,84806000,84806000,rs35630683,ALPK3,4,Jurgens,ALPK3_locus1,15:84806000
15,84806000,15:84806000:T:C,15,84657289,15:84657289:G:T,0.91132,148711,15:84806000,chr15,84806000,84806000,rs35630683,ALPK3,4,Jurgens,ALPK3_locus1,15:84806000
15,84806000,15:84806000:T:C,15,84657715,15:84657715:G:C,0.90588,148285,15:84806000,chr15,84806000,84806000,rs35630683,ALPK3,4,Jurgens,ALPK3_locus1,15:84806000
15,84806000,15:84806000:T:C,15,84658188,15:84658188:T:C,0.904739,147812,15:84806000,chr15,84806000,84806000,rs35630683,ALPK3,4,Jurgens,ALPK3_locus1,15:84806000
15,84806000,15:84806000:T:C,15,84658452,15:84658452:C:CG,0.905586,147548,15:84806000,chr15,84806000,84806000,rs35630683,ALPK3,4,Jurgens,ALPK3_locus1,15:84806000
15,84806000,15:84806000:T:C,15,84658609,15:84658609:CTTTTTT:C,0.842745,147391,15:84806000,chr15,84806000,84806000,rs35630683,ALPK3,4,Jurgens,ALPK3_locus1,15:84806000
15,84806000,15:84806000:T:C,15,84660161,15:84660161:A:T,0.870494,145839,15:84806000,chr15,84806000,84806000,rs35630683,ALPK3,4,Jurgens,ALPK3_locus1,15:84806000
15,84806000,15:84806000:T:C,15,84664594,15:84664594:A:G,0.92767,141406,15:84806000,chr15,84806000,84806000,rs35630683,ALPK3,4,Jurgens,ALPK3_locus1,15:84806000
15,84806000,15:84806000:T:C,15,84667534,15:84667534:A:G,0.912083,138466,15:84806000,chr15,84806000,84806000,rs35630683,ALPK3,4,Jurgens,ALPK3_locus1,15:84806000
15,84806000,15:84806000:T:C,15,84670258,15:84670258:CT:C,0.892248,135742,15:84806000,chr15,84806000,84806000,rs35630683,ALPK3,4,Jurgens,ALPK3_locus1,15:84806000
15,84806000,15:84806000:T:C,15,84672346,15:84672346:C:T,0.915943,133654,15:84806000,chr15,84806000,84806000,rs35630683,ALPK3,4,Jurgens,ALPK3_locus1,15:84806000
15,84806000,15:84806000:T:C,15,84676451,15:84676451:CA:C,0.927041,129549,15:84806000,chr15,84806000,84806000,rs35630683,ALPK3,4,Jurgens,ALPK3_locus1,15:84806000
15,84806000,15:84806000:T:C,15,84678762,15:84678762:A:G,0.89753,127238,15:84806000,chr15,84806000,84806000,rs35630683,ALPK3,4,Jurgens,ALPK3_locus1,15:84806000
15,84806000,15:84806000:T:C,15,84684405,15:84684405:C:T,0.917984,121595,15:84806000,chr15,84806000,84806000,rs35630683,ALPK3,4,Jurgens,ALPK3_locus1,15:84806000
15,84806000,15:84806000:T:C,15,84685424,15:84685424:AT:A,0.85246,120576,15:84806000,chr15,84806000,84806000,rs35630683,ALPK3,4,Jurgens,ALPK3_locus1,15:84806000
15,84806000,15:84806000:T:C,15,84685797,15:84685797:CTTTTTTT:C,0.82231,120203,15:84806000,chr15,84806000,84806000,rs35630683,ALPK3,4,Jurgens,ALPK3_locus1,15:84806000
15,84806000,15:84806000:T:C,15,84688354,15:84688354:G:A,0.920392,117646,15:84806000,chr15,84806000,84806000,rs35630683,ALPK3,4,Jurgens,ALPK3_locus1,15:84806000
15,84806000,15:84806000:T:C,15,84688675,15:84688675:T:C,0.920392,117325,15:84806000,chr15,84806000,84806000,rs35630683,ALPK3,4,Jurgens,ALPK3_locus1,15:84806000
15,84806000,15:84806000:T:C,15,84695675,15:84695675:C:CATTTTCT,0.928177,110325,15:84806000,chr15,84806000,84806000,rs35630683,ALPK3,4,Jurgens,ALPK3_locus1,15:84806000
15,84806000,15:84806000:T:C,15,84696777,15:84696777:A:G,0.885026,109223,15:84806000,chr15,84806000,84806000,rs35630683,ALPK3,4,Jurgens,ALPK3_locus1,15:84806000
15,84806000,15:84806000:T:C,15,84697172,15:84697172:G:T,0.917164,108828,15:84806000,chr15,84806000,84806000,rs35630683,ALPK3,4,Jurgens,ALPK3_locus1,15:84806000
15,84806000,15:84806000:T:C,15,84700450,15:84700450:C:T,0.914068,105550,15:84806000,chr15,84806000,84806000,rs35630683,ALPK3,4,Jurgens,ALPK3_locus1,15:84806000
15,84806000,15:84806000:T:C,15,84701165,15:84701165:GA:G,0.895064,104835,15:84806000,chr15,84806000,84806000,rs35630683,ALPK3,4,Jurgens,ALPK3_locus1,15:84806000
15,84806000,15:84806000:T:C,15,84704902,15:84704902:A:G,0.918227,101098,15:84806000,chr15,84806000,84806000,rs35630683,ALPK3,4,Jurgens,ALPK3_locus1,15:84806000
15,84806000,15:84806000:T:C,15,84707022,15:84707022:C:T,0.920392,98978,15:84806000,chr15,84806000,84806000,rs35630683,ALPK3,4,Jurgens,ALPK3_locus1,15:84806000
15,84806000,15:84806000:T:C,15,84712928,15:84712928:C:T,0.920392,93072,15:84806000,chr15,84806000,84806000,rs35630683,ALPK3,4,Jurgens,ALPK3_locus1,15:84806000
15,84806000,15:84806000:T:C,15,84713072,15:84713072:T:C,0.920392,92928,15:84806000,chr15,84806000,84806000,rs35630683,ALPK3,4,Jurgens,ALPK3_locus1,15:84806000
15,84806000,15:84806000:T:C,15,84714368,15:84714368:G:A,0.920392,91632,15:84806000,chr15,84806000,84806000,rs35630683,ALPK3,4,Jurgens,ALPK3_locus1,15:84806000
15,84806000,15:84806000:T:C,15,84714972,15:84714972:T:C,0.920392,91028,15:84806000,chr15,84806000,84806000,rs35630683,ALPK3,4,Jurgens,ALPK3_locus1,15:84806000
15,84806000,15:84806000:T:C,15,84717402,15:84717402:CTT:C,0.835235,88598,15:84806000,chr15,84806000,84806000,rs35630683,ALPK3,4,Jurgens,ALPK3_locus1,15:84806000
15,84806000,15:84806000:T:C,15,84721230,15:84721230:G:A,0.942443,84770,15:84806000,chr15,84806000,84806000,rs35630683,ALPK3,4,Jurgens,ALPK3_locus1,15:84806000
15,84806000,15:84806000:T:C,15,84721235,15:84721235:TGTG:T,0.942443,84765,15:84806000,chr15,84806000,84806000,rs35630683,ALPK3,4,Jurgens,ALPK3_locus1,15:84806000
15,84806000,15:84806000:T:C,15,84723242,15:84723242:C:CA,0.81239,82758,15:84806000,chr15,84806000,84806000,rs35630683,ALPK3,4,Jurgens,ALPK3_locus1,15:84806000
15,84806000,15:84806000:T:C,15,84724805,15:84724805:T:C,0.941344,81195,15:84806000,chr15,84806000,84806000,rs35630683,ALPK3,4,Jurgens,ALPK3_locus1,15:84806000
15,84806000,15:84806000:T:C,15,84727044,15:84727044:T:C,0.931948,78956,15:84806000,chr15,84806000,84806000,rs35630683,ALPK3,4,Jurgens,ALPK3_locus1,15:84806000
15,84806000,15:84806000:T:C,15,84732595,15:84732595:C:CT,0.921705,73405,15:84806000,chr15,84806000,84806000,rs35630683,ALPK3,4,Jurgens,ALPK3_locus1,15:84806000
15,84806000,15:84806000:T:C,15,84733678,15:84733678:C:CT,0.854338,72322,15:84806000,chr15,84806000,84806000,rs35630683,ALPK3,4,Jurgens,ALPK3_locus1,15:84806000
15,84806000,15:84806000:T:C,15,84735035,15:84735035:C:CT,0.845539,70965,15:84806000,chr15,84806000,84806000,rs35630683,ALPK3,4,Jurgens,ALPK3_locus1,15:84806000
15,84806000,15:84806000:T:C,15,84736979,15:84736979:T:C,0.963035,69021,15:84806000,chr15,84806000,84806000,rs35630683,ALPK3,4,Jurgens,ALPK3_locus1,15:84806000
15,84806000,15:84806000:T:C,15,84736981,15:84736981:T:A,0.964199,69019,15:84806000,chr15,84806000,84806000,rs35630683,ALPK3,4,Jurgens,ALPK3_locus1,15:84806000
15,84806000,15:84806000:T:C,15,84737561,15:84737561:T:G,0.975145,68439,15:84806000,chr15,84806000,84806000,rs35630683,ALPK3,4,Jurgens,ALPK3_locus1,15:84806000
15,84806000,15:84806000:T:C,15,84738325,15:84738325:C:CA,0.862538,67675,15:84806000,chr15,84806000,84806000,rs35630683,ALPK3,4,Jurgens,ALPK3_locus1,15:84806000
15,84806000,15:84806000:T:C,15,84738569,15:84738569:AG:A,0.977422,67431,15:84806000,chr15,84806000,84806000,rs35630683,ALPK3,4,Jurgens,ALPK3_locus1,15:84806000
15,84806000,15:84806000:T:C,15,84738814,15:84738814:A:T,0.977422,67186,15:84806000,chr15,84806000,84806000,rs35630683,ALPK3,4,Jurgens,ALPK3_locus1,15:84806000
15,84806000,15:84806000:T:C,15,84742305,15:84742305:T:C,0.966934,63695,15:84806000,chr15,84806000,84806000,rs35630683,ALPK3,4,Jurgens,ALPK3_locus1,15:84806000
15,84806000,15:84806000:T:C,15,84743348,15:84743348:CA:C,0.892731,62652,15:84806000,chr15,84806000,84806000,rs35630683,ALPK3,4,Jurgens,ALPK3_locus1,15:84806000
15,84806000,15:84806000:T:C,15,84744856,15:84744856:G:A,0.976254,61144,15:84806000,chr15,84806000,84806000,rs35630683,ALPK3,4,Jurgens,ALPK3_locus1,15:84806000
15,84806000,15:84806000:T:C,15,84751238,15:84751238:T:A,0.976254,54762,15:84806000,chr15,84806000,84806000,rs35630683,ALPK3,4,Jurgens,ALPK3_locus1,15:84806000
15,84806000,15:84806000:T:C,15,84752696,15:84752696:A:G,0.942331,53304,15:84806000,chr15,84806000,84806000,rs35630683,ALPK3,4,Jurgens,ALPK3_locus1,15:84806000
15,84806000,15:84806000:T:C,15,84755124,15:84755125:A:ATT,0.949577,50876,15:84806000,chr15,84806000,84806000,rs35630683,ALPK3,4,Jurgens,ALPK3_locus1,15:84806000
15,84806000,15:84806000:T:C,15,84755431,15:84755431:T:C,0.977422,50569,15:84806000,chr15,84806000,84806000,rs35630683,ALPK3,4,Jurgens,ALPK3_locus1,15:84806000
15,84806000,15:84806000:T:C,15,84759142,15:84759142:G:A,0.976254,46858,15:84806000,chr15,84806000,84806000,rs35630683,ALPK3,4,Jurgens,ALPK3_locus1,15:84806000
15,84806000,15:84806000:T:C,15,84760129,15:84760129:T:TG,0.976254,45871,15:84806000,chr15,84806000,84806000,rs35630683,ALPK3,4,Jurgens,ALPK3_locus1,15:84806000
15,84806000,15:84806000:T:C,15,84761215,15:84761215:C:T,0.976254,44785,15:84806000,chr15,84806000,84806000,rs35630683,ALPK3,4,Jurgens,ALPK3_locus1,15:84806000
15,84806000,15:84806000:T:C,15,84764056,15:84764056:C:T,0.972616,41944,15:84806000,chr15,84806000,84806000,rs35630683,ALPK3,4,Jurgens,ALPK3_locus1,15:84806000
15,84806000,15:84806000:T:C,15,84764910,15:84764911:G:T,0.970338,41090,15:84806000,chr15,84806000,84806000,rs35630683,ALPK3,4,Jurgens,ALPK3_locus1,15:84806000
15,84806000,15:84806000:T:C,15,84765535,15:84765536:G:GTTT,0.80027,40465,15:84806000,chr15,84806000,84806000,rs35630683,ALPK3,4,Jurgens,ALPK3_locus1,15:84806000
15,84806000,15:84806000:T:C,15,84767853,15:84767853:CT:C,0.92715,38147,15:84806000,chr15,84806000,84806000,rs35630683,ALPK3,4,Jurgens,ALPK3_locus1,15:84806000
15,84806000,15:84806000:T:C,15,84768059,15:84768059:TAA:T,0.971405,37941,15:84806000,chr15,84806000,84806000,rs35630683,ALPK3,4,Jurgens,ALPK3_locus1,15:84806000
15,84806000,15:84806000:T:C,15,84768061,15:84768061:A:ATTT,0.966514,37939,15:84806000,chr15,84806000,84806000,rs35630683,ALPK3,4,Jurgens,ALPK3_locus1,15:84806000
15,84806000,15:84806000:T:C,15,84768151,15:84768151:C:T,0.978591,37849,15:84806000,chr15,84806000,84806000,rs35630683,ALPK3,4,Jurgens,ALPK3_locus1,15:84806000
15,84806000,15:84806000:T:C,15,84768203,15:84768203:TC:T,0.978591,37797,15:84806000,chr15,84806000,84806000,rs35630683,ALPK3,4,Jurgens,ALPK3_locus1,15:84806000
15,84806000,15:84806000:T:C,15,84768234,15:84768234:T:C,0.814404,37766,15:84806000,chr15,84806000,84806000,rs35630683,ALPK3,4,Jurgens,ALPK3_locus1,15:84806000
15,84806000,15:84806000:T:C,15,84771166,15:84771166:G:C,0.954382,34834,15:84806000,chr15,84806000,84806000,rs35630683,ALPK3,4,Jurgens,ALPK3_locus1,15:84806000
15,84806000,15:84806000:T:C,15,84773214,15:84773214:G:GT,0.825162,32786,15:84806000,chr15,84806000,84806000,rs35630683,ALPK3,4,Jurgens,ALPK3_locus1,15:84806000
15,84806000,15:84806000:T:C,15,84773234,15:84773234:C:T,0.979763,32766,15:84806000,chr15,84806000,84806000,rs35630683,ALPK3,4,Jurgens,ALPK3_locus1,15:84806000
15,84806000,15:84806000:T:C,15,84774834,15:84774834:A:G,0.945645,31166,15:84806000,chr15,84806000,84806000,rs35630683,ALPK3,4,Jurgens,ALPK3_locus1,15:84806000
15,84806000,15:84806000:T:C,15,84774928,15:84774928:A:G,0.945645,31072,15:84806000,chr15,84806000,84806000,rs35630683,ALPK3,4,Jurgens,ALPK3_locus1,15:84806000
15,84806000,15:84806000:T:C,15,84775407,15:84775407:GTGT:G,0.968155,30593,15:84806000,chr15,84806000,84806000,rs35630683,ALPK3,4,Jurgens,ALPK3_locus1,15:84806000
15,84806000,15:84806000:T:C,15,84776027,15:84776027:A:G,0.945645,29973,15:84806000,chr15,84806000,84806000,rs35630683,ALPK3,4,Jurgens,ALPK3_locus1,15:84806000
15,84806000,15:84806000:T:C,15,84776461,15:84776461:A:G,0.979763,29539,15:84806000,chr15,84806000,84806000,rs35630683,ALPK3,4,Jurgens,ALPK3_locus1,15:84806000
15,84806000,15:84806000:T:C,15,84777989,15:84777989:T:C,0.945645,28011,15:84806000,chr15,84806000,84806000,rs35630683,ALPK3,4,Jurgens,ALPK3_locus1,15:84806000
15,84806000,15:84806000:T:C,15,84779120,15:84779120:C:G,0.979763,26880,15:84806000,chr15,84806000,84806000,rs35630683,ALPK3,4,Jurgens,ALPK3_locus1,15:84806000
15,84806000,15:84806000:T:C,15,84781236,15:84781236:T:C,0.942001,24764,15:84806000,chr15,84806000,84806000,rs35630683,ALPK3,4,Jurgens,ALPK3_locus1,15:84806000
15,84806000,15:84806000:T:C,15,84785121,15:84785121:C:T,0.958067,20879,15:84806000,chr15,84806000,84806000,rs35630683,ALPK3,4,Jurgens,ALPK3_locus1,15:84806000
15,84806000,15:84806000:T:C,15,84785865,15:84785865:T:TA,0.932896,20135,15:84806000,chr15,84806000,84806000,rs35630683,ALPK3,4,Jurgens,ALPK3_locus1,15:84806000
15,84806000,15:84806000:T:C,15,84786190,15:84786190:A:C,0.930785,19810,15:84806000,chr15,84806000,84806000,rs35630683,ALPK3,4,Jurgens,ALPK3_locus1,15:84806000
15,84806000,15:84806000:T:C,15,84788040,15:84788040:A:G,0.967498,17960,15:84806000,chr15,84806000,84806000,rs35630683,ALPK3,4,Jurgens,ALPK3_locus1,15:84806000
15,84806000,15:84806000:T:C,15,84788262,15:84788262:A:G,0.967498,17738,15:84806000,chr15,84806000,84806000,rs35630683,ALPK3,4,Jurgens,ALPK3_locus1,15:84806000
15,84806000,15:84806000:T:C,15,84788398,15:84788398:A:G,0.967498,17602,15:84806000,chr15,84806000,84806000,rs35630683,ALPK3,4,Jurgens,ALPK3_locus1,15:84806000
15,84806000,15:84806000:T:C,15,84789049,15:84789049:T:A,0.967498,16951,15:84806000,chr15,84806000,84806000,rs35630683,ALPK3,4,Jurgens,ALPK3_locus1,15:84806000
15,84806000,15:84806000:T:C,15,84790165,15:84790165:C:T,0.928951,15835,15:84806000,chr15,84806000,84806000,rs35630683,ALPK3,4,Jurgens,ALPK3_locus1,15:84806000
15,84806000,15:84806000:T:C,15,84794468,15:84794468:T:A,0.980938,11532,15:84806000,chr15,84806000,84806000,rs35630683,ALPK3,4,Jurgens,ALPK3_locus1,15:84806000
15,84806000,15:84806000:T:C,15,84794569,15:84794569:C:T,0.980938,11431,15:84806000,chr15,84806000,84806000,rs35630683,ALPK3,4,Jurgens,ALPK3_locus1,15:84806000
15,84806000,15:84806000:T:C,15,84800749,15:84800749:T:G,0.980933,5251,15:84806000,chr15,84806000,84806000,rs35630683,ALPK3,4,Jurgens,ALPK3_locus1,15:84806000
15,84806000,15:84806000:T:C,15,84801319,15:84801319:T:A,0.980933,4681,15:84806000,chr15,84806000,84806000,rs35630683,ALPK3,4,Jurgens,ALPK3_locus1,15:84806000
15,84806000,15:84806000:T:C,15,84804478,15:84804478:A:G,0.96614,1522,15:84806000,chr15,84806000,84806000,rs35630683,ALPK3,4,Jurgens,ALPK3_locus1,15:84806000
15,84806000,15:84806000:T:C,15,84805730,15:84805730:TTTTG:T,0.998783,270,15:84806000,chr15,84806000,84806000,rs35630683,ALPK3,4,Jurgens,ALPK3_locus1,15:84806000
15,84806000,15:84806000:T:C,15,84806000,15:84806000:T:C,1.0,0,15:84806000,chr15,84806000,84806000,rs35630683,ALPK3,4,Jurgens,ALPK3_locus1,15:84806000
15,84806000,15:84806000:T:C,15,84811882,15:84811882:CA:C,0.983091,5882,15:84806000,chr15,84806000,84806000,rs35630683,ALPK3,4,Jurgens,ALPK3_locus1,15:84806000
15,84806000,15:84806000:T:C,15,84812610,15:84812610:G:A,0.995137,6610,15:84806000,chr15,84806000,84806000,rs35630683,ALPK3,4,Jurgens,ALPK3_locus1,15:84806000
15,84806000,15:84806000:T:C,15,84813812,15:84813812:GC:G,0.996351,7812,15:84806000,chr15,84806000,84806000,rs35630683,ALPK3,4,Jurgens,ALPK3_locus1,15:84806000
15,84806000,15:84806000:T:C,15,84814418,15:84814418:C:A,0.993934,8418,15:84806000,chr15,84806000,84806000,rs35630683,ALPK3,4,Jurgens,ALPK3_locus1,15:84806000
15,84806000,15:84806000:T:C,15,84814626,15:84814626:T:TA,0.963645,8626,15:84806000,chr15,84806000,84806000,rs35630683,ALPK3,4,Jurgens,ALPK3_locus1,15:84806000
15,84806000,15:84806000:T:C,15,84830267,15:84830267:C:CT,0.917916,24267,15:84806000,chr15,84806000,84806000,rs35630683,ALPK3,4,Jurgens,ALPK3_locus1,15:84806000
15,84806000,15:84806000:T:C,15,84830867,15:84830867:T:TTG,0.811202,24867,15:84806000,chr15,84806000,84806000,rs35630683,ALPK3,4,Jurgens,ALPK3_locus1,15:84806000
15,84806000,15:84806000:T:C,15,84830881,15:84830881:A:G,0.916829,24881,15:84806000,chr15,84806000,84806000,rs35630683,ALPK3,4,Jurgens,ALPK3_locus1,15:84806000
15,84806000,15:84806000:T:C,15,84834210,15:84834210:G:A,0.919989,28210,15:84806000,chr15,84806000,84806000,rs35630683,ALPK3,4,Jurgens,ALPK3_locus1,15:84806000
15,84806000,15:84806000:T:C,15,84839914,15:84839914:C:G,0.887933,33914,15:84806000,chr15,84806000,84806000,rs35630683,ALPK3,4,Jurgens,ALPK3_locus1,15:84806000
15,84806000,15:84806000:T:C,15,84840409,15:84840409:G:A,0.899084,34409,15:84806000,chr15,84806000,84806000,rs35630683,ALPK3,4,Jurgens,ALPK3_locus1,15:84806000
15,84845422,15:84845422:A:G,15,84845422,15:84845422:A:G,1.0,0,15:84845422,chr15,84845422,84845422,rs306206,ALPK3,6,Zheng,ALPK3_locus1,15:84845422
15,84845422,15:84845422:A:G,15,84846400,15:84846400:G:A,0.99768,978,15:84845422,chr15,84845422,84845422,rs306206,ALPK3,6,Zheng,ALPK3_locus1,15:84845422
15,84845422,15:84845422:A:G,15,84848075,15:84848075:T:G,0.811963,2653,15:84845422,chr15,84845422,84845422,rs306206,ALPK3,6,Zheng,ALPK3_locus1,15:84845422
15,84845422,15:84845422:A:G,15,84849067,15:84849067:G:A,0.978314,3645,15:84845422,chr15,84845422,84845422,rs306206,ALPK3,6,Zheng,ALPK3_locus1,15:84845422
15,84845422,15:84845422:A:G,15,84850011,15:84850011:AAAG:A,0.965689,4589,15:84845422,chr15,84845422,84845422,rs306206,ALPK3,6,Zheng,ALPK3_locus1,15:84845422
15,84845422,15:84845422:A:G,15,84860265,15:84860265:G:A,0.821617,14843,15:84845422,chr15,84845422,84845422,rs306206,ALPK3,6,Zheng,ALPK3_locus1,15:84845422
15,84845422,15:84845422:A:G,15,84872155,15:84872155:T:C,0.811837,26733,15:84845422,chr15,84845422,84845422,rs306206,ALPK3,6,Zheng,ALPK3_locus1,15:84845422
15,84845422,15:84845422:A:G,15,84872349,15:84872349:G:C,0.811837,26927,15:84845422,chr15,84845422,84845422,rs306206,ALPK3,6,Zheng,ALPK3_locus1,15:84845422
15,84845422,15:84845422:A:G,15,84872568,15:84872568:C:T,0.809611,27146,15:84845422,chr15,84845422,84845422,rs306206,ALPK3,6,Zheng,ALPK3_locus1,15:84845422
15,84845422,15:84845422:A:G,15,84872833,15:84872833:A:ATT,0.810729,27411,15:84845422,chr15,84845422,84845422,rs306206,ALPK3,6,Zheng,ALPK3_locus1,15:84845422
16,927160,16:927160:T:C,16,909503,16:909503:A:G,0.862406,17657,16:927160,chr16,927160,927160,rs8056644,LMF1,3,Zheng,LMF1_locus0,16:927160
16,927160,16:927160:T:C,16,913315,16:913315:T:C,0.919217,13845,16:927160,chr16,927160,927160,rs8056644,LMF1,3,Zheng,LMF1_locus0,16:927160
16,927160,16:927160:T:C,16,924411,16:924411:T:A,0.980757,2749,16:927160,chr16,927160,927160,rs8056644,LMF1,3,Zheng,LMF1_locus0,16:927160
16,927160,16:927160:T:C,16,924646,16:924646:C:G,0.981326,2514,16:927160,chr16,927160,927160,rs8056644,LMF1,3,Zheng,LMF1_locus0,16:927160
16,927160,16:927160:T:C,16,926536,16:926536:A:G,0.9485,624,16:927160,chr16,927160,927160,rs8056644,LMF1,3,Zheng,LMF1_locus0,16:927160
16,927160,16:927160:T:C,16,927160,16:927160:T:C,1.0,0,16:927160,chr16,927160,927160,rs8056644,LMF1,3,Zheng,LMF1_locus0,16:927160
16,927160,16:927160:T:C,16,928206,16:928206:C:A,0.991436,1046,16:927160,chr16,927160,927160,rs8056644,LMF1,3,Zheng,LMF1_locus0,16:927160
16,927160,16:927160:T:C,16,929960,16:929960:C:G,0.981734,2800,16:927160,chr16,927160,927160,rs8056644,LMF1,3,Zheng,LMF1_locus0,16:927160
16,927160,16:927160:T:C,16,930316,16:930316:G:A,0.813006,3156,16:927160,chr16,927160,927160,rs8056644,LMF1,3,Zheng,LMF1_locus0,16:927160
16,927160,16:927160:T:C,16,931861,16:931861:A:G,0.952763,4701,16:927160,chr16,927160,927160,rs8056644,LMF1,3,Zheng,LMF1_locus0,16:927160
16,937454,16:937454:T:C,16,912154,16:912154:T:C,0.824197,25300,16:937454,chr16,937454,937454,rs9328932,LMF1,3,Zheng,LMF1_locus0,16:937454
16,937454,16:937454:T:C,16,918717,16:918717:T:C,0.811782,18737,16:937454,chr16,937454,937454,rs9328932,LMF1,3,Zheng,LMF1_locus0,16:937454
16,937454,16:937454:T:C,16,920814,16:920814:T:C,0.821119,16640,16:937454,chr16,937454,937454,rs9328932,LMF1,3,Zheng,LMF1_locus0,16:937454
16,937454,16:937454:T:C,16,937112,16:937112:C:T,0.937134,342,16:937454,chr16,937454,937454,rs9328932,LMF1,3,Zheng,LMF1_locus0,16:937454
16,937454,16:937454:T:C,16,937118,16:937118:T:C,0.937134,336,16:937454,chr16,937454,937454,rs9328932,LMF1,3,Zheng,LMF1_locus0,16:937454
16,937454,16:937454:T:C,16,937256,16:937256:C:T,0.992066,198,16:937454,chr16,937454,937454,rs9328932,LMF1,3,Zheng,LMF1_locus0,16:937454
16,937454,16:937454:T:C,16,937298,16:937298:G:A,0.946973,156,16:937454,chr16,937454,937454,rs9328932,LMF1,3,Zheng,LMF1_locus0,16:937454
16,937454,16:937454:T:C,16,937358,16:937358:T:C,0.989804,96,16:937454,chr16,937454,937454,rs9328932,LMF1,3,Zheng,LMF1_locus0,16:937454
16,937454,16:937454:T:C,16,937371,16:937371:G:A,0.980766,83,16:937454,chr16,937454,937454,rs9328932,LMF1,3,Zheng,LMF1_locus0,16:937454
16,937454,16:937454:T:C,16,937454,16:937454:T:C,1.0,0,16:937454,chr16,937454,937454,rs9328932,LMF1,3,Zheng,LMF1_locus0,16:937454
16,937454,16:937454:T:C,16,937520,16:937520:C:T,0.988148,66,16:937454,chr16,937454,937454,rs9328932,LMF1,3,Zheng,LMF1_locus0,16:937454
16,937454,16:937454:T:C,16,937877,16:937877:A:G,0.902844,423,16:937454,chr16,937454,937454,rs9328932,LMF1,3,Zheng,LMF1_locus0,16:937454
16,937454,16:937454:T:C,16,937935,16:937935:C:T,0.929804,481,16:937454,chr16,937454,937454,rs9328932,LMF1,3,Zheng,LMF1_locus0,16:937454
16,937454,16:937454:T:C,16,937940,16:937940:A:G,0.98192,486,16:937454,chr16,937454,937454,rs9328932,LMF1,3,Zheng,LMF1_locus0,16:937454
16,937454,16:937454:T:C,16,937972,16:937972:C:T,0.990368,518,16:937454,chr16,937454,937454,rs9328932,LMF1,3,Zheng,LMF1_locus0,16:937454
16,937454,16:937454:T:C,16,938052,16:938052:CA:C,0.988686,598,16:937454,chr16,937454,937454,rs9328932,LMF1,3,Zheng,LMF1_locus0,16:937454
16,937454,16:937454:T:C,16,938070,16:938070:T:A,0.988686,616,16:937454,chr16,937454,937454,rs9328932,LMF1,3,Zheng,LMF1_locus0,16:937454
16,937454,16:937454:T:C,16,938168,16:938168:A:G,0.991497,714,16:937454,chr16,937454,937454,rs9328932,LMF1,3,Zheng,LMF1_locus0,16:937454
16,937454,16:937454:T:C,16,938197,16:938197:C:T,0.991497,743,16:937454,chr16,937454,937454,rs9328932,LMF1,3,Zheng,LMF1_locus0,16:937454
16,937454,16:937454:T:C,16,938323,16:938323:GGTGGCTCGC:G,0.988666,869,16:937454,chr16,937454,937454,rs9328932,LMF1,3,Zheng,LMF1_locus0,16:937454
16,937454,16:937454:T:C,16,938348,16:938348:G:A,0.985846,894,16:937454,chr16,937454,937454,rs9328932,LMF1,3,Zheng,LMF1_locus0,16:937454
16,937454,16:937454:T:C,16,938437,16:938437:T:C,0.990368,983,16:937454,chr16,937454,937454,rs9328932,LMF1,3,Zheng,LMF1_locus0,16:937454
16,937454,16:937454:T:C,16,938483,16:938483:T:C,0.990368,1029,16:937454,chr16,937454,937454,rs9328932,LMF1,3,Zheng,LMF1_locus0,16:937454
16,937454,16:937454:T:C,16,938578,16:938578:G:T,0.990369,1124,16:937454,chr16,937454,937454,rs9328932,LMF1,3,Zheng,LMF1_locus0,16:937454
16,937454,16:937454:T:C,16,938728,16:938728:T:C,0.991497,1274,16:937454,chr16,937454,937454,rs9328932,LMF1,3,Zheng,LMF1_locus0,16:937454
16,937454,16:937454:T:C,16,938889,16:938889:C:T,0.988674,1435,16:937454,chr16,937454,937454,rs9328932,LMF1,3,Zheng,LMF1_locus0,16:937454
16,937454,16:937454:T:C,16,938998,16:938998:A:G,0.991497,1544,16:937454,chr16,937454,937454,rs9328932,LMF1,3,Zheng,LMF1_locus0,16:937454
16,937454,16:937454:T:C,16,939191,16:939191:A:T,0.91793,1737,16:937454,chr16,937454,937454,rs9328932,LMF1,3,Zheng,LMF1_locus0,16:937454
16,937454,16:937454:T:C,16,939254,16:939254:GT:G,0.991497,1800,16:937454,chr16,937454,937454,rs9328932,LMF1,3,Zheng,LMF1_locus0,16:937454
16,937454,16:937454:T:C,16,939721,16:939721:C:T,0.989796,2267,16:937454,chr16,937454,937454,rs9328932,LMF1,3,Zheng,LMF1_locus0,16:937454
16,937454,16:937454:T:C,16,939843,16:939843:A:G,0.991497,2389,16:937454,chr16,937454,937454,rs9328932,LMF1,3,Zheng,LMF1_locus0,16:937454
16,937454,16:937454:T:C,16,939858,16:939858:T:G,0.91793,2404,16:937454,chr16,937454,937454,rs9328932,LMF1,3,Zheng,LMF1_locus0,16:937454
16,937454,16:937454:T:C,16,940021,16:940021:C:G,0.991497,2567,16:937454,chr16,937454,937454,rs9328932,LMF1,3,Zheng,LMF1_locus0,16:937454
16,937454,16:937454:T:C,16,940142,16:940142:T:C,0.991497,2688,16:937454,chr16,937454,937454,rs9328932,LMF1,3,Zheng,LMF1_locus0,16:937454
16,937454,16:937454:T:C,16,940316,16:940316:A:G,0.990365,2862,16:937454,chr16,937454,937454,rs9328932,LMF1,3,Zheng,LMF1_locus0,16:937454
16,937454,16:937454:T:C,16,940320,16:940320:A:G,0.990935,2866,16:937454,chr16,937454,937454,rs9328932,LMF1,3,Zheng,LMF1_locus0,16:937454
16,937454,16:937454:T:C,16,940459,16:940459:A:G,0.991497,3005,16:937454,chr16,937454,937454,rs9328932,LMF1,3,Zheng,LMF1_locus0,16:937454
16,937454,16:937454:T:C,16,940519,16:940519:A:G,0.991497,3065,16:937454,chr16,937454,937454,rs9328932,LMF1,3,Zheng,LMF1_locus0,16:937454
16,937454,16:937454:T:C,16,940696,16:940696:C:T,0.991497,3242,16:937454,chr16,937454,937454,rs9328932,LMF1,3,Zheng,LMF1_locus0,16:937454
16,937454,16:937454:T:C,16,940791,16:940791:A:G,0.91793,3337,16:937454,chr16,937454,937454,rs9328932,LMF1,3,Zheng,LMF1_locus0,16:937454
16,937454,16:937454:T:C,16,940815,16:940815:C:T,0.91793,3361,16:937454,chr16,937454,937454,rs9328932,LMF1,3,Zheng,LMF1_locus0,16:937454
16,937454,16:937454:T:C,16,941002,16:941002:A:G,0.991497,3548,16:937454,chr16,937454,937454,rs9328932,LMF1,3,Zheng,LMF1_locus0,16:937454
16,937454,16:937454:T:C,16,941219,16:941219:C:T,0.991497,3765,16:937454,chr16,937454,937454,rs9328932,LMF1,3,Zheng,LMF1_locus0,16:937454
16,937454,16:937454:T:C,16,941249,16:941249:C:A,0.917325,3795,16:937454,chr16,937454,937454,rs9328932,LMF1,3,Zheng,LMF1_locus0,16:937454
16,937454,16:937454:T:C,16,941404,16:941404:A:G,0.990931,3950,16:937454,chr16,937454,937454,rs9328932,LMF1,3,Zheng,LMF1_locus0,16:937454
16,937454,16:937454:T:C,16,941413,16:941413:C:T,0.990931,3959,16:937454,chr16,937454,937454,rs9328932,LMF1,3,Zheng,LMF1_locus0,16:937454
16,937454,16:937454:T:C,16,941872,16:941872:T:C,0.990928,4418,16:937454,chr16,937454,937454,rs9328932,LMF1,3,Zheng,LMF1_locus0,16:937454
16,937454,16:937454:T:C,16,942091,16:942091:G:C,0.990365,4637,16:937454,chr16,937454,937454,rs9328932,LMF1,3,Zheng,LMF1_locus0,16:937454
16,937454,16:937454:T:C,16,942300,16:942300:G:A,0.990365,4846,16:937454,chr16,937454,937454,rs9328932,LMF1,3,Zheng,LMF1_locus0,16:937454
16,937454,16:937454:T:C,16,942961,16:942961:T:G,0.963273,5507,16:937454,chr16,937454,937454,rs9328932,LMF1,3,Zheng,LMF1_locus0,16:937454
16,937454,16:937454:T:C,16,943099,16:943099:C:T,0.921549,5645,16:937454,chr16,937454,937454,rs9328932,LMF1,3,Zheng,LMF1_locus0,16:937454
16,937454,16:937454:T:C,16,943468,16:943468:G:A,0.990931,6014,16:937454,chr16,937454,937454,rs9328932,LMF1,3,Zheng,LMF1_locus0,16:937454
16,937454,16:937454:T:C,16,943667,16:943667:A:C,0.990931,6213,16:937454,chr16,937454,937454,rs9328932,LMF1,3,Zheng,LMF1_locus0,16:937454
16,937454,16:937454:T:C,16,943820,16:943820:C:G,0.990931,6366,16:937454,chr16,937454,937454,rs9328932,LMF1,3,Zheng,LMF1_locus0,16:937454
16,937454,16:937454:T:C,16,944050,16:944050:G:A,0.990931,6596,16:937454,chr16,937454,937454,rs9328932,LMF1,3,Zheng,LMF1_locus0,16:937454
16,937454,16:937454:T:C,16,944162,16:944162:T:C,0.983046,6708,16:937454,chr16,937454,937454,rs9328932,LMF1,3,Zheng,LMF1_locus0,16:937454
16,937454,16:937454:T:C,16,944775,16:944775:T:C,0.991497,7321,16:937454,chr16,937454,937454,rs9328932,LMF1,3,Zheng,LMF1_locus0,16:937454
16,937454,16:937454:T:C,16,944918,16:944918:T:TA,0.983641,7464,16:937454,chr16,937454,937454,rs9328932,LMF1,3,Zheng,LMF1_locus0,16:937454
16,937454,16:937454:T:C,16,945082,16:945082:A:G,0.990931,7628,16:937454,chr16,937454,937454,rs9328932,LMF1,3,Zheng,LMF1_locus0,16:937454
16,937454,16:937454:T:C,16,945101,16:945101:C:T,0.990931,7647,16:937454,chr16,937454,937454,rs9328932,LMF1,3,Zheng,LMF1_locus0,16:937454
16,937454,16:937454:T:C,16,945156,16:945156:G:A,0.990369,7702,16:937454,chr16,937454,937454,rs9328932,LMF1,3,Zheng,LMF1_locus0,16:937454
16,937454,16:937454:T:C,16,945342,16:945342:T:C,0.990931,7888,16:937454,chr16,937454,937454,rs9328932,LMF1,3,Zheng,LMF1_locus0,16:937454
16,937454,16:937454:T:C,16,945434,16:945434:T:G,0.914692,7980,16:937454,chr16,937454,937454,rs9328932,LMF1,3,Zheng,LMF1_locus0,16:937454
16,937454,16:937454:T:C,16,945565,16:945565:G:GTTAAAAAAT,0.990931,8111,16:937454,chr16,937454,937454,rs9328932,LMF1,3,Zheng,LMF1_locus0,16:937454
16,937454,16:937454:T:C,16,945718,16:945718:C:G,0.917325,8264,16:937454,chr16,937454,937454,rs9328932,LMF1,3,Zheng,LMF1_locus0,16:937454
16,937454,16:937454:T:C,16,945834,16:945834:T:C,0.917325,8380,16:937454,chr16,937454,937454,rs9328932,LMF1,3,Zheng,LMF1_locus0,16:937454
16,937454,16:937454:T:C,16,945894,16:945894:G:A,0.990362,8440,16:937454,chr16,937454,937454,rs9328932,LMF1,3,Zheng,LMF1_locus0,16:937454
16,937454,16:937454:T:C,16,946150,16:946150:A:T,0.916852,8696,16:937454,chr16,937454,937454,rs9328932,LMF1,3,Zheng,LMF1_locus0,16:937454
16,937454,16:937454:T:C,16,947183,16:947183:T:C,0.990365,9729,16:937454,chr16,937454,937454,rs9328932,LMF1,3,Zheng,LMF1_locus0,16:937454
16,937454,16:937454:T:C,16,947352,16:947352:A:G,0.990931,9898,16:937454,chr16,937454,937454,rs9328932,LMF1,3,Zheng,LMF1_locus0,16:937454
16,937454,16:937454:T:C,16,947473,16:947473:T:C,0.912421,10019,16:937454,chr16,937454,937454,rs9328932,LMF1,3,Zheng,LMF1_locus0,16:937454
16,937454,16:937454:T:C,16,947496,16:947496:C:A,0.990369,10042,16:937454,chr16,937454,937454,rs9328932,LMF1,3,Zheng,LMF1_locus0,16:937454
16,937454,16:937454:T:C,16,947520,16:947520:T:C,0.990931,10066,16:937454,chr16,937454,937454,rs9328932,LMF1,3,Zheng,LMF1_locus0,16:937454
16,937454,16:937454:T:C,16,948245,16:948245:A:C,0.951699,10791,16:937454,chr16,937454,937454,rs9328932,LMF1,3,Zheng,LMF1_locus0,16:937454
16,937454,16:937454:T:C,16,948369,16:948369:G:A,0.977629,10915,16:937454,chr16,937454,937454,rs9328932,LMF1,3,Zheng,LMF1_locus0,16:937454
16,937454,16:937454:T:C,16,948420,16:948420:C:T,0.896771,10966,16:937454,chr16,937454,937454,rs9328932,LMF1,3,Zheng,LMF1_locus0,16:937454
16,937454,16:937454:T:C,16,948553,16:948553:C:G,0.964327,11099,16:937454,chr16,937454,937454,rs9328932,LMF1,3,Zheng,LMF1_locus0,16:937454
16,937454,16:937454:T:C,16,948559,16:948559:G:A,0.962676,11105,16:937454,chr16,937454,937454,rs9328932,LMF1,3,Zheng,LMF1_locus0,16:937454
16,937454,16:937454:T:C,16,951274,16:951274:C:T,0.852391,13820,16:937454,chr16,937454,937454,rs9328932,LMF1,3,Zheng,LMF1_locus0,16:937454
16,937454,16:937454:T:C,16,951414,16:951414:T:C,0.981917,13960,16:937454,chr16,937454,937454,rs9328932,LMF1,3,Zheng,LMF1_locus0,16:937454
16,937454,16:937454:T:C,16,951713,16:951713:G:A,0.981917,14259,16:937454,chr16,937454,937454,rs9328932,LMF1,3,Zheng,LMF1_locus0,16:937454
16,937454,16:937454:T:C,16,951801,16:951801:T:C,0.981353,14347,16:937454,chr16,937454,937454,rs9328932,LMF1,3,Zheng,LMF1_locus0,16:937454
16,937454,16:937454:T:C,16,951821,16:951821:A:G,0.981917,14367,16:937454,chr16,937454,937454,rs9328932,LMF1,3,Zheng,LMF1_locus0,16:937454
16,937454,16:937454:T:C,16,951930,16:951930:A:T,0.981917,14476,16:937454,chr16,937454,937454,rs9328932,LMF1,3,Zheng,LMF1_locus0,16:937454
16,937454,16:937454:T:C,16,951944,16:951944:A:G,0.981917,14490,16:937454,chr16,937454,937454,rs9328932,LMF1,3,Zheng,LMF1_locus0,16:937454
16,937454,16:937454:T:C,16,951966,16:951966:C:T,0.980798,14512,16:937454,chr16,937454,937454,rs9328932,LMF1,3,Zheng,LMF1_locus0,16:937454
16,937454,16:937454:T:C,16,952064,16:952064:A:C,0.981917,14610,16:937454,chr16,937454,937454,rs9328932,LMF1,3,Zheng,LMF1_locus0,16:937454
16,937454,16:937454:T:C,16,952103,16:952103:G:A,0.981917,14649,16:937454,chr16,937454,937454,rs9328932,LMF1,3,Zheng,LMF1_locus0,16:937454
16,937454,16:937454:T:C,16,952178,16:952178:A:G,0.981917,14724,16:937454,chr16,937454,937454,rs9328932,LMF1,3,Zheng,LMF1_locus0,16:937454
16,937454,16:937454:T:C,16,952328,16:952328:T:C,0.980214,14874,16:937454,chr16,937454,937454,rs9328932,LMF1,3,Zheng,LMF1_locus0,16:937454
16,937454,16:937454:T:C,16,952365,16:952365:G:A,0.981917,14911,16:937454,chr16,937454,937454,rs9328932,LMF1,3,Zheng,LMF1_locus0,16:937454
16,937454,16:937454:T:C,16,952395,16:952395:G:C,0.87565,14941,16:937454,chr16,937454,937454,rs9328932,LMF1,3,Zheng,LMF1_locus0,16:937454
16,937454,16:937454:T:C,16,952526,16:952526:G:A,0.943942,15072,16:937454,chr16,937454,937454,rs9328932,LMF1,3,Zheng,LMF1_locus0,16:937454
16,937454,16:937454:T:C,16,952658,16:952658:G:A,0.979659,15204,16:937454,chr16,937454,937454,rs9328932,LMF1,3,Zheng,LMF1_locus0,16:937454
16,937454,16:937454:T:C,16,952674,16:952674:A:G,0.980224,15220,16:937454,chr16,937454,937454,rs9328932,LMF1,3,Zheng,LMF1_locus0,16:937454
16,937454,16:937454:T:C,16,954694,16:954694:A:G,0.896333,17240,16:937454,chr16,937454,937454,rs9328932,LMF1,3,Zheng,LMF1_locus0,16:937454
16,937454,16:937454:T:C,16,954743,16:954743:C:T,0.90239,17289,16:937454,chr16,937454,937454,rs9328932,LMF1,3,Zheng,LMF1_locus0,16:937454
16,937454,16:937454:T:C,16,954834,16:954834:T:C,0.899335,17380,16:937454,chr16,937454,937454,rs9328932,LMF1,3,Zheng,LMF1_locus0,16:937454
16,937454,16:937454:T:C,16,955836,16:955836:A:G,0.881051,18382,16:937454,chr16,937454,937454,rs9328932,LMF1,3,Zheng,LMF1_locus0,16:937454
16,937454,16:937454:T:C,16,956294,16:956294:A:G,0.894642,18840,16:937454,chr16,937454,937454,rs9328932,LMF1,3,Zheng,LMF1_locus0,16:937454
16,937454,16:937454:T:C,16,956371,16:956371:G:C,0.897641,18917,16:937454,chr16,937454,937454,rs9328932,LMF1,3,Zheng,LMF1_locus0,16:937454
16,937454,16:937454:T:C,16,957268,16:957268:G:A,0.900465,19814,16:937454,chr16,937454,937454,rs9328932,LMF1,3,Zheng,LMF1_locus0,16:937454
16,937454,16:937454:T:C,16,957304,16:957304:A:G,0.891662,19850,16:937454,chr16,937454,937454,rs9328932,LMF1,3,Zheng,LMF1_locus0,16:937454
16,937454,16:937454:T:C,16,957366,16:957366:A:G,0.900465,19912,16:937454,chr16,937454,937454,rs9328932,LMF1,3,Zheng,LMF1_locus0,16:937454
16,937454,16:937454:T:C,16,957387,16:957387:C:T,0.900465,19933,16:937454,chr16,937454,937454,rs9328932,LMF1,3,Zheng,LMF1_locus0,16:937454
16,937454,16:937454:T:C,16,957461,16:957461:A:C,0.898377,20007,16:937454,chr16,937454,937454,rs9328932,LMF1,3,Zheng,LMF1_locus0,16:937454
16,937454,16:937454:T:C,16,959035,16:959035:A:G,0.890294,21581,16:937454,chr16,937454,937454,rs9328932,LMF1,3,Zheng,LMF1_locus0,16:937454
16,937454,16:937454:T:C,16,959667,16:959667:A:G,0.887698,22213,16:937454,chr16,937454,937454,rs9328932,LMF1,3,Zheng,LMF1_locus0,16:937454
16,952328,16:952328:T:C,16,910725,16:910725:G:A,0.801627,41603,16:952328,chr16,952328,952328,rs4470148,LMF1,3,Jurgens,LMF1_locus0,16:952328
16,952328,16:952328:T:C,16,912154,16:912154:T:C,0.826806,40174,16:952328,chr16,952328,952328,rs4470148,LMF1,3,Jurgens,LMF1_locus0,16:952328
16,952328,16:952328:T:C,16,918717,16:918717:T:C,0.814165,33611,16:952328,chr16,952328,952328,rs4470148,LMF1,3,Jurgens,LMF1_locus0,16:952328
16,952328,16:952328:T:C,16,920814,16:920814:T:C,0.824592,31514,16:952328,chr16,952328,952328,rs4470148,LMF1,3,Jurgens,LMF1_locus0,16:952328
16,952328,16:952328:T:C,16,937112,16:937112:C:T,0.944992,15216,16:952328,chr16,952328,952328,rs4470148,LMF1,3,Jurgens,LMF1_locus0,16:952328
16,952328,16:952328:T:C,16,937118,16:937118:T:C,0.944992,15210,16:952328,chr16,952328,952328,rs4470148,LMF1,3,Jurgens,LMF1_locus0,16:952328
16,952328,16:952328:T:C,16,937256,16:937256:C:T,0.988114,15072,16:952328,chr16,952328,952328,rs4470148,LMF1,3,Jurgens,LMF1_locus0,16:952328
16,952328,16:952328:T:C,16,937298,16:937298:G:A,0.94052,15030,16:952328,chr16,952328,952328,rs4470148,LMF1,3,Jurgens,LMF1_locus0,16:952328
16,952328,16:952328:T:C,16,937358,16:937358:T:C,0.985852,14970,16:952328,chr16,952328,952328,rs4470148,LMF1,3,Jurgens,LMF1_locus0,16:952328
16,952328,16:952328:T:C,16,937371,16:937371:G:A,0.976746,14957,16:952328,chr16,952328,952328,rs4470148,LMF1,3,Jurgens,LMF1_locus0,16:952328
16,952328,16:952328:T:C,16,937454,16:937454:T:C,0.980214,14874,16:952328,chr16,952328,952328,rs4470148,LMF1,3,Jurgens,LMF1_locus0,16:952328
16,952328,16:952328:T:C,16,937520,16:937520:C:T,0.976356,14808,16:952328,chr16,952328,952328,rs4470148,LMF1,3,Jurgens,LMF1_locus0,16:952328
16,952328,16:952328:T:C,16,937877,16:937877:A:G,0.899295,14451,16:952328,chr16,952328,952328,rs4470148,LMF1,3,Jurgens,LMF1_locus0,16:952328
16,952328,16:952328:T:C,16,937935,16:937935:C:T,0.927202,14393,16:952328,chr16,952328,952328,rs4470148,LMF1,3,Jurgens,LMF1_locus0,16:952328
16,952328,16:952328:T:C,16,937940,16:937940:A:G,0.979119,14388,16:952328,chr16,952328,952328,rs4470148,LMF1,3,Jurgens,LMF1_locus0,16:952328
16,952328,16:952328:T:C,16,937972,16:937972:C:T,0.987538,14356,16:952328,chr16,952328,952328,rs4470148,LMF1,3,Jurgens,LMF1_locus0,16:952328
16,952328,16:952328:T:C,16,938052,16:938052:CA:C,0.985871,14276,16:952328,chr16,952328,952328,rs4470148,LMF1,3,Jurgens,LMF1_locus0,16:952328
16,952328,16:952328:T:C,16,938070,16:938070:T:A,0.985871,14258,16:952328,chr16,952328,952328,rs4470148,LMF1,3,Jurgens,LMF1_locus0,16:952328
16,952328,16:952328:T:C,16,938168,16:938168:A:G,0.988671,14160,16:952328,chr16,952328,952328,rs4470148,LMF1,3,Jurgens,LMF1_locus0,16:952328
16,952328,16:952328:T:C,16,938197,16:938197:C:T,0.988671,14131,16:952328,chr16,952328,952328,rs4470148,LMF1,3,Jurgens,LMF1_locus0,16:952328
16,952328,16:952328:T:C,16,938323,16:938323:GGTGGCTCGC:G,0.985833,14005,16:952328,chr16,952328,952328,rs4470148,LMF1,3,Jurgens,LMF1_locus0,16:952328
16,952328,16:952328:T:C,16,938348,16:938348:G:A,0.981889,13980,16:952328,chr16,952328,952328,rs4470148,LMF1,3,Jurgens,LMF1_locus0,16:952328
16,952328,16:952328:T:C,16,938437,16:938437:T:C,0.987538,13891,16:952328,chr16,952328,952328,rs4470148,LMF1,3,Jurgens,LMF1_locus0,16:952328
16,952328,16:952328:T:C,16,938483,16:938483:T:C,0.987538,13845,16:952328,chr16,952328,952328,rs4470148,LMF1,3,Jurgens,LMF1_locus0,16:952328
16,952328,16:952328:T:C,16,938578,16:938578:G:T,0.988681,13750,16:952328,chr16,952328,952328,rs4470148,LMF1,3,Jurgens,LMF1_locus0,16:952328
16,952328,16:952328:T:C,16,938728,16:938728:T:C,0.988671,13600,16:952328,chr16,952328,952328,rs4470148,LMF1,3,Jurgens,LMF1_locus0,16:952328
16,952328,16:952328:T:C,16,938889,16:938889:C:T,0.985859,13439,16:952328,chr16,952328,952328,rs4470148,LMF1,3,Jurgens,LMF1_locus0,16:952328
16,952328,16:952328:T:C,16,938998,16:938998:A:G,0.988671,13330,16:952328,chr16,952328,952328,rs4470148,LMF1,3,Jurgens,LMF1_locus0,16:952328
16,952328,16:952328:T:C,16,939191,16:939191:A:T,0.922277,13137,16:952328,chr16,952328,952328,rs4470148,LMF1,3,Jurgens,LMF1_locus0,16:952328
16,952328,16:952328:T:C,16,939254,16:939254:GT:G,0.988671,13074,16:952328,chr16,952328,952328,rs4470148,LMF1,3,Jurgens,LMF1_locus0,16:952328
16,952328,16:952328:T:C,16,939721,16:939721:C:T,0.988099,12607,16:952328,chr16,952328,952328,rs4470148,LMF1,3,Jurgens,LMF1_locus0,16:952328
16,952328,16:952328:T:C,16,939843,16:939843:A:G,0.988671,12485,16:952328,chr16,952328,952328,rs4470148,LMF1,3,Jurgens,LMF1_locus0,16:952328
16,952328,16:952328:T:C,16,939858,16:939858:T:G,0.922277,12470,16:952328,chr16,952328,952328,rs4470148,LMF1,3,Jurgens,LMF1_locus0,16:952328
16,952328,16:952328:T:C,16,940021,16:940021:C:G,0.988671,12307,16:952328,chr16,952328,952328,rs4470148,LMF1,3,Jurgens,LMF1_locus0,16:952328
16,952328,16:952328:T:C,16,940142,16:940142:T:C,0.988671,12186,16:952328,chr16,952328,952328,rs4470148,LMF1,3,Jurgens,LMF1_locus0,16:952328
16,952328,16:952328:T:C,16,940316,16:940316:A:G,0.987542,12012,16:952328,chr16,952328,952328,rs4470148,LMF1,3,Jurgens,LMF1_locus0,16:952328
16,952328,16:952328:T:C,16,940320,16:940320:A:G,0.988114,12008,16:952328,chr16,952328,952328,rs4470148,LMF1,3,Jurgens,LMF1_locus0,16:952328
16,952328,16:952328:T:C,16,940459,16:940459:A:G,0.988671,11869,16:952328,chr16,952328,952328,rs4470148,LMF1,3,Jurgens,LMF1_locus0,16:952328
16,952328,16:952328:T:C,16,940519,16:940519:A:G,0.988671,11809,16:952328,chr16,952328,952328,rs4470148,LMF1,3,Jurgens,LMF1_locus0,16:952328
16,952328,16:952328:T:C,16,940696,16:940696:C:T,0.988671,11632,16:952328,chr16,952328,952328,rs4470148,LMF1,3,Jurgens,LMF1_locus0,16:952328
16,952328,16:952328:T:C,16,940791,16:940791:A:G,0.922277,11537,16:952328,chr16,952328,952328,rs4470148,LMF1,3,Jurgens,LMF1_locus0,16:952328
16,952328,16:952328:T:C,16,940815,16:940815:C:T,0.922277,11513,16:952328,chr16,952328,952328,rs4470148,LMF1,3,Jurgens,LMF1_locus0,16:952328
16,952328,16:952328:T:C,16,941002,16:941002:A:G,0.988671,11326,16:952328,chr16,952328,952328,rs4470148,LMF1,3,Jurgens,LMF1_locus0,16:952328
16,952328,16:952328:T:C,16,941219,16:941219:C:T,0.988671,11109,16:952328,chr16,952328,952328,rs4470148,LMF1,3,Jurgens,LMF1_locus0,16:952328
16,952328,16:952328:T:C,16,941249,16:941249:C:A,0.922755,11079,16:952328,chr16,952328,952328,rs4470148,LMF1,3,Jurgens,LMF1_locus0,16:952328
16,952328,16:952328:T:C,16,941404,16:941404:A:G,0.989239,10924,16:952328,chr16,952328,952328,rs4470148,LMF1,3,Jurgens,LMF1_locus0,16:952328
16,952328,16:952328:T:C,16,941413,16:941413:C:T,0.989239,10915,16:952328,chr16,952328,952328,rs4470148,LMF1,3,Jurgens,LMF1_locus0,16:952328
16,952328,16:952328:T:C,16,941872,16:941872:T:C,0.989229,10456,16:952328,chr16,952328,952328,rs4470148,LMF1,3,Jurgens,LMF1_locus0,16:952328
16,952328,16:952328:T:C,16,942091,16:942091:G:C,0.988671,10237,16:952328,chr16,952328,952328,rs4470148,LMF1,3,Jurgens,LMF1_locus0,16:952328
16,952328,16:952328:T:C,16,942300,16:942300:G:A,0.988674,10028,16:952328,chr16,952328,952328,rs4470148,LMF1,3,Jurgens,LMF1_locus0,16:952328
16,952328,16:952328:T:C,16,942961,16:942961:T:G,0.974829,9367,16:952328,chr16,952328,952328,rs4470148,LMF1,3,Jurgens,LMF1_locus0,16:952328
16,952328,16:952328:T:C,16,943099,16:943099:C:T,0.918984,9229,16:952328,chr16,952328,952328,rs4470148,LMF1,3,Jurgens,LMF1_locus0,16:952328
16,952328,16:952328:T:C,16,943468,16:943468:G:A,0.989239,8860,16:952328,chr16,952328,952328,rs4470148,LMF1,3,Jurgens,LMF1_locus0,16:952328
16,952328,16:952328:T:C,16,943667,16:943667:A:C,0.989239,8661,16:952328,chr16,952328,952328,rs4470148,LMF1,3,Jurgens,LMF1_locus0,16:952328
16,952328,16:952328:T:C,16,943820,16:943820:C:G,0.989239,8508,16:952328,chr16,952328,952328,rs4470148,LMF1,3,Jurgens,LMF1_locus0,16:952328
16,952328,16:952328:T:C,16,944050,16:944050:G:A,0.989239,8278,16:952328,chr16,952328,952328,rs4470148,LMF1,3,Jurgens,LMF1_locus0,16:952328
16,952328,16:952328:T:C,16,944162,16:944162:T:C,0.981304,8166,16:952328,chr16,952328,952328,rs4470148,LMF1,3,Jurgens,LMF1_locus0,16:952328
16,952328,16:952328:T:C,16,944775,16:944775:T:C,0.988671,7553,16:952328,chr16,952328,952328,rs4470148,LMF1,3,Jurgens,LMF1_locus0,16:952328
16,952328,16:952328:T:C,16,944918,16:944918:T:TA,0.981985,7410,16:952328,chr16,952328,952328,rs4470148,LMF1,3,Jurgens,LMF1_locus0,16:952328
16,952328,16:952328:T:C,16,945082,16:945082:A:G,0.989239,7246,16:952328,chr16,952328,952328,rs4470148,LMF1,3,Jurgens,LMF1_locus0,16:952328
16,952328,16:952328:T:C,16,945101,16:945101:C:T,0.989239,7227,16:952328,chr16,952328,952328,rs4470148,LMF1,3,Jurgens,LMF1_locus0,16:952328
16,952328,16:952328:T:C,16,945156,16:945156:G:A,0.988681,7172,16:952328,chr16,952328,952328,rs4470148,LMF1,3,Jurgens,LMF1_locus0,16:952328
16,952328,16:952328:T:C,16,945342,16:945342:T:C,0.989239,6986,16:952328,chr16,952328,952328,rs4470148,LMF1,3,Jurgens,LMF1_locus0,16:952328
16,952328,16:952328:T:C,16,945434,16:945434:T:G,0.920098,6894,16:952328,chr16,952328,952328,rs4470148,LMF1,3,Jurgens,LMF1_locus0,16:952328
16,952328,16:952328:T:C,16,945565,16:945565:G:GTTAAAAAAT,0.989239,6763,16:952328,chr16,952328,952328,rs4470148,LMF1,3,Jurgens,LMF1_locus0,16:952328
16,952328,16:952328:T:C,16,945718,16:945718:C:G,0.922755,6610,16:952328,chr16,952328,952328,rs4470148,LMF1,3,Jurgens,LMF1_locus0,16:952328
16,952328,16:952328:T:C,16,945834,16:945834:T:C,0.922755,6494,16:952328,chr16,952328,952328,rs4470148,LMF1,3,Jurgens,LMF1_locus0,16:952328
16,952328,16:952328:T:C,16,945894,16:945894:G:A,0.988664,6434,16:952328,chr16,952328,952328,rs4470148,LMF1,3,Jurgens,LMF1_locus0,16:952328
16,952328,16:952328:T:C,16,946150,16:946150:A:T,0.922277,6178,16:952328,chr16,952328,952328,rs4470148,LMF1,3,Jurgens,LMF1_locus0,16:952328
16,952328,16:952328:T:C,16,947183,16:947183:T:C,0.988674,5145,16:952328,chr16,952328,952328,rs4470148,LMF1,3,Jurgens,LMF1_locus0,16:952328
16,952328,16:952328:T:C,16,947352,16:947352:A:G,0.989239,4976,16:952328,chr16,952328,952328,rs4470148,LMF1,3,Jurgens,LMF1_locus0,16:952328
16,952328,16:952328:T:C,16,947473,16:947473:T:C,0.910235,4855,16:952328,chr16,952328,952328,rs4470148,LMF1,3,Jurgens,LMF1_locus0,16:952328
16,952328,16:952328:T:C,16,947496,16:947496:C:A,0.988681,4832,16:952328,chr16,952328,952328,rs4470148,LMF1,3,Jurgens,LMF1_locus0,16:952328
16,952328,16:952328:T:C,16,947520,16:947520:T:C,0.989239,4808,16:952328,chr16,952328,952328,rs4470148,LMF1,3,Jurgens,LMF1_locus0,16:952328
16,952328,16:952328:T:C,16,948245,16:948245:A:C,0.949191,4083,16:952328,chr16,952328,952328,rs4470148,LMF1,3,Jurgens,LMF1_locus0,16:952328
16,952328,16:952328:T:C,16,948369,16:948369:G:A,0.97489,3959,16:952328,chr16,952328,952328,rs4470148,LMF1,3,Jurgens,LMF1_locus0,16:952328
16,952328,16:952328:T:C,16,948420,16:948420:C:T,0.902176,3908,16:952328,chr16,952328,952328,rs4470148,LMF1,3,Jurgens,LMF1_locus0,16:952328
16,952328,16:952328:T:C,16,948553,16:948553:C:G,0.963907,3775,16:952328,chr16,952328,952328,rs4470148,LMF1,3,Jurgens,LMF1_locus0,16:952328
16,952328,16:952328:T:C,16,948559,16:948559:G:A,0.962255,3769,16:952328,chr16,952328,952328,rs4470148,LMF1,3,Jurgens,LMF1_locus0,16:952328
16,952328,16:952328:T:C,16,951274,16:951274:C:T,0.856637,1054,16:952328,chr16,952328,952328,rs4470148,LMF1,3,Jurgens,LMF1_locus0,16:952328
16,952328,16:952328:T:C,16,951414,16:951414:T:C,0.998293,914,16:952328,chr16,952328,952328,rs4470148,LMF1,3,Jurgens,LMF1_locus0,16:952328
16,952328,16:952328:T:C,16,951713,16:951713:G:A,0.998293,615,16:952328,chr16,952328,952328,rs4470148,LMF1,3,Jurgens,LMF1_locus0,16:952328
16,952328,16:952328:T:C,16,951801,16:951801:T:C,0.997725,527,16:952328,chr16,952328,952328,rs4470148,LMF1,3,Jurgens,LMF1_locus0,16:952328
16,952328,16:952328:T:C,16,951821,16:951821:A:G,0.998293,507,16:952328,chr16,952328,952328,rs4470148,LMF1,3,Jurgens,LMF1_locus0,16:952328
16,952328,16:952328:T:C,16,951930,16:951930:A:T,0.998293,398,16:952328,chr16,952328,952328,rs4470148,LMF1,3,Jurgens,LMF1_locus0,16:952328
16,952328,16:952328:T:C,16,951944,16:951944:A:G,0.998293,384,16:952328,chr16,952328,952328,rs4470148,LMF1,3,Jurgens,LMF1_locus0,16:952328
16,952328,16:952328:T:C,16,951966,16:951966:C:T,0.997158,362,16:952328,chr16,952328,952328,rs4470148,LMF1,3,Jurgens,LMF1_locus0,16:952328
16,952328,16:952328:T:C,16,952064,16:952064:A:C,0.998293,264,16:952328,chr16,952328,952328,rs4470148,LMF1,3,Jurgens,LMF1_locus0,16:952328
16,952328,16:952328:T:C,16,952103,16:952103:G:A,0.998293,225,16:952328,chr16,952328,952328,rs4470148,LMF1,3,Jurgens,LMF1_locus0,16:952328
16,952328,16:952328:T:C,16,952178,16:952178:A:G,0.998293,150,16:952328,chr16,952328,952328,rs4470148,LMF1,3,Jurgens,LMF1_locus0,16:952328
16,952328,16:952328:T:C,16,952328,16:952328:T:C,1.0,0,16:952328,chr16,952328,952328,rs4470148,LMF1,3,Jurgens,LMF1_locus0,16:952328
16,952328,16:952328:T:C,16,952365,16:952365:G:A,0.998293,37,16:952328,chr16,952328,952328,rs4470148,LMF1,3,Jurgens,LMF1_locus0,16:952328
16,952328,16:952328:T:C,16,952395,16:952395:G:C,0.884836,67,16:952328,chr16,952328,952328,rs4470148,LMF1,3,Jurgens,LMF1_locus0,16:952328
16,952328,16:952328:T:C,16,952526,16:952526:G:A,0.957477,198,16:952328,chr16,952328,952328,rs4470148,LMF1,3,Jurgens,LMF1_locus0,16:952328
16,952328,16:952328:T:C,16,952658,16:952658:G:A,0.996017,330,16:952328,chr16,952328,952328,rs4470148,LMF1,3,Jurgens,LMF1_locus0,16:952328
16,952328,16:952328:T:C,16,952674,16:952674:A:G,0.996587,346,16:952328,chr16,952328,952328,rs4470148,LMF1,3,Jurgens,LMF1_locus0,16:952328
16,952328,16:952328:T:C,16,954694,16:954694:A:G,0.908184,2366,16:952328,chr16,952328,952328,rs4470148,LMF1,3,Jurgens,LMF1_locus0,16:952328
16,952328,16:952328:T:C,16,954743,16:954743:C:T,0.914365,2415,16:952328,chr16,952328,952328,rs4470148,LMF1,3,Jurgens,LMF1_locus0,16:952328
16,952328,16:952328:T:C,16,954834,16:954834:T:C,0.91127,2506,16:952328,chr16,952328,952328,rs4470148,LMF1,3,Jurgens,LMF1_locus0,16:952328
16,952328,16:952328:T:C,16,955836,16:955836:A:G,0.891624,3508,16:952328,chr16,952328,952328,rs4470148,LMF1,3,Jurgens,LMF1_locus0,16:952328
16,952328,16:952328:T:C,16,956294,16:956294:A:G,0.906533,3966,16:952328,chr16,952328,952328,rs4470148,LMF1,3,Jurgens,LMF1_locus0,16:952328
16,952328,16:952328:T:C,16,956371,16:956371:G:C,0.909572,4043,16:952328,chr16,952328,952328,rs4470148,LMF1,3,Jurgens,LMF1_locus0,16:952328
16,952328,16:952328:T:C,16,957268,16:957268:G:A,0.912405,4940,16:952328,chr16,952328,952328,rs4470148,LMF1,3,Jurgens,LMF1_locus0,16:952328
16,952328,16:952328:T:C,16,957304,16:957304:A:G,0.90124,4976,16:952328,chr16,952328,952328,rs4470148,LMF1,3,Jurgens,LMF1_locus0,16:952328
16,952328,16:952328:T:C,16,957366,16:957366:A:G,0.912405,5038,16:952328,chr16,952328,952328,rs4470148,LMF1,3,Jurgens,LMF1_locus0,16:952328
16,952328,16:952328:T:C,16,957387,16:957387:C:T,0.912405,5059,16:952328,chr16,952328,952328,rs4470148,LMF1,3,Jurgens,LMF1_locus0,16:952328
16,952328,16:952328:T:C,16,957461,16:957461:A:C,0.910294,5133,16:952328,chr16,952328,952328,rs4470148,LMF1,3,Jurgens,LMF1_locus0,16:952328
16,952328,16:952328:T:C,16,959035,16:959035:A:G,0.902147,6707,16:952328,chr16,952328,952328,rs4470148,LMF1,3,Jurgens,LMF1_locus0,16:952328
16,952328,16:952328:T:C,16,959667,16:959667:A:G,0.899524,7339,16:952328,chr16,952328,952328,rs4470148,LMF1,3,Jurgens,LMF1_locus0,16:952328
16,1290631,16:1290631:G:A,16,1281231,16:1281231:A:AT,0.82145,9400,16:1290631,chr16,1290631,1290631,rs34361866,LMF1,3,Zheng,LMF1_locus1,16:1290631
16,1290631,16:1290631:G:A,16,1283561,16:1283561:C:T,0.882923,7070,16:1290631,chr16,1290631,1290631,rs34361866,LMF1,3,Zheng,LMF1_locus1,16:1290631
16,1290631,16:1290631:G:A,16,1283606,16:1283606:T:C,0.864562,7025,16:1290631,chr16,1290631,1290631,rs34361866,LMF1,3,Zheng,LMF1_locus1,16:1290631
16,1290631,16:1290631:G:A,16,1289749,16:1289749:G:A,0.803231,882,16:1290631,chr16,1290631,1290631,rs34361866,LMF1,3,Zheng,LMF1_locus1,16:1290631
16,1290631,16:1290631:G:A,16,1289823,HGSV_205012,0.802048,808,16:1290631,chr16,1290631,1290631,rs34361866,LMF1,3,Zheng,LMF1_locus1,16:1290631
16,1290631,16:1290631:G:A,16,1290631,16:1290631:G:A,1.0,0,16:1290631,chr16,1290631,1290631,rs34361866,LMF1,3,Zheng,LMF1_locus1,16:1290631
16,1290631,16:1290631:G:A,16,1294290,16:1294290:A:G,0.809313,3659,16:1290631,chr16,1290631,1290631,rs34361866,LMF1,3,Zheng,LMF1_locus1,16:1290631
16,1290631,16:1290631:G:A,16,1300643,16:1300643:T:C,0.804144,10012,16:1290631,chr16,1290631,1290631,rs34361866,LMF1,3,Zheng,LMF1_locus1,16:1290631
16,67421955,16:67421955:C:T,16,67421955,16:67421955:C:T,1.0,0,16:67421955,chr16,67421955,67421955,rs60227059,RRAD,2,Jurgens,RRAD_locus0,16:67421955
16,67526710,16:67526710:T:C,16,67526710,16:67526710:T:C,1.0,0,16:67526710,chr16,67526710,67526710,rs7196853,C16orf86,1,Zheng,C16orf86_locus0,16:67526710
16,67526710,16:67526710:T:C,16,67565666,16:67565666:CT:C,0.915989,38956,16:67526710,chr16,67526710,67526710,rs7196853,C16orf86,1,Zheng,C16orf86_locus0,16:67526710
16,67526710,16:67526710:T:C,16,67617976,16:67617976:G:A,0.921521,91266,16:67526710,chr16,67526710,67526710,rs7196853,C16orf86,1,Zheng,C16orf86_locus0,16:67526710
17,1399178,17:1399178:G:A,17,1376928,17:1376928:C:CTT,0.92192,22250,17:1399178,chr17,1399178,1399178,rs12452627,YWHAE,2,Jurgens,YWHAE_locus0,17:1399178
17,1399178,17:1399178:G:A,17,1399178,17:1399178:G:A,1.0,0,17:1399178,chr17,1399178,1399178,rs12452627,YWHAE,2,Jurgens,YWHAE_locus0,17:1399178
17,3608514,17:3608514:A:G,17,3601756,17:3601756:T:C,0.906038,6758,17:3608514,chr17,3608514,3608514,rs460716,TRPV1,2,Zheng,TRPV1_locus0,17:3608514
17,3608514,17:3608514:A:G,17,3602640,17:3602640:A:G,0.815109,5874,17:3608514,chr17,3608514,3608514,rs460716,TRPV1,2,Zheng,TRPV1_locus0,17:3608514
17,3608514,17:3608514:A:G,17,3605235,17:3605235:A:G,0.995239,3279,17:3608514,chr17,3608514,3608514,rs460716,TRPV1,2,Zheng,TRPV1_locus0,17:3608514
17,3608514,17:3608514:A:G,17,3605586,17:3605586:G:A,0.995241,2928,17:3608514,chr17,3608514,3608514,rs460716,TRPV1,2,Zheng,TRPV1_locus0,17:3608514
17,3608514,17:3608514:A:G,17,3608514,17:3608514:A:G,1.0,0,17:3608514,chr17,3608514,3608514,rs460716,TRPV1,2,Zheng,TRPV1_locus0,17:3608514
17,45942346,17:45942346:G:A,17,45942346,17:45942346:G:A,1.0,0,17:45942346,chr17,45942346,45942346,rs242557,MAPT,4,both,MAPT_locus0,17:45942346
17,45942346,17:45942346:G:A,17,45949373,17:45949373:G:A,0.875113,7027,17:45942346,chr17,45942346,45942346,rs242557,MAPT,4,both,MAPT_locus0,17:45942346
17,55290427,17:55290427:T:A,17,55290427,17:55290427:T:A,1.0,0,17:55290427,chr17,55290427,55290427,rs10445344,HLF,4,Zheng,HLF_locus0,17:55290427
17,55290427,17:55290427:T:A,17,55293686,17:55293686:G:A,0.983501,3259,17:55290427,chr17,55290427,55290427,rs10445344,HLF,4,Zheng,HLF_locus0,17:55290427
17,55290427,17:55290427:T:A,17,55296189,17:55296189:A:T,0.944511,5762,17:55290427,chr17,55290427,55290427,rs10445344,HLF,4,Zheng,HLF_locus0,17:55290427
17,55290427,17:55290427:T:A,17,55297249,17:55297249:T:C,0.802623,6822,17:55290427,chr17,55290427,55290427,rs10445344,HLF,4,Zheng,HLF_locus0,17:55290427
17,55290427,17:55290427:T:A,17,55299581,17:55299581:C:T,0.83284,9154,17:55290427,chr17,55290427,55290427,rs10445344,HLF,4,Zheng,HLF_locus0,17:55290427
17,55290427,17:55290427:T:A,17,55302450,17:55302450:C:T,0.826534,12023,17:55290427,chr17,55290427,55290427,rs10445344,HLF,4,Zheng,HLF_locus0,17:55290427
17,55297249,17:55297249:T:C,17,55290427,17:55290427:T:A,0.802623,6822,17:55297249,chr17,55297249,55297249,rs12452367,HLF,3,Jurgens,HLF_locus0,17:55297249
17,55297249,17:55297249:T:C,17,55293686,17:55293686:G:A,0.809244,3563,17:55297249,chr17,55297249,55297249,rs12452367,HLF,3,Jurgens,HLF_locus0,17:55297249
17,55297249,17:55297249:T:C,17,55296189,17:55296189:A:T,0.854665,1060,17:55297249,chr17,55297249,55297249,rs12452367,HLF,3,Jurgens,HLF_locus0,17:55297249
17,55297249,17:55297249:T:C,17,55297249,17:55297249:T:C,1.0,0,17:55297249,chr17,55297249,55297249,rs12452367,HLF,3,Jurgens,HLF_locus0,17:55297249
17,55302450,17:55302450:C:T,17,55290427,17:55290427:T:A,0.826534,12023,17:55302450,chr17,55302450,55302450,rs4794562,HLF,4,Zheng,HLF_locus0,17:55302450
17,55302450,17:55302450:C:T,17,55293686,17:55293686:G:A,0.819216,8764,17:55302450,chr17,55302450,55302450,rs4794562,HLF,4,Zheng,HLF_locus0,17:55302450
17,55302450,17:55302450:C:T,17,55299581,17:55299581:C:T,0.934748,2869,17:55302450,chr17,55302450,55302450,rs4794562,HLF,4,Zheng,HLF_locus0,17:55302450
17,55302450,17:55302450:C:T,17,55302450,17:55302450:C:T,1.0,0,17:55302450,chr17,55302450,55302450,rs4794562,HLF,4,Zheng,HLF_locus0,17:55302450
17,55302450,17:55302450:C:T,17,55305468,17:55305468:T:C,0.932186,3018,17:55302450,chr17,55302450,55302450,rs4794562,HLF,4,Zheng,HLF_locus0,17:55302450
17,66290376,17:66290376:A:G,17,66289674,17:66289674:C:A,0.884381,702,17:66290376,chr17,66290376,66290376,rs9897002,PRKCA,3,Zheng,PRKCA_locus0,17:66290376
17,66290376,17:66290376:A:G,17,66290376,17:66290376:A:G,1.0,0,17:66290376,chr17,66290376,66290376,rs9897002,PRKCA,3,Zheng,PRKCA_locus0,17:66290376
17,66307675,17:66307675:C:T,17,66305724,17:66305724:A:G,0.872292,1951,17:66307675,chr17,66307675,66307675,rs9892651,PRKCA,4,Jurgens,PRKCA_locus0,17:66307675
17,66307675,17:66307675:C:T,17,66306534,17:66306534:G:A,0.872292,1141,17:66307675,chr17,66307675,66307675,rs9892651,PRKCA,4,Jurgens,PRKCA_locus0,17:66307675
17,66307675,17:66307675:C:T,17,66307675,17:66307675:C:T,1.0,0,17:66307675,chr17,66307675,66307675,rs9892651,PRKCA,4,Jurgens,PRKCA_locus0,17:66307675
17,66307675,17:66307675:C:T,17,66308887,17:66308887:GT:G,0.890676,1212,17:66307675,chr17,66307675,66307675,rs9892651,PRKCA,4,Jurgens,PRKCA_locus0,17:66307675
17,66307675,17:66307675:C:T,17,66308897,17:66308897:T:C,0.840401,1222,17:66307675,chr17,66307675,66307675,rs9892651,PRKCA,4,Jurgens,PRKCA_locus0,17:66307675
17,66307675,17:66307675:C:T,17,66310015,17:66310015:C:T,0.996943,2340,17:66307675,chr17,66307675,66307675,rs9892651,PRKCA,4,Jurgens,PRKCA_locus0,17:66307675
17,66307675,17:66307675:C:T,17,66310896,17:66310896:G:A,1.0,3221,17:66307675,chr17,66307675,66307675,rs9892651,PRKCA,4,Jurgens,PRKCA_locus0,17:66307675
17,66307675,17:66307675:C:T,17,66311493,17:66311493:C:A,0.896021,3818,17:66307675,chr17,66307675,66307675,rs9892651,PRKCA,4,Jurgens,PRKCA_locus0,17:66307675
17,66307675,17:66307675:C:T,17,66311864,17:66311864:C:T,0.868579,4189,17:66307675,chr17,66307675,66307675,rs9892651,PRKCA,4,Jurgens,PRKCA_locus0,17:66307675
17,66307675,17:66307675:C:T,17,66312157,17:66312157:T:G,0.865074,4482,17:66307675,chr17,66307675,66307675,rs9892651,PRKCA,4,Jurgens,PRKCA_locus0,17:66307675
17,66307675,17:66307675:C:T,17,66312355,17:66312355:T:C,0.865911,4680,17:66307675,chr17,66307675,66307675,rs9892651,PRKCA,4,Jurgens,PRKCA_locus0,17:66307675
17,66307675,17:66307675:C:T,17,66312629,17:66312629:G:C,0.865911,4954,17:66307675,chr17,66307675,66307675,rs9892651,PRKCA,4,Jurgens,PRKCA_locus0,17:66307675
17,66307675,17:66307675:C:T,17,66315131,17:66315131:C:T,0.860106,7456,17:66307675,chr17,66307675,66307675,rs9892651,PRKCA,4,Jurgens,PRKCA_locus0,17:66307675
17,66307675,17:66307675:C:T,17,66315565,17:66315565:C:T,0.833161,7890,17:66307675,chr17,66307675,66307675,rs9892651,PRKCA,4,Jurgens,PRKCA_locus0,17:66307675
17,66307675,17:66307675:C:T,17,66315622,17:66315622:G:A,0.833161,7947,17:66307675,chr17,66307675,66307675,rs9892651,PRKCA,4,Jurgens,PRKCA_locus0,17:66307675
17,66307675,17:66307675:C:T,17,66316345,17:66316345:A:G,0.859484,8670,17:66307675,chr17,66307675,66307675,rs9892651,PRKCA,4,Jurgens,PRKCA_locus0,17:66307675
17,66307675,17:66307675:C:T,17,66316959,17:66316959:G:A,0.830759,9284,17:66307675,chr17,66307675,66307675,rs9892651,PRKCA,4,Jurgens,PRKCA_locus0,17:66307675
17,66307675,17:66307675:C:T,17,66317035,17:66317035:G:A,0.830759,9360,17:66307675,chr17,66307675,66307675,rs9892651,PRKCA,4,Jurgens,PRKCA_locus0,17:66307675
17,66307675,17:66307675:C:T,17,66318430,17:66318430:T:C,0.81621,10755,17:66307675,chr17,66307675,66307675,rs9892651,PRKCA,4,Jurgens,PRKCA_locus0,17:66307675
17,66307675,17:66307675:C:T,17,66319087,17:66319087:A:C,0.815011,11412,17:66307675,chr17,66307675,66307675,rs9892651,PRKCA,4,Jurgens,PRKCA_locus0,17:66307675
17,66307675,17:66307675:C:T,17,66319248,17:66319248:G:C,0.81621,11573,17:66307675,chr17,66307675,66307675,rs9892651,PRKCA,4,Jurgens,PRKCA_locus0,17:66307675
17,66307675,17:66307675:C:T,17,66319451,17:66319451:T:C,0.81621,11776,17:66307675,chr17,66307675,66307675,rs9892651,PRKCA,4,Jurgens,PRKCA_locus0,17:66307675
17,66307675,17:66307675:C:T,17,66319735,17:66319735:CT:C,0.812217,12060,17:66307675,chr17,66307675,66307675,rs9892651,PRKCA,4,Jurgens,PRKCA_locus0,17:66307675
17,66307675,17:66307675:C:T,17,66322239,17:66322239:G:C,0.81621,14564,17:66307675,chr17,66307675,66307675,rs9892651,PRKCA,4,Jurgens,PRKCA_locus0,17:66307675
17,66307675,17:66307675:C:T,17,66323967,17:66323967:A:G,0.81621,16292,17:66307675,chr17,66307675,66307675,rs9892651,PRKCA,4,Jurgens,PRKCA_locus0,17:66307675
17,66307675,17:66307675:C:T,17,66325449,17:66325449:C:T,0.815011,17774,17:66307675,chr17,66307675,66307675,rs9892651,PRKCA,4,Jurgens,PRKCA_locus0,17:66307675
17,66307675,17:66307675:C:T,17,66325899,17:66325899:A:C,0.81621,18224,17:66307675,chr17,66307675,66307675,rs9892651,PRKCA,4,Jurgens,PRKCA_locus0,17:66307675
17,75519927,17:75519927:G:A,17,75518863,17:75518863:A:G,0.847826,1064,17:75519927,chr17,75519927,75519927,rs59476633,LLGL2,1,Zheng,LLGL2_locus0,17:75519927
17,75519927,17:75519927:G:A,17,75519156,17:75519156:A:G,0.837776,771,17:75519927,chr17,75519927,75519927,rs59476633,LLGL2,1,Zheng,LLGL2_locus0,17:75519927
17,75519927,17:75519927:G:A,17,75519927,17:75519927:G:A,1.0,0,17:75519927,chr17,75519927,75519927,rs59476633,LLGL2,1,Zheng,LLGL2_locus0,17:75519927
17,75519927,17:75519927:G:A,17,75521115,17:75521115:T:TAGTC,0.855287,1188,17:75519927,chr17,75519927,75519927,rs59476633,LLGL2,1,Zheng,LLGL2_locus0,17:75519927
17,75519927,17:75519927:G:A,17,75523056,17:75523056:A:C,0.825209,3129,17:75519927,chr17,75519927,75519927,rs59476633,LLGL2,1,Zheng,LLGL2_locus0,17:75519927
17,75519927,17:75519927:G:A,17,75525518,17:75525518:C:A,0.842463,5591,17:75519927,chr17,75519927,75519927,rs59476633,LLGL2,1,Zheng,LLGL2_locus0,17:75519927
17,75519927,17:75519927:G:A,17,75526022,17:75526022:A:G,0.86071,6095,17:75519927,chr17,75519927,75519927,rs59476633,LLGL2,1,Zheng,LLGL2_locus0,17:75519927
17,75519927,17:75519927:G:A,17,75527775,17:75527775:CT:C,0.817074,7848,17:75519927,chr17,75519927,75519927,rs59476633,LLGL2,1,Zheng,LLGL2_locus0,17:75519927
17,75519927,17:75519927:G:A,17,75527961,17:75527961:AT:A,0.860558,8034,17:75519927,chr17,75519927,75519927,rs59476633,LLGL2,1,Zheng,LLGL2_locus0,17:75519927
17,75519927,17:75519927:G:A,17,75528178,17:75528178:A:C,0.861279,8251,17:75519927,chr17,75519927,75519927,rs59476633,LLGL2,1,Zheng,LLGL2_locus0,17:75519927
17,75519927,17:75519927:G:A,17,75528739,17:75528739:A:AAAACAAAC,0.858935,8812,17:75519927,chr17,75519927,75519927,rs59476633,LLGL2,1,Zheng,LLGL2_locus0,17:75519927
17,75519927,17:75519927:G:A,17,75529346,17:75529346:A:G,0.837886,9419,17:75519927,chr17,75519927,75519927,rs59476633,LLGL2,1,Zheng,LLGL2_locus0,17:75519927
18,36344918,18:36344918:T:C,18,36328318,18:36328318:T:C,0.807651,16600,18:36344918,chr18,36344918,36344918,rs1996141,FHOD3,5,Jurgens,FHOD3_locus0,18:36344918
18,36344918,18:36344918:T:C,18,36329822,18:36329822:A:AG,0.967288,15096,18:36344918,chr18,36344918,36344918,rs1996141,FHOD3,5,Jurgens,FHOD3_locus0,18:36344918
18,36344918,18:36344918:T:C,18,36331906,18:36331906:A:G,0.969061,13012,18:36344918,chr18,36344918,36344918,rs1996141,FHOD3,5,Jurgens,FHOD3_locus0,18:36344918
18,36344918,18:36344918:T:C,18,36338602,18:36338602:A:C,0.976713,6316,18:36344918,chr18,36344918,36344918,rs1996141,FHOD3,5,Jurgens,FHOD3_locus0,18:36344918
18,36344918,18:36344918:T:C,18,36340698,18:36340698:A:G,0.872521,4220,18:36344918,chr18,36344918,36344918,rs1996141,FHOD3,5,Jurgens,FHOD3_locus0,18:36344918
18,36344918,18:36344918:T:C,18,36341099,18:36341099:A:G,0.972481,3819,18:36344918,chr18,36344918,36344918,rs1996141,FHOD3,5,Jurgens,FHOD3_locus0,18:36344918
18,36344918,18:36344918:T:C,18,36342838,18:36342838:G:A,0.976229,2080,18:36344918,chr18,36344918,36344918,rs1996141,FHOD3,5,Jurgens,FHOD3_locus0,18:36344918
18,36344918,18:36344918:T:C,18,36344918,18:36344918:T:C,1.0,0,18:36344918,chr18,36344918,36344918,rs1996141,FHOD3,5,Jurgens,FHOD3_locus0,18:36344918
18,36344918,18:36344918:T:C,18,36350272,18:36350272:A:G,0.964416,5354,18:36344918,chr18,36344918,36344918,rs1996141,FHOD3,5,Jurgens,FHOD3_locus0,18:36344918
18,36344918,18:36344918:T:C,18,36356740,18:36356740:A:G,0.844695,11822,18:36344918,chr18,36344918,36344918,rs1996141,FHOD3,5,Jurgens,FHOD3_locus0,18:36344918
18,36344918,18:36344918:T:C,18,36359003,18:36359003:T:G,0.871097,14085,18:36344918,chr18,36344918,36344918,rs1996141,FHOD3,5,Jurgens,FHOD3_locus0,18:36344918
18,36344918,18:36344918:T:C,18,36359267,18:36359267:C:T,0.965166,14349,18:36344918,chr18,36344918,36344918,rs1996141,FHOD3,5,Jurgens,FHOD3_locus0,18:36344918
18,36344918,18:36344918:T:C,18,36361475,18:36361475:T:C,0.958086,16557,18:36344918,chr18,36344918,36344918,rs1996141,FHOD3,5,Jurgens,FHOD3_locus0,18:36344918
18,36344918,18:36344918:T:C,18,36363604,18:36363604:C:T,0.970889,18686,18:36344918,chr18,36344918,36344918,rs1996141,FHOD3,5,Jurgens,FHOD3_locus0,18:36344918
18,36652647,18:36652647:C:T,18,36651307,18:36651307:A:G,0.899782,1340,18:36652647,chr18,36652647,36652647,rs2848901,FHOD3,3,Zheng,FHOD3_locus1,18:36652647
18,36652647,18:36652647:C:T,18,36652647,18:36652647:C:T,1.0,0,18:36652647,chr18,36652647,36652647,rs2848901,FHOD3,3,Zheng,FHOD3_locus1,18:36652647
18,36652647,18:36652647:C:T,18,36652989,18:36652989:T:C,0.952132,342,18:36652647,chr18,36652647,36652647,rs2848901,FHOD3,3,Zheng,FHOD3_locus1,18:36652647
18,58255557,18:58255557:A:G,18,58252761,18:58252761:A:G,0.817362,2796,18:58255557,chr18,58255557,58255557,rs6566955,NEDD4L,4,both,NEDD4L_locus0,18:58255557
18,58255557,18:58255557:A:G,18,58255557,18:58255557:A:G,1.0,0,18:58255557,chr18,58255557,58255557,rs6566955,NEDD4L,4,both,NEDD4L_locus0,18:58255557
18,58270972,18:58270972:G:A,18,58270972,18:58270972:G:A,1.0,0,18:58270972,chr18,58270972,58270972,rs7230600,NEDD4L,3,Zheng,NEDD4L_locus0,18:58270972
18,79402462,18:79402462:A:G,18,79402462,18:79402462:A:G,1.0,0,18:79402462,chr18,79402462,79402462,rs657693,NFATC1,2,Zheng,NFATC1_locus0,18:79402462
19,5051163,19:5051163:C:T,19,5043027,19:5043027:C:T,0.865016,8136,19:5051163,chr19,5051163,5051163,rs72990183,KDM4B,2,Zheng,KDM4B_locus0,19:5051163
19,5051163,19:5051163:C:T,19,5051163,19:5051163:C:T,1.0,0,19:5051163,chr19,5051163,5051163,rs72990183,KDM4B,2,Zheng,KDM4B_locus0,19:5051163
19,19861063,19:19861063:C:T,19,19861063,19:19861063:C:T,1.0,0,19:19861063,chr19,19861063,19861063,rs142610544,ZNF253,2,Zheng,ZNF253_locus0,19:19861063
19,45812551,19:45812551:A:G,19,45807637,19:45807637:A:C,0.885832,4914,19:45812551,chr19,45812551,45812551,rs10421891,DMPK,2,Zheng,DMPK_locus0,19:45812551
19,45812551,19:45812551:A:G,19,45810500,19:45810500:G:C,0.891891,2051,19:45812551,chr19,45812551,45812551,rs10421891,DMPK,2,Zheng,DMPK_locus0,19:45812551
19,45812551,19:45812551:A:G,19,45812551,19:45812551:A:G,1.0,0,19:45812551,chr19,45812551,45812551,rs10421891,DMPK,2,Zheng,DMPK_locus0,19:45812551
19,45847514,19:45847514:T:C,19,45800370,19:45800370:C:T,0.826603,47144,19:45847514,chr19,45847514,45847514,rs68022879,DMPK,2,Zheng,DMPK_locus0,19:45847514
19,45847514,19:45847514:T:C,19,45800996,19:45800996:C:T,0.831193,46518,19:45847514,chr19,45847514,45847514,rs68022879,DMPK,2,Zheng,DMPK_locus0,19:45847514
19,45847514,19:45847514:T:C,19,45801773,19:45801773:T:C,0.824326,45741,19:45847514,chr19,45847514,45847514,rs68022879,DMPK,2,Zheng,DMPK_locus0,19:45847514
19,45847514,19:45847514:T:C,19,45801793,19:45801794:C:CCACA,0.810794,45721,19:45847514,chr19,45847514,45847514,rs68022879,DMPK,2,Zheng,DMPK_locus0,19:45847514
19,45847514,19:45847514:T:C,19,45803157,19:45803157:C:T,0.821166,44357,19:45847514,chr19,45847514,45847514,rs68022879,DMPK,2,Zheng,DMPK_locus0,19:45847514
19,45847514,19:45847514:T:C,19,45803600,19:45803600:T:C,0.824326,43914,19:45847514,chr19,45847514,45847514,rs68022879,DMPK,2,Zheng,DMPK_locus0,19:45847514
19,45847514,19:45847514:T:C,19,45803695,19:45803695:A:AAAG,0.815326,43819,19:45847514,chr19,45847514,45847514,rs68022879,DMPK,2,Zheng,DMPK_locus0,19:45847514
19,45847514,19:45847514:T:C,19,45807417,19:45807417:A:G,0.802151,40097,19:45847514,chr19,45847514,45847514,rs68022879,DMPK,2,Zheng,DMPK_locus0,19:45847514
19,45847514,19:45847514:T:C,19,45808090,19:45808090:T:A,0.828892,39424,19:45847514,chr19,45847514,45847514,rs68022879,DMPK,2,Zheng,DMPK_locus0,19:45847514
19,45847514,19:45847514:T:C,19,45810145,19:45810145:ATTATTTTTA:A,0.980581,37369,19:45847514,chr19,45847514,45847514,rs68022879,DMPK,2,Zheng,DMPK_locus0,19:45847514
19,45847514,19:45847514:T:C,19,45812410,19:45812410:G:A,0.828399,35104,19:45847514,chr19,45847514,45847514,rs68022879,DMPK,2,Zheng,DMPK_locus0,19:45847514
19,45847514,19:45847514:T:C,19,45812411,19:45812411:T:G,0.828399,35103,19:45847514,chr19,45847514,45847514,rs68022879,DMPK,2,Zheng,DMPK_locus0,19:45847514
19,45847514,19:45847514:T:C,19,45847514,19:45847514:T:C,1.0,0,19:45847514,chr19,45847514,45847514,rs68022879,DMPK,2,Zheng,DMPK_locus0,19:45847514
19,45855699,19:45855699:A:G,19,45727528,19:45727528:C:T,0.832708,128171,19:45855699,chr19,45855699,45855699,rs113996837,SYMPK,2,Jurgens,SYMPK_locus0,19:45855699
19,45855699,19:45855699:A:G,19,45855694,19:45855694:CA:C,0.99776,5,19:45855699,chr19,45855699,45855699,rs113996837,SYMPK,2,Jurgens,SYMPK_locus0,19:45855699
19,45855699,19:45855699:A:G,19,45855699,19:45855699:A:G,1.0,0,19:45855699,chr19,45855699,45855699,rs113996837,SYMPK,2,Jurgens,SYMPK_locus0,19:45855699
19,45856295,19:45856295:A:G,19,45831169,19:45831169:AT:A,0.863264,25126,19:45856295,chr19,45856295,45856295,rs12609371,DMPK,2,Zheng,DMPK_locus0,19:45856295
19,45856295,19:45856295:A:G,19,45856295,19:45856295:A:G,1.0,0,19:45856295,chr19,45856295,45856295,rs12609371,DMPK,2,Zheng,DMPK_locus0,19:45856295
19,45856295,19:45856295:A:G,19,45857262,19:45857262:A:T,0.815029,967,19:45856295,chr19,45856295,45856295,rs12609371,DMPK,2,Zheng,DMPK_locus0,19:45856295
19,45856295,19:45856295:A:G,19,45858927,19:45858927:G:GATTT,0.833583,2632,19:45856295,chr19,45856295,45856295,rs12609371,DMPK,2,Zheng,DMPK_locus0,19:45856295
20,35002555,20:35002555:C:T,20,34873007,20:34873007:T:C,0.821612,129548,20:35002555,chr20,35002555,35002555,rs4616,GSS,1,Jurgens,GSS_locus0,20:35002555
20,35002555,20:35002555:C:T,20,34879533,20:34879533:AC:A,0.823982,123022,20:35002555,chr20,35002555,35002555,rs4616,GSS,1,Jurgens,GSS_locus0,20:35002555
20,35002555,20:35002555:C:T,20,34887798,20:34887798:T:C,0.824289,114757,20:35002555,chr20,35002555,35002555,rs4616,GSS,1,Jurgens,GSS_locus0,20:35002555
20,35002555,20:35002555:C:T,20,34899066,20:34899066:T:C,0.81164,103489,20:35002555,chr20,35002555,35002555,rs4616,GSS,1,Jurgens,GSS_locus0,20:35002555
20,35002555,20:35002555:C:T,20,34901473,20:34901473:A:T,0.823692,101082,20:35002555,chr20,35002555,35002555,rs4616,GSS,1,Jurgens,GSS_locus0,20:35002555
20,35002555,20:35002555:C:T,20,34906074,20:34906074:A:G,0.812241,96481,20:35002555,chr20,35002555,35002555,rs4616,GSS,1,Jurgens,GSS_locus0,20:35002555
20,35002555,20:35002555:C:T,20,34908366,20:34908366:C:T,0.823692,94189,20:35002555,chr20,35002555,35002555,rs4616,GSS,1,Jurgens,GSS_locus0,20:35002555
20,35002555,20:35002555:C:T,20,34921720,20:34921720:C:T,0.823692,80835,20:35002555,chr20,35002555,35002555,rs4616,GSS,1,Jurgens,GSS_locus0,20:35002555
20,35002555,20:35002555:C:T,20,34945933,20:34945933:A:C,0.831852,56622,20:35002555,chr20,35002555,35002555,rs4616,GSS,1,Jurgens,GSS_locus0,20:35002555
20,35002555,20:35002555:C:T,20,34950718,20:34950718:A:G,0.81067,51837,20:35002555,chr20,35002555,35002555,rs4616,GSS,1,Jurgens,GSS_locus0,20:35002555
20,35002555,20:35002555:C:T,20,34952726,20:34952726:A:G,0.811248,49829,20:35002555,chr20,35002555,35002555,rs4616,GSS,1,Jurgens,GSS_locus0,20:35002555
20,35002555,20:35002555:C:T,20,34957942,20:34957942:C:T,0.822447,44613,20:35002555,chr20,35002555,35002555,rs4616,GSS,1,Jurgens,GSS_locus0,20:35002555
20,35002555,20:35002555:C:T,20,34961516,20:34961516:C:T,0.873256,41039,20:35002555,chr20,35002555,35002555,rs4616,GSS,1,Jurgens,GSS_locus0,20:35002555
20,35002555,20:35002555:C:T,20,34962971,20:34962971:A:G,0.816111,39584,20:35002555,chr20,35002555,35002555,rs4616,GSS,1,Jurgens,GSS_locus0,20:35002555
20,35002555,20:35002555:C:T,20,34963297,20:34963297:G:A,0.822125,39258,20:35002555,chr20,35002555,35002555,rs4616,GSS,1,Jurgens,GSS_locus0,20:35002555
20,35002555,20:35002555:C:T,20,34974373,20:34974373:TCTTA:T,0.900437,28182,20:35002555,chr20,35002555,35002555,rs4616,GSS,1,Jurgens,GSS_locus0,20:35002555
20,35002555,20:35002555:C:T,20,34976767,20:34976767:A:G,0.878473,25788,20:35002555,chr20,35002555,35002555,rs4616,GSS,1,Jurgens,GSS_locus0,20:35002555
20,35002555,20:35002555:C:T,20,34977366,20:34977366:T:C,0.876893,25189,20:35002555,chr20,35002555,35002555,rs4616,GSS,1,Jurgens,GSS_locus0,20:35002555
20,35002555,20:35002555:C:T,20,34978696,20:34978696:T:C,0.91065,23859,20:35002555,chr20,35002555,35002555,rs4616,GSS,1,Jurgens,GSS_locus0,20:35002555
20,35002555,20:35002555:C:T,20,34978704,20:34978704:G:A,0.958455,23851,20:35002555,chr20,35002555,35002555,rs4616,GSS,1,Jurgens,GSS_locus0,20:35002555
20,35002555,20:35002555:C:T,20,34981614,20:34981614:G:A,0.891115,20941,20:35002555,chr20,35002555,35002555,rs4616,GSS,1,Jurgens,GSS_locus0,20:35002555
20,35002555,20:35002555:C:T,20,34983368,20:34983368:AGTTTT:A,0.838804,19187,20:35002555,chr20,35002555,35002555,rs4616,GSS,1,Jurgens,GSS_locus0,20:35002555
20,35002555,20:35002555:C:T,20,34983425,20:34983425:T:G,0.826242,19130,20:35002555,chr20,35002555,35002555,rs4616,GSS,1,Jurgens,GSS_locus0,20:35002555
20,35002555,20:35002555:C:T,20,34984293,20:34984293:A:G,0.928914,18262,20:35002555,chr20,35002555,35002555,rs4616,GSS,1,Jurgens,GSS_locus0,20:35002555
20,35002555,20:35002555:C:T,20,34984375,20:34984375:G:A,0.916086,18180,20:35002555,chr20,35002555,35002555,rs4616,GSS,1,Jurgens,GSS_locus0,20:35002555
20,35002555,20:35002555:C:T,20,34989558,20:34989558:A:G,0.879109,12997,20:35002555,chr20,35002555,35002555,rs4616,GSS,1,Jurgens,GSS_locus0,20:35002555
20,35002555,20:35002555:C:T,20,34992561,20:34992561:G:GT,0.841259,9994,20:35002555,chr20,35002555,35002555,rs4616,GSS,1,Jurgens,GSS_locus0,20:35002555
20,35002555,20:35002555:C:T,20,34994152,20:34994152:G:A,0.848266,8403,20:35002555,chr20,35002555,35002555,rs4616,GSS,1,Jurgens,GSS_locus0,20:35002555
20,35002555,20:35002555:C:T,20,34998031,20:34998031:G:A,0.92307,4524,20:35002555,chr20,35002555,35002555,rs4616,GSS,1,Jurgens,GSS_locus0,20:35002555
20,35002555,20:35002555:C:T,20,35002555,20:35002555:C:T,1.0,0,20:35002555,chr20,35002555,35002555,rs4616,GSS,1,Jurgens,GSS_locus0,20:35002555
20,35002555,20:35002555:C:T,20,35004960,20:35004960:C:T,0.877908,2405,20:35002555,chr20,35002555,35002555,rs4616,GSS,1,Jurgens,GSS_locus0,20:35002555
20,35002555,20:35002555:C:T,20,35009478,20:35009478:C:CA,0.910739,6923,20:35002555,chr20,35002555,35002555,rs4616,GSS,1,Jurgens,GSS_locus0,20:35002555
20,35002555,20:35002555:C:T,20,35011615,20:35011615:GCCTGTGACT:G,0.967759,9060,20:35002555,chr20,35002555,35002555,rs4616,GSS,1,Jurgens,GSS_locus0,20:35002555
20,35002555,20:35002555:C:T,20,35015461,20:35015463:C:CTT,0.848389,12906,20:35002555,chr20,35002555,35002555,rs4616,GSS,1,Jurgens,GSS_locus0,20:35002555
20,35002555,20:35002555:C:T,20,35024873,20:35024873:T:A,0.86086,22318,20:35002555,chr20,35002555,35002555,rs4616,GSS,1,Jurgens,GSS_locus0,20:35002555
20,35002555,20:35002555:C:T,20,35027452,20:35027452:G:T,0.997275,24897,20:35002555,chr20,35002555,35002555,rs4616,GSS,1,Jurgens,GSS_locus0,20:35002555
20,35002555,20:35002555:C:T,20,35031677,20:35031677:A:C,0.822984,29122,20:35002555,chr20,35002555,35002555,rs4616,GSS,1,Jurgens,GSS_locus0,20:35002555
20,35002555,20:35002555:C:T,20,35032223,20:35032223:C:T,0.870418,29668,20:35002555,chr20,35002555,35002555,rs4616,GSS,1,Jurgens,GSS_locus0,20:35002555
20,35002555,20:35002555:C:T,20,35032529,20:35032529:T:C,0.869726,29974,20:35002555,chr20,35002555,35002555,rs4616,GSS,1,Jurgens,GSS_locus0,20:35002555
20,35002555,20:35002555:C:T,20,35033214,20:35033214:T:C,0.870998,30659,20:35002555,chr20,35002555,35002555,rs4616,GSS,1,Jurgens,GSS_locus0,20:35002555
20,35002555,20:35002555:C:T,20,35034439,20:35034439:A:C,0.962293,31884,20:35002555,chr20,35002555,35002555,rs4616,GSS,1,Jurgens,GSS_locus0,20:35002555
20,35002555,20:35002555:C:T,20,35037317,20:35037317:G:A,0.871457,34762,20:35002555,chr20,35002555,35002555,rs4616,GSS,1,Jurgens,GSS_locus0,20:35002555
20,35002555,20:35002555:C:T,20,35038767,20:35038767:A:AT,0.869167,36212,20:35002555,chr20,35002555,35002555,rs4616,GSS,1,Jurgens,GSS_locus0,20:35002555
20,35002555,20:35002555:C:T,20,35041127,20:35041127:CT:C,0.869134,38572,20:35002555,chr20,35002555,35002555,rs4616,GSS,1,Jurgens,GSS_locus0,20:35002555
20,35002555,20:35002555:C:T,20,35042190,20:35042190:A:C,0.869569,39635,20:35002555,chr20,35002555,35002555,rs4616,GSS,1,Jurgens,GSS_locus0,20:35002555
20,35002555,20:35002555:C:T,20,35043055,20:35043055:C:CA,0.870998,40500,20:35002555,chr20,35002555,35002555,rs4616,GSS,1,Jurgens,GSS_locus0,20:35002555
20,35002555,20:35002555:C:T,20,35044972,20:35044972:T:C,0.880358,42417,20:35002555,chr20,35002555,35002555,rs4616,GSS,1,Jurgens,GSS_locus0,20:35002555
20,35002555,20:35002555:C:T,20,35046676,20:35046676:G:A,0.881287,44121,20:35002555,chr20,35002555,35002555,rs4616,GSS,1,Jurgens,GSS_locus0,20:35002555
20,35002555,20:35002555:C:T,20,35050712,20:35050714:C:CAA,0.936624,48157,20:35002555,chr20,35002555,35002555,rs4616,GSS,1,Jurgens,GSS_locus0,20:35002555
20,35002555,20:35002555:C:T,20,35053564,20:35053564:G:A,0.871457,51009,20:35002555,chr20,35002555,35002555,rs4616,GSS,1,Jurgens,GSS_locus0,20:35002555
20,35002555,20:35002555:C:T,20,35059671,20:35059671:AAAG:A,0.870827,57116,20:35002555,chr20,35002555,35002555,rs4616,GSS,1,Jurgens,GSS_locus0,20:35002555
20,35002555,20:35002555:C:T,20,35059896,20:35059896:TGAAGAAGAC:T,0.880133,57341,20:35002555,chr20,35002555,35002555,rs4616,GSS,1,Jurgens,GSS_locus0,20:35002555
20,35002555,20:35002555:C:T,20,35060384,20:35060384:T:C,0.870998,57829,20:35002555,chr20,35002555,35002555,rs4616,GSS,1,Jurgens,GSS_locus0,20:35002555
20,35002555,20:35002555:C:T,20,35061330,20:35061330:G:A,0.870299,58775,20:35002555,chr20,35002555,35002555,rs4616,GSS,1,Jurgens,GSS_locus0,20:35002555
20,35002555,20:35002555:C:T,20,35061414,20:35061414:G:C,0.86984,58859,20:35002555,chr20,35002555,35002555,rs4616,GSS,1,Jurgens,GSS_locus0,20:35002555
20,35002555,20:35002555:C:T,20,35063922,20:35063922:G:A,0.985912,61367,20:35002555,chr20,35002555,35002555,rs4616,GSS,1,Jurgens,GSS_locus0,20:35002555
20,35002555,20:35002555:C:T,20,35064164,20:35064164:C:T,0.96061,61609,20:35002555,chr20,35002555,35002555,rs4616,GSS,1,Jurgens,GSS_locus0,20:35002555
20,35002555,20:35002555:C:T,20,35066512,20:35066512:C:T,0.879203,63957,20:35002555,chr20,35002555,35002555,rs4616,GSS,1,Jurgens,GSS_locus0,20:35002555
20,35002555,20:35002555:C:T,20,35066869,20:35066869:A:C,0.879203,64314,20:35002555,chr20,35002555,35002555,rs4616,GSS,1,Jurgens,GSS_locus0,20:35002555
20,35002555,20:35002555:C:T,20,35066970,20:35066970:A:G,0.879203,64415,20:35002555,chr20,35002555,35002555,rs4616,GSS,1,Jurgens,GSS_locus0,20:35002555
20,35002555,20:35002555:C:T,20,35068758,20:35068758:G:A,0.870299,66203,20:35002555,chr20,35002555,35002555,rs4616,GSS,1,Jurgens,GSS_locus0,20:35002555
20,35002555,20:35002555:C:T,20,35068863,20:35068863:G:A,0.86984,66308,20:35002555,chr20,35002555,35002555,rs4616,GSS,1,Jurgens,GSS_locus0,20:35002555
20,35002555,20:35002555:C:T,20,35075085,20:35075085:C:CT,0.866864,72530,20:35002555,chr20,35002555,35002555,rs4616,GSS,1,Jurgens,GSS_locus0,20:35002555
20,35002555,20:35002555:C:T,20,35075344,20:35075344:T:C,0.934026,72789,20:35002555,chr20,35002555,35002555,rs4616,GSS,1,Jurgens,GSS_locus0,20:35002555
20,35002555,20:35002555:C:T,20,35082950,20:35082950:T:C,0.868516,80395,20:35002555,chr20,35002555,35002555,rs4616,GSS,1,Jurgens,GSS_locus0,20:35002555
20,35002555,20:35002555:C:T,20,35083694,20:35083694:A:G,0.941257,81139,20:35002555,chr20,35002555,35002555,rs4616,GSS,1,Jurgens,GSS_locus0,20:35002555
20,35002555,20:35002555:C:T,20,35084492,20:35084492:ATATC:A,0.870539,81937,20:35002555,chr20,35002555,35002555,rs4616,GSS,1,Jurgens,GSS_locus0,20:35002555
20,35002555,20:35002555:C:T,20,35086274,20:35086274:A:C,0.869381,83719,20:35002555,chr20,35002555,35002555,rs4616,GSS,1,Jurgens,GSS_locus0,20:35002555
20,35002555,20:35002555:C:T,20,35087326,20:35087326:G:A,0.869669,84771,20:35002555,chr20,35002555,35002555,rs4616,GSS,1,Jurgens,GSS_locus0,20:35002555
20,35002555,20:35002555:C:T,20,35088097,20:35088097:G:A,0.851338,85542,20:35002555,chr20,35002555,35002555,rs4616,GSS,1,Jurgens,GSS_locus0,20:35002555
20,35002555,20:35002555:C:T,20,35089040,20:35089041:C:CTTTT,0.855092,86485,20:35002555,chr20,35002555,35002555,rs4616,GSS,1,Jurgens,GSS_locus0,20:35002555
20,35002555,20:35002555:C:T,20,35117033,20:35117033:C:T,0.908606,114478,20:35002555,chr20,35002555,35002555,rs4616,GSS,1,Jurgens,GSS_locus0,20:35002555
20,35046676,20:35046676:G:A,20,34950718,20:34950718:A:G,0.821968,95958,20:35046676,chr20,35046676,35046676,rs13042358,TRPC4AP,2,Zheng,TRPC4AP_locus0,20:35046676
20,35046676,20:35046676:G:A,20,34952726,20:34952726:A:G,0.822497,93950,20:35046676,chr20,35046676,35046676,rs13042358,TRPC4AP,2,Zheng,TRPC4AP_locus0,20:35046676
20,35046676,20:35046676:G:A,20,34957942,20:34957942:C:T,0.834732,88734,20:35046676,chr20,35046676,35046676,rs13042358,TRPC4AP,2,Zheng,TRPC4AP_locus0,20:35046676
20,35046676,20:35046676:G:A,20,34961516,20:34961516:C:T,0.848699,85160,20:35046676,chr20,35046676,35046676,rs13042358,TRPC4AP,2,Zheng,TRPC4AP_locus0,20:35046676
20,35046676,20:35046676:G:A,20,34962971,20:34962971:A:G,0.828786,83705,20:35046676,chr20,35046676,35046676,rs13042358,TRPC4AP,2,Zheng,TRPC4AP_locus0,20:35046676
20,35046676,20:35046676:G:A,20,34963297,20:34963297:G:A,0.834202,83379,20:35046676,chr20,35046676,35046676,rs13042358,TRPC4AP,2,Zheng,TRPC4AP_locus0,20:35046676
20,35046676,20:35046676:G:A,20,34974373,20:34974373:TCTTA:T,0.913569,72303,20:35046676,chr20,35046676,35046676,rs13042358,TRPC4AP,2,Zheng,TRPC4AP_locus0,20:35046676
20,35046676,20:35046676:G:A,20,34976767,20:34976767:A:G,0.892849,69909,20:35046676,chr20,35046676,35046676,rs13042358,TRPC4AP,2,Zheng,TRPC4AP_locus0,20:35046676
20,35046676,20:35046676:G:A,20,34977366,20:34977366:T:C,0.891303,69310,20:35046676,chr20,35046676,35046676,rs13042358,TRPC4AP,2,Zheng,TRPC4AP_locus0,20:35046676
20,35046676,20:35046676:G:A,20,34978696,20:34978696:T:C,0.922273,67980,20:35046676,chr20,35046676,35046676,rs13042358,TRPC4AP,2,Zheng,TRPC4AP_locus0,20:35046676
20,35046676,20:35046676:G:A,20,34978704,20:34978704:G:A,0.900652,67972,20:35046676,chr20,35046676,35046676,rs13042358,TRPC4AP,2,Zheng,TRPC4AP_locus0,20:35046676
20,35046676,20:35046676:G:A,20,34981614,20:34981614:G:A,0.959411,65062,20:35046676,chr20,35046676,35046676,rs13042358,TRPC4AP,2,Zheng,TRPC4AP_locus0,20:35046676
20,35046676,20:35046676:G:A,20,34983293,20:34983293:CTTTTCTTTT:C,0.85501,63383,20:35046676,chr20,35046676,35046676,rs13042358,TRPC4AP,2,Zheng,TRPC4AP_locus0,20:35046676
20,35046676,20:35046676:G:A,20,34983368,20:34983368:AGTTTT:A,0.934588,63308,20:35046676,chr20,35046676,35046676,rs13042358,TRPC4AP,2,Zheng,TRPC4AP_locus0,20:35046676
20,35046676,20:35046676:G:A,20,34983425,20:34983425:T:G,0.923627,63251,20:35046676,chr20,35046676,35046676,rs13042358,TRPC4AP,2,Zheng,TRPC4AP_locus0,20:35046676
20,35046676,20:35046676:G:A,20,34984293,20:34984293:A:G,0.87433,62383,20:35046676,chr20,35046676,35046676,rs13042358,TRPC4AP,2,Zheng,TRPC4AP_locus0,20:35046676
20,35046676,20:35046676:G:A,20,34984375,20:34984375:G:A,0.888044,62301,20:35046676,chr20,35046676,35046676,rs13042358,TRPC4AP,2,Zheng,TRPC4AP_locus0,20:35046676
20,35046676,20:35046676:G:A,20,34989558,20:34989558:A:G,0.970808,57118,20:35046676,chr20,35046676,35046676,rs13042358,TRPC4AP,2,Zheng,TRPC4AP_locus0,20:35046676
20,35046676,20:35046676:G:A,20,34992561,20:34992561:G:GT,0.919811,54115,20:35046676,chr20,35046676,35046676,rs13042358,TRPC4AP,2,Zheng,TRPC4AP_locus0,20:35046676
20,35046676,20:35046676:G:A,20,34994152,20:34994152:G:A,0.942792,52524,20:35046676,chr20,35046676,35046676,rs13042358,TRPC4AP,2,Zheng,TRPC4AP_locus0,20:35046676
20,35046676,20:35046676:G:A,20,34996486,20:34996486:C:T,0.810549,50190,20:35046676,chr20,35046676,35046676,rs13042358,TRPC4AP,2,Zheng,TRPC4AP_locus0,20:35046676
20,35046676,20:35046676:G:A,20,34998031,20:34998031:G:A,0.933852,48645,20:35046676,chr20,35046676,35046676,rs13042358,TRPC4AP,2,Zheng,TRPC4AP_locus0,20:35046676
20,35046676,20:35046676:G:A,20,35002555,20:35002555:C:T,0.881287,44121,20:35046676,chr20,35046676,35046676,rs13042358,TRPC4AP,2,Zheng,TRPC4AP_locus0,20:35046676
20,35046676,20:35046676:G:A,20,35004960,20:35004960:C:T,0.970802,41716,20:35046676,chr20,35046676,35046676,rs13042358,TRPC4AP,2,Zheng,TRPC4AP_locus0,20:35046676
20,35046676,20:35046676:G:A,20,35009478,20:35009478:C:CA,0.931081,37198,20:35046676,chr20,35046676,35046676,rs13042358,TRPC4AP,2,Zheng,TRPC4AP_locus0,20:35046676
20,35046676,20:35046676:G:A,20,35011615,20:35011615:GCCTGTGACT:G,0.908996,35061,20:35046676,chr20,35046676,35046676,rs13042358,TRPC4AP,2,Zheng,TRPC4AP_locus0,20:35046676
20,35046676,20:35046676:G:A,20,35015461,20:35015463:C:CTT,0.944828,31215,20:35046676,chr20,35046676,35046676,rs13042358,TRPC4AP,2,Zheng,TRPC4AP_locus0,20:35046676
20,35046676,20:35046676:G:A,20,35024873,20:35024873:T:A,0.939686,21803,20:35046676,chr20,35046676,35046676,rs13042358,TRPC4AP,2,Zheng,TRPC4AP_locus0,20:35046676
20,35046676,20:35046676:G:A,20,35027452,20:35027452:G:T,0.882582,19224,20:35046676,chr20,35046676,35046676,rs13042358,TRPC4AP,2,Zheng,TRPC4AP_locus0,20:35046676
20,35046676,20:35046676:G:A,20,35031415,20:35031415:T:TC,0.843964,15261,20:35046676,chr20,35046676,35046676,rs13042358,TRPC4AP,2,Zheng,TRPC4AP_locus0,20:35046676
20,35046676,20:35046676:G:A,20,35031677,20:35031677:A:C,0.940776,14999,20:35046676,chr20,35046676,35046676,rs13042358,TRPC4AP,2,Zheng,TRPC4AP_locus0,20:35046676
20,35046676,20:35046676:G:A,20,35032223,20:35032223:C:T,0.988204,14453,20:35046676,chr20,35046676,35046676,rs13042358,TRPC4AP,2,Zheng,TRPC4AP_locus0,20:35046676
20,35046676,20:35046676:G:A,20,35032529,20:35032529:T:C,0.98711,14147,20:35046676,chr20,35046676,35046676,rs13042358,TRPC4AP,2,Zheng,TRPC4AP_locus0,20:35046676
20,35046676,20:35046676:G:A,20,35033214,20:35033214:T:C,0.988771,13462,20:35046676,chr20,35046676,35046676,rs13042358,TRPC4AP,2,Zheng,TRPC4AP_locus0,20:35046676
20,35046676,20:35046676:G:A,20,35034439,20:35034439:A:C,0.920369,12237,20:35046676,chr20,35046676,35046676,rs13042358,TRPC4AP,2,Zheng,TRPC4AP_locus0,20:35046676
20,35046676,20:35046676:G:A,20,35037317,20:35037317:G:A,0.989329,9359,20:35046676,chr20,35046676,35046676,rs13042358,TRPC4AP,2,Zheng,TRPC4AP_locus0,20:35046676
20,35046676,20:35046676:G:A,20,35038767,20:35038767:A:AT,0.986543,7909,20:35046676,chr20,35046676,35046676,rs13042358,TRPC4AP,2,Zheng,TRPC4AP_locus0,20:35046676
20,35046676,20:35046676:G:A,20,35041127,20:35041127:CT:C,0.986113,5549,20:35046676,chr20,35046676,35046676,rs13042358,TRPC4AP,2,Zheng,TRPC4AP_locus0,20:35046676
20,35046676,20:35046676:G:A,20,35042190,20:35042190:A:C,0.987616,4486,20:35046676,chr20,35046676,35046676,rs13042358,TRPC4AP,2,Zheng,TRPC4AP_locus0,20:35046676
20,35046676,20:35046676:G:A,20,35043055,20:35043055:C:CA,0.988771,3621,20:35046676,chr20,35046676,35046676,rs13042358,TRPC4AP,2,Zheng,TRPC4AP_locus0,20:35046676
20,35046676,20:35046676:G:A,20,35044972,20:35044972:T:C,0.998871,1704,20:35046676,chr20,35046676,35046676,rs13042358,TRPC4AP,2,Zheng,TRPC4AP_locus0,20:35046676
20,35046676,20:35046676:G:A,20,35046676,20:35046676:G:A,1.0,0,20:35046676,chr20,35046676,35046676,rs13042358,TRPC4AP,2,Zheng,TRPC4AP_locus0,20:35046676
20,35046676,20:35046676:G:A,20,35050712,20:35050714:C:CAA,0.843295,4036,20:35046676,chr20,35046676,35046676,rs13042358,TRPC4AP,2,Zheng,TRPC4AP_locus0,20:35046676
20,35046676,20:35046676:G:A,20,35053564,20:35053564:G:A,0.989329,6888,20:35046676,chr20,35046676,35046676,rs13042358,TRPC4AP,2,Zheng,TRPC4AP_locus0,20:35046676
20,35046676,20:35046676:G:A,20,35055837,20:35055837:T:G,0.913872,9161,20:35046676,chr20,35046676,35046676,rs13042358,TRPC4AP,2,Zheng,TRPC4AP_locus0,20:35046676
20,35046676,20:35046676:G:A,20,35059671,20:35059671:AAAG:A,0.988758,12995,20:35046676,chr20,35046676,35046676,rs13042358,TRPC4AP,2,Zheng,TRPC4AP_locus0,20:35046676
20,35046676,20:35046676:G:A,20,35059896,20:35059896:TGAAGAAGAC:T,0.998872,13220,20:35046676,chr20,35046676,35046676,rs13042358,TRPC4AP,2,Zheng,TRPC4AP_locus0,20:35046676
20,35046676,20:35046676:G:A,20,35060384,20:35060384:T:C,0.988771,13708,20:35046676,chr20,35046676,35046676,rs13042358,TRPC4AP,2,Zheng,TRPC4AP_locus0,20:35046676
20,35046676,20:35046676:G:A,20,35061330,20:35061330:G:A,0.988196,14654,20:35046676,chr20,35046676,35046676,rs13042358,TRPC4AP,2,Zheng,TRPC4AP_locus0,20:35046676
20,35046676,20:35046676:G:A,20,35061414,20:35061414:G:C,0.987637,14738,20:35046676,chr20,35046676,35046676,rs13042358,TRPC4AP,2,Zheng,TRPC4AP_locus0,20:35046676
20,35046676,20:35046676:G:A,20,35063922,20:35063922:G:A,0.888556,17246,20:35046676,chr20,35046676,35046676,rs13042358,TRPC4AP,2,Zheng,TRPC4AP_locus0,20:35046676
20,35046676,20:35046676:G:A,20,35064164,20:35064164:C:T,0.918903,17488,20:35046676,chr20,35046676,35046676,rs13042358,TRPC4AP,2,Zheng,TRPC4AP_locus0,20:35046676
20,35046676,20:35046676:G:A,20,35066512,20:35066512:C:T,0.997742,19836,20:35046676,chr20,35046676,35046676,rs13042358,TRPC4AP,2,Zheng,TRPC4AP_locus0,20:35046676
20,35046676,20:35046676:G:A,20,35066869,20:35066869:A:C,0.997742,20193,20:35046676,chr20,35046676,35046676,rs13042358,TRPC4AP,2,Zheng,TRPC4AP_locus0,20:35046676
20,35046676,20:35046676:G:A,20,35066970,20:35066970:A:G,0.997742,20294,20:35046676,chr20,35046676,35046676,rs13042358,TRPC4AP,2,Zheng,TRPC4AP_locus0,20:35046676
20,35046676,20:35046676:G:A,20,35068758,20:35068758:G:A,0.988196,22082,20:35046676,chr20,35046676,35046676,rs13042358,TRPC4AP,2,Zheng,TRPC4AP_locus0,20:35046676
20,35046676,20:35046676:G:A,20,35068863,20:35068863:G:A,0.987637,22187,20:35046676,chr20,35046676,35046676,rs13042358,TRPC4AP,2,Zheng,TRPC4AP_locus0,20:35046676
20,35046676,20:35046676:G:A,20,35075085,20:35075085:C:CT,0.984794,28409,20:35046676,chr20,35046676,35046676,rs13042358,TRPC4AP,2,Zheng,TRPC4AP_locus0,20:35046676
20,35046676,20:35046676:G:A,20,35075344,20:35075344:T:C,0.837707,28668,20:35046676,chr20,35046676,35046676,rs13042358,TRPC4AP,2,Zheng,TRPC4AP_locus0,20:35046676
20,35046676,20:35046676:G:A,20,35082950,20:35082950:T:C,0.985969,36274,20:35046676,chr20,35046676,35046676,rs13042358,TRPC4AP,2,Zheng,TRPC4AP_locus0,20:35046676
20,35046676,20:35046676:G:A,20,35083694,20:35083694:A:G,0.926781,37018,20:35046676,chr20,35046676,35046676,rs13042358,TRPC4AP,2,Zheng,TRPC4AP_locus0,20:35046676
20,35046676,20:35046676:G:A,20,35084492,20:35084492:ATATC:A,0.987145,37816,20:35046676,chr20,35046676,35046676,rs13042358,TRPC4AP,2,Zheng,TRPC4AP_locus0,20:35046676
20,35046676,20:35046676:G:A,20,35086274,20:35086274:A:C,0.987079,39598,20:35046676,chr20,35046676,35046676,rs13042358,TRPC4AP,2,Zheng,TRPC4AP_locus0,20:35046676
20,35046676,20:35046676:G:A,20,35087326,20:35087326:G:A,0.987625,40650,20:35046676,chr20,35046676,35046676,rs13042358,TRPC4AP,2,Zheng,TRPC4AP_locus0,20:35046676
20,35046676,20:35046676:G:A,20,35088097,20:35088097:G:A,0.965069,41421,20:35046676,chr20,35046676,35046676,rs13042358,TRPC4AP,2,Zheng,TRPC4AP_locus0,20:35046676
20,35046676,20:35046676:G:A,20,35089040,20:35089041:C:CTTTT,0.971513,42364,20:35046676,chr20,35046676,35046676,rs13042358,TRPC4AP,2,Zheng,TRPC4AP_locus0,20:35046676
20,35046676,20:35046676:G:A,20,35117033,20:35117033:C:T,0.815261,70357,20:35046676,chr20,35046676,35046676,rs13042358,TRPC4AP,2,Zheng,TRPC4AP_locus0,20:35046676
21,29157810,21:29157810:G:A,21,29147949,21:29147949:CTA:C,0.956415,9861,21:29157810,chr21,29157810,29157810,rs62222424,BACH1,2,both,BACH1_locus0,21:29157810
21,29157810,21:29157810:G:A,21,29151972,21:29151972:C:A,0.959283,5838,21:29157810,chr21,29157810,29157810,rs62222424,BACH1,2,both,BACH1_locus0,21:29157810
21,29157810,21:29157810:G:A,21,29153097,21:29153097:T:G,0.989233,4713,21:29157810,chr21,29157810,29157810,rs62222424,BACH1,2,both,BACH1_locus0,21:29157810
21,29157810,21:29157810:G:A,21,29155923,21:29155923:A:T,0.972148,1887,21:29157810,chr21,29157810,29157810,rs62222424,BACH1,2,both,BACH1_locus0,21:29157810
21,29157810,21:29157810:G:A,21,29157810,21:29157810:G:A,1.0,0,21:29157810,chr21,29157810,29157810,rs62222424,BACH1,2,both,BACH1_locus0,21:29157810
21,29157810,21:29157810:G:A,21,29158767,21:29158767:TAGAG:T,0.998039,957,21:29157810,chr21,29157810,29157810,rs62222424,BACH1,2,both,BACH1_locus0,21:29157810
21,29199348,21:29199348:C:T,21,29183333,21:29183333:C:T,0.836044,16015,21:29199348,chr21,29199348,29199348,rs8134232,BACH1,2,Zheng,BACH1_locus0,21:29199348
21,29199348,21:29199348:C:T,21,29184098,21:29184098:TA:T,0.822653,15250,21:29199348,chr21,29199348,29199348,rs8134232,BACH1,2,Zheng,BACH1_locus0,21:29199348
21,29199348,21:29199348:C:T,21,29185330,21:29185330:A:G,0.822026,14018,21:29199348,chr21,29199348,29199348,rs8134232,BACH1,2,Zheng,BACH1_locus0,21:29199348
21,29199348,21:29199348:C:T,21,29195373,21:29195373:G:C,0.879909,3975,21:29199348,chr21,29199348,29199348,rs8134232,BACH1,2,Zheng,BACH1_locus0,21:29199348
21,29199348,21:29199348:C:T,21,29195488,21:29195488:C:T,0.858228,3860,21:29199348,chr21,29199348,29199348,rs8134232,BACH1,2,Zheng,BACH1_locus0,21:29199348
21,29199348,21:29199348:C:T,21,29195620,21:29195620:G:T,0.836379,3728,21:29199348,chr21,29199348,29199348,rs8134232,BACH1,2,Zheng,BACH1_locus0,21:29199348
21,29199348,21:29199348:C:T,21,29196085,21:29196085:G:T,0.859457,3263,21:29199348,chr21,29199348,29199348,rs8134232,BACH1,2,Zheng,BACH1_locus0,21:29199348
21,29199348,21:29199348:C:T,21,29197521,21:29197521:G:T,0.838329,1827,21:29199348,chr21,29199348,29199348,rs8134232,BACH1,2,Zheng,BACH1_locus0,21:29199348
21,29199348,21:29199348:C:T,21,29199348,21:29199348:C:T,1.0,0,21:29199348,chr21,29199348,29199348,rs8134232,BACH1,2,Zheng,BACH1_locus0,21:29199348
21,29199348,21:29199348:C:T,21,29212989,21:29212989:A:G,0.818478,13641,21:29199348,chr21,29199348,29199348,rs8134232,BACH1,2,Zheng,BACH1_locus0,21:29199348
21,29199348,21:29199348:C:T,21,29213260,21:29213260:A:G,0.828049,13912,21:29199348,chr21,29199348,29199348,rs8134232,BACH1,2,Zheng,BACH1_locus0,21:29199348
21,29199348,21:29199348:C:T,21,29214771,21:29214771:G:A,0.810594,15423,21:29199348,chr21,29199348,29199348,rs8134232,BACH1,2,Zheng,BACH1_locus0,21:29199348
21,29199348,21:29199348:C:T,21,29216482,21:29216482:A:G,0.825321,17134,21:29199348,chr21,29199348,29199348,rs8134232,BACH1,2,Zheng,BACH1_locus0,21:29199348
21,29199348,21:29199348:C:T,21,29216947,21:29216947:G:T,0.809948,17599,21:29199348,chr21,29199348,29199348,rs8134232,BACH1,2,Zheng,BACH1_locus0,21:29199348
21,29199348,21:29199348:C:T,21,29218630,21:29218630:G:A,0.803944,19282,21:29199348,chr21,29199348,29199348,rs8134232,BACH1,2,Zheng,BACH1_locus0,21:29199348
21,29199348,21:29199348:C:T,21,29222780,21:29222780:C:T,0.826311,23432,21:29199348,chr21,29199348,29199348,rs8134232,BACH1,2,Zheng,BACH1_locus0,21:29199348
21,29199348,21:29199348:C:T,21,29223865,21:29223865:T:A,0.81166,24517,21:29199348,chr21,29199348,29199348,rs8134232,BACH1,2,Zheng,BACH1_locus0,21:29199348
21,29199348,21:29199348:C:T,21,29234247,21:29234247:A:T,0.801117,34899,21:29199348,chr21,29199348,29199348,rs8134232,BACH1,2,Zheng,BACH1_locus0,21:29199348
21,38657121,21:38657121:CA:C,21,38642513,21:38642513:C:T,0.804805,14608,21:38657121,chr21,38657121,38657121,rs796217035,ERG,3,Zheng,ERG_locus0,21:38657121
21,38657121,21:38657121:CA:C,21,38643354,21:38643354:A:T,0.858874,13767,21:38657121,chr21,38657121,38657121,rs796217035,ERG,3,Zheng,ERG_locus0,21:38657121
21,38657121,21:38657121:CA:C,21,38644361,21:38644361:T:G,0.867377,12760,21:38657121,chr21,38657121,38657121,rs796217035,ERG,3,Zheng,ERG_locus0,21:38657121
21,38657121,21:38657121:CA:C,21,38646547,21:38646547:G:A,0.886907,10574,21:38657121,chr21,38657121,38657121,rs796217035,ERG,3,Zheng,ERG_locus0,21:38657121
21,38657121,21:38657121:CA:C,21,38647412,21:38647412:C:A,0.932399,9709,21:38657121,chr21,38657121,38657121,rs796217035,ERG,3,Zheng,ERG_locus0,21:38657121
21,38657121,21:38657121:CA:C,21,38649927,21:38649927:T:C,0.866402,7194,21:38657121,chr21,38657121,38657121,rs796217035,ERG,3,Zheng,ERG_locus0,21:38657121
21,38657121,21:38657121:CA:C,21,38653301,21:38653301:C:T,0.917678,3820,21:38657121,chr21,38657121,38657121,rs796217035,ERG,3,Zheng,ERG_locus0,21:38657121
21,38657121,21:38657121:CA:C,21,38656019,21:38656019:C:T,0.957663,1102,21:38657121,chr21,38657121,38657121,rs796217035,ERG,3,Zheng,ERG_locus0,21:38657121
21,38657121,21:38657121:CA:C,21,38656497,21:38656497:T:C,0.954619,624,21:38657121,chr21,38657121,38657121,rs796217035,ERG,3,Zheng,ERG_locus0,21:38657121
21,38657121,21:38657121:CA:C,21,38656975,21:38656975:C:T,0.957626,146,21:38657121,chr21,38657121,38657121,rs796217035,ERG,3,Zheng,ERG_locus0,21:38657121
21,38657121,21:38657121:CA:C,21,38657121,21:38657121:CA:C,1.0,0,21:38657121,chr21,38657121,38657121,rs796217035,ERG,3,Zheng,ERG_locus0,21:38657121
21,38657121,21:38657121:CA:C,21,38657166,21:38657166:T:C,1.0,45,21:38657121,chr21,38657121,38657121,rs796217035,ERG,3,Zheng,ERG_locus0,21:38657121
21,38657121,21:38657121:CA:C,21,38657437,21:38657437:T:G,1.0,316,21:38657121,chr21,38657121,38657121,rs796217035,ERG,3,Zheng,ERG_locus0,21:38657121
21,38657121,21:38657121:CA:C,21,38657650,21:38657650:T:C,0.999003,529,21:38657121,chr21,38657121,38657121,rs796217035,ERG,3,Zheng,ERG_locus0,21:38657121
21,38657121,21:38657121:CA:C,21,38660000,21:38660000:T:C,0.850445,2879,21:38657121,chr21,38657121,38657121,rs796217035,ERG,3,Zheng,ERG_locus0,21:38657121
21,38657121,21:38657121:CA:C,21,38661111,21:38661111:C:G,0.939968,3990,21:38657121,chr21,38657121,38657121,rs796217035,ERG,3,Zheng,ERG_locus0,21:38657121
21,38657121,21:38657121:CA:C,21,38662292,21:38662292:GA:G,0.887161,5171,21:38657121,chr21,38657121,38657121,rs796217035,ERG,3,Zheng,ERG_locus0,21:38657121
21,38657121,21:38657121:CA:C,21,38665626,21:38665626:C:T,0.889042,8505,21:38657121,chr21,38657121,38657121,rs796217035,ERG,3,Zheng,ERG_locus0,21:38657121
21,38657121,21:38657121:CA:C,21,38679523,21:38679523:A:G,0.853389,22402,21:38657121,chr21,38657121,38657121,rs796217035,ERG,3,Zheng,ERG_locus0,21:38657121
21,39272244,21:39272244:T:C,21,39197582,21:39197582:T:C,0.979093,74662,21:39272244,chr21,39272244,39272244,rs8134638,BRWD1,2,Jurgens,BRWD1_locus0,21:39272244
21,39272244,21:39272244:T:C,21,39216315,21:39216315:A:G,0.977158,55929,21:39272244,chr21,39272244,39272244,rs8134638,BRWD1,2,Jurgens,BRWD1_locus0,21:39272244
21,39272244,21:39272244:T:C,21,39232503,21:39232503:C:G,0.926735,39741,21:39272244,chr21,39272244,39272244,rs8134638,BRWD1,2,Jurgens,BRWD1_locus0,21:39272244
21,39272244,21:39272244:T:C,21,39239516,21:39239516:T:A,0.928722,32728,21:39272244,chr21,39272244,39272244,rs8134638,BRWD1,2,Jurgens,BRWD1_locus0,21:39272244
21,39272244,21:39272244:T:C,21,39255094,21:39255094:A:C,0.994091,17150,21:39272244,chr21,39272244,39272244,rs8134638,BRWD1,2,Jurgens,BRWD1_locus0,21:39272244
21,39272244,21:39272244:T:C,21,39272244,21:39272244:T:C,1.0,0,21:39272244,chr21,39272244,39272244,rs8134638,BRWD1,2,Jurgens,BRWD1_locus0,21:39272244
21,39272244,21:39272244:T:C,21,39272309,21:39272310:T:TA,0.846592,65,21:39272244,chr21,39272244,39272244,rs8134638,BRWD1,2,Jurgens,BRWD1_locus0,21:39272244
21,39272244,21:39272244:T:C,21,39311814,21:39311814:A:G,0.984955,39570,21:39272244,chr21,39272244,39272244,rs8134638,BRWD1,2,Jurgens,BRWD1_locus0,21:39272244
21,39272244,21:39272244:T:C,21,39313589,21:39313589:G:GCGC,0.826963,41345,21:39272244,chr21,39272244,39272244,rs8134638,BRWD1,2,Jurgens,BRWD1_locus0,21:39272244
22,23819530,22:23819530:C:T,22,23803540,22:23803540:C:T,0.893164,15990,22:23819530,chr22,23819530,23819530,rs5760054,DERL3,3,Jurgens,DERL3_locus0,22:23819530
22,23819530,22:23819530:C:T,22,23806086,22:23806086:A:G,0.8959,13444,22:23819530,chr22,23819530,23819530,rs5760054,DERL3,3,Jurgens,DERL3_locus0,22:23819530
22,23819530,22:23819530:C:T,22,23812865,22:23812865:A:AT,0.840563,6665,22:23819530,chr22,23819530,23819530,rs5760054,DERL3,3,Jurgens,DERL3_locus0,22:23819530
22,23819530,22:23819530:C:T,22,23812924,22:23812924:G:C,0.900989,6606,22:23819530,chr22,23819530,23819530,rs5760054,DERL3,3,Jurgens,DERL3_locus0,22:23819530
22,23819530,22:23819530:C:T,22,23817120,22:23817120:A:T,0.998203,2410,22:23819530,chr22,23819530,23819530,rs5760054,DERL3,3,Jurgens,DERL3_locus0,22:23819530
22,23819530,22:23819530:C:T,22,23819530,22:23819530:C:T,1.0,0,22:23819530,chr22,23819530,23819530,rs5760054,DERL3,3,Jurgens,DERL3_locus0,22:23819530
22,23819530,22:23819530:C:T,22,23824601,22:23824601:G:A,0.998802,5071,22:23819530,chr22,23819530,23819530,rs5760054,DERL3,3,Jurgens,DERL3_locus0,22:23819530
22,23819530,22:23819530:C:T,22,23827564,22:23827564:C:T,0.998802,8034,22:23819530,chr22,23819530,23819530,rs5760054,DERL3,3,Jurgens,DERL3_locus0,22:23819530
22,23819530,22:23819530:C:T,22,23829118,22:23829118:A:G,0.998802,9588,22:23819530,chr22,23819530,23819530,rs5760054,DERL3,3,Jurgens,DERL3_locus0,22:23819530
22,23819530,22:23819530:C:T,22,23836092,22:23836092:G:A,0.994627,16562,22:23819530,chr22,23819530,23819530,rs5760054,DERL3,3,Jurgens,DERL3_locus0,22:23819530
22,23824601,22:23824601:G:A,22,23803540,22:23803540:C:T,0.894273,21061,22:23824601,chr22,23824601,23824601,rs9608201,CHCHD10,2,Zheng,CHCHD10_locus0,22:23824601
22,23824601,22:23824601:G:A,22,23806086,22:23806086:A:G,0.897012,18515,22:23824601,chr22,23824601,23824601,rs9608201,CHCHD10,2,Zheng,CHCHD10_locus0,22:23824601
22,23824601,22:23824601:G:A,22,23812865,22:23812865:A:AT,0.841526,11736,22:23824601,chr22,23824601,23824601,rs9608201,CHCHD10,2,Zheng,CHCHD10_locus0,22:23824601
22,23824601,22:23824601:G:A,22,23812924,22:23812924:G:C,0.902104,11677,22:23824601,chr22,23824601,23824601,rs9608201,CHCHD10,2,Zheng,CHCHD10_locus0,22:23824601
22,23824601,22:23824601:G:A,22,23817120,22:23817120:A:T,0.9994,7481,22:23824601,chr22,23824601,23824601,rs9608201,CHCHD10,2,Zheng,CHCHD10_locus0,22:23824601
22,23824601,22:23824601:G:A,22,23819530,22:23819530:C:T,0.998802,5071,22:23824601,chr22,23824601,23824601,rs9608201,CHCHD10,2,Zheng,CHCHD10_locus0,22:23824601
22,23824601,22:23824601:G:A,22,23824601,22:23824601:G:A,1.0,0,22:23824601,chr22,23824601,23824601,rs9608201,CHCHD10,2,Zheng,CHCHD10_locus0,22:23824601
22,23824601,22:23824601:G:A,22,23827564,22:23827564:C:T,1.0,2963,22:23824601,chr22,23824601,23824601,rs9608201,CHCHD10,2,Zheng,CHCHD10_locus0,22:23824601
22,23824601,22:23824601:G:A,22,23829118,22:23829118:A:G,1.0,4517,22:23824601,chr22,23824601,23824601,rs9608201,CHCHD10,2,Zheng,CHCHD10_locus0,22:23824601
22,23824601,22:23824601:G:A,22,23836092,22:23836092:G:A,0.995816,11491,22:23824601,chr22,23824601,23824601,rs9608201,CHCHD10,2,Zheng,CHCHD10_locus0,22:23824601
