CHR_A,BP_A,SNP_A,CHR_B,BP_B,SNP_B,R2,distance,lead_SNP,chr,start,end,rsID,candidate_gene,total_score,study,locus,plink_name
1,2212668,1:2212668:A:G,1,2212668,1:2212668:A:G,1.0,0,1:2212668,chr1,2212668,2212668,rs2503715,SKI_or_C1orf86,2,both,SKI_or_C1orf86_locus0,1:2212668
1,3324690,1:3324690:A:C,1,3324690,1:3324690:A:C,1.0,0,1:3324690,chr1,3324690,3324690,rs79548216,PRDM16,3,Zheng,PRDM16_locus0,1:3324690
1,3324690,1:3324690:A:C,1,3324727,1:3324727:T:C,1.0,37,1:3324690,chr1,3324690,3324690,rs79548216,PRDM16,3,Zheng,PRDM16_locus0,1:3324690
1,3324690,1:3324690:A:C,1,3325912,1:3325912:CCTTGGCCCT:C,0.914014,1222,1:3324690,chr1,3324690,3324690,rs79548216,PRDM16,3,Zheng,PRDM16_locus0,1:3324690
1,3324690,1:3324690:A:C,1,3328231,1:3328231:G:A,1.0,3541,1:3324690,chr1,3324690,3324690,rs79548216,PRDM16,3,Zheng,PRDM16_locus0,1:3324690
1,3324690,1:3324690:A:C,1,3329549,1:3329549:G:C,1.0,4859,1:3324690,chr1,3324690,3324690,rs79548216,PRDM16,3,Zheng,PRDM16_locus0,1:3324690
1,3324690,1:3324690:A:C,1,3330203,1:3330203:C:T,1.0,5513,1:3324690,chr1,3324690,3324690,rs79548216,PRDM16,3,Zheng,PRDM16_locus0,1:3324690
1,3324690,1:3324690:A:C,1,3330275,1:3330275:A:G,0.918152,5585,1:3324690,chr1,3324690,3324690,rs79548216,PRDM16,3,Zheng,PRDM16_locus0,1:3324690
1,3324690,1:3324690:A:C,1,3331008,1:3331008:A:G,1.0,6318,1:3324690,chr1,3324690,3324690,rs79548216,PRDM16,3,Zheng,PRDM16_locus0,1:3324690
1,3324690,1:3324690:A:C,1,3331294,1:3331294:G:GC,1.0,6604,1:3324690,chr1,3324690,3324690,rs79548216,PRDM16,3,Zheng,PRDM16_locus0,1:3324690
1,3324690,1:3324690:A:C,1,3331407,1:3331407:C:T,0.918152,6717,1:3324690,chr1,3324690,3324690,rs79548216,PRDM16,3,Zheng,PRDM16_locus0,1:3324690
1,3324690,1:3324690:A:C,1,3331410,1:3331410:G:C,0.918152,6720,1:3324690,chr1,3324690,3324690,rs79548216,PRDM16,3,Zheng,PRDM16_locus0,1:3324690
1,3324690,1:3324690:A:C,1,3335602,1:3335603:AACAC:A,0.87247,10912,1:3324690,chr1,3324690,3324690,rs79548216,PRDM16,3,Zheng,PRDM16_locus0,1:3324690
1,3324690,1:3324690:A:C,1,3335609,1:3335609:A:G,0.892478,10919,1:3324690,chr1,3324690,3324690,rs79548216,PRDM16,3,Zheng,PRDM16_locus0,1:3324690
1,3324690,1:3324690:A:C,1,3337475,1:3337475:G:A,1.0,12785,1:3324690,chr1,3324690,3324690,rs79548216,PRDM16,3,Zheng,PRDM16_locus0,1:3324690
1,3324690,1:3324690:A:C,1,3341180,1:3341180:CAAGCTCCAG:C,0.915669,16490,1:3324690,chr1,3324690,3324690,rs79548216,PRDM16,3,Zheng,PRDM16_locus0,1:3324690
1,3324690,1:3324690:A:C,1,3342465,1:3342465:T:C,0.871115,17775,1:3324690,chr1,3324690,3324690,rs79548216,PRDM16,3,Zheng,PRDM16_locus0,1:3324690
1,3324690,1:3324690:A:C,1,3342619,1:3342619:A:G,0.871115,17929,1:3324690,chr1,3324690,3324690,rs79548216,PRDM16,3,Zheng,PRDM16_locus0,1:3324690
1,3324690,1:3324690:A:C,1,3345694,1:3345694:C:T,0.829969,21004,1:3324690,chr1,3324690,3324690,rs79548216,PRDM16,3,Zheng,PRDM16_locus0,1:3324690
1,6203732,1:6203732:A:G,1,6202171,1:6202171:A:T,0.985316,1561,1:6203732,chr1,6203732,6203732,rs11121483,RNF207,3,Jurgens,RNF207_locus0,1:6203732
1,6203732,1:6203732:A:G,1,6203732,1:6203732:A:G,1.0,0,1:6203732,chr1,6203732,6203732,rs11121483,RNF207,3,Jurgens,RNF207_locus0,1:6203732
1,6218354,1:6218354:A:G,1,6218354,1:6218354:A:G,1.0,0,1:6218354,chr1,6218354,6218354,rs709209,RNF207,3,Zheng,RNF207_locus0,1:6218354
1,6218354,1:6218354:A:G,1,6234012,1:6234012:T:C,0.885054,15658,1:6218354,chr1,6218354,6218354,rs709209,RNF207,3,Zheng,RNF207_locus0,1:6218354
1,16012430,1:16012430:T:G,1,15970694,1:15970694:G:A,0.813069,41736,1:16012430,chr1,16012430,16012430,rs1763605,HSPB7,2,Jurgens,HSPB7_locus0,1:16012430
1,16012430,1:16012430:T:G,1,15980351,1:15980351:G:A,0.813069,32079,1:16012430,chr1,16012430,16012430,rs1763605,HSPB7,2,Jurgens,HSPB7_locus0,1:16012430
1,16012430,1:16012430:T:G,1,15985588,1:15985588:C:CA,0.813069,26842,1:16012430,chr1,16012430,16012430,rs1763605,HSPB7,2,Jurgens,HSPB7_locus0,1:16012430
1,16012430,1:16012430:T:G,1,15986677,1:15986677:C:T,0.813069,25753,1:16012430,chr1,16012430,16012430,rs1763605,HSPB7,2,Jurgens,HSPB7_locus0,1:16012430
1,16012430,1:16012430:T:G,1,15987293,1:15987293:C:T,0.805848,25137,1:16012430,chr1,16012430,16012430,rs1763605,HSPB7,2,Jurgens,HSPB7_locus0,1:16012430
1,16012430,1:16012430:T:G,1,15993462,1:15993462:C:T,0.892573,18968,1:16012430,chr1,16012430,16012430,rs1763605,HSPB7,2,Jurgens,HSPB7_locus0,1:16012430
1,16012430,1:16012430:T:G,1,15993533,1:15993533:G:A,0.844498,18897,1:16012430,chr1,16012430,16012430,rs1763605,HSPB7,2,Jurgens,HSPB7_locus0,1:16012430
1,16012430,1:16012430:T:G,1,15994004,1:15994004:G:C,0.892573,18426,1:16012430,chr1,16012430,16012430,rs1763605,HSPB7,2,Jurgens,HSPB7_locus0,1:16012430
1,16012430,1:16012430:T:G,1,16000440,1:16000440:A:G,0.966812,11990,1:16012430,chr1,16012430,16012430,rs1763605,HSPB7,2,Jurgens,HSPB7_locus0,1:16012430
1,16012430,1:16012430:T:G,1,16001621,1:16001621:C:T,0.966812,10809,1:16012430,chr1,16012430,16012430,rs1763605,HSPB7,2,Jurgens,HSPB7_locus0,1:16012430
1,16012430,1:16012430:T:G,1,16004613,1:16004613:T:C,0.966812,7817,1:16012430,chr1,16012430,16012430,rs1763605,HSPB7,2,Jurgens,HSPB7_locus0,1:16012430
1,16012430,1:16012430:T:G,1,16008649,1:16008649:T:C,0.966812,3781,1:16012430,chr1,16012430,16012430,rs1763605,HSPB7,2,Jurgens,HSPB7_locus0,1:16012430
1,16012430,1:16012430:T:G,1,16008807,1:16008807:CA:C,0.966812,3623,1:16012430,chr1,16012430,16012430,rs1763605,HSPB7,2,Jurgens,HSPB7_locus0,1:16012430
1,16012430,1:16012430:T:G,1,16009032,1:16009032:G:C,0.966812,3398,1:16012430,chr1,16012430,16012430,rs1763605,HSPB7,2,Jurgens,HSPB7_locus0,1:16012430
1,16012430,1:16012430:T:G,1,16011787,1:16011787:A:G,0.991517,643,1:16012430,chr1,16012430,16012430,rs1763605,HSPB7,2,Jurgens,HSPB7_locus0,1:16012430
1,16012430,1:16012430:T:G,1,16011979,1:16011979:T:C,0.991517,451,1:16012430,chr1,16012430,16012430,rs1763605,HSPB7,2,Jurgens,HSPB7_locus0,1:16012430
1,16012430,1:16012430:T:G,1,16012430,1:16012430:T:G,1.0,0,1:16012430,chr1,16012430,16012430,rs1763605,HSPB7,2,Jurgens,HSPB7_locus0,1:16012430
1,16012430,1:16012430:T:G,1,16013314,1:16013314:T:C,0.966383,884,1:16012430,chr1,16012430,16012430,rs1763605,HSPB7,2,Jurgens,HSPB7_locus0,1:16012430
1,16012430,1:16012430:T:G,1,16014348,1:16014348:TC:T,0.991517,1918,1:16012430,chr1,16012430,16012430,rs1763605,HSPB7,2,Jurgens,HSPB7_locus0,1:16012430
1,16012430,1:16012430:T:G,1,16014384,1:16014384:T:G,0.991517,1954,1:16012430,chr1,16012430,16012430,rs1763605,HSPB7,2,Jurgens,HSPB7_locus0,1:16012430
1,16012430,1:16012430:T:G,1,16014456,1:16014456:A:T,0.991517,2026,1:16012430,chr1,16012430,16012430,rs1763605,HSPB7,2,Jurgens,HSPB7_locus0,1:16012430
1,16012430,1:16012430:T:G,1,16018235,1:16018235:T:C,0.991517,5805,1:16012430,chr1,16012430,16012430,rs1763605,HSPB7,2,Jurgens,HSPB7_locus0,1:16012430
1,16012430,1:16012430:T:G,1,16020493,1:16020493:A:G,0.982955,8063,1:16012430,chr1,16012430,16012430,rs1763605,HSPB7,2,Jurgens,HSPB7_locus0,1:16012430
1,16012430,1:16012430:T:G,1,16021039,1:16021039:A:G,0.982955,8609,1:16012430,chr1,16012430,16012430,rs1763605,HSPB7,2,Jurgens,HSPB7_locus0,1:16012430
1,16012430,1:16012430:T:G,1,16021588,1:16021588:A:T,0.966248,9158,1:16012430,chr1,16012430,16012430,rs1763605,HSPB7,2,Jurgens,HSPB7_locus0,1:16012430
1,16012430,1:16012430:T:G,1,16021917,1:16021917:T:C,0.966248,9487,1:16012430,chr1,16012430,16012430,rs1763605,HSPB7,2,Jurgens,HSPB7_locus0,1:16012430
1,16012430,1:16012430:T:G,1,16022965,1:16022965:T:C,0.966248,10535,1:16012430,chr1,16012430,16012430,rs1763605,HSPB7,2,Jurgens,HSPB7_locus0,1:16012430
1,16012430,1:16012430:T:G,1,16023533,1:16023533:A:G,0.966248,11103,1:16012430,chr1,16012430,16012430,rs1763605,HSPB7,2,Jurgens,HSPB7_locus0,1:16012430
1,16012430,1:16012430:T:G,1,16026905,1:16026905:T:C,0.966248,14475,1:16012430,chr1,16012430,16012430,rs1763605,HSPB7,2,Jurgens,HSPB7_locus0,1:16012430
1,16012430,1:16012430:T:G,1,16031653,1:16031653:T:C,0.949774,19223,1:16012430,chr1,16012430,16012430,rs1763605,HSPB7,2,Jurgens,HSPB7_locus0,1:16012430
1,16012430,1:16012430:T:G,1,16032437,1:16032437:T:C,0.949774,20007,1:16012430,chr1,16012430,16012430,rs1763605,HSPB7,2,Jurgens,HSPB7_locus0,1:16012430
1,16012430,1:16012430:T:G,1,16032628,1:16032628:A:G,0.949774,20198,1:16012430,chr1,16012430,16012430,rs1763605,HSPB7,2,Jurgens,HSPB7_locus0,1:16012430
1,16013277,1:16013277:C:G,1,15971886,1:15971886:C:CT,0.844495,41391,1:16013277,chr1,16013277,16013277,rs1763604,HSPB7,4,Zheng,HSPB7_locus0,1:16013277
1,16013277,1:16013277:C:G,1,15981913,1:15981913:C:CT,0.851368,31364,1:16013277,chr1,16013277,16013277,rs1763604,HSPB7,4,Zheng,HSPB7_locus0,1:16013277
1,16013277,1:16013277:C:G,1,15981917,1:15981917:A:G,0.851368,31360,1:16013277,chr1,16013277,16013277,rs1763604,HSPB7,4,Zheng,HSPB7_locus0,1:16013277
1,16013277,1:16013277:C:G,1,15981952,1:15981952:T:C,0.851368,31325,1:16013277,chr1,16013277,16013277,rs1763604,HSPB7,4,Zheng,HSPB7_locus0,1:16013277
1,16013277,1:16013277:C:G,1,15985068,1:15985068:G:A,0.851368,28209,1:16013277,chr1,16013277,16013277,rs1763604,HSPB7,4,Zheng,HSPB7_locus0,1:16013277
1,16013277,1:16013277:C:G,1,16011014,1:16011014:G:A,0.963259,2263,1:16013277,chr1,16013277,16013277,rs1763604,HSPB7,4,Zheng,HSPB7_locus0,1:16013277
1,16013277,1:16013277:C:G,1,16011438,1:16011438:C:T,0.963259,1839,1:16013277,chr1,16013277,16013277,rs1763604,HSPB7,4,Zheng,HSPB7_locus0,1:16013277
1,16013277,1:16013277:C:G,1,16012818,1:16012818:C:G,0.879257,459,1:16013277,chr1,16013277,16013277,rs1763604,HSPB7,4,Zheng,HSPB7_locus0,1:16013277
1,16013277,1:16013277:C:G,1,16013277,1:16013277:C:G,1.0,0,1:16013277,chr1,16013277,16013277,rs1763604,HSPB7,4,Zheng,HSPB7_locus0,1:16013277
1,16013277,1:16013277:C:G,1,16013553,1:16013553:A:AC,0.963259,276,1:16013277,chr1,16013277,16013277,rs1763604,HSPB7,4,Zheng,HSPB7_locus0,1:16013277
1,16013277,1:16013277:C:G,1,16013722,1:16013722:A:AACAGTGCTT,0.963259,445,1:16013277,chr1,16013277,16013277,rs1763604,HSPB7,4,Zheng,HSPB7_locus0,1:16013277
1,16013277,1:16013277:C:G,1,16013965,1:16013965:G:T,0.963259,688,1:16013277,chr1,16013277,16013277,rs1763604,HSPB7,4,Zheng,HSPB7_locus0,1:16013277
1,16013277,1:16013277:C:G,1,16014266,1:16014266:T:C,0.963259,989,1:16013277,chr1,16013277,16013277,rs1763604,HSPB7,4,Zheng,HSPB7_locus0,1:16013277
1,16013277,1:16013277:C:G,1,16014859,1:16014859:T:G,0.963259,1582,1:16013277,chr1,16013277,16013277,rs1763604,HSPB7,4,Zheng,HSPB7_locus0,1:16013277
1,16013277,1:16013277:C:G,1,16015238,1:16015238:T:C,0.963259,1961,1:16013277,chr1,16013277,16013277,rs1763604,HSPB7,4,Zheng,HSPB7_locus0,1:16013277
1,16013277,1:16013277:C:G,1,16015742,1:16015742:A:G,0.963259,2465,1:16013277,chr1,16013277,16013277,rs1763604,HSPB7,4,Zheng,HSPB7_locus0,1:16013277
1,16013277,1:16013277:C:G,1,16015855,1:16015855:A:T,0.963259,2578,1:16013277,chr1,16013277,16013277,rs1763604,HSPB7,4,Zheng,HSPB7_locus0,1:16013277
1,16013277,1:16013277:C:G,1,16015924,1:16015924:A:G,0.963259,2647,1:16013277,chr1,16013277,16013277,rs1763604,HSPB7,4,Zheng,HSPB7_locus0,1:16013277
1,16013277,1:16013277:C:G,1,16016107,1:16016107:C:T,0.963259,2830,1:16013277,chr1,16013277,16013277,rs1763604,HSPB7,4,Zheng,HSPB7_locus0,1:16013277
1,16013277,1:16013277:C:G,1,16016232,1:16016232:A:G,0.963259,2955,1:16013277,chr1,16013277,16013277,rs1763604,HSPB7,4,Zheng,HSPB7_locus0,1:16013277
1,16013277,1:16013277:C:G,1,16016353,1:16016353:T:G,0.963259,3076,1:16013277,chr1,16013277,16013277,rs1763604,HSPB7,4,Zheng,HSPB7_locus0,1:16013277
1,16013277,1:16013277:C:G,1,16016759,1:16016759:T:C,0.963259,3482,1:16013277,chr1,16013277,16013277,rs1763604,HSPB7,4,Zheng,HSPB7_locus0,1:16013277
1,16013277,1:16013277:C:G,1,16016802,1:16016802:C:T,0.963259,3525,1:16013277,chr1,16013277,16013277,rs1763604,HSPB7,4,Zheng,HSPB7_locus0,1:16013277
1,16013277,1:16013277:C:G,1,16016827,1:16016827:T:C,0.963259,3550,1:16013277,chr1,16013277,16013277,rs1763604,HSPB7,4,Zheng,HSPB7_locus0,1:16013277
1,16013277,1:16013277:C:G,1,16017340,1:16017340:C:T,0.948672,4063,1:16013277,chr1,16013277,16013277,rs1763604,HSPB7,4,Zheng,HSPB7_locus0,1:16013277
1,16013277,1:16013277:C:G,1,16017865,1:16017865:A:G,0.963259,4588,1:16013277,chr1,16013277,16013277,rs1763604,HSPB7,4,Zheng,HSPB7_locus0,1:16013277
1,16013277,1:16013277:C:G,1,16017907,1:16017907:G:A,0.963259,4630,1:16013277,chr1,16013277,16013277,rs1763604,HSPB7,4,Zheng,HSPB7_locus0,1:16013277
1,16013277,1:16013277:C:G,1,16017999,1:16017999:G:A,0.955939,4722,1:16013277,chr1,16013277,16013277,rs1763604,HSPB7,4,Zheng,HSPB7_locus0,1:16013277
1,16013277,1:16013277:C:G,1,16018130,1:16018130:C:G,0.857559,4853,1:16013277,chr1,16013277,16013277,rs1763604,HSPB7,4,Zheng,HSPB7_locus0,1:16013277
1,16013277,1:16013277:C:G,1,16018363,1:16018363:C:T,0.862967,5086,1:16013277,chr1,16013277,16013277,rs1763604,HSPB7,4,Zheng,HSPB7_locus0,1:16013277
1,16013277,1:16013277:C:G,1,16018713,1:16018713:G:A,0.862967,5436,1:16013277,chr1,16013277,16013277,rs1763604,HSPB7,4,Zheng,HSPB7_locus0,1:16013277
1,16013277,1:16013277:C:G,1,16018898,1:16018898:T:C,0.860271,5621,1:16013277,chr1,16013277,16013277,rs1763604,HSPB7,4,Zheng,HSPB7_locus0,1:16013277
1,16013277,1:16013277:C:G,1,16019124,1:16019124:T:C,0.847105,5847,1:16013277,chr1,16013277,16013277,rs1763604,HSPB7,4,Zheng,HSPB7_locus0,1:16013277
1,16013277,1:16013277:C:G,1,16023628,1:16023628:C:G,0.82989,10351,1:16013277,chr1,16013277,16013277,rs1763604,HSPB7,4,Zheng,HSPB7_locus0,1:16013277
1,16013277,1:16013277:C:G,1,16024642,1:16024642:C:G,0.82989,11365,1:16013277,chr1,16013277,16013277,rs1763604,HSPB7,4,Zheng,HSPB7_locus0,1:16013277
1,16013277,1:16013277:C:G,1,16024780,1:16024780:A:G,0.82989,11503,1:16013277,chr1,16013277,16013277,rs1763604,HSPB7,4,Zheng,HSPB7_locus0,1:16013277
1,16013277,1:16013277:C:G,1,16030006,1:16030006:G:A,0.844689,16729,1:16013277,chr1,16013277,16013277,rs1763604,HSPB7,4,Zheng,HSPB7_locus0,1:16013277
1,16013277,1:16013277:C:G,1,16032556,1:16032556:C:A,0.844689,19279,1:16013277,chr1,16013277,16013277,rs1763604,HSPB7,4,Zheng,HSPB7_locus0,1:16013277
1,16018235,1:16018235:T:C,1,15970694,1:15970694:G:A,0.82106,47541,1:16018235,chr1,16018235,16018235,rs945418,HSPB7,4,Zheng,HSPB7_locus0,1:16018235
1,16018235,1:16018235:T:C,1,15971243,1:15971243:GA:G,0.806016,46992,1:16018235,chr1,16018235,16018235,rs945418,HSPB7,4,Zheng,HSPB7_locus0,1:16018235
1,16018235,1:16018235:T:C,1,15980351,1:15980351:G:A,0.82106,37884,1:16018235,chr1,16018235,16018235,rs945418,HSPB7,4,Zheng,HSPB7_locus0,1:16018235
1,16018235,1:16018235:T:C,1,15985588,1:15985588:C:CA,0.82106,32647,1:16018235,chr1,16018235,16018235,rs945418,HSPB7,4,Zheng,HSPB7_locus0,1:16018235
1,16018235,1:16018235:T:C,1,15986677,1:15986677:C:T,0.82106,31558,1:16018235,chr1,16018235,16018235,rs945418,HSPB7,4,Zheng,HSPB7_locus0,1:16018235
1,16018235,1:16018235:T:C,1,15987293,1:15987293:C:T,0.813844,30942,1:16018235,chr1,16018235,16018235,rs945418,HSPB7,4,Zheng,HSPB7_locus0,1:16018235
1,16018235,1:16018235:T:C,1,15993462,1:15993462:C:T,0.900872,24773,1:16018235,chr1,16018235,16018235,rs945418,HSPB7,4,Zheng,HSPB7_locus0,1:16018235
1,16018235,1:16018235:T:C,1,15993533,1:15993533:G:A,0.852182,24702,1:16018235,chr1,16018235,16018235,rs945418,HSPB7,4,Zheng,HSPB7_locus0,1:16018235
1,16018235,1:16018235:T:C,1,15994004,1:15994004:G:C,0.900872,24231,1:16018235,chr1,16018235,16018235,rs945418,HSPB7,4,Zheng,HSPB7_locus0,1:16018235
1,16018235,1:16018235:T:C,1,16000440,1:16000440:A:G,0.974959,17795,1:16018235,chr1,16018235,16018235,rs945418,HSPB7,4,Zheng,HSPB7_locus0,1:16018235
1,16018235,1:16018235:T:C,1,16001621,1:16001621:C:T,0.974959,16614,1:16018235,chr1,16018235,16018235,rs945418,HSPB7,4,Zheng,HSPB7_locus0,1:16018235
1,16018235,1:16018235:T:C,1,16004613,1:16004613:T:C,0.974959,13622,1:16018235,chr1,16018235,16018235,rs945418,HSPB7,4,Zheng,HSPB7_locus0,1:16018235
1,16018235,1:16018235:T:C,1,16008649,1:16008649:T:C,0.974959,9586,1:16018235,chr1,16018235,16018235,rs945418,HSPB7,4,Zheng,HSPB7_locus0,1:16018235
1,16018235,1:16018235:T:C,1,16008807,1:16008807:CA:C,0.974959,9428,1:16018235,chr1,16018235,16018235,rs945418,HSPB7,4,Zheng,HSPB7_locus0,1:16018235
1,16018235,1:16018235:T:C,1,16009032,1:16009032:G:C,0.974959,9203,1:16018235,chr1,16018235,16018235,rs945418,HSPB7,4,Zheng,HSPB7_locus0,1:16018235
1,16018235,1:16018235:T:C,1,16011787,1:16011787:A:G,1.0,6448,1:16018235,chr1,16018235,16018235,rs945418,HSPB7,4,Zheng,HSPB7_locus0,1:16018235
1,16018235,1:16018235:T:C,1,16011979,1:16011979:T:C,1.0,6256,1:16018235,chr1,16018235,16018235,rs945418,HSPB7,4,Zheng,HSPB7_locus0,1:16018235
1,16018235,1:16018235:T:C,1,16012430,1:16012430:T:G,0.991517,5805,1:16018235,chr1,16018235,16018235,rs945418,HSPB7,4,Zheng,HSPB7_locus0,1:16018235
1,16018235,1:16018235:T:C,1,16013314,1:16013314:T:C,0.974885,4921,1:16018235,chr1,16018235,16018235,rs945418,HSPB7,4,Zheng,HSPB7_locus0,1:16018235
1,16018235,1:16018235:T:C,1,16014348,1:16014348:TC:T,1.0,3887,1:16018235,chr1,16018235,16018235,rs945418,HSPB7,4,Zheng,HSPB7_locus0,1:16018235
1,16018235,1:16018235:T:C,1,16014384,1:16014384:T:G,1.0,3851,1:16018235,chr1,16018235,16018235,rs945418,HSPB7,4,Zheng,HSPB7_locus0,1:16018235
1,16018235,1:16018235:T:C,1,16014456,1:16014456:A:T,1.0,3779,1:16018235,chr1,16018235,16018235,rs945418,HSPB7,4,Zheng,HSPB7_locus0,1:16018235
1,16018235,1:16018235:T:C,1,16018235,1:16018235:T:C,1.0,0,1:16018235,chr1,16018235,16018235,rs945418,HSPB7,4,Zheng,HSPB7_locus0,1:16018235
1,16018235,1:16018235:T:C,1,16020493,1:16020493:A:G,0.991499,2258,1:16018235,chr1,16018235,16018235,rs945418,HSPB7,4,Zheng,HSPB7_locus0,1:16018235
1,16018235,1:16018235:T:C,1,16021039,1:16021039:A:G,0.991499,2804,1:16018235,chr1,16018235,16018235,rs945418,HSPB7,4,Zheng,HSPB7_locus0,1:16018235
1,16018235,1:16018235:T:C,1,16021588,1:16021588:A:T,0.974546,3353,1:16018235,chr1,16018235,16018235,rs945418,HSPB7,4,Zheng,HSPB7_locus0,1:16018235
1,16018235,1:16018235:T:C,1,16021917,1:16021917:T:C,0.974546,3682,1:16018235,chr1,16018235,16018235,rs945418,HSPB7,4,Zheng,HSPB7_locus0,1:16018235
1,16018235,1:16018235:T:C,1,16022965,1:16022965:T:C,0.974546,4730,1:16018235,chr1,16018235,16018235,rs945418,HSPB7,4,Zheng,HSPB7_locus0,1:16018235
1,16018235,1:16018235:T:C,1,16023533,1:16023533:A:G,0.974546,5298,1:16018235,chr1,16018235,16018235,rs945418,HSPB7,4,Zheng,HSPB7_locus0,1:16018235
1,16018235,1:16018235:T:C,1,16026905,1:16026905:T:C,0.974546,8670,1:16018235,chr1,16018235,16018235,rs945418,HSPB7,4,Zheng,HSPB7_locus0,1:16018235
1,16018235,1:16018235:T:C,1,16031653,1:16031653:T:C,0.957884,13418,1:16018235,chr1,16018235,16018235,rs945418,HSPB7,4,Zheng,HSPB7_locus0,1:16018235
1,16018235,1:16018235:T:C,1,16032437,1:16032437:T:C,0.957884,14202,1:16018235,chr1,16018235,16018235,rs945418,HSPB7,4,Zheng,HSPB7_locus0,1:16018235
1,16018235,1:16018235:T:C,1,16032628,1:16032628:A:G,0.957884,14393,1:16018235,chr1,16018235,16018235,rs945418,HSPB7,4,Zheng,HSPB7_locus0,1:16018235
1,45544980,1:45544980:A:G,1,45480226,1:45480226:C:T,0.971944,64754,1:45544980,chr1,45544980,45544980,rs518365,MAST2,2,Jurgens,MAST2_locus0,1:45544980
1,45544980,1:45544980:A:G,1,45480964,1:45480964:G:T,0.964906,64016,1:45544980,chr1,45544980,45544980,rs518365,MAST2,2,Jurgens,MAST2_locus0,1:45544980
1,45544980,1:45544980:A:G,1,45482980,1:45482980:CA:C,0.964752,62000,1:45544980,chr1,45544980,45544980,rs518365,MAST2,2,Jurgens,MAST2_locus0,1:45544980
1,45544980,1:45544980:A:G,1,45483601,1:45483601:GA:G,0.96523,61379,1:45544980,chr1,45544980,45544980,rs518365,MAST2,2,Jurgens,MAST2_locus0,1:45544980
1,45544980,1:45544980:A:G,1,45484000,1:45484000:T:TA,0.958,60980,1:45544980,chr1,45544980,45544980,rs518365,MAST2,2,Jurgens,MAST2_locus0,1:45544980
1,45544980,1:45544980:A:G,1,45485523,1:45485523:A:AT,0.964752,59457,1:45544980,chr1,45544980,45544980,rs518365,MAST2,2,Jurgens,MAST2_locus0,1:45544980
1,45544980,1:45544980:A:G,1,45485897,1:45485897:T:TA,0.971944,59083,1:45544980,chr1,45544980,45544980,rs518365,MAST2,2,Jurgens,MAST2_locus0,1:45544980
1,45544980,1:45544980:A:G,1,45488361,1:45488361:G:A,0.971944,56619,1:45544980,chr1,45544980,45544980,rs518365,MAST2,2,Jurgens,MAST2_locus0,1:45544980
1,45544980,1:45544980:A:G,1,45488927,1:45488927:C:G,0.971944,56053,1:45544980,chr1,45544980,45544980,rs518365,MAST2,2,Jurgens,MAST2_locus0,1:45544980
1,45544980,1:45544980:A:G,1,45488978,1:45488978:C:T,0.971944,56002,1:45544980,chr1,45544980,45544980,rs518365,MAST2,2,Jurgens,MAST2_locus0,1:45544980
1,45544980,1:45544980:A:G,1,45489135,1:45489135:G:GA,0.950731,55845,1:45544980,chr1,45544980,45544980,rs518365,MAST2,2,Jurgens,MAST2_locus0,1:45544980
1,45544980,1:45544980:A:G,1,45491367,1:45491367:G:T,0.971944,53613,1:45544980,chr1,45544980,45544980,rs518365,MAST2,2,Jurgens,MAST2_locus0,1:45544980
1,45544980,1:45544980:A:G,1,45495655,1:45495655:CTTTTTTTTT:C,0.858294,49325,1:45544980,chr1,45544980,45544980,rs518365,MAST2,2,Jurgens,MAST2_locus0,1:45544980
1,45544980,1:45544980:A:G,1,45499635,1:45499635:G:A,0.971944,45345,1:45544980,chr1,45544980,45544980,rs518365,MAST2,2,Jurgens,MAST2_locus0,1:45544980
1,45544980,1:45544980:A:G,1,45505118,1:45505118:T:TAAA,0.952179,39862,1:45544980,chr1,45544980,45544980,rs518365,MAST2,2,Jurgens,MAST2_locus0,1:45544980
1,45544980,1:45544980:A:G,1,45506087,1:45506087:T:C,0.971944,38893,1:45544980,chr1,45544980,45544980,rs518365,MAST2,2,Jurgens,MAST2_locus0,1:45544980
1,45544980,1:45544980:A:G,1,45508256,1:45508256:G:A,0.971944,36724,1:45544980,chr1,45544980,45544980,rs518365,MAST2,2,Jurgens,MAST2_locus0,1:45544980
1,45544980,1:45544980:A:G,1,45509416,1:45509416:G:GTTTTTT,0.946388,35564,1:45544980,chr1,45544980,45544980,rs518365,MAST2,2,Jurgens,MAST2_locus0,1:45544980
1,45544980,1:45544980:A:G,1,45510184,1:45510184:C:G,0.971944,34796,1:45544980,chr1,45544980,45544980,rs518365,MAST2,2,Jurgens,MAST2_locus0,1:45544980
1,45544980,1:45544980:A:G,1,45510800,1:45510800:G:C,0.971944,34180,1:45544980,chr1,45544980,45544980,rs518365,MAST2,2,Jurgens,MAST2_locus0,1:45544980
1,45544980,1:45544980:A:G,1,45517408,1:45517408:C:T,0.971944,27572,1:45544980,chr1,45544980,45544980,rs518365,MAST2,2,Jurgens,MAST2_locus0,1:45544980
1,45544980,1:45544980:A:G,1,45517815,1:45517815:AGAAAGGAGA:A,0.96523,27165,1:45544980,chr1,45544980,45544980,rs518365,MAST2,2,Jurgens,MAST2_locus0,1:45544980
1,45544980,1:45544980:A:G,1,45518228,1:45518228:C:T,0.971944,26752,1:45544980,chr1,45544980,45544980,rs518365,MAST2,2,Jurgens,MAST2_locus0,1:45544980
1,45544980,1:45544980:A:G,1,45520003,1:45520003:G:A,0.971944,24977,1:45544980,chr1,45544980,45544980,rs518365,MAST2,2,Jurgens,MAST2_locus0,1:45544980
1,45544980,1:45544980:A:G,1,45521180,1:45521180:G:C,0.971944,23800,1:45544980,chr1,45544980,45544980,rs518365,MAST2,2,Jurgens,MAST2_locus0,1:45544980
1,45544980,1:45544980:A:G,1,45523092,1:45523092:C:T,0.971944,21888,1:45544980,chr1,45544980,45544980,rs518365,MAST2,2,Jurgens,MAST2_locus0,1:45544980
1,45544980,1:45544980:A:G,1,45527117,1:45527117:C:A,0.971944,17863,1:45544980,chr1,45544980,45544980,rs518365,MAST2,2,Jurgens,MAST2_locus0,1:45544980
1,45544980,1:45544980:A:G,1,45527691,1:45527691:C:CA,0.971944,17289,1:45544980,chr1,45544980,45544980,rs518365,MAST2,2,Jurgens,MAST2_locus0,1:45544980
1,45544980,1:45544980:A:G,1,45528241,1:45528241:G:A,0.971944,16739,1:45544980,chr1,45544980,45544980,rs518365,MAST2,2,Jurgens,MAST2_locus0,1:45544980
1,45544980,1:45544980:A:G,1,45528395,1:45528395:G:A,0.971944,16585,1:45544980,chr1,45544980,45544980,rs518365,MAST2,2,Jurgens,MAST2_locus0,1:45544980
1,45544980,1:45544980:A:G,1,45530794,1:45530794:C:CA,0.890792,14186,1:45544980,chr1,45544980,45544980,rs518365,MAST2,2,Jurgens,MAST2_locus0,1:45544980
1,45544980,1:45544980:A:G,1,45533387,1:45533387:C:CA,0.912467,11593,1:45544980,chr1,45544980,45544980,rs518365,MAST2,2,Jurgens,MAST2_locus0,1:45544980
1,45544980,1:45544980:A:G,1,45537773,1:45537773:T:C,0.978789,7207,1:45544980,chr1,45544980,45544980,rs518365,MAST2,2,Jurgens,MAST2_locus0,1:45544980
1,45544980,1:45544980:A:G,1,45538492,1:45538492:C:T,0.971944,6488,1:45544980,chr1,45544980,45544980,rs518365,MAST2,2,Jurgens,MAST2_locus0,1:45544980
1,45544980,1:45544980:A:G,1,45539557,1:45539557:T:C,0.971944,5423,1:45544980,chr1,45544980,45544980,rs518365,MAST2,2,Jurgens,MAST2_locus0,1:45544980
1,45544980,1:45544980:A:G,1,45540036,1:45540036:G:T,0.971944,4944,1:45544980,chr1,45544980,45544980,rs518365,MAST2,2,Jurgens,MAST2_locus0,1:45544980
1,45544980,1:45544980:A:G,1,45540058,1:45540058:G:C,0.971944,4922,1:45544980,chr1,45544980,45544980,rs518365,MAST2,2,Jurgens,MAST2_locus0,1:45544980
1,45544980,1:45544980:A:G,1,45540160,1:45540160:G:T,0.978789,4820,1:45544980,chr1,45544980,45544980,rs518365,MAST2,2,Jurgens,MAST2_locus0,1:45544980
1,45544980,1:45544980:A:G,1,45540513,1:45540513:G:GA,0.978789,4467,1:45544980,chr1,45544980,45544980,rs518365,MAST2,2,Jurgens,MAST2_locus0,1:45544980
1,45544980,1:45544980:A:G,1,45541330,1:45541330:T:C,0.978789,3650,1:45544980,chr1,45544980,45544980,rs518365,MAST2,2,Jurgens,MAST2_locus0,1:45544980
1,45544980,1:45544980:A:G,1,45541360,1:45541360:CAA:C,0.930107,3620,1:45544980,chr1,45544980,45544980,rs518365,MAST2,2,Jurgens,MAST2_locus0,1:45544980
1,45544980,1:45544980:A:G,1,45542373,1:45542373:T:TA,0.925985,2607,1:45544980,chr1,45544980,45544980,rs518365,MAST2,2,Jurgens,MAST2_locus0,1:45544980
1,45544980,1:45544980:A:G,1,45542866,1:45542866:TTTGAACTTC:T,0.971944,2114,1:45544980,chr1,45544980,45544980,rs518365,MAST2,2,Jurgens,MAST2_locus0,1:45544980
1,45544980,1:45544980:A:G,1,45543241,1:45543241:G:A,0.971944,1739,1:45544980,chr1,45544980,45544980,rs518365,MAST2,2,Jurgens,MAST2_locus0,1:45544980
1,45544980,1:45544980:A:G,1,45543457,1:45543457:T:G,0.938394,1523,1:45544980,chr1,45544980,45544980,rs518365,MAST2,2,Jurgens,MAST2_locus0,1:45544980
1,45544980,1:45544980:A:G,1,45543641,1:45543641:G:C,0.971636,1339,1:45544980,chr1,45544980,45544980,rs518365,MAST2,2,Jurgens,MAST2_locus0,1:45544980
1,45544980,1:45544980:A:G,1,45543646,1:45543646:C:T,0.971944,1334,1:45544980,chr1,45544980,45544980,rs518365,MAST2,2,Jurgens,MAST2_locus0,1:45544980
1,45544980,1:45544980:A:G,1,45544274,1:45544274:G:T,0.978956,706,1:45544980,chr1,45544980,45544980,rs518365,MAST2,2,Jurgens,MAST2_locus0,1:45544980
1,45544980,1:45544980:A:G,1,45544980,1:45544980:A:G,1.0,0,1:45544980,chr1,45544980,45544980,rs518365,MAST2,2,Jurgens,MAST2_locus0,1:45544980
1,45544980,1:45544980:A:G,1,45545333,1:45545333:C:T,0.92519,353,1:45544980,chr1,45544980,45544980,rs518365,MAST2,2,Jurgens,MAST2_locus0,1:45544980
1,45544980,1:45544980:A:G,1,45547055,1:45547055:C:CTTTT,0.864852,2075,1:45544980,chr1,45544980,45544980,rs518365,MAST2,2,Jurgens,MAST2_locus0,1:45544980
1,45544980,1:45544980:A:G,1,45547076,1:45547076:C:G,0.897652,2096,1:45544980,chr1,45544980,45544980,rs518365,MAST2,2,Jurgens,MAST2_locus0,1:45544980
1,45544980,1:45544980:A:G,1,45547536,1:45547536:C:T,0.897652,2556,1:45544980,chr1,45544980,45544980,rs518365,MAST2,2,Jurgens,MAST2_locus0,1:45544980
1,45544980,1:45544980:A:G,1,45547775,1:45547775:C:T,0.897652,2795,1:45544980,chr1,45544980,45544980,rs518365,MAST2,2,Jurgens,MAST2_locus0,1:45544980
1,45544980,1:45544980:A:G,1,45548061,1:45548061:G:C,0.897652,3081,1:45544980,chr1,45544980,45544980,rs518365,MAST2,2,Jurgens,MAST2_locus0,1:45544980
1,45544980,1:45544980:A:G,1,45548261,1:45548261:T:C,0.897652,3281,1:45544980,chr1,45544980,45544980,rs518365,MAST2,2,Jurgens,MAST2_locus0,1:45544980
1,45544980,1:45544980:A:G,1,45548376,1:45548376:G:A,0.897652,3396,1:45544980,chr1,45544980,45544980,rs518365,MAST2,2,Jurgens,MAST2_locus0,1:45544980
1,45544980,1:45544980:A:G,1,45549063,1:45549063:A:G,0.897652,4083,1:45544980,chr1,45544980,45544980,rs518365,MAST2,2,Jurgens,MAST2_locus0,1:45544980
1,45544980,1:45544980:A:G,1,45549599,1:45549599:T:G,0.897652,4619,1:45544980,chr1,45544980,45544980,rs518365,MAST2,2,Jurgens,MAST2_locus0,1:45544980
1,45544980,1:45544980:A:G,1,45549863,1:45549863:A:ATATCTG,0.891628,4883,1:45544980,chr1,45544980,45544980,rs518365,MAST2,2,Jurgens,MAST2_locus0,1:45544980
1,45544980,1:45544980:A:G,1,45551015,1:45551015:T:C,0.897652,6035,1:45544980,chr1,45544980,45544980,rs518365,MAST2,2,Jurgens,MAST2_locus0,1:45544980
1,45544980,1:45544980:A:G,1,45552164,1:45552164:C:T,0.897652,7184,1:45544980,chr1,45544980,45544980,rs518365,MAST2,2,Jurgens,MAST2_locus0,1:45544980
1,45544980,1:45544980:A:G,1,45553048,1:45553048:C:A,0.897652,8068,1:45544980,chr1,45544980,45544980,rs518365,MAST2,2,Jurgens,MAST2_locus0,1:45544980
1,45544980,1:45544980:A:G,1,45553420,1:45553420:C:CA,0.897652,8440,1:45544980,chr1,45544980,45544980,rs518365,MAST2,2,Jurgens,MAST2_locus0,1:45544980
1,45544980,1:45544980:A:G,1,45554879,1:45554879:T:C,0.897652,9899,1:45544980,chr1,45544980,45544980,rs518365,MAST2,2,Jurgens,MAST2_locus0,1:45544980
1,45544980,1:45544980:A:G,1,45554960,1:45554960:G:A,0.897652,9980,1:45544980,chr1,45544980,45544980,rs518365,MAST2,2,Jurgens,MAST2_locus0,1:45544980
1,45544980,1:45544980:A:G,1,45554982,1:45554982:A:G,0.897652,10002,1:45544980,chr1,45544980,45544980,rs518365,MAST2,2,Jurgens,MAST2_locus0,1:45544980
1,45544980,1:45544980:A:G,1,45555123,1:45555123:T:C,0.890092,10143,1:45544980,chr1,45544980,45544980,rs518365,MAST2,2,Jurgens,MAST2_locus0,1:45544980
1,45555958,1:45555958:C:T,1,45547076,1:45547076:C:G,0.814265,8882,1:45555958,chr1,45555958,45555958,rs2993263,MAST2,2,Zheng,MAST2_locus0,1:45555958
1,45555958,1:45555958:C:T,1,45547536,1:45547536:C:T,0.814265,8422,1:45555958,chr1,45555958,45555958,rs2993263,MAST2,2,Zheng,MAST2_locus0,1:45555958
1,45555958,1:45555958:C:T,1,45547775,1:45547775:C:T,0.814265,8183,1:45555958,chr1,45555958,45555958,rs2993263,MAST2,2,Zheng,MAST2_locus0,1:45555958
1,45555958,1:45555958:C:T,1,45548061,1:45548061:G:C,0.814265,7897,1:45555958,chr1,45555958,45555958,rs2993263,MAST2,2,Zheng,MAST2_locus0,1:45555958
1,45555958,1:45555958:C:T,1,45548261,1:45548261:T:C,0.814265,7697,1:45555958,chr1,45555958,45555958,rs2993263,MAST2,2,Zheng,MAST2_locus0,1:45555958
1,45555958,1:45555958:C:T,1,45548376,1:45548376:G:A,0.814265,7582,1:45555958,chr1,45555958,45555958,rs2993263,MAST2,2,Zheng,MAST2_locus0,1:45555958
1,45555958,1:45555958:C:T,1,45549063,1:45549063:A:G,0.814265,6895,1:45555958,chr1,45555958,45555958,rs2993263,MAST2,2,Zheng,MAST2_locus0,1:45555958
1,45555958,1:45555958:C:T,1,45549599,1:45549599:T:G,0.814265,6359,1:45555958,chr1,45555958,45555958,rs2993263,MAST2,2,Zheng,MAST2_locus0,1:45555958
1,45555958,1:45555958:C:T,1,45549863,1:45549863:A:ATATCTG,0.806949,6095,1:45555958,chr1,45555958,45555958,rs2993263,MAST2,2,Zheng,MAST2_locus0,1:45555958
1,45555958,1:45555958:C:T,1,45551015,1:45551015:T:C,0.814265,4943,1:45555958,chr1,45555958,45555958,rs2993263,MAST2,2,Zheng,MAST2_locus0,1:45555958
1,45555958,1:45555958:C:T,1,45552164,1:45552164:C:T,0.814265,3794,1:45555958,chr1,45555958,45555958,rs2993263,MAST2,2,Zheng,MAST2_locus0,1:45555958
1,45555958,1:45555958:C:T,1,45553048,1:45553048:C:A,0.814265,2910,1:45555958,chr1,45555958,45555958,rs2993263,MAST2,2,Zheng,MAST2_locus0,1:45555958
1,45555958,1:45555958:C:T,1,45553420,1:45553420:C:CA,0.814265,2538,1:45555958,chr1,45555958,45555958,rs2993263,MAST2,2,Zheng,MAST2_locus0,1:45555958
1,45555958,1:45555958:C:T,1,45554879,1:45554879:T:C,0.814265,1079,1:45555958,chr1,45555958,45555958,rs2993263,MAST2,2,Zheng,MAST2_locus0,1:45555958
1,45555958,1:45555958:C:T,1,45554960,1:45554960:G:A,0.814265,998,1:45555958,chr1,45555958,45555958,rs2993263,MAST2,2,Zheng,MAST2_locus0,1:45555958
1,45555958,1:45555958:C:T,1,45554982,1:45554982:A:G,0.814265,976,1:45555958,chr1,45555958,45555958,rs2993263,MAST2,2,Zheng,MAST2_locus0,1:45555958
1,45555958,1:45555958:C:T,1,45555123,1:45555123:T:C,0.808583,835,1:45555958,chr1,45555958,45555958,rs2993263,MAST2,2,Zheng,MAST2_locus0,1:45555958
1,45555958,1:45555958:C:T,1,45555958,1:45555958:C:T,1.0,0,1:45555958,chr1,45555958,45555958,rs2993263,MAST2,2,Zheng,MAST2_locus0,1:45555958
1,51327586,1:51327586:T:C,1,51085662,1:51085662:G:A,0.879031,241924,1:51327586,chr1,51327586,51327586,rs72694111,CDKN2C,1,Jurgens,CDKN2C_locus0,1:51327586
1,51327586,1:51327586:T:C,1,51102642,1:51102642:G:A,0.879031,224944,1:51327586,chr1,51327586,51327586,rs72694111,CDKN2C,1,Jurgens,CDKN2C_locus0,1:51327586
1,51327586,1:51327586:T:C,1,51124336,1:51124336:C:T,0.941035,203250,1:51327586,chr1,51327586,51327586,rs72694111,CDKN2C,1,Jurgens,CDKN2C_locus0,1:51327586
1,51327586,1:51327586:T:C,1,51128984,1:51128984:A:C,0.941035,198602,1:51327586,chr1,51327586,51327586,rs72694111,CDKN2C,1,Jurgens,CDKN2C_locus0,1:51327586
1,51327586,1:51327586:T:C,1,51130003,1:51130003:T:A,0.941035,197583,1:51327586,chr1,51327586,51327586,rs72694111,CDKN2C,1,Jurgens,CDKN2C_locus0,1:51327586
1,51327586,1:51327586:T:C,1,51140177,1:51140177:G:A,0.941035,187409,1:51327586,chr1,51327586,51327586,rs72694111,CDKN2C,1,Jurgens,CDKN2C_locus0,1:51327586
1,51327586,1:51327586:T:C,1,51146545,1:51146545:A:G,0.941035,181041,1:51327586,chr1,51327586,51327586,rs72694111,CDKN2C,1,Jurgens,CDKN2C_locus0,1:51327586
1,51327586,1:51327586:T:C,1,51159363,1:51159363:G:A,0.941035,168223,1:51327586,chr1,51327586,51327586,rs72694111,CDKN2C,1,Jurgens,CDKN2C_locus0,1:51327586
1,51327586,1:51327586:T:C,1,51161763,1:51161763:C:CA,0.840794,165823,1:51327586,chr1,51327586,51327586,rs72694111,CDKN2C,1,Jurgens,CDKN2C_locus0,1:51327586
1,51327586,1:51327586:T:C,1,51184744,1:51184744:C:G,0.941035,142842,1:51327586,chr1,51327586,51327586,rs72694111,CDKN2C,1,Jurgens,CDKN2C_locus0,1:51327586
1,51327586,1:51327586:T:C,1,51185649,1:51185649:C:A,0.888277,141937,1:51327586,chr1,51327586,51327586,rs72694111,CDKN2C,1,Jurgens,CDKN2C_locus0,1:51327586
1,51327586,1:51327586:T:C,1,51188672,1:51188672:G:A,0.888277,138914,1:51327586,chr1,51327586,51327586,rs72694111,CDKN2C,1,Jurgens,CDKN2C_locus0,1:51327586
1,51327586,1:51327586:T:C,1,51191559,1:51191559:T:C,0.941035,136027,1:51327586,chr1,51327586,51327586,rs72694111,CDKN2C,1,Jurgens,CDKN2C_locus0,1:51327586
1,51327586,1:51327586:T:C,1,51192241,1:51192241:TTTTA:T,0.840794,135345,1:51327586,chr1,51327586,51327586,rs72694111,CDKN2C,1,Jurgens,CDKN2C_locus0,1:51327586
1,51327586,1:51327586:T:C,1,51192969,1:51192969:T:A,0.888277,134617,1:51327586,chr1,51327586,51327586,rs72694111,CDKN2C,1,Jurgens,CDKN2C_locus0,1:51327586
1,51327586,1:51327586:T:C,1,51195103,1:51195103:G:A,0.941035,132483,1:51327586,chr1,51327586,51327586,rs72694111,CDKN2C,1,Jurgens,CDKN2C_locus0,1:51327586
1,51327586,1:51327586:T:C,1,51198301,1:51198301:AAG:A,0.941035,129285,1:51327586,chr1,51327586,51327586,rs72694111,CDKN2C,1,Jurgens,CDKN2C_locus0,1:51327586
1,51327586,1:51327586:T:C,1,51198816,1:51198818:T:TTTTATTTAT,0.8175,128770,1:51327586,chr1,51327586,51327586,rs72694111,CDKN2C,1,Jurgens,CDKN2C_locus0,1:51327586
1,51327586,1:51327586:T:C,1,51200551,1:51200551:A:G,0.941035,127035,1:51327586,chr1,51327586,51327586,rs72694111,CDKN2C,1,Jurgens,CDKN2C_locus0,1:51327586
1,51327586,1:51327586:T:C,1,51203366,1:51203366:C:T,0.941035,124220,1:51327586,chr1,51327586,51327586,rs72694111,CDKN2C,1,Jurgens,CDKN2C_locus0,1:51327586
1,51327586,1:51327586:T:C,1,51205627,1:51205627:A:T,0.879031,121959,1:51327586,chr1,51327586,51327586,rs72694111,CDKN2C,1,Jurgens,CDKN2C_locus0,1:51327586
1,51327586,1:51327586:T:C,1,51210678,1:51210678:C:T,0.941035,116908,1:51327586,chr1,51327586,51327586,rs72694111,CDKN2C,1,Jurgens,CDKN2C_locus0,1:51327586
1,51327586,1:51327586:T:C,1,51216681,1:51216681:CAA:C,0.941035,110905,1:51327586,chr1,51327586,51327586,rs72694111,CDKN2C,1,Jurgens,CDKN2C_locus0,1:51327586
1,51327586,1:51327586:T:C,1,51217108,1:51217108:C:T,0.876028,110478,1:51327586,chr1,51327586,51327586,rs72694111,CDKN2C,1,Jurgens,CDKN2C_locus0,1:51327586
1,51327586,1:51327586:T:C,1,51223776,1:51223776:A:AT,0.941035,103810,1:51327586,chr1,51327586,51327586,rs72694111,CDKN2C,1,Jurgens,CDKN2C_locus0,1:51327586
1,51327586,1:51327586:T:C,1,51225222,1:51225222:C:T,0.941035,102364,1:51327586,chr1,51327586,51327586,rs72694111,CDKN2C,1,Jurgens,CDKN2C_locus0,1:51327586
1,51327586,1:51327586:T:C,1,51228730,1:51228730:G:A,0.941035,98856,1:51327586,chr1,51327586,51327586,rs72694111,CDKN2C,1,Jurgens,CDKN2C_locus0,1:51327586
1,51327586,1:51327586:T:C,1,51229952,1:51229952:A:T,0.941035,97634,1:51327586,chr1,51327586,51327586,rs72694111,CDKN2C,1,Jurgens,CDKN2C_locus0,1:51327586
1,51327586,1:51327586:T:C,1,51236170,1:51236170:C:T,0.941035,91416,1:51327586,chr1,51327586,51327586,rs72694111,CDKN2C,1,Jurgens,CDKN2C_locus0,1:51327586
1,51327586,1:51327586:T:C,1,51236415,1:51236415:C:G,0.941035,91171,1:51327586,chr1,51327586,51327586,rs72694111,CDKN2C,1,Jurgens,CDKN2C_locus0,1:51327586
1,51327586,1:51327586:T:C,1,51243262,1:51243262:T:C,0.941035,84324,1:51327586,chr1,51327586,51327586,rs72694111,CDKN2C,1,Jurgens,CDKN2C_locus0,1:51327586
1,51327586,1:51327586:T:C,1,51243341,1:51243341:A:G,0.941035,84245,1:51327586,chr1,51327586,51327586,rs72694111,CDKN2C,1,Jurgens,CDKN2C_locus0,1:51327586
1,51327586,1:51327586:T:C,1,51246095,1:51246095:G:A,0.941035,81491,1:51327586,chr1,51327586,51327586,rs72694111,CDKN2C,1,Jurgens,CDKN2C_locus0,1:51327586
1,51327586,1:51327586:T:C,1,51247684,1:51247684:CT:C,0.941035,79902,1:51327586,chr1,51327586,51327586,rs72694111,CDKN2C,1,Jurgens,CDKN2C_locus0,1:51327586
1,51327586,1:51327586:T:C,1,51253072,1:51253072:G:A,0.941035,74514,1:51327586,chr1,51327586,51327586,rs72694111,CDKN2C,1,Jurgens,CDKN2C_locus0,1:51327586
1,51327586,1:51327586:T:C,1,51261923,1:51261923:C:T,0.941035,65663,1:51327586,chr1,51327586,51327586,rs72694111,CDKN2C,1,Jurgens,CDKN2C_locus0,1:51327586
1,51327586,1:51327586:T:C,1,51268299,1:51268299:C:G,0.941035,59287,1:51327586,chr1,51327586,51327586,rs72694111,CDKN2C,1,Jurgens,CDKN2C_locus0,1:51327586
1,51327586,1:51327586:T:C,1,51274510,1:51274510:G:A,0.941035,53076,1:51327586,chr1,51327586,51327586,rs72694111,CDKN2C,1,Jurgens,CDKN2C_locus0,1:51327586
1,51327586,1:51327586:T:C,1,51277414,1:51277414:CTT:C,0.941035,50172,1:51327586,chr1,51327586,51327586,rs72694111,CDKN2C,1,Jurgens,CDKN2C_locus0,1:51327586
1,51327586,1:51327586:T:C,1,51277437,1:51277437:A:T,0.888277,50149,1:51327586,chr1,51327586,51327586,rs72694111,CDKN2C,1,Jurgens,CDKN2C_locus0,1:51327586
1,51327586,1:51327586:T:C,1,51278809,1:51278809:C:T,0.941035,48777,1:51327586,chr1,51327586,51327586,rs72694111,CDKN2C,1,Jurgens,CDKN2C_locus0,1:51327586
1,51327586,1:51327586:T:C,1,51286008,1:51286008:C:T,0.941035,41578,1:51327586,chr1,51327586,51327586,rs72694111,CDKN2C,1,Jurgens,CDKN2C_locus0,1:51327586
1,51327586,1:51327586:T:C,1,51292302,1:51292302:C:T,0.888277,35284,1:51327586,chr1,51327586,51327586,rs72694111,CDKN2C,1,Jurgens,CDKN2C_locus0,1:51327586
1,51327586,1:51327586:T:C,1,51293346,1:51293346:C:T,0.888277,34240,1:51327586,chr1,51327586,51327586,rs72694111,CDKN2C,1,Jurgens,CDKN2C_locus0,1:51327586
1,51327586,1:51327586:T:C,1,51295930,1:51295930:G:T,0.888277,31656,1:51327586,chr1,51327586,51327586,rs72694111,CDKN2C,1,Jurgens,CDKN2C_locus0,1:51327586
1,51327586,1:51327586:T:C,1,51296674,1:51296674:G:A,0.941035,30912,1:51327586,chr1,51327586,51327586,rs72694111,CDKN2C,1,Jurgens,CDKN2C_locus0,1:51327586
1,51327586,1:51327586:T:C,1,51300964,1:51300964:C:A,0.941035,26622,1:51327586,chr1,51327586,51327586,rs72694111,CDKN2C,1,Jurgens,CDKN2C_locus0,1:51327586
1,51327586,1:51327586:T:C,1,51301760,1:51301760:C:T,0.888277,25826,1:51327586,chr1,51327586,51327586,rs72694111,CDKN2C,1,Jurgens,CDKN2C_locus0,1:51327586
1,51327586,1:51327586:T:C,1,51320416,1:51320418:C:CT,0.876028,7170,1:51327586,chr1,51327586,51327586,rs72694111,CDKN2C,1,Jurgens,CDKN2C_locus0,1:51327586
1,51327586,1:51327586:T:C,1,51327586,1:51327586:T:C,1.0,0,1:51327586,chr1,51327586,51327586,rs72694111,CDKN2C,1,Jurgens,CDKN2C_locus0,1:51327586
1,51327586,1:51327586:T:C,1,51332122,1:51332122:C:G,1.0,4536,1:51327586,chr1,51327586,51327586,rs72694111,CDKN2C,1,Jurgens,CDKN2C_locus0,1:51327586
1,51327586,1:51327586:T:C,1,51339306,1:51339306:G:A,1.0,11720,1:51327586,chr1,51327586,51327586,rs72694111,CDKN2C,1,Jurgens,CDKN2C_locus0,1:51327586
1,51327586,1:51327586:T:C,1,51339363,1:51339363:G:A,1.0,11777,1:51327586,chr1,51327586,51327586,rs72694111,CDKN2C,1,Jurgens,CDKN2C_locus0,1:51327586
1,51327586,1:51327586:T:C,1,51341154,1:51341154:CTCTG:C,0.937791,13568,1:51327586,chr1,51327586,51327586,rs72694111,CDKN2C,1,Jurgens,CDKN2C_locus0,1:51327586
1,51327586,1:51327586:T:C,1,51348102,1:51348104:A:ATTTT,0.941035,20516,1:51327586,chr1,51327586,51327586,rs72694111,CDKN2C,1,Jurgens,CDKN2C_locus0,1:51327586
1,51327586,1:51327586:T:C,1,51354163,1:51354163:G:A,0.941035,26577,1:51327586,chr1,51327586,51327586,rs72694111,CDKN2C,1,Jurgens,CDKN2C_locus0,1:51327586
1,51327586,1:51327586:T:C,1,51358703,1:51358703:TTTTTTG:T,1.0,31117,1:51327586,chr1,51327586,51327586,rs72694111,CDKN2C,1,Jurgens,CDKN2C_locus0,1:51327586
1,51327586,1:51327586:T:C,1,51363297,1:51363302:C:CAAAA,0.876028,35711,1:51327586,chr1,51327586,51327586,rs72694111,CDKN2C,1,Jurgens,CDKN2C_locus0,1:51327586
1,51327586,1:51327586:T:C,1,51364500,1:51364503:A:ATTTT,1.0,36914,1:51327586,chr1,51327586,51327586,rs72694111,CDKN2C,1,Jurgens,CDKN2C_locus0,1:51327586
1,51327586,1:51327586:T:C,1,51369820,1:51369820:C:T,1.0,42234,1:51327586,chr1,51327586,51327586,rs72694111,CDKN2C,1,Jurgens,CDKN2C_locus0,1:51327586
1,51327586,1:51327586:T:C,1,51381705,1:51381705:C:T,1.0,54119,1:51327586,chr1,51327586,51327586,rs72694111,CDKN2C,1,Jurgens,CDKN2C_locus0,1:51327586
1,51327586,1:51327586:T:C,1,51393773,1:51393773:T:C,1.0,66187,1:51327586,chr1,51327586,51327586,rs72694111,CDKN2C,1,Jurgens,CDKN2C_locus0,1:51327586
1,51327586,1:51327586:T:C,1,51399861,1:51399861:A:C,1.0,72275,1:51327586,chr1,51327586,51327586,rs72694111,CDKN2C,1,Jurgens,CDKN2C_locus0,1:51327586
1,51327586,1:51327586:T:C,1,51400180,1:51400180:C:A,1.0,72594,1:51327586,chr1,51327586,51327586,rs72694111,CDKN2C,1,Jurgens,CDKN2C_locus0,1:51327586
1,51327586,1:51327586:T:C,1,51401840,1:51401840:T:C,1.0,74254,1:51327586,chr1,51327586,51327586,rs72694111,CDKN2C,1,Jurgens,CDKN2C_locus0,1:51327586
1,51327586,1:51327586:T:C,1,51402169,1:51402169:C:CACATACATA,1.0,74583,1:51327586,chr1,51327586,51327586,rs72694111,CDKN2C,1,Jurgens,CDKN2C_locus0,1:51327586
1,51327586,1:51327586:T:C,1,51429643,1:51429648:G:GTT,0.876028,102057,1:51327586,chr1,51327586,51327586,rs72694111,CDKN2C,1,Jurgens,CDKN2C_locus0,1:51327586
1,51327586,1:51327586:T:C,1,51440284,1:51440284:T:C,0.814706,112698,1:51327586,chr1,51327586,51327586,rs72694111,CDKN2C,1,Jurgens,CDKN2C_locus0,1:51327586
1,51327586,1:51327586:T:C,1,51457535,1:51457535:TC:T,0.879031,129949,1:51327586,chr1,51327586,51327586,rs72694111,CDKN2C,1,Jurgens,CDKN2C_locus0,1:51327586
1,51327586,1:51327586:T:C,1,51475332,1:51475332:CTCTAACA:C,1.0,147746,1:51327586,chr1,51327586,51327586,rs72694111,CDKN2C,1,Jurgens,CDKN2C_locus0,1:51327586
1,51327586,1:51327586:T:C,1,51478262,1:51478262:C:G,1.0,150676,1:51327586,chr1,51327586,51327586,rs72694111,CDKN2C,1,Jurgens,CDKN2C_locus0,1:51327586
1,51327586,1:51327586:T:C,1,51480515,1:51480515:GTTGT:G,0.876028,152929,1:51327586,chr1,51327586,51327586,rs72694111,CDKN2C,1,Jurgens,CDKN2C_locus0,1:51327586
1,51327586,1:51327586:T:C,1,51508302,1:51508302:GAA:G,1.0,180716,1:51327586,chr1,51327586,51327586,rs72694111,CDKN2C,1,Jurgens,CDKN2C_locus0,1:51327586
1,51327586,1:51327586:T:C,1,51508355,1:51508355:A:AG,1.0,180769,1:51327586,chr1,51327586,51327586,rs72694111,CDKN2C,1,Jurgens,CDKN2C_locus0,1:51327586
1,51327586,1:51327586:T:C,1,51508385,1:51508389:A:AGAGAAAGAA,0.937791,180799,1:51327586,chr1,51327586,51327586,rs72694111,CDKN2C,1,Jurgens,CDKN2C_locus0,1:51327586
1,51327586,1:51327586:T:C,1,51533846,1:51533846:T:TTTC,1.0,206260,1:51327586,chr1,51327586,51327586,rs72694111,CDKN2C,1,Jurgens,CDKN2C_locus0,1:51327586
1,51327586,1:51327586:T:C,1,51534586,1:51534586:A:G,1.0,207000,1:51327586,chr1,51327586,51327586,rs72694111,CDKN2C,1,Jurgens,CDKN2C_locus0,1:51327586
1,51327586,1:51327586:T:C,1,51535015,1:51535015:G:A,1.0,207429,1:51327586,chr1,51327586,51327586,rs72694111,CDKN2C,1,Jurgens,CDKN2C_locus0,1:51327586
1,51327586,1:51327586:T:C,1,51540652,1:51540653:C:CA,0.941035,213066,1:51327586,chr1,51327586,51327586,rs72694111,CDKN2C,1,Jurgens,CDKN2C_locus0,1:51327586
1,51327586,1:51327586:T:C,1,51545516,1:51545516:C:A,0.876028,217930,1:51327586,chr1,51327586,51327586,rs72694111,CDKN2C,1,Jurgens,CDKN2C_locus0,1:51327586
1,51327586,1:51327586:T:C,1,51548243,1:51548243:T:C,1.0,220657,1:51327586,chr1,51327586,51327586,rs72694111,CDKN2C,1,Jurgens,CDKN2C_locus0,1:51327586
1,51327586,1:51327586:T:C,1,51572084,1:51572084:G:A,0.876028,244498,1:51327586,chr1,51327586,51327586,rs72694111,CDKN2C,1,Jurgens,CDKN2C_locus0,1:51327586
1,61411706,1:61411706:A:G,1,61408005,1:61408005:T:G,0.936079,3701,1:61411706,chr1,61411706,61411706,rs2103883,NFIA,2,Zheng,NFIA_locus0,1:61411706
1,61411706,1:61411706:A:G,1,61411706,1:61411706:A:G,1.0,0,1:61411706,chr1,61411706,61411706,rs2103883,NFIA,2,Zheng,NFIA_locus0,1:61411706
1,61411706,1:61411706:A:G,1,61411721,1:61411721:C:T,0.886599,15,1:61411706,chr1,61411706,61411706,rs2103883,NFIA,2,Zheng,NFIA_locus0,1:61411706
1,61411706,1:61411706:A:G,1,61413966,1:61413966:ATTGTTTTT:A,0.877457,2260,1:61411706,chr1,61411706,61411706,rs2103883,NFIA,2,Zheng,NFIA_locus0,1:61411706
1,61411706,1:61411706:A:G,1,61415840,1:61415840:C:T,0.872316,4134,1:61411706,chr1,61411706,61411706,rs2103883,NFIA,2,Zheng,NFIA_locus0,1:61411706
1,78157942,1:78157942:C:T,1,78157942,1:78157942:C:T,1.0,0,1:78157942,chr1,78157942,78157942,rs17391694,NEXN,4,Zheng,NEXN_locus0,1:78157942
1,155768253,1:155768253:A:G,1,155363203,1:155363203:G:A,0.834749,405050,1:155768253,chr1,155768253,155768253,rs12081192,GON4L,4,Zheng,GON4L_locus0,1:155768253
1,155768253,1:155768253:A:G,1,155364745,1:155364745:G:A,0.834749,403508,1:155768253,chr1,155768253,155768253,rs12081192,GON4L,4,Zheng,GON4L_locus0,1:155768253
1,155768253,1:155768253:A:G,1,155365372,1:155365372:ATTTTTT:A,0.834749,402881,1:155768253,chr1,155768253,155768253,rs12081192,GON4L,4,Zheng,GON4L_locus0,1:155768253
1,155768253,1:155768253:A:G,1,155365620,1:155365620:A:T,0.834749,402633,1:155768253,chr1,155768253,155768253,rs12081192,GON4L,4,Zheng,GON4L_locus0,1:155768253
1,155768253,1:155768253:A:G,1,155367547,1:155367547:T:C,0.834749,400706,1:155768253,chr1,155768253,155768253,rs12081192,GON4L,4,Zheng,GON4L_locus0,1:155768253
1,155768253,1:155768253:A:G,1,155375252,1:155375252:A:G,0.834749,393001,1:155768253,chr1,155768253,155768253,rs12081192,GON4L,4,Zheng,GON4L_locus0,1:155768253
1,155768253,1:155768253:A:G,1,155375798,1:155375798:CA:C,0.834749,392455,1:155768253,chr1,155768253,155768253,rs12081192,GON4L,4,Zheng,GON4L_locus0,1:155768253
1,155768253,1:155768253:A:G,1,155376951,1:155376951:A:G,0.834749,391302,1:155768253,chr1,155768253,155768253,rs12081192,GON4L,4,Zheng,GON4L_locus0,1:155768253
1,155768253,1:155768253:A:G,1,155387818,1:155387818:G:A,0.834749,380435,1:155768253,chr1,155768253,155768253,rs12081192,GON4L,4,Zheng,GON4L_locus0,1:155768253
1,155768253,1:155768253:A:G,1,155389191,1:155389191:A:G,0.834749,379062,1:155768253,chr1,155768253,155768253,rs12081192,GON4L,4,Zheng,GON4L_locus0,1:155768253
1,155768253,1:155768253:A:G,1,155389659,1:155389659:C:T,0.834749,378594,1:155768253,chr1,155768253,155768253,rs12081192,GON4L,4,Zheng,GON4L_locus0,1:155768253
1,155768253,1:155768253:A:G,1,155390212,1:155390212:TATAA:T,0.834749,378041,1:155768253,chr1,155768253,155768253,rs12081192,GON4L,4,Zheng,GON4L_locus0,1:155768253
1,155768253,1:155768253:A:G,1,155390787,1:155390787:G:A,0.834749,377466,1:155768253,chr1,155768253,155768253,rs12081192,GON4L,4,Zheng,GON4L_locus0,1:155768253
1,155768253,1:155768253:A:G,1,155394536,1:155394536:T:C,0.834749,373717,1:155768253,chr1,155768253,155768253,rs12081192,GON4L,4,Zheng,GON4L_locus0,1:155768253
1,155768253,1:155768253:A:G,1,155399511,1:155399511:C:T,0.821483,368742,1:155768253,chr1,155768253,155768253,rs12081192,GON4L,4,Zheng,GON4L_locus0,1:155768253
1,155768253,1:155768253:A:G,1,155401656,1:155401656:T:C,0.834749,366597,1:155768253,chr1,155768253,155768253,rs12081192,GON4L,4,Zheng,GON4L_locus0,1:155768253
1,155768253,1:155768253:A:G,1,155410555,1:155410555:T:TG,0.834749,357698,1:155768253,chr1,155768253,155768253,rs12081192,GON4L,4,Zheng,GON4L_locus0,1:155768253
1,155768253,1:155768253:A:G,1,155412635,1:155412635:T:C,0.834749,355618,1:155768253,chr1,155768253,155768253,rs12081192,GON4L,4,Zheng,GON4L_locus0,1:155768253
1,155768253,1:155768253:A:G,1,155419897,1:155419897:C:T,0.834749,348356,1:155768253,chr1,155768253,155768253,rs12081192,GON4L,4,Zheng,GON4L_locus0,1:155768253
1,155768253,1:155768253:A:G,1,155428343,1:155428343:AG:A,0.834749,339910,1:155768253,chr1,155768253,155768253,rs12081192,GON4L,4,Zheng,GON4L_locus0,1:155768253
1,155768253,1:155768253:A:G,1,155431370,1:155431370:G:T,0.834749,336883,1:155768253,chr1,155768253,155768253,rs12081192,GON4L,4,Zheng,GON4L_locus0,1:155768253
1,155768253,1:155768253:A:G,1,155431469,1:155431469:T:C,0.834749,336784,1:155768253,chr1,155768253,155768253,rs12081192,GON4L,4,Zheng,GON4L_locus0,1:155768253
1,155768253,1:155768253:A:G,1,155437305,1:155437305:C:T,0.842094,330948,1:155768253,chr1,155768253,155768253,rs12081192,GON4L,4,Zheng,GON4L_locus0,1:155768253
1,155768253,1:155768253:A:G,1,155444938,1:155444938:T:C,0.842094,323315,1:155768253,chr1,155768253,155768253,rs12081192,GON4L,4,Zheng,GON4L_locus0,1:155768253
1,155768253,1:155768253:A:G,1,155451721,1:155451721:A:C,0.834749,316532,1:155768253,chr1,155768253,155768253,rs12081192,GON4L,4,Zheng,GON4L_locus0,1:155768253
1,155768253,1:155768253:A:G,1,155454274,1:155454274:T:C,0.834749,313979,1:155768253,chr1,155768253,155768253,rs12081192,GON4L,4,Zheng,GON4L_locus0,1:155768253
1,155768253,1:155768253:A:G,1,155455470,1:155455470:AAT:A,0.834749,312783,1:155768253,chr1,155768253,155768253,rs12081192,GON4L,4,Zheng,GON4L_locus0,1:155768253
1,155768253,1:155768253:A:G,1,155457897,1:155457897:G:A,0.834749,310356,1:155768253,chr1,155768253,155768253,rs12081192,GON4L,4,Zheng,GON4L_locus0,1:155768253
1,155768253,1:155768253:A:G,1,155458685,1:155458685:C:A,0.821483,309568,1:155768253,chr1,155768253,155768253,rs12081192,GON4L,4,Zheng,GON4L_locus0,1:155768253
1,155768253,1:155768253:A:G,1,155459699,1:155459699:A:T,0.834749,308554,1:155768253,chr1,155768253,155768253,rs12081192,GON4L,4,Zheng,GON4L_locus0,1:155768253
1,155768253,1:155768253:A:G,1,155459934,1:155459934:A:C,0.834749,308319,1:155768253,chr1,155768253,155768253,rs12081192,GON4L,4,Zheng,GON4L_locus0,1:155768253
1,155768253,1:155768253:A:G,1,155461380,1:155461380:CGTT:C,0.834749,306873,1:155768253,chr1,155768253,155768253,rs12081192,GON4L,4,Zheng,GON4L_locus0,1:155768253
1,155768253,1:155768253:A:G,1,155461802,1:155461802:G:GT,0.813452,306451,1:155768253,chr1,155768253,155768253,rs12081192,GON4L,4,Zheng,GON4L_locus0,1:155768253
1,155768253,1:155768253:A:G,1,155467878,1:155467878:C:T,0.834749,300375,1:155768253,chr1,155768253,155768253,rs12081192,GON4L,4,Zheng,GON4L_locus0,1:155768253
1,155768253,1:155768253:A:G,1,155469271,1:155469271:T:C,0.834749,298982,1:155768253,chr1,155768253,155768253,rs12081192,GON4L,4,Zheng,GON4L_locus0,1:155768253
1,155768253,1:155768253:A:G,1,155496993,1:155496993:C:G,0.834749,271260,1:155768253,chr1,155768253,155768253,rs12081192,GON4L,4,Zheng,GON4L_locus0,1:155768253
1,155768253,1:155768253:A:G,1,155498941,1:155498941:A:C,0.834749,269312,1:155768253,chr1,155768253,155768253,rs12081192,GON4L,4,Zheng,GON4L_locus0,1:155768253
1,155768253,1:155768253:A:G,1,155536176,1:155536176:G:A,0.834749,232077,1:155768253,chr1,155768253,155768253,rs12081192,GON4L,4,Zheng,GON4L_locus0,1:155768253
1,155768253,1:155768253:A:G,1,155537752,1:155537752:T:A,0.840376,230501,1:155768253,chr1,155768253,155768253,rs12081192,GON4L,4,Zheng,GON4L_locus0,1:155768253
1,155768253,1:155768253:A:G,1,155538641,1:155538643:CT:C,0.800479,229612,1:155768253,chr1,155768253,155768253,rs12081192,GON4L,4,Zheng,GON4L_locus0,1:155768253
1,155768253,1:155768253:A:G,1,155539316,1:155539316:C:T,0.826747,228937,1:155768253,chr1,155768253,155768253,rs12081192,GON4L,4,Zheng,GON4L_locus0,1:155768253
1,155768253,1:155768253:A:G,1,155545786,1:155545786:T:C,0.826747,222467,1:155768253,chr1,155768253,155768253,rs12081192,GON4L,4,Zheng,GON4L_locus0,1:155768253
1,155768253,1:155768253:A:G,1,155550027,1:155550027:CT:C,0.821483,218226,1:155768253,chr1,155768253,155768253,rs12081192,GON4L,4,Zheng,GON4L_locus0,1:155768253
1,155768253,1:155768253:A:G,1,155550353,1:155550353:T:C,0.826747,217900,1:155768253,chr1,155768253,155768253,rs12081192,GON4L,4,Zheng,GON4L_locus0,1:155768253
1,155768253,1:155768253:A:G,1,155551443,1:155551443:G:A,0.834749,216810,1:155768253,chr1,155768253,155768253,rs12081192,GON4L,4,Zheng,GON4L_locus0,1:155768253
1,155768253,1:155768253:A:G,1,155552781,1:155552781:T:C,0.813452,215472,1:155768253,chr1,155768253,155768253,rs12081192,GON4L,4,Zheng,GON4L_locus0,1:155768253
1,155768253,1:155768253:A:G,1,155557222,1:155557222:T:G,0.826747,211031,1:155768253,chr1,155768253,155768253,rs12081192,GON4L,4,Zheng,GON4L_locus0,1:155768253
1,155768253,1:155768253:A:G,1,155566646,1:155566646:A:G,0.834749,201607,1:155768253,chr1,155768253,155768253,rs12081192,GON4L,4,Zheng,GON4L_locus0,1:155768253
1,155768253,1:155768253:A:G,1,155570869,1:155570869:T:G,0.826747,197384,1:155768253,chr1,155768253,155768253,rs12081192,GON4L,4,Zheng,GON4L_locus0,1:155768253
1,155768253,1:155768253:A:G,1,155573151,1:155573151:A:G,0.826747,195102,1:155768253,chr1,155768253,155768253,rs12081192,GON4L,4,Zheng,GON4L_locus0,1:155768253
1,155768253,1:155768253:A:G,1,155574465,1:155574465:T:C,0.826747,193788,1:155768253,chr1,155768253,155768253,rs12081192,GON4L,4,Zheng,GON4L_locus0,1:155768253
1,155768253,1:155768253:A:G,1,155575555,1:155575555:C:T,0.826747,192698,1:155768253,chr1,155768253,155768253,rs12081192,GON4L,4,Zheng,GON4L_locus0,1:155768253
1,155768253,1:155768253:A:G,1,155582693,1:155582693:C:T,0.826747,185560,1:155768253,chr1,155768253,155768253,rs12081192,GON4L,4,Zheng,GON4L_locus0,1:155768253
1,155768253,1:155768253:A:G,1,155588874,1:155588874:G:T,0.827223,179379,1:155768253,chr1,155768253,155768253,rs12081192,GON4L,4,Zheng,GON4L_locus0,1:155768253
1,155768253,1:155768253:A:G,1,155589379,1:155589379:G:T,0.834749,178874,1:155768253,chr1,155768253,155768253,rs12081192,GON4L,4,Zheng,GON4L_locus0,1:155768253
1,155768253,1:155768253:A:G,1,155592576,1:155592576:T:C,0.834749,175677,1:155768253,chr1,155768253,155768253,rs12081192,GON4L,4,Zheng,GON4L_locus0,1:155768253
1,155768253,1:155768253:A:G,1,155592792,1:155592792:T:C,0.834749,175461,1:155768253,chr1,155768253,155768253,rs12081192,GON4L,4,Zheng,GON4L_locus0,1:155768253
1,155768253,1:155768253:A:G,1,155593361,1:155593361:C:A,0.834749,174892,1:155768253,chr1,155768253,155768253,rs12081192,GON4L,4,Zheng,GON4L_locus0,1:155768253
1,155768253,1:155768253:A:G,1,155601818,1:155601818:A:G,0.858604,166435,1:155768253,chr1,155768253,155768253,rs12081192,GON4L,4,Zheng,GON4L_locus0,1:155768253
1,155768253,1:155768253:A:G,1,155604680,1:155604680:C:A,0.858604,163573,1:155768253,chr1,155768253,155768253,rs12081192,GON4L,4,Zheng,GON4L_locus0,1:155768253
1,155768253,1:155768253:A:G,1,155605258,1:155605258:CACAAA:C,0.843604,162995,1:155768253,chr1,155768253,155768253,rs12081192,GON4L,4,Zheng,GON4L_locus0,1:155768253
1,155768253,1:155768253:A:G,1,155608258,1:155608258:C:G,0.858604,159995,1:155768253,chr1,155768253,155768253,rs12081192,GON4L,4,Zheng,GON4L_locus0,1:155768253
1,155768253,1:155768253:A:G,1,155611520,1:155611520:T:C,0.858604,156733,1:155768253,chr1,155768253,155768253,rs12081192,GON4L,4,Zheng,GON4L_locus0,1:155768253
1,155768253,1:155768253:A:G,1,155616653,1:155616653:T:G,0.858604,151600,1:155768253,chr1,155768253,155768253,rs12081192,GON4L,4,Zheng,GON4L_locus0,1:155768253
1,155768253,1:155768253:A:G,1,155617244,1:155617244:C:CAGGCTCATG,0.851349,151009,1:155768253,chr1,155768253,155768253,rs12081192,GON4L,4,Zheng,GON4L_locus0,1:155768253
1,155768253,1:155768253:A:G,1,155620001,1:155620001:G:T,0.817428,148252,1:155768253,chr1,155768253,155768253,rs12081192,GON4L,4,Zheng,GON4L_locus0,1:155768253
1,155768253,1:155768253:A:G,1,155636433,1:155636433:G:A,0.865376,131820,1:155768253,chr1,155768253,155768253,rs12081192,GON4L,4,Zheng,GON4L_locus0,1:155768253
1,155768253,1:155768253:A:G,1,155637138,1:155637138:C:T,0.865376,131115,1:155768253,chr1,155768253,155768253,rs12081192,GON4L,4,Zheng,GON4L_locus0,1:155768253
1,155768253,1:155768253:A:G,1,155641208,1:155641208:G:A,0.865376,127045,1:155768253,chr1,155768253,155768253,rs12081192,GON4L,4,Zheng,GON4L_locus0,1:155768253
1,155768253,1:155768253:A:G,1,155641694,1:155641694:G:C,0.865376,126559,1:155768253,chr1,155768253,155768253,rs12081192,GON4L,4,Zheng,GON4L_locus0,1:155768253
1,155768253,1:155768253:A:G,1,155642056,1:155642056:G:T,0.865376,126197,1:155768253,chr1,155768253,155768253,rs12081192,GON4L,4,Zheng,GON4L_locus0,1:155768253
1,155768253,1:155768253:A:G,1,155644454,1:155644454:C:T,0.865376,123799,1:155768253,chr1,155768253,155768253,rs12081192,GON4L,4,Zheng,GON4L_locus0,1:155768253
1,155768253,1:155768253:A:G,1,155644708,1:155644708:C:T,0.865376,123545,1:155768253,chr1,155768253,155768253,rs12081192,GON4L,4,Zheng,GON4L_locus0,1:155768253
1,155768253,1:155768253:A:G,1,155645024,1:155645024:A:C,0.857097,123229,1:155768253,chr1,155768253,155768253,rs12081192,GON4L,4,Zheng,GON4L_locus0,1:155768253
1,155768253,1:155768253:A:G,1,155648839,1:155648839:G:A,0.865376,119414,1:155768253,chr1,155768253,155768253,rs12081192,GON4L,4,Zheng,GON4L_locus0,1:155768253
1,155768253,1:155768253:A:G,1,155655153,1:155655153:G:A,0.865376,113100,1:155768253,chr1,155768253,155768253,rs12081192,GON4L,4,Zheng,GON4L_locus0,1:155768253
1,155768253,1:155768253:A:G,1,155655811,1:155655811:G:T,0.865376,112442,1:155768253,chr1,155768253,155768253,rs12081192,GON4L,4,Zheng,GON4L_locus0,1:155768253
1,155768253,1:155768253:A:G,1,155660961,1:155660961:A:G,0.865376,107292,1:155768253,chr1,155768253,155768253,rs12081192,GON4L,4,Zheng,GON4L_locus0,1:155768253
1,155768253,1:155768253:A:G,1,155662541,1:155662541:A:AC,0.865376,105712,1:155768253,chr1,155768253,155768253,rs12081192,GON4L,4,Zheng,GON4L_locus0,1:155768253
1,155768253,1:155768253:A:G,1,155663369,1:155663369:CA:C,0.844681,104884,1:155768253,chr1,155768253,155768253,rs12081192,GON4L,4,Zheng,GON4L_locus0,1:155768253
1,155768253,1:155768253:A:G,1,155663516,1:155663516:T:C,0.865376,104737,1:155768253,chr1,155768253,155768253,rs12081192,GON4L,4,Zheng,GON4L_locus0,1:155768253
1,155768253,1:155768253:A:G,1,155664008,1:155664008:TA:T,0.865376,104245,1:155768253,chr1,155768253,155768253,rs12081192,GON4L,4,Zheng,GON4L_locus0,1:155768253
1,155768253,1:155768253:A:G,1,155665166,1:155665166:T:C,0.865376,103087,1:155768253,chr1,155768253,155768253,rs12081192,GON4L,4,Zheng,GON4L_locus0,1:155768253
1,155768253,1:155768253:A:G,1,155666130,1:155666130:A:AT,0.8581,102123,1:155768253,chr1,155768253,155768253,rs12081192,GON4L,4,Zheng,GON4L_locus0,1:155768253
1,155768253,1:155768253:A:G,1,155667903,1:155667904:AATAC:A,0.865376,100350,1:155768253,chr1,155768253,155768253,rs12081192,GON4L,4,Zheng,GON4L_locus0,1:155768253
1,155768253,1:155768253:A:G,1,155673612,1:155673612:C:T,0.865376,94641,1:155768253,chr1,155768253,155768253,rs12081192,GON4L,4,Zheng,GON4L_locus0,1:155768253
1,155768253,1:155768253:A:G,1,155673927,1:155673927:C:T,0.851916,94326,1:155768253,chr1,155768253,155768253,rs12081192,GON4L,4,Zheng,GON4L_locus0,1:155768253
1,155768253,1:155768253:A:G,1,155674131,1:155674131:A:G,0.865376,94122,1:155768253,chr1,155768253,155768253,rs12081192,GON4L,4,Zheng,GON4L_locus0,1:155768253
1,155768253,1:155768253:A:G,1,155674160,1:155674164:CAAAAAAAAA:C,0.835643,94093,1:155768253,chr1,155768253,155768253,rs12081192,GON4L,4,Zheng,GON4L_locus0,1:155768253
1,155768253,1:155768253:A:G,1,155680036,1:155680036:G:C,0.865376,88217,1:155768253,chr1,155768253,155768253,rs12081192,GON4L,4,Zheng,GON4L_locus0,1:155768253
1,155768253,1:155768253:A:G,1,155680181,1:155680183:CAA:C,0.843604,88072,1:155768253,chr1,155768253,155768253,rs12081192,GON4L,4,Zheng,GON4L_locus0,1:155768253
1,155768253,1:155768253:A:G,1,155681842,1:155681842:AT:A,0.801129,86411,1:155768253,chr1,155768253,155768253,rs12081192,GON4L,4,Zheng,GON4L_locus0,1:155768253
1,155768253,1:155768253:A:G,1,155682290,1:155682290:T:A,0.865376,85963,1:155768253,chr1,155768253,155768253,rs12081192,GON4L,4,Zheng,GON4L_locus0,1:155768253
1,155768253,1:155768253:A:G,1,155682607,1:155682607:T:C,0.865376,85646,1:155768253,chr1,155768253,155768253,rs12081192,GON4L,4,Zheng,GON4L_locus0,1:155768253
1,155768253,1:155768253:A:G,1,155683762,1:155683762:T:TA,0.865376,84491,1:155768253,chr1,155768253,155768253,rs12081192,GON4L,4,Zheng,GON4L_locus0,1:155768253
1,155768253,1:155768253:A:G,1,155687002,1:155687002:C:T,0.8581,81251,1:155768253,chr1,155768253,155768253,rs12081192,GON4L,4,Zheng,GON4L_locus0,1:155768253
1,155768253,1:155768253:A:G,1,155710658,1:155710658:T:C,0.976895,57595,1:155768253,chr1,155768253,155768253,rs12081192,GON4L,4,Zheng,GON4L_locus0,1:155768253
1,155768253,1:155768253:A:G,1,155711583,1:155711583:G:GT,0.976895,56670,1:155768253,chr1,155768253,155768253,rs12081192,GON4L,4,Zheng,GON4L_locus0,1:155768253
1,155768253,1:155768253:A:G,1,155715528,1:155715528:AAGAG:A,0.803296,52725,1:155768253,chr1,155768253,155768253,rs12081192,GON4L,4,Zheng,GON4L_locus0,1:155768253
1,155768253,1:155768253:A:G,1,155728854,1:155728854:T:A,0.992224,39399,1:155768253,chr1,155768253,155768253,rs12081192,GON4L,4,Zheng,GON4L_locus0,1:155768253
1,155768253,1:155768253:A:G,1,155729971,1:155729971:T:G,0.976895,38282,1:155768253,chr1,155768253,155768253,rs12081192,GON4L,4,Zheng,GON4L_locus0,1:155768253
1,155768253,1:155768253:A:G,1,155737771,1:155737771:C:CA,0.881173,30482,1:155768253,chr1,155768253,155768253,rs12081192,GON4L,4,Zheng,GON4L_locus0,1:155768253
1,155768253,1:155768253:A:G,1,155739543,1:155739543:GTGTA:G,0.917199,28710,1:155768253,chr1,155768253,155768253,rs12081192,GON4L,4,Zheng,GON4L_locus0,1:155768253
1,155768253,1:155768253:A:G,1,155743305,1:155743305:C:CA,0.984459,24948,1:155768253,chr1,155768253,155768253,rs12081192,GON4L,4,Zheng,GON4L_locus0,1:155768253
1,155768253,1:155768253:A:G,1,155743859,1:155743859:T:G,0.992224,24394,1:155768253,chr1,155768253,155768253,rs12081192,GON4L,4,Zheng,GON4L_locus0,1:155768253
1,155768253,1:155768253:A:G,1,155745850,1:155745850:G:A,0.860309,22403,1:155768253,chr1,155768253,155768253,rs12081192,GON4L,4,Zheng,GON4L_locus0,1:155768253
1,155768253,1:155768253:A:G,1,155752766,1:155752766:G:A,0.992224,15487,1:155768253,chr1,155768253,155768253,rs12081192,GON4L,4,Zheng,GON4L_locus0,1:155768253
1,155768253,1:155768253:A:G,1,155764426,1:155764427:ATTTTTTTTT:A,0.984546,3827,1:155768253,chr1,155768253,155768253,rs12081192,GON4L,4,Zheng,GON4L_locus0,1:155768253
1,155768253,1:155768253:A:G,1,155765221,1:155765221:T:C,0.992224,3032,1:155768253,chr1,155768253,155768253,rs12081192,GON4L,4,Zheng,GON4L_locus0,1:155768253
1,155768253,1:155768253:A:G,1,155768253,1:155768253:A:G,1.0,0,1:155768253,chr1,155768253,155768253,rs12081192,GON4L,4,Zheng,GON4L_locus0,1:155768253
1,155768253,1:155768253:A:G,1,155775558,1:155775558:G:A,0.976805,7305,1:155768253,chr1,155768253,155768253,rs12081192,GON4L,4,Zheng,GON4L_locus0,1:155768253
1,155768253,1:155768253:A:G,1,155784657,1:155784657:C:T,0.992224,16404,1:155768253,chr1,155768253,155768253,rs12081192,GON4L,4,Zheng,GON4L_locus0,1:155768253
1,155768253,1:155768253:A:G,1,155790951,1:155790951:A:C,0.946437,22698,1:155768253,chr1,155768253,155768253,rs12081192,GON4L,4,Zheng,GON4L_locus0,1:155768253
1,155768253,1:155768253:A:G,1,155791717,1:155791717:A:G,0.961781,23464,1:155768253,chr1,155768253,155768253,rs12081192,GON4L,4,Zheng,GON4L_locus0,1:155768253
1,155768253,1:155768253:A:G,1,155808049,1:155808049:T:A,0.961781,39796,1:155768253,chr1,155768253,155768253,rs12081192,GON4L,4,Zheng,GON4L_locus0,1:155768253
1,155768253,1:155768253:A:G,1,155810523,1:155810523:C:T,0.961781,42270,1:155768253,chr1,155768253,155768253,rs12081192,GON4L,4,Zheng,GON4L_locus0,1:155768253
1,155768253,1:155768253:A:G,1,155810745,1:155810745:G:A,0.961781,42492,1:155768253,chr1,155768253,155768253,rs12081192,GON4L,4,Zheng,GON4L_locus0,1:155768253
1,155768253,1:155768253:A:G,1,155816773,1:155816776:T:TTA,0.815808,48520,1:155768253,chr1,155768253,155768253,rs12081192,GON4L,4,Zheng,GON4L_locus0,1:155768253
1,155768253,1:155768253:A:G,1,155818076,1:155818076:C:T,0.961781,49823,1:155768253,chr1,155768253,155768253,rs12081192,GON4L,4,Zheng,GON4L_locus0,1:155768253
1,155768253,1:155768253:A:G,1,155818865,1:155818865:G:A,0.961781,50612,1:155768253,chr1,155768253,155768253,rs12081192,GON4L,4,Zheng,GON4L_locus0,1:155768253
1,155768253,1:155768253:A:G,1,155819159,1:155819159:CGGGCAT:C,0.961781,50906,1:155768253,chr1,155768253,155768253,rs12081192,GON4L,4,Zheng,GON4L_locus0,1:155768253
1,155768253,1:155768253:A:G,1,155824687,1:155824687:T:C,0.961781,56434,1:155768253,chr1,155768253,155768253,rs12081192,GON4L,4,Zheng,GON4L_locus0,1:155768253
1,155768253,1:155768253:A:G,1,155828807,1:155828808:C:CA,0.863677,60554,1:155768253,chr1,155768253,155768253,rs12081192,GON4L,4,Zheng,GON4L_locus0,1:155768253
1,155768253,1:155768253:A:G,1,155849773,1:155849774:CAA:C,0.859948,81520,1:155768253,chr1,155768253,155768253,rs12081192,GON4L,4,Zheng,GON4L_locus0,1:155768253
1,155768253,1:155768253:A:G,1,155857755,1:155857755:T:C,0.961781,89502,1:155768253,chr1,155768253,155768253,rs12081192,GON4L,4,Zheng,GON4L_locus0,1:155768253
1,155768253,1:155768253:A:G,1,155858636,1:155858637:G:GTT,0.818349,90383,1:155768253,chr1,155768253,155768253,rs12081192,GON4L,4,Zheng,GON4L_locus0,1:155768253
1,155768253,1:155768253:A:G,1,155858703,1:155858704:AT:A,0.896413,90450,1:155768253,chr1,155768253,155768253,rs12081192,GON4L,4,Zheng,GON4L_locus0,1:155768253
1,155768253,1:155768253:A:G,1,155859720,1:155859720:C:T,0.961781,91467,1:155768253,chr1,155768253,155768253,rs12081192,GON4L,4,Zheng,GON4L_locus0,1:155768253
1,155768253,1:155768253:A:G,1,155873465,1:155873465:T:G,0.832335,105212,1:155768253,chr1,155768253,155768253,rs12081192,GON4L,4,Zheng,GON4L_locus0,1:155768253
1,179423728,1:179423728:G:A,1,179335214,1:179335214:G:A,0.90589,88514,1:179423728,chr1,179423728,179423728,rs61822778,AXDND1,2,Zheng,AXDND1_locus0,1:179423728
1,179423728,1:179423728:G:A,1,179354893,1:179354893:G:A,0.90589,68835,1:179423728,chr1,179423728,179423728,rs61822778,AXDND1,2,Zheng,AXDND1_locus0,1:179423728
1,179423728,1:179423728:G:A,1,179368664,1:179368664:T:G,0.90589,55064,1:179423728,chr1,179423728,179423728,rs61822778,AXDND1,2,Zheng,AXDND1_locus0,1:179423728
1,179423728,1:179423728:G:A,1,179377153,1:179377153:A:G,0.90589,46575,1:179423728,chr1,179423728,179423728,rs61822778,AXDND1,2,Zheng,AXDND1_locus0,1:179423728
1,179423728,1:179423728:G:A,1,179377163,1:179377163:C:T,0.90589,46565,1:179423728,chr1,179423728,179423728,rs61822778,AXDND1,2,Zheng,AXDND1_locus0,1:179423728
1,179423728,1:179423728:G:A,1,179404363,1:179404364:A:T,0.90589,19365,1:179423728,chr1,179423728,179423728,rs61822778,AXDND1,2,Zheng,AXDND1_locus0,1:179423728
1,179423728,1:179423728:G:A,1,179423728,1:179423728:G:A,1.0,0,1:179423728,chr1,179423728,179423728,rs61822778,AXDND1,2,Zheng,AXDND1_locus0,1:179423728
1,179423728,1:179423728:G:A,1,179461983,1:179461983:A:G,1.0,38255,1:179423728,chr1,179423728,179423728,rs61822778,AXDND1,2,Zheng,AXDND1_locus0,1:179423728
1,179423728,1:179423728:G:A,1,179492842,1:179492842:C:T,0.840174,69114,1:179423728,chr1,179423728,179423728,rs61822778,AXDND1,2,Zheng,AXDND1_locus0,1:179423728
1,211933964,1:211933964:C:T,1,211930260,1:211930260:C:CT,0.940716,3704,1:211933964,chr1,211933964,211933964,rs17699790,DTL,3,Jurgens,DTL_locus0,1:211933964
1,211933964,1:211933964:C:T,1,211933964,1:211933964:C:T,1.0,0,1:211933964,chr1,211933964,211933964,rs17699790,DTL,3,Jurgens,DTL_locus0,1:211933964
1,211933964,1:211933964:C:T,1,211939558,1:211939558:CA:C,0.885534,5594,1:211933964,chr1,211933964,211933964,rs17699790,DTL,3,Jurgens,DTL_locus0,1:211933964
1,211933964,1:211933964:C:T,1,211941320,1:211941320:A:G,1.0,7356,1:211933964,chr1,211933964,211933964,rs17699790,DTL,3,Jurgens,DTL_locus0,1:211933964
1,211933964,1:211933964:C:T,1,211941321,1:211941321:G:A,1.0,7357,1:211933964,chr1,211933964,211933964,rs17699790,DTL,3,Jurgens,DTL_locus0,1:211933964
1,211933964,1:211933964:C:T,1,211941324,1:211941324:C:G,1.0,7360,1:211933964,chr1,211933964,211933964,rs17699790,DTL,3,Jurgens,DTL_locus0,1:211933964
1,211933964,1:211933964:C:T,1,211948068,1:211948068:T:C,1.0,14104,1:211933964,chr1,211933964,211933964,rs17699790,DTL,3,Jurgens,DTL_locus0,1:211933964
1,211933964,1:211933964:C:T,1,211954111,1:211954111:A:T,1.0,20147,1:211933964,chr1,211933964,211933964,rs17699790,DTL,3,Jurgens,DTL_locus0,1:211933964
1,211933964,1:211933964:C:T,1,211956129,1:211956129:T:G,1.0,22165,1:211933964,chr1,211933964,211933964,rs17699790,DTL,3,Jurgens,DTL_locus0,1:211933964
1,211933964,1:211933964:C:T,1,211956808,1:211956808:A:G,1.0,22844,1:211933964,chr1,211933964,211933964,rs17699790,DTL,3,Jurgens,DTL_locus0,1:211933964
1,211933964,1:211933964:C:T,1,211957531,1:211957531:G:C,0.80236,23567,1:211933964,chr1,211933964,211933964,rs17699790,DTL,3,Jurgens,DTL_locus0,1:211933964
1,211933964,1:211933964:C:T,1,211964632,1:211964632:A:G,1.0,30668,1:211933964,chr1,211933964,211933964,rs17699790,DTL,3,Jurgens,DTL_locus0,1:211933964
1,211933964,1:211933964:C:T,1,211969722,1:211969722:A:AT,0.847426,35758,1:211933964,chr1,211933964,211933964,rs17699790,DTL,3,Jurgens,DTL_locus0,1:211933964
1,211933964,1:211933964:C:T,1,211971884,1:211971884:C:A,1.0,37920,1:211933964,chr1,211933964,211933964,rs17699790,DTL,3,Jurgens,DTL_locus0,1:211933964
1,211933964,1:211933964:C:T,1,211983855,1:211983855:G:GT,0.80236,49891,1:211933964,chr1,211933964,211933964,rs17699790,DTL,3,Jurgens,DTL_locus0,1:211933964
1,211933964,1:211933964:C:T,1,211985374,1:211985374:A:C,0.80236,51410,1:211933964,chr1,211933964,211933964,rs17699790,DTL,3,Jurgens,DTL_locus0,1:211933964
1,211933964,1:211933964:C:T,1,211987318,1:211987318:C:A,0.993267,53354,1:211933964,chr1,211933964,211933964,rs17699790,DTL,3,Jurgens,DTL_locus0,1:211933964
1,211933964,1:211933964:C:T,1,211990285,1:211990286:TAA:T,0.986536,56321,1:211933964,chr1,211933964,211933964,rs17699790,DTL,3,Jurgens,DTL_locus0,1:211933964
1,211933964,1:211933964:C:T,1,211993848,1:211993848:G:A,0.80236,59884,1:211933964,chr1,211933964,211933964,rs17699790,DTL,3,Jurgens,DTL_locus0,1:211933964
1,211933964,1:211933964:C:T,1,211997528,1:211997528:G:GA,0.805534,63564,1:211933964,chr1,211933964,211933964,rs17699790,DTL,3,Jurgens,DTL_locus0,1:211933964
1,211933964,1:211933964:C:T,1,212003423,1:212003423:G:C,1.0,69459,1:211933964,chr1,211933964,211933964,rs17699790,DTL,3,Jurgens,DTL_locus0,1:211933964
1,211933964,1:211933964:C:T,1,212004670,1:212004670:T:C,1.0,70706,1:211933964,chr1,211933964,211933964,rs17699790,DTL,3,Jurgens,DTL_locus0,1:211933964
1,211933964,1:211933964:C:T,1,212008643,1:212008643:A:C,1.0,74679,1:211933964,chr1,211933964,211933964,rs17699790,DTL,3,Jurgens,DTL_locus0,1:211933964
1,211933964,1:211933964:C:T,1,212013782,1:212013782:C:T,1.0,79818,1:211933964,chr1,211933964,211933964,rs17699790,DTL,3,Jurgens,DTL_locus0,1:211933964
1,211933964,1:211933964:C:T,1,212014718,1:212014718:A:AT,1.0,80754,1:211933964,chr1,211933964,211933964,rs17699790,DTL,3,Jurgens,DTL_locus0,1:211933964
1,211933964,1:211933964:C:T,1,212022869,1:212022869:T:C,1.0,88905,1:211933964,chr1,211933964,211933964,rs17699790,DTL,3,Jurgens,DTL_locus0,1:211933964
1,211933964,1:211933964:C:T,1,212036025,1:212036025:T:TC,1.0,102061,1:211933964,chr1,211933964,211933964,rs17699790,DTL,3,Jurgens,DTL_locus0,1:211933964
1,211933964,1:211933964:C:T,1,212037032,1:212037032:C:G,1.0,103068,1:211933964,chr1,211933964,211933964,rs17699790,DTL,3,Jurgens,DTL_locus0,1:211933964
1,211933964,1:211933964:C:T,1,212038134,1:212038134:A:G,1.0,104170,1:211933964,chr1,211933964,211933964,rs17699790,DTL,3,Jurgens,DTL_locus0,1:211933964
1,211933964,1:211933964:C:T,1,212045924,1:212045924:T:TTTG,0.826161,111960,1:211933964,chr1,211933964,211933964,rs17699790,DTL,3,Jurgens,DTL_locus0,1:211933964
1,211933964,1:211933964:C:T,1,212046609,1:212046609:A:G,1.0,112645,1:211933964,chr1,211933964,211933964,rs17699790,DTL,3,Jurgens,DTL_locus0,1:211933964
1,211933964,1:211933964:C:T,1,212051419,1:212051419:A:G,1.0,117455,1:211933964,chr1,211933964,211933964,rs17699790,DTL,3,Jurgens,DTL_locus0,1:211933964
1,211933964,1:211933964:C:T,1,212051604,1:212051604:G:T,0.97995,117640,1:211933964,chr1,211933964,211933964,rs17699790,DTL,3,Jurgens,DTL_locus0,1:211933964
1,211933964,1:211933964:C:T,1,212052002,1:212052002:G:A,1.0,118038,1:211933964,chr1,211933964,211933964,rs17699790,DTL,3,Jurgens,DTL_locus0,1:211933964
1,211933964,1:211933964:C:T,1,212052742,1:212052742:T:A,1.0,118778,1:211933964,chr1,211933964,211933964,rs17699790,DTL,3,Jurgens,DTL_locus0,1:211933964
1,211933964,1:211933964:C:T,1,212054407,1:212054407:C:A,0.97995,120443,1:211933964,chr1,211933964,211933964,rs17699790,DTL,3,Jurgens,DTL_locus0,1:211933964
1,211933964,1:211933964:C:T,1,212056129,1:212056129:T:C,1.0,122165,1:211933964,chr1,211933964,211933964,rs17699790,DTL,3,Jurgens,DTL_locus0,1:211933964
1,211933964,1:211933964:C:T,1,212057360,1:212057361:GAA:G,1.0,123396,1:211933964,chr1,211933964,211933964,rs17699790,DTL,3,Jurgens,DTL_locus0,1:211933964
1,211933964,1:211933964:C:T,1,212066143,1:212066143:T:C,0.993292,132179,1:211933964,chr1,211933964,211933964,rs17699790,DTL,3,Jurgens,DTL_locus0,1:211933964
1,211933964,1:211933964:C:T,1,212067883,1:212067883:T:C,1.0,133919,1:211933964,chr1,211933964,211933964,rs17699790,DTL,3,Jurgens,DTL_locus0,1:211933964
1,211933964,1:211933964:C:T,1,212072778,1:212072778:T:TA,0.993267,138814,1:211933964,chr1,211933964,211933964,rs17699790,DTL,3,Jurgens,DTL_locus0,1:211933964
1,211933964,1:211933964:C:T,1,212073846,1:212073846:T:C,1.0,139882,1:211933964,chr1,211933964,211933964,rs17699790,DTL,3,Jurgens,DTL_locus0,1:211933964
1,211933964,1:211933964:C:T,1,212074258,1:212074258:A:G,1.0,140294,1:211933964,chr1,211933964,211933964,rs17699790,DTL,3,Jurgens,DTL_locus0,1:211933964
1,211933964,1:211933964:C:T,1,212074981,1:212074981:C:G,1.0,141017,1:211933964,chr1,211933964,211933964,rs17699790,DTL,3,Jurgens,DTL_locus0,1:211933964
1,211933964,1:211933964:C:T,1,212076009,1:212076009:C:T,1.0,142045,1:211933964,chr1,211933964,211933964,rs17699790,DTL,3,Jurgens,DTL_locus0,1:211933964
1,211933964,1:211933964:C:T,1,212077478,1:212077478:T:C,1.0,143514,1:211933964,chr1,211933964,211933964,rs17699790,DTL,3,Jurgens,DTL_locus0,1:211933964
1,211933964,1:211933964:C:T,1,212079927,1:212079927:C:T,1.0,145963,1:211933964,chr1,211933964,211933964,rs17699790,DTL,3,Jurgens,DTL_locus0,1:211933964
1,211933964,1:211933964:C:T,1,212084534,1:212084534:T:C,1.0,150570,1:211933964,chr1,211933964,211933964,rs17699790,DTL,3,Jurgens,DTL_locus0,1:211933964
1,211933964,1:211933964:C:T,1,212089081,1:212089081:G:A,1.0,155117,1:211933964,chr1,211933964,211933964,rs17699790,DTL,3,Jurgens,DTL_locus0,1:211933964
1,211933964,1:211933964:C:T,1,212089875,1:212089875:C:T,0.993267,155911,1:211933964,chr1,211933964,211933964,rs17699790,DTL,3,Jurgens,DTL_locus0,1:211933964
1,211933964,1:211933964:C:T,1,212097077,1:212097077:A:C,1.0,163113,1:211933964,chr1,211933964,211933964,rs17699790,DTL,3,Jurgens,DTL_locus0,1:211933964
1,211933964,1:211933964:C:T,1,212099088,1:212099088:G:A,1.0,165124,1:211933964,chr1,211933964,211933964,rs17699790,DTL,3,Jurgens,DTL_locus0,1:211933964
1,211933964,1:211933964:C:T,1,212103765,1:212103765:T:G,1.0,169801,1:211933964,chr1,211933964,211933964,rs17699790,DTL,3,Jurgens,DTL_locus0,1:211933964
1,211933964,1:211933964:C:T,1,212103962,1:212103962:C:G,1.0,169998,1:211933964,chr1,211933964,211933964,rs17699790,DTL,3,Jurgens,DTL_locus0,1:211933964
1,211933964,1:211933964:C:T,1,212105914,1:212105914:T:A,1.0,171950,1:211933964,chr1,211933964,211933964,rs17699790,DTL,3,Jurgens,DTL_locus0,1:211933964
1,211933964,1:211933964:C:T,1,212116634,1:212116634:G:A,0.834544,182670,1:211933964,chr1,211933964,211933964,rs17699790,DTL,3,Jurgens,DTL_locus0,1:211933964
1,214109573,1:214109573:A:G,1,214096813,1:214096814:CAA:C,0.941765,12760,1:214109573,chr1,214109573,214109573,rs56740369,PROX1,2,Zheng,PROX1_locus0,1:214109573
1,214109573,1:214109573:A:G,1,214101416,1:214101416:T:C,0.971611,8157,1:214109573,chr1,214109573,214109573,rs56740369,PROX1,2,Zheng,PROX1_locus0,1:214109573
1,214109573,1:214109573:A:G,1,214101433,1:214101433:C:G,0.971611,8140,1:214109573,chr1,214109573,214109573,rs56740369,PROX1,2,Zheng,PROX1_locus0,1:214109573
1,214109573,1:214109573:A:G,1,214109573,1:214109573:A:G,1.0,0,1:214109573,chr1,214109573,214109573,rs56740369,PROX1,2,Zheng,PROX1_locus0,1:214109573
1,214111812,1:214111812:T:C,1,214085739,1:214085739:T:C,0.92406,26073,1:214111812,chr1,214111812,214111812,rs74139612,PROX1,3,Jurgens,PROX1_locus0,1:214111812
1,214111812,1:214111812:T:C,1,214100304,1:214100304:C:T,0.92406,11508,1:214111812,chr1,214111812,214111812,rs74139612,PROX1,3,Jurgens,PROX1_locus0,1:214111812
1,214111812,1:214111812:T:C,1,214101464,1:214101464:C:T,0.92406,10348,1:214111812,chr1,214111812,214111812,rs74139612,PROX1,3,Jurgens,PROX1_locus0,1:214111812
1,214111812,1:214111812:T:C,1,214103624,1:214103624:AG:A,0.92406,8188,1:214111812,chr1,214111812,214111812,rs74139612,PROX1,3,Jurgens,PROX1_locus0,1:214111812
1,214111812,1:214111812:T:C,1,214103820,1:214103820:G:A,0.92406,7992,1:214111812,chr1,214111812,214111812,rs74139612,PROX1,3,Jurgens,PROX1_locus0,1:214111812
1,214111812,1:214111812:T:C,1,214107516,1:214107516:A:C,0.92406,4296,1:214111812,chr1,214111812,214111812,rs74139612,PROX1,3,Jurgens,PROX1_locus0,1:214111812
1,214111812,1:214111812:T:C,1,214107731,1:214107731:A:AC,0.960674,4081,1:214111812,chr1,214111812,214111812,rs74139612,PROX1,3,Jurgens,PROX1_locus0,1:214111812
1,214111812,1:214111812:T:C,1,214111812,1:214111812:T:C,1.0,0,1:214111812,chr1,214111812,214111812,rs74139612,PROX1,3,Jurgens,PROX1_locus0,1:214111812
1,214111812,1:214111812:T:C,1,214111878,1:214111878:C:T,1.0,66,1:214111812,chr1,214111812,214111812,rs74139612,PROX1,3,Jurgens,PROX1_locus0,1:214111812
1,214111812,1:214111812:T:C,1,214111956,1:214111956:G:C,1.0,144,1:214111812,chr1,214111812,214111812,rs74139612,PROX1,3,Jurgens,PROX1_locus0,1:214111812
1,214111812,1:214111812:T:C,1,214113446,1:214113446:G:A,0.960674,1634,1:214111812,chr1,214111812,214111812,rs74139612,PROX1,3,Jurgens,PROX1_locus0,1:214111812
1,214111812,1:214111812:T:C,1,214113755,1:214113755:A:T,0.960674,1943,1:214111812,chr1,214111812,214111812,rs74139612,PROX1,3,Jurgens,PROX1_locus0,1:214111812
1,214111812,1:214111812:T:C,1,214113857,1:214113857:CT:C,0.960674,2045,1:214111812,chr1,214111812,214111812,rs74139612,PROX1,3,Jurgens,PROX1_locus0,1:214111812
1,214113446,1:214113446:G:A,1,214085739,1:214085739:T:C,0.887173,27707,1:214113446,chr1,214113446,214113446,rs74139615,PROX1,2,Zheng,PROX1_locus0,1:214113446
1,214113446,1:214113446:G:A,1,214100304,1:214100304:C:T,0.887173,13142,1:214113446,chr1,214113446,214113446,rs74139615,PROX1,2,Zheng,PROX1_locus0,1:214113446
1,214113446,1:214113446:G:A,1,214101464,1:214101464:C:T,0.887173,11982,1:214113446,chr1,214113446,214113446,rs74139615,PROX1,2,Zheng,PROX1_locus0,1:214113446
1,214113446,1:214113446:G:A,1,214103624,1:214103624:AG:A,0.887173,9822,1:214113446,chr1,214113446,214113446,rs74139615,PROX1,2,Zheng,PROX1_locus0,1:214113446
1,214113446,1:214113446:G:A,1,214103820,1:214103820:G:A,0.887173,9626,1:214113446,chr1,214113446,214113446,rs74139615,PROX1,2,Zheng,PROX1_locus0,1:214113446
1,214113446,1:214113446:G:A,1,214107516,1:214107516:A:C,0.887173,5930,1:214113446,chr1,214113446,214113446,rs74139615,PROX1,2,Zheng,PROX1_locus0,1:214113446
1,214113446,1:214113446:G:A,1,214107731,1:214107731:A:AC,0.922611,5715,1:214113446,chr1,214113446,214113446,rs74139615,PROX1,2,Zheng,PROX1_locus0,1:214113446
1,214113446,1:214113446:G:A,1,214111812,1:214111812:T:C,0.960674,1634,1:214113446,chr1,214113446,214113446,rs74139615,PROX1,2,Zheng,PROX1_locus0,1:214113446
1,214113446,1:214113446:G:A,1,214111878,1:214111878:C:T,0.960674,1568,1:214113446,chr1,214113446,214113446,rs74139615,PROX1,2,Zheng,PROX1_locus0,1:214113446
1,214113446,1:214113446:G:A,1,214111956,1:214111956:G:C,0.960674,1490,1:214113446,chr1,214113446,214113446,rs74139615,PROX1,2,Zheng,PROX1_locus0,1:214113446
1,214113446,1:214113446:G:A,1,214113446,1:214113446:G:A,1.0,0,1:214113446,chr1,214113446,214113446,rs74139615,PROX1,2,Zheng,PROX1_locus0,1:214113446
1,214113446,1:214113446:G:A,1,214113755,1:214113755:A:T,1.0,309,1:214113446,chr1,214113446,214113446,rs74139615,PROX1,2,Zheng,PROX1_locus0,1:214113446
1,214113446,1:214113446:G:A,1,214113857,1:214113857:CT:C,1.0,411,1:214113446,chr1,214113446,214113446,rs74139615,PROX1,2,Zheng,PROX1_locus0,1:214113446
1,214113446,1:214113446:G:A,1,214113890,1:214113890:A:C,0.804954,444,1:214113446,chr1,214113446,214113446,rs74139615,PROX1,2,Zheng,PROX1_locus0,1:214113446
1,228332681,1:228332681:G:A,1,228332215,1:228332215:C:T,1.0,466,1:228332681,chr1,228332681,228332681,rs429335,OBSCN,4,Jurgens,OBSCN_locus0,1:228332681
1,228332681,1:228332681:G:A,1,228332242,1:228332242:A:T,0.978134,439,1:228332681,chr1,228332681,228332681,rs429335,OBSCN,4,Jurgens,OBSCN_locus0,1:228332681
1,228332681,1:228332681:G:A,1,228332681,1:228332681:G:A,1.0,0,1:228332681,chr1,228332681,228332681,rs429335,OBSCN,4,Jurgens,OBSCN_locus0,1:228332681
1,228332681,1:228332681:G:A,1,228333062,1:228333062:G:A,1.0,381,1:228332681,chr1,228332681,228332681,rs429335,OBSCN,4,Jurgens,OBSCN_locus0,1:228332681
1,228332681,1:228332681:G:A,1,228333179,1:228333179:C:T,1.0,498,1:228332681,chr1,228332681,228332681,rs429335,OBSCN,4,Jurgens,OBSCN_locus0,1:228332681
1,228332681,1:228332681:G:A,1,228333272,1:228333272:C:G,1.0,591,1:228332681,chr1,228332681,228332681,rs429335,OBSCN,4,Jurgens,OBSCN_locus0,1:228332681
1,228332681,1:228332681:G:A,1,228334119,1:228334119:G:A,1.0,1438,1:228332681,chr1,228332681,228332681,rs429335,OBSCN,4,Jurgens,OBSCN_locus0,1:228332681
1,228332681,1:228332681:G:A,1,228334346,1:228334346:A:T,1.0,1665,1:228332681,chr1,228332681,228332681,rs429335,OBSCN,4,Jurgens,OBSCN_locus0,1:228332681
1,228332681,1:228332681:G:A,1,228335341,1:228335341:T:TG,1.0,2660,1:228332681,chr1,228332681,228332681,rs429335,OBSCN,4,Jurgens,OBSCN_locus0,1:228332681
1,228332681,1:228332681:G:A,1,228335747,1:228335747:G:A,1.0,3066,1:228332681,chr1,228332681,228332681,rs429335,OBSCN,4,Jurgens,OBSCN_locus0,1:228332681
1,228332681,1:228332681:G:A,1,228337218,1:228337218:G:A,1.0,4537,1:228332681,chr1,228332681,228332681,rs429335,OBSCN,4,Jurgens,OBSCN_locus0,1:228332681
1,228332681,1:228332681:G:A,1,228337260,1:228337260:C:A,1.0,4579,1:228332681,chr1,228332681,228332681,rs429335,OBSCN,4,Jurgens,OBSCN_locus0,1:228332681
1,228332681,1:228332681:G:A,1,228337926,1:228337926:C:A,1.0,5245,1:228332681,chr1,228332681,228332681,rs429335,OBSCN,4,Jurgens,OBSCN_locus0,1:228332681
1,228332681,1:228332681:G:A,1,228338571,1:228338571:G:A,1.0,5890,1:228332681,chr1,228332681,228332681,rs429335,OBSCN,4,Jurgens,OBSCN_locus0,1:228332681
1,228332681,1:228332681:G:A,1,228338785,1:228338785:G:A,1.0,6104,1:228332681,chr1,228332681,228332681,rs429335,OBSCN,4,Jurgens,OBSCN_locus0,1:228332681
1,228332681,1:228332681:G:A,1,228340711,1:228340711:G:A,1.0,8030,1:228332681,chr1,228332681,228332681,rs429335,OBSCN,4,Jurgens,OBSCN_locus0,1:228332681
1,228332681,1:228332681:G:A,1,228347383,1:228347383:C:T,1.0,14702,1:228332681,chr1,228332681,228332681,rs429335,OBSCN,4,Jurgens,OBSCN_locus0,1:228332681
1,228332681,1:228332681:G:A,1,228348157,1:228348157:CTCTTCTTCT:C,1.0,15476,1:228332681,chr1,228332681,228332681,rs429335,OBSCN,4,Jurgens,OBSCN_locus0,1:228332681
1,228332681,1:228332681:G:A,1,228350241,1:228350241:T:C,1.0,17560,1:228332681,chr1,228332681,228332681,rs429335,OBSCN,4,Jurgens,OBSCN_locus0,1:228332681
1,228332681,1:228332681:G:A,1,228351599,1:228351599:G:A,1.0,18918,1:228332681,chr1,228332681,228332681,rs429335,OBSCN,4,Jurgens,OBSCN_locus0,1:228332681
1,228332681,1:228332681:G:A,1,228372999,1:228372999:T:C,0.830807,40318,1:228332681,chr1,228332681,228332681,rs429335,OBSCN,4,Jurgens,OBSCN_locus0,1:228332681
1,228332681,1:228332681:G:A,1,228373289,1:228373289:G:A,0.825685,40608,1:228332681,chr1,228332681,228332681,rs429335,OBSCN,4,Jurgens,OBSCN_locus0,1:228332681
1,228364283,1:228364283:G:A,1,228307963,1:228307963:T:A,0.801268,56320,1:228364283,chr1,228364283,228364283,rs55756479,OBSCN,4,Zheng,OBSCN_locus0,1:228364283
1,228364283,1:228364283:G:A,1,228307995,1:228307995:T:C,0.801268,56288,1:228364283,chr1,228364283,228364283,rs55756479,OBSCN,4,Zheng,OBSCN_locus0,1:228364283
1,228364283,1:228364283:G:A,1,228309352,1:228309352:A:G,0.801268,54931,1:228364283,chr1,228364283,228364283,rs55756479,OBSCN,4,Zheng,OBSCN_locus0,1:228364283
1,228364283,1:228364283:G:A,1,228309769,1:228309769:A:G,0.801268,54514,1:228364283,chr1,228364283,228364283,rs55756479,OBSCN,4,Zheng,OBSCN_locus0,1:228364283
1,228364283,1:228364283:G:A,1,228312857,1:228312857:A:T,0.801268,51426,1:228364283,chr1,228364283,228364283,rs55756479,OBSCN,4,Zheng,OBSCN_locus0,1:228364283
1,228364283,1:228364283:G:A,1,228315976,1:228315976:A:G,0.801268,48307,1:228364283,chr1,228364283,228364283,rs55756479,OBSCN,4,Zheng,OBSCN_locus0,1:228364283
1,228364283,1:228364283:G:A,1,228316771,1:228316771:T:C,0.801268,47512,1:228364283,chr1,228364283,228364283,rs55756479,OBSCN,4,Zheng,OBSCN_locus0,1:228364283
1,228364283,1:228364283:G:A,1,228317000,1:228317000:G:GCTCC,0.801268,47283,1:228364283,chr1,228364283,228364283,rs55756479,OBSCN,4,Zheng,OBSCN_locus0,1:228364283
1,228364283,1:228364283:G:A,1,228317967,1:228317967:C:G,0.801268,46316,1:228364283,chr1,228364283,228364283,rs55756479,OBSCN,4,Zheng,OBSCN_locus0,1:228364283
1,228364283,1:228364283:G:A,1,228317998,1:228317998:T:C,0.801268,46285,1:228364283,chr1,228364283,228364283,rs55756479,OBSCN,4,Zheng,OBSCN_locus0,1:228364283
1,228364283,1:228364283:G:A,1,228321726,1:228321726:A:G,0.801268,42557,1:228364283,chr1,228364283,228364283,rs55756479,OBSCN,4,Zheng,OBSCN_locus0,1:228364283
1,228364283,1:228364283:G:A,1,228328471,1:228328471:A:C,0.801268,35812,1:228364283,chr1,228364283,228364283,rs55756479,OBSCN,4,Zheng,OBSCN_locus0,1:228364283
1,228364283,1:228364283:G:A,1,228332357,1:228332357:T:TC,0.801268,31926,1:228364283,chr1,228364283,228364283,rs55756479,OBSCN,4,Zheng,OBSCN_locus0,1:228364283
1,228364283,1:228364283:G:A,1,228335404,1:228335404:T:G,0.807715,28879,1:228364283,chr1,228364283,228364283,rs55756479,OBSCN,4,Zheng,OBSCN_locus0,1:228364283
1,228364283,1:228364283:G:A,1,228343112,1:228343112:G:A,0.814222,21171,1:228364283,chr1,228364283,228364283,rs55756479,OBSCN,4,Zheng,OBSCN_locus0,1:228364283
1,228364283,1:228364283:G:A,1,228344451,1:228344451:T:G,0.807715,19832,1:228364283,chr1,228364283,228364283,rs55756479,OBSCN,4,Zheng,OBSCN_locus0,1:228364283
1,228364283,1:228364283:G:A,1,228353896,1:228353896:G:A,0.814222,10387,1:228364283,chr1,228364283,228364283,rs55756479,OBSCN,4,Zheng,OBSCN_locus0,1:228364283
1,228364283,1:228364283:G:A,1,228360200,1:228360200:C:T,0.81981,4083,1:228364283,chr1,228364283,228364283,rs55756479,OBSCN,4,Zheng,OBSCN_locus0,1:228364283
1,228364283,1:228364283:G:A,1,228363389,1:228363389:C:T,1.0,894,1:228364283,chr1,228364283,228364283,rs55756479,OBSCN,4,Zheng,OBSCN_locus0,1:228364283
1,228364283,1:228364283:G:A,1,228363787,1:228363787:G:A,0.929142,496,1:228364283,chr1,228364283,228364283,rs55756479,OBSCN,4,Zheng,OBSCN_locus0,1:228364283
1,228364283,1:228364283:G:A,1,228363816,1:228363816:G:A,1.0,467,1:228364283,chr1,228364283,228364283,rs55756479,OBSCN,4,Zheng,OBSCN_locus0,1:228364283
1,228364283,1:228364283:G:A,1,228364283,1:228364283:G:A,1.0,0,1:228364283,chr1,228364283,228364283,rs55756479,OBSCN,4,Zheng,OBSCN_locus0,1:228364283
1,228364283,1:228364283:G:A,1,228369087,1:228369087:C:T,0.97106,4804,1:228364283,chr1,228364283,228364283,rs55756479,OBSCN,4,Zheng,OBSCN_locus0,1:228364283
1,236688982,1:236688982:A:T,1,236688982,1:236688982:A:T,1.0,0,1:236688982,chr1,236688982,236688982,rs12724121,ACTN2,5,Zheng,ACTN2_locus0,1:236688982
1,236688982,1:236688982:A:T,1,236689867,1:236689867:G:A,0.992964,885,1:236688982,chr1,236688982,236688982,rs12724121,ACTN2,5,Zheng,ACTN2_locus0,1:236688982
1,236689867,1:236689867:G:A,1,236688982,1:236688982:A:T,0.992964,885,1:236689867,chr1,236689867,236689867,rs4659701,ACTN2,4,both,ACTN2_locus0,1:236689867
1,236689867,1:236689867:G:A,1,236689867,1:236689867:G:A,1.0,0,1:236689867,chr1,236689867,236689867,rs4659701,ACTN2,4,both,ACTN2_locus0,1:236689867
2,11415980,2:11415980:G:A,2,11415777,2:11415777:T:A,0.992468,203,2:11415980,chr2,11415980,11415980,rs3922995,LINC00570,2,Zheng,LINC00570_locus0,2:11415980
2,11415980,2:11415980:G:A,2,11415980,2:11415980:G:A,1.0,0,2:11415980,chr2,11415980,11415980,rs3922995,LINC00570,2,Zheng,LINC00570_locus0,2:11415980
2,11415980,2:11415980:G:A,2,11416273,2:11416273:A:G,0.992468,293,2:11415980,chr2,11415980,11415980,rs3922995,LINC00570,2,Zheng,LINC00570_locus0,2:11415980
2,11415980,2:11415980:G:A,2,11416418,2:11416418:G:A,1.0,438,2:11415980,chr2,11415980,11415980,rs3922995,LINC00570,2,Zheng,LINC00570_locus0,2:11415980
2,11415980,2:11415980:G:A,2,11416591,2:11416591:C:CTA,0.897696,611,2:11415980,chr2,11415980,11415980,rs3922995,LINC00570,2,Zheng,LINC00570_locus0,2:11415980
2,11415980,2:11415980:G:A,2,11417284,2:11417284:G:A,1.0,1304,2:11415980,chr2,11415980,11415980,rs3922995,LINC00570,2,Zheng,LINC00570_locus0,2:11415980
2,11415980,2:11415980:G:A,2,11417674,2:11417674:G:A,1.0,1694,2:11415980,chr2,11415980,11415980,rs3922995,LINC00570,2,Zheng,LINC00570_locus0,2:11415980
2,11415980,2:11415980:G:A,2,11419248,2:11419248:T:C,1.0,3268,2:11415980,chr2,11415980,11415980,rs3922995,LINC00570,2,Zheng,LINC00570_locus0,2:11415980
2,11415980,2:11415980:G:A,2,11419334,2:11419334:C:CTTTT,0.90618,3354,2:11415980,chr2,11415980,11415980,rs3922995,LINC00570,2,Zheng,LINC00570_locus0,2:11415980
2,11415980,2:11415980:G:A,2,11419457,2:11419457:T:C,1.0,3477,2:11415980,chr2,11415980,11415980,rs3922995,LINC00570,2,Zheng,LINC00570_locus0,2:11415980
2,11415980,2:11415980:G:A,2,11419485,2:11419485:C:T,1.0,3505,2:11415980,chr2,11415980,11415980,rs3922995,LINC00570,2,Zheng,LINC00570_locus0,2:11415980
2,11415980,2:11415980:G:A,2,11419508,2:11419508:A:AAAAC,1.0,3528,2:11415980,chr2,11415980,11415980,rs3922995,LINC00570,2,Zheng,LINC00570_locus0,2:11415980
2,11415980,2:11415980:G:A,2,11419634,2:11419634:A:G,1.0,3654,2:11415980,chr2,11415980,11415980,rs3922995,LINC00570,2,Zheng,LINC00570_locus0,2:11415980
2,11415980,2:11415980:G:A,2,11419688,2:11419688:C:A,1.0,3708,2:11415980,chr2,11415980,11415980,rs3922995,LINC00570,2,Zheng,LINC00570_locus0,2:11415980
2,11415980,2:11415980:G:A,2,11419765,2:11419765:C:T,1.0,3785,2:11415980,chr2,11415980,11415980,rs3922995,LINC00570,2,Zheng,LINC00570_locus0,2:11415980
2,11415980,2:11415980:G:A,2,11419813,2:11419813:A:C,1.0,3833,2:11415980,chr2,11415980,11415980,rs3922995,LINC00570,2,Zheng,LINC00570_locus0,2:11415980
2,11415980,2:11415980:G:A,2,11419851,2:11419851:A:G,1.0,3871,2:11415980,chr2,11415980,11415980,rs3922995,LINC00570,2,Zheng,LINC00570_locus0,2:11415980
2,11415980,2:11415980:G:A,2,11420113,2:11420113:C:T,1.0,4133,2:11415980,chr2,11415980,11415980,rs3922995,LINC00570,2,Zheng,LINC00570_locus0,2:11415980
2,11415980,2:11415980:G:A,2,11420197,2:11420197:C:A,0.870777,4217,2:11415980,chr2,11415980,11415980,rs3922995,LINC00570,2,Zheng,LINC00570_locus0,2:11415980
2,11415980,2:11415980:G:A,2,11420386,2:11420386:A:G,1.0,4406,2:11415980,chr2,11415980,11415980,rs3922995,LINC00570,2,Zheng,LINC00570_locus0,2:11415980
2,11415980,2:11415980:G:A,2,11420643,2:11420643:T:C,1.0,4663,2:11415980,chr2,11415980,11415980,rs3922995,LINC00570,2,Zheng,LINC00570_locus0,2:11415980
2,11415980,2:11415980:G:A,2,11421242,2:11421242:C:T,0.914766,5262,2:11415980,chr2,11415980,11415980,rs3922995,LINC00570,2,Zheng,LINC00570_locus0,2:11415980
2,11415980,2:11415980:G:A,2,11421369,2:11421369:G:GATTTGAT,0.914766,5389,2:11415980,chr2,11415980,11415980,rs3922995,LINC00570,2,Zheng,LINC00570_locus0,2:11415980
2,11415980,2:11415980:G:A,2,11421411,2:11421411:C:A,1.0,5431,2:11415980,chr2,11415980,11415980,rs3922995,LINC00570,2,Zheng,LINC00570_locus0,2:11415980
2,11415980,2:11415980:G:A,2,11421416,2:11421416:AATTAAGACC:A,0.914766,5436,2:11415980,chr2,11415980,11415980,rs3922995,LINC00570,2,Zheng,LINC00570_locus0,2:11415980
2,11415980,2:11415980:G:A,2,11421693,2:11421693:A:G,1.0,5713,2:11415980,chr2,11415980,11415980,rs3922995,LINC00570,2,Zheng,LINC00570_locus0,2:11415980
2,11415980,2:11415980:G:A,2,11421776,2:11421776:A:C,1.0,5796,2:11415980,chr2,11415980,11415980,rs3922995,LINC00570,2,Zheng,LINC00570_locus0,2:11415980
2,11415980,2:11415980:G:A,2,11422248,2:11422248:G:A,1.0,6268,2:11415980,chr2,11415980,11415980,rs3922995,LINC00570,2,Zheng,LINC00570_locus0,2:11415980
2,11415980,2:11415980:G:A,2,11422504,2:11422504:T:C,1.0,6524,2:11415980,chr2,11415980,11415980,rs3922995,LINC00570,2,Zheng,LINC00570_locus0,2:11415980
2,11415980,2:11415980:G:A,2,11422543,2:11422543:T:C,1.0,6563,2:11415980,chr2,11415980,11415980,rs3922995,LINC00570,2,Zheng,LINC00570_locus0,2:11415980
2,11415980,2:11415980:G:A,2,11422678,2:11422678:C:G,1.0,6698,2:11415980,chr2,11415980,11415980,rs3922995,LINC00570,2,Zheng,LINC00570_locus0,2:11415980
2,11415980,2:11415980:G:A,2,11422909,2:11422909:A:G,0.921491,6929,2:11415980,chr2,11415980,11415980,rs3922995,LINC00570,2,Zheng,LINC00570_locus0,2:11415980
2,11415980,2:11415980:G:A,2,11423016,2:11423016:C:T,0.934277,7036,2:11415980,chr2,11415980,11415980,rs3922995,LINC00570,2,Zheng,LINC00570_locus0,2:11415980
2,11415980,2:11415980:G:A,2,11423581,2:11423581:G:A,0.894812,7601,2:11415980,chr2,11415980,11415980,rs3922995,LINC00570,2,Zheng,LINC00570_locus0,2:11415980
2,11415980,2:11415980:G:A,2,11423749,2:11423749:T:A,0.856879,7769,2:11415980,chr2,11415980,11415980,rs3922995,LINC00570,2,Zheng,LINC00570_locus0,2:11415980
2,11415980,2:11415980:G:A,2,11423796,2:11423796:A:C,0.856879,7816,2:11415980,chr2,11415980,11415980,rs3922995,LINC00570,2,Zheng,LINC00570_locus0,2:11415980
2,11415980,2:11415980:G:A,2,11423834,2:11423834:T:C,0.918444,7854,2:11415980,chr2,11415980,11415980,rs3922995,LINC00570,2,Zheng,LINC00570_locus0,2:11415980
2,11415980,2:11415980:G:A,2,11424555,2:11424555:G:A,0.934277,8575,2:11415980,chr2,11415980,11415980,rs3922995,LINC00570,2,Zheng,LINC00570_locus0,2:11415980
2,11415980,2:11415980:G:A,2,11424938,2:11424938:G:A,0.856879,8958,2:11415980,chr2,11415980,11415980,rs3922995,LINC00570,2,Zheng,LINC00570_locus0,2:11415980
2,11415980,2:11415980:G:A,2,11426194,2:11426194:C:CT,0.877393,10214,2:11415980,chr2,11415980,11415980,rs3922995,LINC00570,2,Zheng,LINC00570_locus0,2:11415980
2,11415980,2:11415980:G:A,2,11427185,2:11427185:A:G,0.8269,11205,2:11415980,chr2,11415980,11415980,rs3922995,LINC00570,2,Zheng,LINC00570_locus0,2:11415980
2,11415980,2:11415980:G:A,2,11427355,2:11427355:TAAG:T,0.818043,11375,2:11415980,chr2,11415980,11415980,rs3922995,LINC00570,2,Zheng,LINC00570_locus0,2:11415980
2,11415980,2:11415980:G:A,2,11428032,2:11428032:C:T,0.818043,12052,2:11415980,chr2,11415980,11415980,rs3922995,LINC00570,2,Zheng,LINC00570_locus0,2:11415980
2,11415980,2:11415980:G:A,2,11428614,2:11428614:A:G,0.886565,12634,2:11415980,chr2,11415980,11415980,rs3922995,LINC00570,2,Zheng,LINC00570_locus0,2:11415980
2,11415980,2:11415980:G:A,2,11430311,2:11430311:G:A,0.867716,14331,2:11415980,chr2,11415980,11415980,rs3922995,LINC00570,2,Zheng,LINC00570_locus0,2:11415980
2,11415980,2:11415980:G:A,2,11431840,2:11431840:C:T,0.860427,15860,2:11415980,chr2,11415980,11415980,rs3922995,LINC00570,2,Zheng,LINC00570_locus0,2:11415980
2,11415980,2:11415980:G:A,2,11432780,2:11432780:G:C,0.869038,16800,2:11415980,chr2,11415980,11415980,rs3922995,LINC00570,2,Zheng,LINC00570_locus0,2:11415980
2,11415980,2:11415980:G:A,2,11436113,2:11436113:TAATA:T,0.842881,20133,2:11415980,chr2,11415980,11415980,rs3922995,LINC00570,2,Zheng,LINC00570_locus0,2:11415980
2,11415980,2:11415980:G:A,2,11436287,2:11436287:C:A,0.833824,20307,2:11415980,chr2,11415980,11415980,rs3922995,LINC00570,2,Zheng,LINC00570_locus0,2:11415980
2,11415980,2:11415980:G:A,2,11440191,2:11440191:T:G,0.827049,24211,2:11415980,chr2,11415980,11415980,rs3922995,LINC00570,2,Zheng,LINC00570_locus0,2:11415980
2,11415980,2:11415980:G:A,2,11441764,2:11441764:G:C,0.827049,25784,2:11415980,chr2,11415980,11415980,rs3922995,LINC00570,2,Zheng,LINC00570_locus0,2:11415980
2,11415980,2:11415980:G:A,2,11444071,2:11444071:C:A,0.827049,28091,2:11415980,chr2,11415980,11415980,rs3922995,LINC00570,2,Zheng,LINC00570_locus0,2:11415980
2,11415980,2:11415980:G:A,2,11446093,2:11446093:A:G,0.819835,30113,2:11415980,chr2,11415980,11415980,rs3922995,LINC00570,2,Zheng,LINC00570_locus0,2:11415980
2,11415980,2:11415980:G:A,2,11452168,2:11452168:G:T,0.819835,36188,2:11415980,chr2,11415980,11415980,rs3922995,LINC00570,2,Zheng,LINC00570_locus0,2:11415980
2,11415980,2:11415980:G:A,2,11453370,2:11453370:A:G,0.819835,37390,2:11415980,chr2,11415980,11415980,rs3922995,LINC00570,2,Zheng,LINC00570_locus0,2:11415980
2,36429328,2:36429328:G:A,2,36417085,2:36417085:C:G,0.86998,12243,2:36429328,chr2,36429328,36429328,rs3770895,CRIM1,5,Jurgens,CRIM1_locus0,2:36429328
2,36429328,2:36429328:G:A,2,36422869,2:36422869:T:C,0.977215,6459,2:36429328,chr2,36429328,36429328,rs3770895,CRIM1,5,Jurgens,CRIM1_locus0,2:36429328
2,36429328,2:36429328:G:A,2,36423735,2:36423735:G:A,0.955388,5593,2:36429328,chr2,36429328,36429328,rs3770895,CRIM1,5,Jurgens,CRIM1_locus0,2:36429328
2,36429328,2:36429328:G:A,2,36424418,2:36424418:G:C,0.940954,4910,2:36429328,chr2,36429328,36429328,rs3770895,CRIM1,5,Jurgens,CRIM1_locus0,2:36429328
2,36429328,2:36429328:G:A,2,36424884,2:36424884:G:C,0.940954,4444,2:36429328,chr2,36429328,36429328,rs3770895,CRIM1,5,Jurgens,CRIM1_locus0,2:36429328
2,36429328,2:36429328:G:A,2,36427437,2:36427437:G:A,1.0,1891,2:36429328,chr2,36429328,36429328,rs3770895,CRIM1,5,Jurgens,CRIM1_locus0,2:36429328
2,36429328,2:36429328:G:A,2,36428322,2:36428322:A:G,0.866516,1006,2:36429328,chr2,36429328,36429328,rs3770895,CRIM1,5,Jurgens,CRIM1_locus0,2:36429328
2,36429328,2:36429328:G:A,2,36428578,2:36428578:T:C,0.866516,750,2:36429328,chr2,36429328,36429328,rs3770895,CRIM1,5,Jurgens,CRIM1_locus0,2:36429328
2,36429328,2:36429328:G:A,2,36429328,2:36429328:G:A,1.0,0,2:36429328,chr2,36429328,36429328,rs3770895,CRIM1,5,Jurgens,CRIM1_locus0,2:36429328
2,36429328,2:36429328:G:A,2,36434529,2:36434529:C:T,0.976751,5201,2:36429328,chr2,36429328,36429328,rs3770895,CRIM1,5,Jurgens,CRIM1_locus0,2:36429328
2,36429328,2:36429328:G:A,2,36441076,2:36441076:C:A,0.976751,11748,2:36429328,chr2,36429328,36429328,rs3770895,CRIM1,5,Jurgens,CRIM1_locus0,2:36429328
2,36429328,2:36429328:G:A,2,36449034,2:36449034:GT:G,0.917131,19706,2:36429328,chr2,36429328,36429328,rs3770895,CRIM1,5,Jurgens,CRIM1_locus0,2:36429328
2,36429328,2:36429328:G:A,2,36452652,2:36452652:G:A,0.938203,23324,2:36429328,chr2,36429328,36429328,rs3770895,CRIM1,5,Jurgens,CRIM1_locus0,2:36429328
2,36863090,2:36863090:T:C,2,36832319,2:36832319:A:T,0.877155,30771,2:36863090,chr2,36863090,36863090,rs2110944,STRN,3,Zheng,STRN_locus0,2:36863090
2,36863090,2:36863090:T:C,2,36832414,2:36832414:C:G,0.871224,30676,2:36863090,chr2,36863090,36863090,rs2110944,STRN,3,Zheng,STRN_locus0,2:36863090
2,36863090,2:36863090:T:C,2,36836097,2:36836097:C:CT,0.910624,26993,2:36863090,chr2,36863090,36863090,rs2110944,STRN,3,Zheng,STRN_locus0,2:36863090
2,36863090,2:36863090:T:C,2,36839994,2:36839994:A:G,0.802354,23096,2:36863090,chr2,36863090,36863090,rs2110944,STRN,3,Zheng,STRN_locus0,2:36863090
2,36863090,2:36863090:T:C,2,36847870,2:36847870:T:A,0.801991,15220,2:36863090,chr2,36863090,36863090,rs2110944,STRN,3,Zheng,STRN_locus0,2:36863090
2,36863090,2:36863090:T:C,2,36850952,2:36850953:A:AT,0.835252,12138,2:36863090,chr2,36863090,36863090,rs2110944,STRN,3,Zheng,STRN_locus0,2:36863090
2,36863090,2:36863090:T:C,2,36859054,2:36859054:G:C,0.947927,4036,2:36863090,chr2,36863090,36863090,rs2110944,STRN,3,Zheng,STRN_locus0,2:36863090
2,36863090,2:36863090:T:C,2,36863090,2:36863090:T:C,1.0,0,2:36863090,chr2,36863090,36863090,rs2110944,STRN,3,Zheng,STRN_locus0,2:36863090
2,36863090,2:36863090:T:C,2,36867996,2:36867996:G:C,0.846957,4906,2:36863090,chr2,36863090,36863090,rs2110944,STRN,3,Zheng,STRN_locus0,2:36863090
2,36863090,2:36863090:T:C,2,36868254,2:36868254:G:GA,0.936394,5164,2:36863090,chr2,36863090,36863090,rs2110944,STRN,3,Zheng,STRN_locus0,2:36863090
2,36863090,2:36863090:T:C,2,36869866,2:36869866:T:C,0.834308,6776,2:36863090,chr2,36863090,36863090,rs2110944,STRN,3,Zheng,STRN_locus0,2:36863090
2,36863090,2:36863090:T:C,2,36872196,2:36872196:T:C,0.980165,9106,2:36863090,chr2,36863090,36863090,rs2110944,STRN,3,Zheng,STRN_locus0,2:36863090
2,36863090,2:36863090:T:C,2,36875477,2:36875477:T:C,0.947927,12387,2:36863090,chr2,36863090,36863090,rs2110944,STRN,3,Zheng,STRN_locus0,2:36863090
2,36863090,2:36863090:T:C,2,36895409,2:36895409:A:G,0.836014,32319,2:36863090,chr2,36863090,36863090,rs2110944,STRN,3,Zheng,STRN_locus0,2:36863090
2,36863090,2:36863090:T:C,2,36895756,2:36895757:CAA:C,0.820554,32666,2:36863090,chr2,36863090,36863090,rs2110944,STRN,3,Zheng,STRN_locus0,2:36863090
2,36863090,2:36863090:T:C,2,36896240,2:36896240:T:C,0.849315,33150,2:36863090,chr2,36863090,36863090,rs2110944,STRN,3,Zheng,STRN_locus0,2:36863090
2,36863090,2:36863090:T:C,2,36897429,2:36897429:T:TAA,0.826458,34339,2:36863090,chr2,36863090,36863090,rs2110944,STRN,3,Zheng,STRN_locus0,2:36863090
2,36863090,2:36863090:T:C,2,36897436,2:36897436:T:A,0.830858,34346,2:36863090,chr2,36863090,36863090,rs2110944,STRN,3,Zheng,STRN_locus0,2:36863090
2,36863090,2:36863090:T:C,2,36897612,2:36897612:T:C,0.842661,34522,2:36863090,chr2,36863090,36863090,rs2110944,STRN,3,Zheng,STRN_locus0,2:36863090
2,36863090,2:36863090:T:C,2,36905984,2:36905984:C:T,0.817708,42894,2:36863090,chr2,36863090,36863090,rs2110944,STRN,3,Zheng,STRN_locus0,2:36863090
2,36863090,2:36863090:T:C,2,36908893,2:36908893:A:C,0.811743,45803,2:36863090,chr2,36863090,36863090,rs2110944,STRN,3,Zheng,STRN_locus0,2:36863090
2,36863090,2:36863090:T:C,2,36909495,2:36909495:T:C,0.844133,46405,2:36863090,chr2,36863090,36863090,rs2110944,STRN,3,Zheng,STRN_locus0,2:36863090
2,36863090,2:36863090:T:C,2,36909617,2:36909617:T:C,0.850219,46527,2:36863090,chr2,36863090,36863090,rs2110944,STRN,3,Zheng,STRN_locus0,2:36863090
2,36863090,2:36863090:T:C,2,36910110,2:36910110:C:T,0.855414,47020,2:36863090,chr2,36863090,36863090,rs2110944,STRN,3,Zheng,STRN_locus0,2:36863090
2,36863090,2:36863090:T:C,2,36910903,2:36910903:C:A,0.849288,47813,2:36863090,chr2,36863090,36863090,rs2110944,STRN,3,Zheng,STRN_locus0,2:36863090
2,36863090,2:36863090:T:C,2,36911322,2:36911322:C:G,0.810579,48232,2:36863090,chr2,36863090,36863090,rs2110944,STRN,3,Zheng,STRN_locus0,2:36863090
2,36863090,2:36863090:T:C,2,36913570,2:36913570:A:C,0.844133,50480,2:36863090,chr2,36863090,36863090,rs2110944,STRN,3,Zheng,STRN_locus0,2:36863090
2,36863090,2:36863090:T:C,2,36914193,2:36914193:A:G,0.814236,51103,2:36863090,chr2,36863090,36863090,rs2110944,STRN,3,Zheng,STRN_locus0,2:36863090
2,36863090,2:36863090:T:C,2,36914352,2:36914352:C:T,0.820554,51262,2:36863090,chr2,36863090,36863090,rs2110944,STRN,3,Zheng,STRN_locus0,2:36863090
2,36863090,2:36863090:T:C,2,36921712,2:36921712:G:GTC,0.823232,58622,2:36863090,chr2,36863090,36863090,rs2110944,STRN,3,Zheng,STRN_locus0,2:36863090
2,36863090,2:36863090:T:C,2,36922355,2:36922355:T:C,0.823232,59265,2:36863090,chr2,36863090,36863090,rs2110944,STRN,3,Zheng,STRN_locus0,2:36863090
2,36863090,2:36863090:T:C,2,36927282,2:36927282:T:A,0.836132,64192,2:36863090,chr2,36863090,36863090,rs2110944,STRN,3,Zheng,STRN_locus0,2:36863090
2,36863090,2:36863090:T:C,2,36932656,2:36932656:A:G,0.854584,69566,2:36863090,chr2,36863090,36863090,rs2110944,STRN,3,Zheng,STRN_locus0,2:36863090
2,36863090,2:36863090:T:C,2,36941906,2:36941906:G:A,0.835385,78816,2:36863090,chr2,36863090,36863090,rs2110944,STRN,3,Zheng,STRN_locus0,2:36863090
2,36863090,2:36863090:T:C,2,36948301,2:36948301:T:C,0.835385,85211,2:36863090,chr2,36863090,36863090,rs2110944,STRN,3,Zheng,STRN_locus0,2:36863090
2,36863090,2:36863090:T:C,2,36949070,2:36949070:G:A,0.829502,85980,2:36863090,chr2,36863090,36863090,rs2110944,STRN,3,Zheng,STRN_locus0,2:36863090
2,36863090,2:36863090:T:C,2,36957342,2:36957342:C:T,0.835385,94252,2:36863090,chr2,36863090,36863090,rs2110944,STRN,3,Zheng,STRN_locus0,2:36863090
2,36863090,2:36863090:T:C,2,36962153,2:36962153:T:C,0.84838,99063,2:36863090,chr2,36863090,36863090,rs2110944,STRN,3,Zheng,STRN_locus0,2:36863090
2,36863090,2:36863090:T:C,2,36965352,2:36965352:T:C,0.836132,102262,2:36863090,chr2,36863090,36863090,rs2110944,STRN,3,Zheng,STRN_locus0,2:36863090
2,36965352,2:36965352:T:C,2,36832414,2:36832414:C:G,0.816311,132938,2:36965352,chr2,36965352,36965352,rs3770774,STRN,3,Zheng,STRN_locus1,2:36965352
2,36965352,2:36965352:T:C,2,36836097,2:36836097:C:CT,0.803458,129255,2:36965352,chr2,36965352,36965352,rs3770774,STRN,3,Zheng,STRN_locus1,2:36965352
2,36965352,2:36965352:T:C,2,36859054,2:36859054:G:C,0.832396,106298,2:36965352,chr2,36965352,36965352,rs3770774,STRN,3,Zheng,STRN_locus1,2:36965352
2,36965352,2:36965352:T:C,2,36863090,2:36863090:T:C,0.836132,102262,2:36965352,chr2,36965352,36965352,rs3770774,STRN,3,Zheng,STRN_locus1,2:36965352
2,36965352,2:36965352:T:C,2,36868254,2:36868254:G:GA,0.829317,97098,2:36965352,chr2,36965352,36965352,rs3770774,STRN,3,Zheng,STRN_locus1,2:36965352
2,36965352,2:36965352:T:C,2,36872196,2:36872196:T:C,0.853675,93156,2:36965352,chr2,36965352,36965352,rs3770774,STRN,3,Zheng,STRN_locus1,2:36965352
2,36965352,2:36965352:T:C,2,36875477,2:36875477:T:C,0.85724,89875,2:36965352,chr2,36965352,36965352,rs3770774,STRN,3,Zheng,STRN_locus1,2:36965352
2,36965352,2:36965352:T:C,2,36891522,2:36891522:C:CA,0.839379,73830,2:36965352,chr2,36965352,36965352,rs3770774,STRN,3,Zheng,STRN_locus1,2:36965352
2,36965352,2:36965352:T:C,2,36895409,2:36895409:A:G,0.911643,69943,2:36965352,chr2,36965352,36965352,rs3770774,STRN,3,Zheng,STRN_locus1,2:36965352
2,36965352,2:36965352:T:C,2,36895756,2:36895756:CA:C,0.816219,69596,2:36965352,chr2,36965352,36965352,rs3770774,STRN,3,Zheng,STRN_locus1,2:36965352
2,36965352,2:36965352:T:C,2,36895756,2:36895757:CAA:C,0.905041,69596,2:36965352,chr2,36965352,36965352,rs3770774,STRN,3,Zheng,STRN_locus1,2:36965352
2,36965352,2:36965352:T:C,2,36896240,2:36896240:T:C,0.899141,69112,2:36965352,chr2,36965352,36965352,rs3770774,STRN,3,Zheng,STRN_locus1,2:36965352
2,36965352,2:36965352:T:C,2,36897429,2:36897429:T:TAA,0.876927,67923,2:36965352,chr2,36965352,36965352,rs3770774,STRN,3,Zheng,STRN_locus1,2:36965352
2,36965352,2:36965352:T:C,2,36897436,2:36897436:T:A,0.883192,67916,2:36965352,chr2,36965352,36965352,rs3770774,STRN,3,Zheng,STRN_locus1,2:36965352
2,36965352,2:36965352:T:C,2,36897612,2:36897612:T:C,0.907105,67740,2:36965352,chr2,36965352,36965352,rs3770774,STRN,3,Zheng,STRN_locus1,2:36965352
2,36965352,2:36965352:T:C,2,36904969,2:36904969:CT:C,0.839135,60383,2:36965352,chr2,36965352,36965352,rs3770774,STRN,3,Zheng,STRN_locus1,2:36965352
2,36965352,2:36965352:T:C,2,36905984,2:36905984:C:T,0.929369,59368,2:36965352,chr2,36965352,36965352,rs3770774,STRN,3,Zheng,STRN_locus1,2:36965352
2,36965352,2:36965352:T:C,2,36906939,2:36906939:C:CA,0.834984,58413,2:36965352,chr2,36965352,36965352,rs3770774,STRN,3,Zheng,STRN_locus1,2:36965352
2,36965352,2:36965352:T:C,2,36906949,2:36906949:C:A,0.841565,58403,2:36965352,chr2,36965352,36965352,rs3770774,STRN,3,Zheng,STRN_locus1,2:36965352
2,36965352,2:36965352:T:C,2,36908893,2:36908893:A:C,0.934828,56459,2:36965352,chr2,36965352,36965352,rs3770774,STRN,3,Zheng,STRN_locus1,2:36965352
2,36965352,2:36965352:T:C,2,36908998,2:36908998:G:GAAA,0.834078,56354,2:36965352,chr2,36965352,36965352,rs3770774,STRN,3,Zheng,STRN_locus1,2:36965352
2,36965352,2:36965352:T:C,2,36909495,2:36909495:T:C,0.96704,55857,2:36965352,chr2,36965352,36965352,rs3770774,STRN,3,Zheng,STRN_locus1,2:36965352
2,36965352,2:36965352:T:C,2,36909617,2:36909617:T:C,0.97364,55735,2:36965352,chr2,36965352,36965352,rs3770774,STRN,3,Zheng,STRN_locus1,2:36965352
2,36965352,2:36965352:T:C,2,36910110,2:36910110:C:T,0.980066,55242,2:36965352,chr2,36965352,36965352,rs3770774,STRN,3,Zheng,STRN_locus1,2:36965352
2,36965352,2:36965352:T:C,2,36910903,2:36910903:C:A,0.973422,54449,2:36965352,chr2,36965352,36965352,rs3770774,STRN,3,Zheng,STRN_locus1,2:36965352
2,36965352,2:36965352:T:C,2,36911322,2:36911322:C:G,0.934358,54030,2:36965352,chr2,36965352,36965352,rs3770774,STRN,3,Zheng,STRN_locus1,2:36965352
2,36965352,2:36965352:T:C,2,36913570,2:36913570:A:C,0.96704,51782,2:36965352,chr2,36965352,36965352,rs3770774,STRN,3,Zheng,STRN_locus1,2:36965352
2,36965352,2:36965352:T:C,2,36913942,2:36913942:C:T,0.889296,51410,2:36965352,chr2,36965352,36965352,rs3770774,STRN,3,Zheng,STRN_locus1,2:36965352
2,36965352,2:36965352:T:C,2,36914193,2:36914193:A:G,0.935993,51159,2:36965352,chr2,36965352,36965352,rs3770774,STRN,3,Zheng,STRN_locus1,2:36965352
2,36965352,2:36965352:T:C,2,36914352,2:36914352:C:T,0.942874,51000,2:36965352,chr2,36965352,36965352,rs3770774,STRN,3,Zheng,STRN_locus1,2:36965352
2,36965352,2:36965352:T:C,2,36917052,2:36917052:T:A,0.872899,48300,2:36965352,chr2,36965352,36965352,rs3770774,STRN,3,Zheng,STRN_locus1,2:36965352
2,36965352,2:36965352:T:C,2,36920085,2:36920085:GAATT:G,0.910213,45267,2:36965352,chr2,36965352,36965352,rs3770774,STRN,3,Zheng,STRN_locus1,2:36965352
2,36965352,2:36965352:T:C,2,36920832,2:36920832:T:G,0.929486,44520,2:36965352,chr2,36965352,36965352,rs3770774,STRN,3,Zheng,STRN_locus1,2:36965352
2,36965352,2:36965352:T:C,2,36921712,2:36921712:G:GTC,0.960226,43640,2:36965352,chr2,36965352,36965352,rs3770774,STRN,3,Zheng,STRN_locus1,2:36965352
2,36965352,2:36965352:T:C,2,36922355,2:36922355:T:C,0.960226,42997,2:36965352,chr2,36965352,36965352,rs3770774,STRN,3,Zheng,STRN_locus1,2:36965352
2,36965352,2:36965352:T:C,2,36927282,2:36927282:T:A,0.973334,38070,2:36965352,chr2,36965352,36965352,rs3770774,STRN,3,Zheng,STRN_locus1,2:36965352
2,36965352,2:36965352:T:C,2,36932656,2:36932656:A:G,0.980067,32696,2:36965352,chr2,36965352,36965352,rs3770774,STRN,3,Zheng,STRN_locus1,2:36965352
2,36965352,2:36965352:T:C,2,36941906,2:36941906:G:A,0.960226,23446,2:36965352,chr2,36965352,36965352,rs3770774,STRN,3,Zheng,STRN_locus1,2:36965352
2,36965352,2:36965352:T:C,2,36948301,2:36948301:T:C,0.973424,17051,2:36965352,chr2,36965352,36965352,rs3770774,STRN,3,Zheng,STRN_locus1,2:36965352
2,36965352,2:36965352:T:C,2,36949070,2:36949070:G:A,0.967045,16282,2:36965352,chr2,36965352,36965352,rs3770774,STRN,3,Zheng,STRN_locus1,2:36965352
2,36965352,2:36965352:T:C,2,36957342,2:36957342:C:T,0.973424,8010,2:36965352,chr2,36965352,36965352,rs3770774,STRN,3,Zheng,STRN_locus1,2:36965352
2,36965352,2:36965352:T:C,2,36962153,2:36962153:T:C,0.986622,3199,2:36965352,chr2,36965352,36965352,rs3770774,STRN,3,Zheng,STRN_locus1,2:36965352
2,36965352,2:36965352:T:C,2,36965352,2:36965352:T:C,1.0,0,2:36965352,chr2,36965352,36965352,rs3770774,STRN,3,Zheng,STRN_locus1,2:36965352
2,71400409,2:71400409:C:T,2,71273961,2:71273961:CCAAAA:C,0.809123,126448,2:71400409,chr2,71400409,71400409,rs3771371,DYSF,2,Jurgens,DYSF_locus0,2:71400409
2,71400409,2:71400409:C:T,2,71298568,2:71298568:G:A,0.99268,101841,2:71400409,chr2,71400409,71400409,rs3771371,DYSF,2,Jurgens,DYSF_locus0,2:71400409
2,71400409,2:71400409:C:T,2,71301179,2:71301179:G:T,0.99268,99230,2:71400409,chr2,71400409,71400409,rs3771371,DYSF,2,Jurgens,DYSF_locus0,2:71400409
2,71400409,2:71400409:C:T,2,71302201,2:71302201:C:T,0.99268,98208,2:71400409,chr2,71400409,71400409,rs3771371,DYSF,2,Jurgens,DYSF_locus0,2:71400409
2,71400409,2:71400409:C:T,2,71303428,2:71303428:G:C,0.99268,96981,2:71400409,chr2,71400409,71400409,rs3771371,DYSF,2,Jurgens,DYSF_locus0,2:71400409
2,71400409,2:71400409:C:T,2,71306170,2:71306170:T:C,0.99268,94239,2:71400409,chr2,71400409,71400409,rs3771371,DYSF,2,Jurgens,DYSF_locus0,2:71400409
2,71400409,2:71400409:C:T,2,71307031,2:71307031:G:C,0.882618,93378,2:71400409,chr2,71400409,71400409,rs3771371,DYSF,2,Jurgens,DYSF_locus0,2:71400409
2,71400409,2:71400409:C:T,2,71307487,2:71307487:T:A,0.892603,92922,2:71400409,chr2,71400409,71400409,rs3771371,DYSF,2,Jurgens,DYSF_locus0,2:71400409
2,71400409,2:71400409:C:T,2,71310256,2:71310256:ATTTC:A,0.99268,90153,2:71400409,chr2,71400409,71400409,rs3771371,DYSF,2,Jurgens,DYSF_locus0,2:71400409
2,71400409,2:71400409:C:T,2,71312171,2:71312171:T:C,0.943377,88238,2:71400409,chr2,71400409,71400409,rs3771371,DYSF,2,Jurgens,DYSF_locus0,2:71400409
2,71400409,2:71400409:C:T,2,71315651,2:71315651:C:T,0.99268,84758,2:71400409,chr2,71400409,71400409,rs3771371,DYSF,2,Jurgens,DYSF_locus0,2:71400409
2,71400409,2:71400409:C:T,2,71315665,2:71315665:C:T,0.99268,84744,2:71400409,chr2,71400409,71400409,rs3771371,DYSF,2,Jurgens,DYSF_locus0,2:71400409
2,71400409,2:71400409:C:T,2,71317824,2:71317824:G:A,0.99268,82585,2:71400409,chr2,71400409,71400409,rs3771371,DYSF,2,Jurgens,DYSF_locus0,2:71400409
2,71400409,2:71400409:C:T,2,71319143,2:71319143:GTTTTTTTTT:G,0.956755,81266,2:71400409,chr2,71400409,71400409,rs3771371,DYSF,2,Jurgens,DYSF_locus0,2:71400409
2,71400409,2:71400409:C:T,2,71322310,2:71322310:G:GT,0.99268,78099,2:71400409,chr2,71400409,71400409,rs3771371,DYSF,2,Jurgens,DYSF_locus0,2:71400409
2,71400409,2:71400409:C:T,2,71324718,2:71324718:TC:T,0.99268,75691,2:71400409,chr2,71400409,71400409,rs3771371,DYSF,2,Jurgens,DYSF_locus0,2:71400409
2,71400409,2:71400409:C:T,2,71326622,2:71326622:C:T,0.99268,73787,2:71400409,chr2,71400409,71400409,rs3771371,DYSF,2,Jurgens,DYSF_locus0,2:71400409
2,71400409,2:71400409:C:T,2,71328226,2:71328226:T:C,0.99268,72183,2:71400409,chr2,71400409,71400409,rs3771371,DYSF,2,Jurgens,DYSF_locus0,2:71400409
2,71400409,2:71400409:C:T,2,71328861,2:71328861:GAA:G,0.99268,71548,2:71400409,chr2,71400409,71400409,rs3771371,DYSF,2,Jurgens,DYSF_locus0,2:71400409
2,71400409,2:71400409:C:T,2,71329037,2:71329037:G:T,0.99268,71372,2:71400409,chr2,71400409,71400409,rs3771371,DYSF,2,Jurgens,DYSF_locus0,2:71400409
2,71400409,2:71400409:C:T,2,71331977,2:71331977:T:G,1.0,68432,2:71400409,chr2,71400409,71400409,rs3771371,DYSF,2,Jurgens,DYSF_locus0,2:71400409
2,71400409,2:71400409:C:T,2,71332315,2:71332315:C:G,0.978333,68094,2:71400409,chr2,71400409,71400409,rs3771371,DYSF,2,Jurgens,DYSF_locus0,2:71400409
2,71400409,2:71400409:C:T,2,71335373,2:71335373:T:C,0.964244,65036,2:71400409,chr2,71400409,71400409,rs3771371,DYSF,2,Jurgens,DYSF_locus0,2:71400409
2,71400409,2:71400409:C:T,2,71336372,2:71336372:CAAAAAAAAA:C,0.818729,64037,2:71400409,chr2,71400409,71400409,rs3771371,DYSF,2,Jurgens,DYSF_locus0,2:71400409
2,71400409,2:71400409:C:T,2,71336419,2:71336419:T:G,0.985496,63990,2:71400409,chr2,71400409,71400409,rs3771371,DYSF,2,Jurgens,DYSF_locus0,2:71400409
2,71400409,2:71400409:C:T,2,71339711,2:71339711:G:T,1.0,60698,2:71400409,chr2,71400409,71400409,rs3771371,DYSF,2,Jurgens,DYSF_locus0,2:71400409
2,71400409,2:71400409:C:T,2,71341076,2:71341076:A:G,0.99268,59333,2:71400409,chr2,71400409,71400409,rs3771371,DYSF,2,Jurgens,DYSF_locus0,2:71400409
2,71400409,2:71400409:C:T,2,71342248,2:71342248:T:C,0.985437,58161,2:71400409,chr2,71400409,71400409,rs3771371,DYSF,2,Jurgens,DYSF_locus0,2:71400409
2,71400409,2:71400409:C:T,2,71342683,2:71342683:CGT:C,0.99268,57726,2:71400409,chr2,71400409,71400409,rs3771371,DYSF,2,Jurgens,DYSF_locus0,2:71400409
2,71400409,2:71400409:C:T,2,71343858,2:71343858:CGGTGGCTCA:C,0.99268,56551,2:71400409,chr2,71400409,71400409,rs3771371,DYSF,2,Jurgens,DYSF_locus0,2:71400409
2,71400409,2:71400409:C:T,2,71345787,2:71345787:T:G,0.99268,54622,2:71400409,chr2,71400409,71400409,rs3771371,DYSF,2,Jurgens,DYSF_locus0,2:71400409
2,71400409,2:71400409:C:T,2,71348129,2:71348129:A:G,1.0,52280,2:71400409,chr2,71400409,71400409,rs3771371,DYSF,2,Jurgens,DYSF_locus0,2:71400409
2,71400409,2:71400409:C:T,2,71352999,2:71352999:G:A,0.99268,47410,2:71400409,chr2,71400409,71400409,rs3771371,DYSF,2,Jurgens,DYSF_locus0,2:71400409
2,71400409,2:71400409:C:T,2,71356794,2:71356794:A:T,1.0,43615,2:71400409,chr2,71400409,71400409,rs3771371,DYSF,2,Jurgens,DYSF_locus0,2:71400409
2,71400409,2:71400409:C:T,2,71357071,2:71357071:C:T,1.0,43338,2:71400409,chr2,71400409,71400409,rs3771371,DYSF,2,Jurgens,DYSF_locus0,2:71400409
2,71400409,2:71400409:C:T,2,71357355,2:71357355:G:A,1.0,43054,2:71400409,chr2,71400409,71400409,rs3771371,DYSF,2,Jurgens,DYSF_locus0,2:71400409
2,71400409,2:71400409:C:T,2,71362783,2:71362783:A:G,1.0,37626,2:71400409,chr2,71400409,71400409,rs3771371,DYSF,2,Jurgens,DYSF_locus0,2:71400409
2,71400409,2:71400409:C:T,2,71363447,2:71363447:AAT:A,1.0,36962,2:71400409,chr2,71400409,71400409,rs3771371,DYSF,2,Jurgens,DYSF_locus0,2:71400409
2,71400409,2:71400409:C:T,2,71363481,2:71363481:T:C,1.0,36928,2:71400409,chr2,71400409,71400409,rs3771371,DYSF,2,Jurgens,DYSF_locus0,2:71400409
2,71400409,2:71400409:C:T,2,71363834,2:71363834:C:G,1.0,36575,2:71400409,chr2,71400409,71400409,rs3771371,DYSF,2,Jurgens,DYSF_locus0,2:71400409
2,71400409,2:71400409:C:T,2,71367404,2:71367404:C:T,0.99268,33005,2:71400409,chr2,71400409,71400409,rs3771371,DYSF,2,Jurgens,DYSF_locus0,2:71400409
2,71400409,2:71400409:C:T,2,71367738,2:71367738:C:CTT,0.956668,32671,2:71400409,chr2,71400409,71400409,rs3771371,DYSF,2,Jurgens,DYSF_locus0,2:71400409
2,71400409,2:71400409:C:T,2,71367776,2:71367776:G:A,0.99268,32633,2:71400409,chr2,71400409,71400409,rs3771371,DYSF,2,Jurgens,DYSF_locus0,2:71400409
2,71400409,2:71400409:C:T,2,71368911,2:71368911:C:T,1.0,31498,2:71400409,chr2,71400409,71400409,rs3771371,DYSF,2,Jurgens,DYSF_locus0,2:71400409
2,71400409,2:71400409:C:T,2,71374304,2:71374304:T:G,0.99268,26105,2:71400409,chr2,71400409,71400409,rs3771371,DYSF,2,Jurgens,DYSF_locus0,2:71400409
2,71400409,2:71400409:C:T,2,71375405,2:71375405:A:G,1.0,25004,2:71400409,chr2,71400409,71400409,rs3771371,DYSF,2,Jurgens,DYSF_locus0,2:71400409
2,71400409,2:71400409:C:T,2,71377228,2:71377228:A:C,0.992636,23181,2:71400409,chr2,71400409,71400409,rs3771371,DYSF,2,Jurgens,DYSF_locus0,2:71400409
2,71400409,2:71400409:C:T,2,71377336,2:71377336:A:C,0.992636,23073,2:71400409,chr2,71400409,71400409,rs3771371,DYSF,2,Jurgens,DYSF_locus0,2:71400409
2,71400409,2:71400409:C:T,2,71378001,2:71378001:A:C,0.992636,22408,2:71400409,chr2,71400409,71400409,rs3771371,DYSF,2,Jurgens,DYSF_locus0,2:71400409
2,71400409,2:71400409:C:T,2,71378015,2:71378015:T:G,0.992636,22394,2:71400409,chr2,71400409,71400409,rs3771371,DYSF,2,Jurgens,DYSF_locus0,2:71400409
2,71400409,2:71400409:C:T,2,71380409,2:71380409:G:A,0.957069,20000,2:71400409,chr2,71400409,71400409,rs3771371,DYSF,2,Jurgens,DYSF_locus0,2:71400409
2,71400409,2:71400409:C:T,2,71380945,2:71380945:GTTAA:G,0.992636,19464,2:71400409,chr2,71400409,71400409,rs3771371,DYSF,2,Jurgens,DYSF_locus0,2:71400409
2,71400409,2:71400409:C:T,2,71381943,2:71381943:A:G,0.992636,18466,2:71400409,chr2,71400409,71400409,rs3771371,DYSF,2,Jurgens,DYSF_locus0,2:71400409
2,71400409,2:71400409:C:T,2,71385488,2:71385488:TAGTC:T,0.964302,14921,2:71400409,chr2,71400409,71400409,rs3771371,DYSF,2,Jurgens,DYSF_locus0,2:71400409
2,71400409,2:71400409:C:T,2,71386348,2:71386348:A:G,0.985276,14061,2:71400409,chr2,71400409,71400409,rs3771371,DYSF,2,Jurgens,DYSF_locus0,2:71400409
2,71400409,2:71400409:C:T,2,71386784,2:71386784:A:G,0.99268,13625,2:71400409,chr2,71400409,71400409,rs3771371,DYSF,2,Jurgens,DYSF_locus0,2:71400409
2,71400409,2:71400409:C:T,2,71392981,2:71392981:T:C,0.842658,7428,2:71400409,chr2,71400409,71400409,rs3771371,DYSF,2,Jurgens,DYSF_locus0,2:71400409
2,71400409,2:71400409:C:T,2,71394100,2:71394100:G:A,0.992636,6309,2:71400409,chr2,71400409,71400409,rs3771371,DYSF,2,Jurgens,DYSF_locus0,2:71400409
2,71400409,2:71400409:C:T,2,71400409,2:71400409:C:T,1.0,0,2:71400409,chr2,71400409,71400409,rs3771371,DYSF,2,Jurgens,DYSF_locus0,2:71400409
2,71400409,2:71400409:C:T,2,71404215,2:71404215:A:T,0.992636,3806,2:71400409,chr2,71400409,71400409,rs3771371,DYSF,2,Jurgens,DYSF_locus0,2:71400409
2,71400409,2:71400409:C:T,2,71406145,2:71406145:T:C,0.992636,5736,2:71400409,chr2,71400409,71400409,rs3771371,DYSF,2,Jurgens,DYSF_locus0,2:71400409
2,71400409,2:71400409:C:T,2,71406259,2:71406259:C:T,0.992636,5850,2:71400409,chr2,71400409,71400409,rs3771371,DYSF,2,Jurgens,DYSF_locus0,2:71400409
2,71400409,2:71400409:C:T,2,71408906,2:71408906:A:G,0.985222,8497,2:71400409,chr2,71400409,71400409,rs3771371,DYSF,2,Jurgens,DYSF_locus0,2:71400409
2,71400409,2:71400409:C:T,2,71409110,2:71409110:T:C,0.985222,8701,2:71400409,chr2,71400409,71400409,rs3771371,DYSF,2,Jurgens,DYSF_locus0,2:71400409
2,71400409,2:71400409:C:T,2,71418127,2:71418127:A:G,0.992636,17718,2:71400409,chr2,71400409,71400409,rs3771371,DYSF,2,Jurgens,DYSF_locus0,2:71400409
2,71400409,2:71400409:C:T,2,71418698,2:71418698:G:A,0.992636,18289,2:71400409,chr2,71400409,71400409,rs3771371,DYSF,2,Jurgens,DYSF_locus0,2:71400409
2,71400409,2:71400409:C:T,2,71418816,2:71418816:G:A,0.992636,18407,2:71400409,chr2,71400409,71400409,rs3771371,DYSF,2,Jurgens,DYSF_locus0,2:71400409
2,71400409,2:71400409:C:T,2,71418887,2:71418887:T:A,0.992636,18478,2:71400409,chr2,71400409,71400409,rs3771371,DYSF,2,Jurgens,DYSF_locus0,2:71400409
2,71400409,2:71400409:C:T,2,71420679,2:71420679:C:A,0.992636,20270,2:71400409,chr2,71400409,71400409,rs3771371,DYSF,2,Jurgens,DYSF_locus0,2:71400409
2,71400409,2:71400409:C:T,2,71424467,2:71424467:C:G,0.978145,24058,2:71400409,chr2,71400409,71400409,rs3771371,DYSF,2,Jurgens,DYSF_locus0,2:71400409
2,71400409,2:71400409:C:T,2,71424809,2:71424809:T:A,0.992636,24400,2:71400409,chr2,71400409,71400409,rs3771371,DYSF,2,Jurgens,DYSF_locus0,2:71400409
2,71400409,2:71400409:C:T,2,71425343,2:71425343:A:G,0.992636,24934,2:71400409,chr2,71400409,71400409,rs3771371,DYSF,2,Jurgens,DYSF_locus0,2:71400409
2,71400409,2:71400409:C:T,2,71430887,2:71430887:T:A,0.964302,30478,2:71400409,chr2,71400409,71400409,rs3771371,DYSF,2,Jurgens,DYSF_locus0,2:71400409
2,71400409,2:71400409:C:T,2,71433674,2:71433674:C:T,0.992636,33265,2:71400409,chr2,71400409,71400409,rs3771371,DYSF,2,Jurgens,DYSF_locus0,2:71400409
2,71400409,2:71400409:C:T,2,71434292,2:71434292:C:T,0.992636,33883,2:71400409,chr2,71400409,71400409,rs3771371,DYSF,2,Jurgens,DYSF_locus0,2:71400409
2,71400409,2:71400409:C:T,2,71435696,2:71435696:C:A,0.992636,35287,2:71400409,chr2,71400409,71400409,rs3771371,DYSF,2,Jurgens,DYSF_locus0,2:71400409
2,71400409,2:71400409:C:T,2,71447346,2:71447346:T:G,0.985222,46937,2:71400409,chr2,71400409,71400409,rs3771371,DYSF,2,Jurgens,DYSF_locus0,2:71400409
2,71400409,2:71400409:C:T,2,71449236,2:71449236:C:A,0.927655,48827,2:71400409,chr2,71400409,71400409,rs3771371,DYSF,2,Jurgens,DYSF_locus0,2:71400409
2,71400409,2:71400409:C:T,2,71451390,2:71451390:T:G,0.934361,50981,2:71400409,chr2,71400409,71400409,rs3771371,DYSF,2,Jurgens,DYSF_locus0,2:71400409
2,102809718,2:102809718:C:T,2,102723555,2:102723555:AG:A,0.965996,86163,2:102809718,chr2,102809718,102809718,rs2540277,TMEM182,2,both,TMEM182_locus0,2:102809718
2,102809718,2:102809718:C:T,2,102809718,2:102809718:C:T,1.0,0,2:102809718,chr2,102809718,102809718,rs2540277,TMEM182,2,both,TMEM182_locus0,2:102809718
2,102809718,2:102809718:C:T,2,102834671,2:102834671:C:T,0.836046,24953,2:102809718,chr2,102809718,102809718,rs2540277,TMEM182,2,both,TMEM182_locus0,2:102809718
2,120321598,2:120321598:C:T,2,120321425,2:120321425:C:T,1.0,173,2:120321598,chr2,120321598,120321598,rs144191363,INHBB,2,Zheng,INHBB_locus0,2:120321598
2,120321598,2:120321598:C:T,2,120321598,2:120321598:C:T,1.0,0,2:120321598,chr2,120321598,120321598,rs144191363,INHBB,2,Zheng,INHBB_locus0,2:120321598
2,120321598,2:120321598:C:T,2,120334392,2:120334392:A:G,0.925267,12794,2:120321598,chr2,120321598,120321598,rs144191363,INHBB,2,Zheng,INHBB_locus0,2:120321598
2,159123883,2:159123883:T:C,2,159101518,2:159101518:G:GT,0.969904,22365,2:159123883,chr2,159123883,159123883,rs10211560,TANC1,3,Jurgens,TANC1_locus0,2:159123883
2,159123883,2:159123883:T:C,2,159101666,2:159101666:A:T,1.0,22217,2:159123883,chr2,159123883,159123883,rs10211560,TANC1,3,Jurgens,TANC1_locus0,2:159123883
2,159123883,2:159123883:T:C,2,159102108,2:159102108:C:T,1.0,21775,2:159123883,chr2,159123883,159123883,rs10211560,TANC1,3,Jurgens,TANC1_locus0,2:159123883
2,159123883,2:159123883:T:C,2,159106775,2:159106775:A:G,1.0,17108,2:159123883,chr2,159123883,159123883,rs10211560,TANC1,3,Jurgens,TANC1_locus0,2:159123883
2,159123883,2:159123883:T:C,2,159107684,2:159107684:A:T,1.0,16199,2:159123883,chr2,159123883,159123883,rs10211560,TANC1,3,Jurgens,TANC1_locus0,2:159123883
2,159123883,2:159123883:T:C,2,159112502,2:159112502:C:T,1.0,11381,2:159123883,chr2,159123883,159123883,rs10211560,TANC1,3,Jurgens,TANC1_locus0,2:159123883
2,159123883,2:159123883:T:C,2,159112939,2:159112939:T:C,1.0,10944,2:159123883,chr2,159123883,159123883,rs10211560,TANC1,3,Jurgens,TANC1_locus0,2:159123883
2,159123883,2:159123883:T:C,2,159113013,2:159113013:C:T,1.0,10870,2:159123883,chr2,159123883,159123883,rs10211560,TANC1,3,Jurgens,TANC1_locus0,2:159123883
2,159123883,2:159123883:T:C,2,159116934,2:159116934:T:C,1.0,6949,2:159123883,chr2,159123883,159123883,rs10211560,TANC1,3,Jurgens,TANC1_locus0,2:159123883
2,159123883,2:159123883:T:C,2,159117456,2:159117456:T:C,0.984995,6427,2:159123883,chr2,159123883,159123883,rs10211560,TANC1,3,Jurgens,TANC1_locus0,2:159123883
2,159123883,2:159123883:T:C,2,159118641,2:159118641:G:A,1.0,5242,2:159123883,chr2,159123883,159123883,rs10211560,TANC1,3,Jurgens,TANC1_locus0,2:159123883
2,159123883,2:159123883:T:C,2,159119773,2:159119773:A:G,0.985004,4110,2:159123883,chr2,159123883,159123883,rs10211560,TANC1,3,Jurgens,TANC1_locus0,2:159123883
2,159123883,2:159123883:T:C,2,159123883,2:159123883:T:C,1.0,0,2:159123883,chr2,159123883,159123883,rs10211560,TANC1,3,Jurgens,TANC1_locus0,2:159123883
2,178410102,2:178410102:G:A,2,178380259,2:178380259:C:T,0.946641,29843,2:178410102,chr2,178410102,178410102,rs72953347,TTN,4,Jurgens,TTN_locus0,2:178410102
2,178410102,2:178410102:G:A,2,178386015,2:178386015:A:G,0.964265,24087,2:178410102,chr2,178410102,178410102,rs72953347,TTN,4,Jurgens,TTN_locus0,2:178410102
2,178410102,2:178410102:G:A,2,178386903,2:178386903:C:A,0.964265,23199,2:178410102,chr2,178410102,178410102,rs72953347,TTN,4,Jurgens,TTN_locus0,2:178410102
2,178410102,2:178410102:G:A,2,178407505,2:178407505:CTTT:C,0.890021,2597,2:178410102,chr2,178410102,178410102,rs72953347,TTN,4,Jurgens,TTN_locus0,2:178410102
2,178410102,2:178410102:G:A,2,178410102,2:178410102:G:A,1.0,0,2:178410102,chr2,178410102,178410102,rs72953347,TTN,4,Jurgens,TTN_locus0,2:178410102
2,178625751,2:178625751:T:C,2,178516988,2:178516988:G:C,0.851773,108763,2:178625751,chr2,178625751,178625751,rs12988307,TTN,4,Zheng,TTN_locus1,2:178625751
2,178625751,2:178625751:T:C,2,178556567,2:178556567:C:T,0.883753,69184,2:178625751,chr2,178625751,178625751,rs12988307,TTN,4,Zheng,TTN_locus1,2:178625751
2,178625751,2:178625751:T:C,2,178584184,2:178584184:G:A,0.967265,41567,2:178625751,chr2,178625751,178625751,rs12988307,TTN,4,Zheng,TTN_locus1,2:178625751
2,178625751,2:178625751:T:C,2,178625751,2:178625751:T:C,1.0,0,2:178625751,chr2,178625751,178625751,rs12988307,TTN,4,Zheng,TTN_locus1,2:178625751
2,178625751,2:178625751:T:C,2,178649706,2:178649706:T:C,0.864037,23955,2:178625751,chr2,178625751,178625751,rs12988307,TTN,4,Zheng,TTN_locus1,2:178625751
2,178625751,2:178625751:T:C,2,178693555,2:178693555:T:A,0.885997,67804,2:178625751,chr2,178625751,178625751,rs12988307,TTN,4,Zheng,TTN_locus1,2:178625751
2,178715366,2:178715366:A:C,2,178711674,2:178711674:C:T,1.0,3692,2:178715366,chr2,178715366,178715366,rs12622914,TTN,4,Zheng,TTN_locus2,2:178715366
2,178715366,2:178715366:A:C,2,178714366,2:178714366:T:C,1.0,1000,2:178715366,chr2,178715366,178715366,rs12622914,TTN,4,Zheng,TTN_locus2,2:178715366
2,178715366,2:178715366:A:C,2,178715366,2:178715366:A:C,1.0,0,2:178715366,chr2,178715366,178715366,rs12622914,TTN,4,Zheng,TTN_locus2,2:178715366
2,178715366,2:178715366:A:C,2,178717435,2:178717435:C:T,1.0,2069,2:178715366,chr2,178715366,178715366,rs12622914,TTN,4,Zheng,TTN_locus2,2:178715366
2,178715366,2:178715366:A:C,2,178717600,2:178717600:C:T,1.0,2234,2:178715366,chr2,178715366,178715366,rs12622914,TTN,4,Zheng,TTN_locus2,2:178715366
2,178715366,2:178715366:A:C,2,178717878,2:178717878:A:G,0.973913,2512,2:178715366,chr2,178715366,178715366,rs12622914,TTN,4,Zheng,TTN_locus2,2:178715366
2,178715366,2:178715366:A:C,2,178718671,2:178718671:T:C,0.973913,3305,2:178715366,chr2,178715366,178715366,rs12622914,TTN,4,Zheng,TTN_locus2,2:178715366
2,178715366,2:178715366:A:C,2,178718769,2:178718769:T:G,1.0,3403,2:178715366,chr2,178715366,178715366,rs12622914,TTN,4,Zheng,TTN_locus2,2:178715366
2,178715366,2:178715366:A:C,2,178722403,2:178722403:C:G,1.0,7037,2:178715366,chr2,178715366,178715366,rs12622914,TTN,4,Zheng,TTN_locus2,2:178715366
2,178715366,2:178715366:A:C,2,178726328,2:178726328:A:C,0.921864,10962,2:178715366,chr2,178715366,178715366,rs12622914,TTN,4,Zheng,TTN_locus2,2:178715366
2,178715366,2:178715366:A:C,2,178726533,2:178726533:C:CAA,1.0,11167,2:178715366,chr2,178715366,178715366,rs12622914,TTN,4,Zheng,TTN_locus2,2:178715366
2,178715366,2:178715366:A:C,2,178740453,2:178740453:C:T,0.909896,25087,2:178715366,chr2,178715366,178715366,rs12622914,TTN,4,Zheng,TTN_locus2,2:178715366
2,178715366,2:178715366:A:C,2,178744518,2:178744518:A:G,0.922415,29152,2:178715366,chr2,178715366,178715366,rs12622914,TTN,4,Zheng,TTN_locus2,2:178715366
2,178715366,2:178715366:A:C,2,178755231,2:178755231:C:A,0.909896,39865,2:178715366,chr2,178715366,178715366,rs12622914,TTN,4,Zheng,TTN_locus2,2:178715366
2,178715366,2:178715366:A:C,2,178760848,2:178760852:G:GGT,0.810793,45482,2:178715366,chr2,178715366,178715366,rs12622914,TTN,4,Zheng,TTN_locus2,2:178715366
2,178715366,2:178715366:A:C,2,178763635,2:178763635:G:A,0.909896,48269,2:178715366,chr2,178715366,178715366,rs12622914,TTN,4,Zheng,TTN_locus2,2:178715366
2,178715366,2:178715366:A:C,2,178763790,2:178763790:G:A,0.909896,48424,2:178715366,chr2,178715366,178715366,rs12622914,TTN,4,Zheng,TTN_locus2,2:178715366
2,178715366,2:178715366:A:C,2,178767406,2:178767406:A:G,0.909896,52040,2:178715366,chr2,178715366,178715366,rs12622914,TTN,4,Zheng,TTN_locus2,2:178715366
2,178715366,2:178715366:A:C,2,178769662,2:178769662:TA:T,0.897492,54296,2:178715366,chr2,178715366,178715366,rs12622914,TTN,4,Zheng,TTN_locus2,2:178715366
2,178715366,2:178715366:A:C,2,178769664,2:178769664:TA:T,0.897492,54298,2:178715366,chr2,178715366,178715366,rs12622914,TTN,4,Zheng,TTN_locus2,2:178715366
2,200304035,2:200304035:T:C,2,200295776,2:200295776:G:T,0.820966,8259,2:200304035,chr2,200304035,200304035,rs56326533,SPATS2L,5,Zheng,SPATS2L_locus0,2:200304035
2,200304035,2:200304035:T:C,2,200295976,2:200295976:T:C,0.820966,8059,2:200304035,chr2,200304035,200304035,rs56326533,SPATS2L,5,Zheng,SPATS2L_locus0,2:200304035
2,200304035,2:200304035:T:C,2,200296016,2:200296016:T:A,0.820966,8019,2:200304035,chr2,200304035,200304035,rs56326533,SPATS2L,5,Zheng,SPATS2L_locus0,2:200304035
2,200304035,2:200304035:T:C,2,200296042,2:200296042:T:C,0.820966,7993,2:200304035,chr2,200304035,200304035,rs56326533,SPATS2L,5,Zheng,SPATS2L_locus0,2:200304035
2,200304035,2:200304035:T:C,2,200296048,2:200296048:C:T,0.846764,7987,2:200304035,chr2,200304035,200304035,rs56326533,SPATS2L,5,Zheng,SPATS2L_locus0,2:200304035
2,200304035,2:200304035:T:C,2,200296648,2:200296648:C:T,0.826475,7387,2:200304035,chr2,200304035,200304035,rs56326533,SPATS2L,5,Zheng,SPATS2L_locus0,2:200304035
2,200304035,2:200304035:T:C,2,200297541,2:200297541:G:GA,0.826475,6494,2:200304035,chr2,200304035,200304035,rs56326533,SPATS2L,5,Zheng,SPATS2L_locus0,2:200304035
2,200304035,2:200304035:T:C,2,200297710,2:200297710:G:A,0.826475,6325,2:200304035,chr2,200304035,200304035,rs56326533,SPATS2L,5,Zheng,SPATS2L_locus0,2:200304035
2,200304035,2:200304035:T:C,2,200297797,2:200297797:T:C,0.826475,6238,2:200304035,chr2,200304035,200304035,rs56326533,SPATS2L,5,Zheng,SPATS2L_locus0,2:200304035
2,200304035,2:200304035:T:C,2,200298511,2:200298511:TGAA:T,0.826475,5524,2:200304035,chr2,200304035,200304035,rs56326533,SPATS2L,5,Zheng,SPATS2L_locus0,2:200304035
2,200304035,2:200304035:T:C,2,200298731,2:200298731:A:T,0.992826,5304,2:200304035,chr2,200304035,200304035,rs56326533,SPATS2L,5,Zheng,SPATS2L_locus0,2:200304035
2,200304035,2:200304035:T:C,2,200299089,2:200299089:G:T,0.826475,4946,2:200304035,chr2,200304035,200304035,rs56326533,SPATS2L,5,Zheng,SPATS2L_locus0,2:200304035
2,200304035,2:200304035:T:C,2,200299197,2:200299197:T:C,0.826475,4838,2:200304035,chr2,200304035,200304035,rs56326533,SPATS2L,5,Zheng,SPATS2L_locus0,2:200304035
2,200304035,2:200304035:T:C,2,200299847,2:200299847:T:A,0.826475,4188,2:200304035,chr2,200304035,200304035,rs56326533,SPATS2L,5,Zheng,SPATS2L_locus0,2:200304035
2,200304035,2:200304035:T:C,2,200299973,2:200299973:G:C,0.826475,4062,2:200304035,chr2,200304035,200304035,rs56326533,SPATS2L,5,Zheng,SPATS2L_locus0,2:200304035
2,200304035,2:200304035:T:C,2,200301737,2:200301737:C:CTT,0.826475,2298,2:200304035,chr2,200304035,200304035,rs56326533,SPATS2L,5,Zheng,SPATS2L_locus0,2:200304035
2,200304035,2:200304035:T:C,2,200303049,2:200303049:G:A,0.826475,986,2:200304035,chr2,200304035,200304035,rs56326533,SPATS2L,5,Zheng,SPATS2L_locus0,2:200304035
2,200304035,2:200304035:T:C,2,200303131,2:200303131:C:T,0.860622,904,2:200304035,chr2,200304035,200304035,rs56326533,SPATS2L,5,Zheng,SPATS2L_locus0,2:200304035
2,200304035,2:200304035:T:C,2,200303972,2:200303972:T:C,0.826475,63,2:200304035,chr2,200304035,200304035,rs56326533,SPATS2L,5,Zheng,SPATS2L_locus0,2:200304035
2,200304035,2:200304035:T:C,2,200304035,2:200304035:T:C,1.0,0,2:200304035,chr2,200304035,200304035,rs56326533,SPATS2L,5,Zheng,SPATS2L_locus0,2:200304035
2,200304035,2:200304035:T:C,2,200305858,2:200305858:A:AT,0.82739,1823,2:200304035,chr2,200304035,200304035,rs56326533,SPATS2L,5,Zheng,SPATS2L_locus0,2:200304035
2,200304035,2:200304035:T:C,2,200306291,2:200306291:G:C,0.826475,2256,2:200304035,chr2,200304035,200304035,rs56326533,SPATS2L,5,Zheng,SPATS2L_locus0,2:200304035
2,200304035,2:200304035:T:C,2,200306468,2:200306468:C:G,1.0,2433,2:200304035,chr2,200304035,200304035,rs56326533,SPATS2L,5,Zheng,SPATS2L_locus0,2:200304035
2,200304035,2:200304035:T:C,2,200306484,2:200306484:G:C,0.826475,2449,2:200304035,chr2,200304035,200304035,rs56326533,SPATS2L,5,Zheng,SPATS2L_locus0,2:200304035
2,200304035,2:200304035:T:C,2,200306632,2:200306632:T:C,0.826475,2597,2:200304035,chr2,200304035,200304035,rs56326533,SPATS2L,5,Zheng,SPATS2L_locus0,2:200304035
2,200304035,2:200304035:T:C,2,200306746,2:200306746:CTG:C,0.826475,2711,2:200304035,chr2,200304035,200304035,rs56326533,SPATS2L,5,Zheng,SPATS2L_locus0,2:200304035
2,200304035,2:200304035:T:C,2,200306928,2:200306928:C:T,0.826475,2893,2:200304035,chr2,200304035,200304035,rs56326533,SPATS2L,5,Zheng,SPATS2L_locus0,2:200304035
2,200304035,2:200304035:T:C,2,200307363,2:200307363:C:T,0.820966,3328,2:200304035,chr2,200304035,200304035,rs56326533,SPATS2L,5,Zheng,SPATS2L_locus0,2:200304035
2,200304035,2:200304035:T:C,2,200307905,2:200307905:G:C,0.826475,3870,2:200304035,chr2,200304035,200304035,rs56326533,SPATS2L,5,Zheng,SPATS2L_locus0,2:200304035
2,200304035,2:200304035:T:C,2,200308239,2:200308240:G:GAA,0.819719,4204,2:200304035,chr2,200304035,200304035,rs56326533,SPATS2L,5,Zheng,SPATS2L_locus0,2:200304035
2,200304035,2:200304035:T:C,2,200308276,2:200308276:C:T,0.860622,4241,2:200304035,chr2,200304035,200304035,rs56326533,SPATS2L,5,Zheng,SPATS2L_locus0,2:200304035
2,200304035,2:200304035:T:C,2,200308325,2:200308325:A:G,0.860622,4290,2:200304035,chr2,200304035,200304035,rs56326533,SPATS2L,5,Zheng,SPATS2L_locus0,2:200304035
2,200304035,2:200304035:T:C,2,200308377,2:200308377:C:G,0.860622,4342,2:200304035,chr2,200304035,200304035,rs56326533,SPATS2L,5,Zheng,SPATS2L_locus0,2:200304035
2,200304035,2:200304035:T:C,2,200312178,2:200312178:C:T,0.830285,8143,2:200304035,chr2,200304035,200304035,rs56326533,SPATS2L,5,Zheng,SPATS2L_locus0,2:200304035
2,200304035,2:200304035:T:C,2,200312470,2:200312470:T:C,0.824724,8435,2:200304035,chr2,200304035,200304035,rs56326533,SPATS2L,5,Zheng,SPATS2L_locus0,2:200304035
2,200304035,2:200304035:T:C,2,200312930,2:200312930:G:A,0.830285,8895,2:200304035,chr2,200304035,200304035,rs56326533,SPATS2L,5,Zheng,SPATS2L_locus0,2:200304035
2,200304035,2:200304035:T:C,2,200314507,2:200314507:ACTGCT:A,0.830285,10472,2:200304035,chr2,200304035,200304035,rs56326533,SPATS2L,5,Zheng,SPATS2L_locus0,2:200304035
2,200304035,2:200304035:T:C,2,200315300,2:200315300:T:C,0.992907,11265,2:200304035,chr2,200304035,200304035,rs56326533,SPATS2L,5,Zheng,SPATS2L_locus0,2:200304035
2,200304035,2:200304035:T:C,2,200316705,2:200316705:T:C,0.830285,12670,2:200304035,chr2,200304035,200304035,rs56326533,SPATS2L,5,Zheng,SPATS2L_locus0,2:200304035
2,200304035,2:200304035:T:C,2,200318978,2:200318978:A:G,0.830285,14943,2:200304035,chr2,200304035,200304035,rs56326533,SPATS2L,5,Zheng,SPATS2L_locus0,2:200304035
2,200304035,2:200304035:T:C,2,200319165,2:200319165:G:A,0.992907,15130,2:200304035,chr2,200304035,200304035,rs56326533,SPATS2L,5,Zheng,SPATS2L_locus0,2:200304035
2,200304035,2:200304035:T:C,2,200321196,2:200321196:C:A,0.830285,17161,2:200304035,chr2,200304035,200304035,rs56326533,SPATS2L,5,Zheng,SPATS2L_locus0,2:200304035
2,200304035,2:200304035:T:C,2,200321849,2:200321849:C:T,0.860622,17814,2:200304035,chr2,200304035,200304035,rs56326533,SPATS2L,5,Zheng,SPATS2L_locus0,2:200304035
2,200304035,2:200304035:T:C,2,200326311,2:200326311:A:G,0.830285,22276,2:200304035,chr2,200304035,200304035,rs56326533,SPATS2L,5,Zheng,SPATS2L_locus0,2:200304035
2,200304035,2:200304035:T:C,2,200326901,2:200326901:A:AT,0.817382,22866,2:200304035,chr2,200304035,200304035,rs56326533,SPATS2L,5,Zheng,SPATS2L_locus0,2:200304035
2,200304035,2:200304035:T:C,2,200328650,2:200328650:G:A,0.860622,24615,2:200304035,chr2,200304035,200304035,rs56326533,SPATS2L,5,Zheng,SPATS2L_locus0,2:200304035
2,200304035,2:200304035:T:C,2,200332747,2:200332747:G:GA,0.821754,28712,2:200304035,chr2,200304035,200304035,rs56326533,SPATS2L,5,Zheng,SPATS2L_locus0,2:200304035
2,200304035,2:200304035:T:C,2,200333900,2:200333900:CATT:C,0.992907,29865,2:200304035,chr2,200304035,200304035,rs56326533,SPATS2L,5,Zheng,SPATS2L_locus0,2:200304035
2,200304035,2:200304035:T:C,2,200335393,2:200335394:GA:G,0.860622,31358,2:200304035,chr2,200304035,200304035,rs56326533,SPATS2L,5,Zheng,SPATS2L_locus0,2:200304035
2,200319165,2:200319165:G:A,2,200295776,2:200295776:G:T,0.826321,23389,2:200319165,chr2,200319165,200319165,rs7605146,SPATS2L,3,Jurgens,SPATS2L_locus0,2:200319165
2,200319165,2:200319165:G:A,2,200295976,2:200295976:T:C,0.826321,23189,2:200319165,chr2,200319165,200319165,rs7605146,SPATS2L,3,Jurgens,SPATS2L_locus0,2:200319165
2,200319165,2:200319165:G:A,2,200296016,2:200296016:T:A,0.826321,23149,2:200319165,chr2,200319165,200319165,rs7605146,SPATS2L,3,Jurgens,SPATS2L_locus0,2:200319165
2,200319165,2:200319165:G:A,2,200296042,2:200296042:T:C,0.826321,23123,2:200319165,chr2,200319165,200319165,rs7605146,SPATS2L,3,Jurgens,SPATS2L_locus0,2:200319165
2,200319165,2:200319165:G:A,2,200296048,2:200296048:C:T,0.8422,23117,2:200319165,chr2,200319165,200319165,rs7605146,SPATS2L,3,Jurgens,SPATS2L_locus0,2:200319165
2,200319165,2:200319165:G:A,2,200296648,2:200296648:C:T,0.83183,22517,2:200319165,chr2,200319165,200319165,rs7605146,SPATS2L,3,Jurgens,SPATS2L_locus0,2:200319165
2,200319165,2:200319165:G:A,2,200297541,2:200297541:G:GA,0.83183,21624,2:200319165,chr2,200319165,200319165,rs7605146,SPATS2L,3,Jurgens,SPATS2L_locus0,2:200319165
2,200319165,2:200319165:G:A,2,200297710,2:200297710:G:A,0.83183,21455,2:200319165,chr2,200319165,200319165,rs7605146,SPATS2L,3,Jurgens,SPATS2L_locus0,2:200319165
2,200319165,2:200319165:G:A,2,200297797,2:200297797:T:C,0.83183,21368,2:200319165,chr2,200319165,200319165,rs7605146,SPATS2L,3,Jurgens,SPATS2L_locus0,2:200319165
2,200319165,2:200319165:G:A,2,200298511,2:200298511:TGAA:T,0.83183,20654,2:200319165,chr2,200319165,200319165,rs7605146,SPATS2L,3,Jurgens,SPATS2L_locus0,2:200319165
2,200319165,2:200319165:G:A,2,200298731,2:200298731:A:T,0.985758,20434,2:200319165,chr2,200319165,200319165,rs7605146,SPATS2L,3,Jurgens,SPATS2L_locus0,2:200319165
2,200319165,2:200319165:G:A,2,200299089,2:200299089:G:T,0.83183,20076,2:200319165,chr2,200319165,200319165,rs7605146,SPATS2L,3,Jurgens,SPATS2L_locus0,2:200319165
2,200319165,2:200319165:G:A,2,200299197,2:200299197:T:C,0.83183,19968,2:200319165,chr2,200319165,200319165,rs7605146,SPATS2L,3,Jurgens,SPATS2L_locus0,2:200319165
2,200319165,2:200319165:G:A,2,200299847,2:200299847:T:A,0.83183,19318,2:200319165,chr2,200319165,200319165,rs7605146,SPATS2L,3,Jurgens,SPATS2L_locus0,2:200319165
2,200319165,2:200319165:G:A,2,200299973,2:200299973:G:C,0.83183,19192,2:200319165,chr2,200319165,200319165,rs7605146,SPATS2L,3,Jurgens,SPATS2L_locus0,2:200319165
2,200319165,2:200319165:G:A,2,200301737,2:200301737:C:CTT,0.83183,17428,2:200319165,chr2,200319165,200319165,rs7605146,SPATS2L,3,Jurgens,SPATS2L_locus0,2:200319165
2,200319165,2:200319165:G:A,2,200303049,2:200303049:G:A,0.83183,16116,2:200319165,chr2,200319165,200319165,rs7605146,SPATS2L,3,Jurgens,SPATS2L_locus0,2:200319165
2,200319165,2:200319165:G:A,2,200303131,2:200303131:C:T,0.855943,16034,2:200319165,chr2,200319165,200319165,rs7605146,SPATS2L,3,Jurgens,SPATS2L_locus0,2:200319165
2,200319165,2:200319165:G:A,2,200303972,2:200303972:T:C,0.83183,15193,2:200319165,chr2,200319165,200319165,rs7605146,SPATS2L,3,Jurgens,SPATS2L_locus0,2:200319165
2,200319165,2:200319165:G:A,2,200304035,2:200304035:T:C,0.992907,15130,2:200319165,chr2,200319165,200319165,rs7605146,SPATS2L,3,Jurgens,SPATS2L_locus0,2:200319165
2,200319165,2:200319165:G:A,2,200305858,2:200305858:A:AT,0.832975,13307,2:200319165,chr2,200319165,200319165,rs7605146,SPATS2L,3,Jurgens,SPATS2L_locus0,2:200319165
2,200319165,2:200319165:G:A,2,200306291,2:200306291:G:C,0.83183,12874,2:200319165,chr2,200319165,200319165,rs7605146,SPATS2L,3,Jurgens,SPATS2L_locus0,2:200319165
2,200319165,2:200319165:G:A,2,200306468,2:200306468:C:G,0.992907,12697,2:200319165,chr2,200319165,200319165,rs7605146,SPATS2L,3,Jurgens,SPATS2L_locus0,2:200319165
2,200319165,2:200319165:G:A,2,200306484,2:200306484:G:C,0.83183,12681,2:200319165,chr2,200319165,200319165,rs7605146,SPATS2L,3,Jurgens,SPATS2L_locus0,2:200319165
2,200319165,2:200319165:G:A,2,200306632,2:200306632:T:C,0.83183,12533,2:200319165,chr2,200319165,200319165,rs7605146,SPATS2L,3,Jurgens,SPATS2L_locus0,2:200319165
2,200319165,2:200319165:G:A,2,200306746,2:200306746:CTG:C,0.83183,12419,2:200319165,chr2,200319165,200319165,rs7605146,SPATS2L,3,Jurgens,SPATS2L_locus0,2:200319165
2,200319165,2:200319165:G:A,2,200306928,2:200306928:C:T,0.83183,12237,2:200319165,chr2,200319165,200319165,rs7605146,SPATS2L,3,Jurgens,SPATS2L_locus0,2:200319165
2,200319165,2:200319165:G:A,2,200307363,2:200307363:C:T,0.826321,11802,2:200319165,chr2,200319165,200319165,rs7605146,SPATS2L,3,Jurgens,SPATS2L_locus0,2:200319165
2,200319165,2:200319165:G:A,2,200307905,2:200307905:G:C,0.83183,11260,2:200319165,chr2,200319165,200319165,rs7605146,SPATS2L,3,Jurgens,SPATS2L_locus0,2:200319165
2,200319165,2:200319165:G:A,2,200308239,2:200308240:G:GAA,0.825104,10926,2:200319165,chr2,200319165,200319165,rs7605146,SPATS2L,3,Jurgens,SPATS2L_locus0,2:200319165
2,200319165,2:200319165:G:A,2,200308276,2:200308276:C:T,0.855943,10889,2:200319165,chr2,200319165,200319165,rs7605146,SPATS2L,3,Jurgens,SPATS2L_locus0,2:200319165
2,200319165,2:200319165:G:A,2,200308325,2:200308325:A:G,0.855943,10840,2:200319165,chr2,200319165,200319165,rs7605146,SPATS2L,3,Jurgens,SPATS2L_locus0,2:200319165
2,200319165,2:200319165:G:A,2,200308377,2:200308377:C:G,0.855943,10788,2:200319165,chr2,200319165,200319165,rs7605146,SPATS2L,3,Jurgens,SPATS2L_locus0,2:200319165
2,200319165,2:200319165:G:A,2,200312178,2:200312178:C:T,0.83574,6987,2:200319165,chr2,200319165,200319165,rs7605146,SPATS2L,3,Jurgens,SPATS2L_locus0,2:200319165
2,200319165,2:200319165:G:A,2,200312470,2:200312470:T:C,0.830179,6695,2:200319165,chr2,200319165,200319165,rs7605146,SPATS2L,3,Jurgens,SPATS2L_locus0,2:200319165
2,200319165,2:200319165:G:A,2,200312930,2:200312930:G:A,0.83574,6235,2:200319165,chr2,200319165,200319165,rs7605146,SPATS2L,3,Jurgens,SPATS2L_locus0,2:200319165
2,200319165,2:200319165:G:A,2,200314507,2:200314507:ACTGCT:A,0.83574,4658,2:200319165,chr2,200319165,200319165,rs7605146,SPATS2L,3,Jurgens,SPATS2L_locus0,2:200319165
2,200319165,2:200319165:G:A,2,200315300,2:200315300:T:C,1.0,3865,2:200319165,chr2,200319165,200319165,rs7605146,SPATS2L,3,Jurgens,SPATS2L_locus0,2:200319165
2,200319165,2:200319165:G:A,2,200316705,2:200316705:T:C,0.83574,2460,2:200319165,chr2,200319165,200319165,rs7605146,SPATS2L,3,Jurgens,SPATS2L_locus0,2:200319165
2,200319165,2:200319165:G:A,2,200318978,2:200318978:A:G,0.83574,187,2:200319165,chr2,200319165,200319165,rs7605146,SPATS2L,3,Jurgens,SPATS2L_locus0,2:200319165
2,200319165,2:200319165:G:A,2,200319165,2:200319165:G:A,1.0,0,2:200319165,chr2,200319165,200319165,rs7605146,SPATS2L,3,Jurgens,SPATS2L_locus0,2:200319165
2,200319165,2:200319165:G:A,2,200321196,2:200321196:C:A,0.83574,2031,2:200319165,chr2,200319165,200319165,rs7605146,SPATS2L,3,Jurgens,SPATS2L_locus0,2:200319165
2,200319165,2:200319165:G:A,2,200321849,2:200321849:C:T,0.855943,2684,2:200319165,chr2,200319165,200319165,rs7605146,SPATS2L,3,Jurgens,SPATS2L_locus0,2:200319165
2,200319165,2:200319165:G:A,2,200326311,2:200326311:A:G,0.83574,7146,2:200319165,chr2,200319165,200319165,rs7605146,SPATS2L,3,Jurgens,SPATS2L_locus0,2:200319165
2,200319165,2:200319165:G:A,2,200326901,2:200326901:A:AT,0.811856,7736,2:200319165,chr2,200319165,200319165,rs7605146,SPATS2L,3,Jurgens,SPATS2L_locus0,2:200319165
2,200319165,2:200319165:G:A,2,200328650,2:200328650:G:A,0.855943,9485,2:200319165,chr2,200319165,200319165,rs7605146,SPATS2L,3,Jurgens,SPATS2L_locus0,2:200319165
2,200319165,2:200319165:G:A,2,200332747,2:200332747:G:GA,0.815005,13582,2:200319165,chr2,200319165,200319165,rs7605146,SPATS2L,3,Jurgens,SPATS2L_locus0,2:200319165
2,200319165,2:200319165:G:A,2,200333900,2:200333900:CATT:C,1.0,14735,2:200319165,chr2,200319165,200319165,rs7605146,SPATS2L,3,Jurgens,SPATS2L_locus0,2:200319165
2,200319165,2:200319165:G:A,2,200335393,2:200335394:GA:G,0.855943,16228,2:200319165,chr2,200319165,200319165,rs7605146,SPATS2L,3,Jurgens,SPATS2L_locus0,2:200319165
2,212340323,2:212340323:A:G,2,212333378,2:212333378:A:AAT,0.944407,6945,2:212340323,chr2,212340323,212340323,rs4673661,ERBB4,4,Jurgens,ERBB4_locus0,2:212340323
2,212340323,2:212340323:A:G,2,212333693,2:212333693:CA:C,1.0,6630,2:212340323,chr2,212340323,212340323,rs4673661,ERBB4,4,Jurgens,ERBB4_locus0,2:212340323
2,212340323,2:212340323:A:G,2,212336196,2:212336196:G:A,0.944407,4127,2:212340323,chr2,212340323,212340323,rs4673661,ERBB4,4,Jurgens,ERBB4_locus0,2:212340323
2,212340323,2:212340323:A:G,2,212337881,2:212337881:GT:G,0.944407,2442,2:212340323,chr2,212340323,212340323,rs4673661,ERBB4,4,Jurgens,ERBB4_locus0,2:212340323
2,212340323,2:212340323:A:G,2,212340090,2:212340090:C:T,0.944407,233,2:212340323,chr2,212340323,212340323,rs4673661,ERBB4,4,Jurgens,ERBB4_locus0,2:212340323
2,212340323,2:212340323:A:G,2,212340277,2:212340277:C:A,0.944407,46,2:212340323,chr2,212340323,212340323,rs4673661,ERBB4,4,Jurgens,ERBB4_locus0,2:212340323
2,212340323,2:212340323:A:G,2,212340323,2:212340323:A:G,1.0,0,2:212340323,chr2,212340323,212340323,rs4673661,ERBB4,4,Jurgens,ERBB4_locus0,2:212340323
2,212340323,2:212340323:A:G,2,212340576,2:212340576:C:T,0.944407,253,2:212340323,chr2,212340323,212340323,rs4673661,ERBB4,4,Jurgens,ERBB4_locus0,2:212340323
2,212340323,2:212340323:A:G,2,212340651,2:212340651:A:G,0.944407,328,2:212340323,chr2,212340323,212340323,rs4673661,ERBB4,4,Jurgens,ERBB4_locus0,2:212340323
2,212340323,2:212340323:A:G,2,212341125,2:212341125:G:A,0.944407,802,2:212340323,chr2,212340323,212340323,rs4673661,ERBB4,4,Jurgens,ERBB4_locus0,2:212340323
2,212340323,2:212340323:A:G,2,212341441,2:212341441:T:C,0.944407,1118,2:212340323,chr2,212340323,212340323,rs4673661,ERBB4,4,Jurgens,ERBB4_locus0,2:212340323
2,212340323,2:212340323:A:G,2,212341578,2:212341578:C:T,0.927522,1255,2:212340323,chr2,212340323,212340323,rs4673661,ERBB4,4,Jurgens,ERBB4_locus0,2:212340323
2,212340323,2:212340323:A:G,2,212341617,2:212341617:C:CTTTG,1.0,1294,2:212340323,chr2,212340323,212340323,rs4673661,ERBB4,4,Jurgens,ERBB4_locus0,2:212340323
2,212340323,2:212340323:A:G,2,212343070,2:212343070:T:G,0.934782,2747,2:212340323,chr2,212340323,212340323,rs4673661,ERBB4,4,Jurgens,ERBB4_locus0,2:212340323
2,212340323,2:212340323:A:G,2,212346250,2:212346250:G:C,1.0,5927,2:212340323,chr2,212340323,212340323,rs4673661,ERBB4,4,Jurgens,ERBB4_locus0,2:212340323
2,212340323,2:212340323:A:G,2,212346308,2:212346308:GC:G,1.0,5985,2:212340323,chr2,212340323,212340323,rs4673661,ERBB4,4,Jurgens,ERBB4_locus0,2:212340323
2,212340323,2:212340323:A:G,2,212352496,2:212352496:C:A,0.935474,12173,2:212340323,chr2,212340323,212340323,rs4673661,ERBB4,4,Jurgens,ERBB4_locus0,2:212340323
2,212340323,2:212340323:A:G,2,212352548,2:212352548:T:C,0.925833,12225,2:212340323,chr2,212340323,212340323,rs4673661,ERBB4,4,Jurgens,ERBB4_locus0,2:212340323
2,212340323,2:212340323:A:G,2,212352973,2:212352973:G:A,0.935474,12650,2:212340323,chr2,212340323,212340323,rs4673661,ERBB4,4,Jurgens,ERBB4_locus0,2:212340323
2,212340323,2:212340323:A:G,2,212353364,2:212353364:C:T,0.990376,13041,2:212340323,chr2,212340323,212340323,rs4673661,ERBB4,4,Jurgens,ERBB4_locus0,2:212340323
2,212340323,2:212340323:A:G,2,212353653,2:212353653:AAG:A,0.935474,13330,2:212340323,chr2,212340323,212340323,rs4673661,ERBB4,4,Jurgens,ERBB4_locus0,2:212340323
2,212340323,2:212340323:A:G,2,212354557,2:212354557:C:A,0.935474,14234,2:212340323,chr2,212340323,212340323,rs4673661,ERBB4,4,Jurgens,ERBB4_locus0,2:212340323
2,212340323,2:212340323:A:G,2,212354856,2:212354856:C:T,0.971793,14533,2:212340323,chr2,212340323,212340323,rs4673661,ERBB4,4,Jurgens,ERBB4_locus0,2:212340323
2,212340323,2:212340323:A:G,2,212354917,2:212354917:G:A,0.990376,14594,2:212340323,chr2,212340323,212340323,rs4673661,ERBB4,4,Jurgens,ERBB4_locus0,2:212340323
2,212340323,2:212340323:A:G,2,212356174,2:212356174:G:A,0.925077,15851,2:212340323,chr2,212340323,212340323,rs4673661,ERBB4,4,Jurgens,ERBB4_locus0,2:212340323
3,12668107,3:12668107:C:T,3,12581124,3:12581124:G:C,0.870598,86983,3:12668107,chr3,12668107,12668107,rs9834310,CAND2,3,Jurgens,CAND2_locus0,3:12668107
3,12668107,3:12668107:C:T,3,12632324,3:12632326:C:CA,0.867335,35783,3:12668107,chr3,12668107,12668107,rs9834310,CAND2,3,Jurgens,CAND2_locus0,3:12668107
3,12668107,3:12668107:C:T,3,12633633,3:12633634:TA:T,0.890004,34474,3:12668107,chr3,12668107,12668107,rs9834310,CAND2,3,Jurgens,CAND2_locus0,3:12668107
3,12668107,3:12668107:C:T,3,12643744,3:12643745:A:T,0.933384,24363,3:12668107,chr3,12668107,12668107,rs9834310,CAND2,3,Jurgens,CAND2_locus0,3:12668107
3,12668107,3:12668107:C:T,3,12657887,3:12657887:CA:C,0.890004,10220,3:12668107,chr3,12668107,12668107,rs9834310,CAND2,3,Jurgens,CAND2_locus0,3:12668107
3,12668107,3:12668107:C:T,3,12659212,3:12659212:G:A,0.979211,8895,3:12668107,chr3,12668107,12668107,rs9834310,CAND2,3,Jurgens,CAND2_locus0,3:12668107
3,12668107,3:12668107:C:T,3,12659570,3:12659570:C:CAATAAAAGA,0.979211,8537,3:12668107,chr3,12668107,12668107,rs9834310,CAND2,3,Jurgens,CAND2_locus0,3:12668107
3,12668107,3:12668107:C:T,3,12660303,3:12660303:CT:C,0.979211,7804,3:12668107,chr3,12668107,12668107,rs9834310,CAND2,3,Jurgens,CAND2_locus0,3:12668107
3,12668107,3:12668107:C:T,3,12661348,3:12661348:T:G,0.979211,6759,3:12668107,chr3,12668107,12668107,rs9834310,CAND2,3,Jurgens,CAND2_locus0,3:12668107
3,12668107,3:12668107:C:T,3,12662215,3:12662215:G:C,0.979211,5892,3:12668107,chr3,12668107,12668107,rs9834310,CAND2,3,Jurgens,CAND2_locus0,3:12668107
3,12668107,3:12668107:C:T,3,12664356,3:12664356:A:G,0.985995,3751,3:12668107,chr3,12668107,12668107,rs9834310,CAND2,3,Jurgens,CAND2_locus0,3:12668107
3,12668107,3:12668107:C:T,3,12665149,3:12665149:G:T,0.985995,2958,3:12668107,chr3,12668107,12668107,rs9834310,CAND2,3,Jurgens,CAND2_locus0,3:12668107
3,12668107,3:12668107:C:T,3,12665415,3:12665415:G:A,0.985995,2692,3:12668107,chr3,12668107,12668107,rs9834310,CAND2,3,Jurgens,CAND2_locus0,3:12668107
3,12668107,3:12668107:C:T,3,12665483,3:12665483:A:AG,0.873624,2624,3:12668107,chr3,12668107,12668107,rs9834310,CAND2,3,Jurgens,CAND2_locus0,3:12668107
3,12668107,3:12668107:C:T,3,12665778,3:12665778:C:T,0.985995,2329,3:12668107,chr3,12668107,12668107,rs9834310,CAND2,3,Jurgens,CAND2_locus0,3:12668107
3,12668107,3:12668107:C:T,3,12666121,3:12666121:A:C,0.985995,1986,3:12668107,chr3,12668107,12668107,rs9834310,CAND2,3,Jurgens,CAND2_locus0,3:12668107
3,12668107,3:12668107:C:T,3,12666277,3:12666277:A:T,0.985995,1830,3:12668107,chr3,12668107,12668107,rs9834310,CAND2,3,Jurgens,CAND2_locus0,3:12668107
3,12668107,3:12668107:C:T,3,12666438,3:12666438:C:CA,0.924239,1669,3:12668107,chr3,12668107,12668107,rs9834310,CAND2,3,Jurgens,CAND2_locus0,3:12668107
3,12668107,3:12668107:C:T,3,12667015,3:12667015:A:G,0.985995,1092,3:12668107,chr3,12668107,12668107,rs9834310,CAND2,3,Jurgens,CAND2_locus0,3:12668107
3,12668107,3:12668107:C:T,3,12667447,3:12667447:T:C,0.985995,660,3:12668107,chr3,12668107,12668107,rs9834310,CAND2,3,Jurgens,CAND2_locus0,3:12668107
3,12668107,3:12668107:C:T,3,12667491,3:12667491:A:AAATAAAT,0.985995,616,3:12668107,chr3,12668107,12668107,rs9834310,CAND2,3,Jurgens,CAND2_locus0,3:12668107
3,12668107,3:12668107:C:T,3,12667668,3:12667668:A:G,0.985995,439,3:12668107,chr3,12668107,12668107,rs9834310,CAND2,3,Jurgens,CAND2_locus0,3:12668107
3,12668107,3:12668107:C:T,3,12667986,3:12667986:C:T,0.845774,121,3:12668107,chr3,12668107,12668107,rs9834310,CAND2,3,Jurgens,CAND2_locus0,3:12668107
3,12668107,3:12668107:C:T,3,12668072,3:12668072:G:A,0.978851,35,3:12668107,chr3,12668107,12668107,rs9834310,CAND2,3,Jurgens,CAND2_locus0,3:12668107
3,12668107,3:12668107:C:T,3,12668107,3:12668107:C:T,1.0,0,3:12668107,chr3,12668107,12668107,rs9834310,CAND2,3,Jurgens,CAND2_locus0,3:12668107
3,12668107,3:12668107:C:T,3,12668287,3:12668287:G:A,0.97893,180,3:12668107,chr3,12668107,12668107,rs9834310,CAND2,3,Jurgens,CAND2_locus0,3:12668107
3,12668107,3:12668107:C:T,3,12668517,3:12668517:C:A,0.985995,410,3:12668107,chr3,12668107,12668107,rs9834310,CAND2,3,Jurgens,CAND2_locus0,3:12668107
3,12668107,3:12668107:C:T,3,12669302,3:12669305:CAAAAAAAAA:C,0.972632,1195,3:12668107,chr3,12668107,12668107,rs9834310,CAND2,3,Jurgens,CAND2_locus0,3:12668107
3,12668107,3:12668107:C:T,3,12669392,3:12669392:T:C,0.985995,1285,3:12668107,chr3,12668107,12668107,rs9834310,CAND2,3,Jurgens,CAND2_locus0,3:12668107
3,12668107,3:12668107:C:T,3,12669585,3:12669585:A:T,0.985995,1478,3:12668107,chr3,12668107,12668107,rs9834310,CAND2,3,Jurgens,CAND2_locus0,3:12668107
3,12668107,3:12668107:C:T,3,12670197,3:12670197:A:G,0.985995,2090,3:12668107,chr3,12668107,12668107,rs9834310,CAND2,3,Jurgens,CAND2_locus0,3:12668107
3,12668107,3:12668107:C:T,3,12670472,3:12670472:A:C,0.978851,2365,3:12668107,chr3,12668107,12668107,rs9834310,CAND2,3,Jurgens,CAND2_locus0,3:12668107
3,12668107,3:12668107:C:T,3,12670474,3:12670474:A:C,0.978851,2367,3:12668107,chr3,12668107,12668107,rs9834310,CAND2,3,Jurgens,CAND2_locus0,3:12668107
3,12668107,3:12668107:C:T,3,12670476,3:12670476:A:C,0.978851,2369,3:12668107,chr3,12668107,12668107,rs9834310,CAND2,3,Jurgens,CAND2_locus0,3:12668107
3,12668107,3:12668107:C:T,3,12670478,3:12670478:A:C,0.978851,2371,3:12668107,chr3,12668107,12668107,rs9834310,CAND2,3,Jurgens,CAND2_locus0,3:12668107
3,12668107,3:12668107:C:T,3,12671073,3:12671073:CTG:C,0.985995,2966,3:12668107,chr3,12668107,12668107,rs9834310,CAND2,3,Jurgens,CAND2_locus0,3:12668107
3,12668107,3:12668107:C:T,3,12684250,3:12684251:CTT:C,0.851821,16143,3:12668107,chr3,12668107,12668107,rs9834310,CAND2,3,Jurgens,CAND2_locus0,3:12668107
3,12800305,3:12800305:A:G,3,12799435,3:12799435:T:C,0.922862,870,3:12800305,chr3,12800305,12800305,rs7650482,CAND2,4,Zheng,CAND2_locus1,3:12800305
3,12800305,3:12800305:A:G,3,12800305,3:12800305:A:G,1.0,0,3:12800305,chr3,12800305,12800305,rs7650482,CAND2,4,Zheng,CAND2_locus1,3:12800305
3,12800305,3:12800305:A:G,3,12800724,3:12800724:T:G,1.0,419,3:12800305,chr3,12800305,12800305,rs7650482,CAND2,4,Zheng,CAND2_locus1,3:12800305
3,12800305,3:12800305:A:G,3,12801433,3:12801433:G:A,0.86227,1128,3:12800305,chr3,12800305,12800305,rs7650482,CAND2,4,Zheng,CAND2_locus1,3:12800305
3,12800305,3:12800305:A:G,3,12801869,3:12801869:C:T,0.855116,1564,3:12800305,chr3,12800305,12800305,rs7650482,CAND2,4,Zheng,CAND2_locus1,3:12800305
3,12800305,3:12800305:A:G,3,12802363,3:12802363:A:C,0.86227,2058,3:12800305,chr3,12800305,12800305,rs7650482,CAND2,4,Zheng,CAND2_locus1,3:12800305
3,12800305,3:12800305:A:G,3,12802571,3:12802571:G:A,0.86227,2266,3:12800305,chr3,12800305,12800305,rs7650482,CAND2,4,Zheng,CAND2_locus1,3:12800305
3,12800305,3:12800305:A:G,3,12802573,3:12802573:T:C,0.86227,2268,3:12800305,chr3,12800305,12800305,rs7650482,CAND2,4,Zheng,CAND2_locus1,3:12800305
3,12800305,3:12800305:A:G,3,12802613,3:12802613:G:C,0.857721,2308,3:12800305,chr3,12800305,12800305,rs7650482,CAND2,4,Zheng,CAND2_locus1,3:12800305
3,12800305,3:12800305:A:G,3,12802988,3:12802989:C:CT,0.829005,2683,3:12800305,chr3,12800305,12800305,rs7650482,CAND2,4,Zheng,CAND2_locus1,3:12800305
3,12800305,3:12800305:A:G,3,12803659,3:12803659:G:A,0.86227,3354,3:12800305,chr3,12800305,12800305,rs7650482,CAND2,4,Zheng,CAND2_locus1,3:12800305
3,12800305,3:12800305:A:G,3,12803923,3:12803923:A:G,0.86227,3618,3:12800305,chr3,12800305,12800305,rs7650482,CAND2,4,Zheng,CAND2_locus1,3:12800305
3,12800305,3:12800305:A:G,3,12803927,3:12803927:G:C,0.86227,3622,3:12800305,chr3,12800305,12800305,rs7650482,CAND2,4,Zheng,CAND2_locus1,3:12800305
3,12800305,3:12800305:A:G,3,12805308,3:12805308:A:G,0.930129,5003,3:12800305,chr3,12800305,12800305,rs7650482,CAND2,4,Zheng,CAND2_locus1,3:12800305
3,12800305,3:12800305:A:G,3,12805374,3:12805374:C:T,0.86227,5069,3:12800305,chr3,12800305,12800305,rs7650482,CAND2,4,Zheng,CAND2_locus1,3:12800305
3,12800305,3:12800305:A:G,3,12806992,3:12806992:G:T,0.86227,6687,3:12800305,chr3,12800305,12800305,rs7650482,CAND2,4,Zheng,CAND2_locus1,3:12800305
3,12800305,3:12800305:A:G,3,12807323,3:12807323:T:C,0.930129,7018,3:12800305,chr3,12800305,12800305,rs7650482,CAND2,4,Zheng,CAND2_locus1,3:12800305
3,12800305,3:12800305:A:G,3,12807512,3:12807512:TA:T,0.930129,7207,3:12800305,chr3,12800305,12800305,rs7650482,CAND2,4,Zheng,CAND2_locus1,3:12800305
3,12801869,3:12801869:C:T,3,12800305,3:12800305:A:G,0.855116,1564,3:12801869,chr3,12801869,12801869,rs9825233,CAND2,4,Zheng,CAND2_locus1,3:12801869
3,12801869,3:12801869:C:T,3,12800724,3:12800724:T:G,0.855116,1145,3:12801869,chr3,12801869,12801869,rs9825233,CAND2,4,Zheng,CAND2_locus1,3:12801869
3,12801869,3:12801869:C:T,3,12801433,3:12801433:G:A,0.993194,436,3:12801869,chr3,12801869,12801869,rs9825233,CAND2,4,Zheng,CAND2_locus1,3:12801869
3,12801869,3:12801869:C:T,3,12801869,3:12801869:C:T,1.0,0,3:12801869,chr3,12801869,12801869,rs9825233,CAND2,4,Zheng,CAND2_locus1,3:12801869
3,12801869,3:12801869:C:T,3,12802363,3:12802363:A:C,0.993194,494,3:12801869,chr3,12801869,12801869,rs9825233,CAND2,4,Zheng,CAND2_locus1,3:12801869
3,12801869,3:12801869:C:T,3,12802571,3:12802571:G:A,0.993194,702,3:12801869,chr3,12801869,12801869,rs9825233,CAND2,4,Zheng,CAND2_locus1,3:12801869
3,12801869,3:12801869:C:T,3,12802573,3:12802573:T:C,0.993194,704,3:12801869,chr3,12801869,12801869,rs9825233,CAND2,4,Zheng,CAND2_locus1,3:12801869
3,12801869,3:12801869:C:T,3,12802613,3:12802613:G:C,0.98653,744,3:12801869,chr3,12801869,12801869,rs9825233,CAND2,4,Zheng,CAND2_locus1,3:12801869
3,12801869,3:12801869:C:T,3,12802988,3:12802989:C:CT,0.953549,1119,3:12801869,chr3,12801869,12801869,rs9825233,CAND2,4,Zheng,CAND2_locus1,3:12801869
3,12801869,3:12801869:C:T,3,12803659,3:12803659:G:A,0.993194,1790,3:12801869,chr3,12801869,12801869,rs9825233,CAND2,4,Zheng,CAND2_locus1,3:12801869
3,12801869,3:12801869:C:T,3,12803923,3:12803923:A:G,0.993194,2054,3:12801869,chr3,12801869,12801869,rs9825233,CAND2,4,Zheng,CAND2_locus1,3:12801869
3,12801869,3:12801869:C:T,3,12803927,3:12803927:G:C,0.993194,2058,3:12801869,chr3,12801869,12801869,rs9825233,CAND2,4,Zheng,CAND2_locus1,3:12801869
3,12801869,3:12801869:C:T,3,12805374,3:12805374:C:T,0.993194,3505,3:12801869,chr3,12801869,12801869,rs9825233,CAND2,4,Zheng,CAND2_locus1,3:12801869
3,12801869,3:12801869:C:T,3,12806992,3:12806992:G:T,0.993194,5123,3:12801869,chr3,12801869,12801869,rs9825233,CAND2,4,Zheng,CAND2_locus1,3:12801869
3,12801869,3:12801869:C:T,3,12807532,3:12807532:C:CA,0.907532,5663,3:12801869,chr3,12801869,12801869,rs9825233,CAND2,4,Zheng,CAND2_locus1,3:12801869
3,14231914,3:14231914:G:C,3,14231914,3:14231914:G:C,1.0,0,3:14231914,chr3,14231914,14231914,rs55834511,SLC6A6,2,Zheng,SLC6A6_locus0,3:14231914
3,14231914,3:14231914:G:C,3,14231964,3:14231964:C:T,1.0,50,3:14231914,chr3,14231914,14231914,rs55834511,SLC6A6,2,Zheng,SLC6A6_locus0,3:14231914
3,14231914,3:14231914:G:C,3,14231972,3:14231972:C:T,1.0,58,3:14231914,chr3,14231914,14231914,rs55834511,SLC6A6,2,Zheng,SLC6A6_locus0,3:14231914
3,14231914,3:14231914:G:C,3,14232793,3:14232793:C:T,1.0,879,3:14231914,chr3,14231914,14231914,rs55834511,SLC6A6,2,Zheng,SLC6A6_locus0,3:14231914
3,14231914,3:14231914:G:C,3,14234259,3:14234259:C:G,1.0,2345,3:14231914,chr3,14231914,14231914,rs55834511,SLC6A6,2,Zheng,SLC6A6_locus0,3:14231914
3,14231914,3:14231914:G:C,3,14234738,3:14234738:G:A,1.0,2824,3:14231914,chr3,14231914,14231914,rs55834511,SLC6A6,2,Zheng,SLC6A6_locus0,3:14231914
3,14231914,3:14231914:G:C,3,14234994,3:14234994:G:A,1.0,3080,3:14231914,chr3,14231914,14231914,rs55834511,SLC6A6,2,Zheng,SLC6A6_locus0,3:14231914
3,14231914,3:14231914:G:C,3,14235482,3:14235482:G:A,1.0,3568,3:14231914,chr3,14231914,14231914,rs55834511,SLC6A6,2,Zheng,SLC6A6_locus0,3:14231914
3,14231914,3:14231914:G:C,3,14235797,3:14235797:A:G,1.0,3883,3:14231914,chr3,14231914,14231914,rs55834511,SLC6A6,2,Zheng,SLC6A6_locus0,3:14231914
3,14231914,3:14231914:G:C,3,14239370,3:14239370:G:T,1.0,7456,3:14231914,chr3,14231914,14231914,rs55834511,SLC6A6,2,Zheng,SLC6A6_locus0,3:14231914
3,14231914,3:14231914:G:C,3,14239551,3:14239551:G:T,1.0,7637,3:14231914,chr3,14231914,14231914,rs55834511,SLC6A6,2,Zheng,SLC6A6_locus0,3:14231914
3,14231914,3:14231914:G:C,3,14242316,3:14242317:A:AT,0.990751,10402,3:14231914,chr3,14231914,14231914,rs55834511,SLC6A6,2,Zheng,SLC6A6_locus0,3:14231914
3,14231914,3:14231914:G:C,3,14254605,3:14254605:T:TTG,0.883617,22691,3:14231914,chr3,14231914,14231914,rs55834511,SLC6A6,2,Zheng,SLC6A6_locus0,3:14231914
3,14231914,3:14231914:G:C,3,14254680,3:14254680:T:A,0.883617,22766,3:14231914,chr3,14231914,14231914,rs55834511,SLC6A6,2,Zheng,SLC6A6_locus0,3:14231914
3,14231914,3:14231914:G:C,3,14254811,3:14254811:C:T,0.883617,22897,3:14231914,chr3,14231914,14231914,rs55834511,SLC6A6,2,Zheng,SLC6A6_locus0,3:14231914
3,14231914,3:14231914:G:C,3,14254889,3:14254889:CTG:C,0.858016,22975,3:14231914,chr3,14231914,14231914,rs55834511,SLC6A6,2,Zheng,SLC6A6_locus0,3:14231914
3,14231914,3:14231914:G:C,3,14255281,3:14255281:G:A,0.883617,23367,3:14231914,chr3,14231914,14231914,rs55834511,SLC6A6,2,Zheng,SLC6A6_locus0,3:14231914
3,14231914,3:14231914:G:C,3,14255659,3:14255659:C:T,0.883617,23745,3:14231914,chr3,14231914,14231914,rs55834511,SLC6A6,2,Zheng,SLC6A6_locus0,3:14231914
3,14231914,3:14231914:G:C,3,14255790,3:14255790:G:A,0.883617,23876,3:14231914,chr3,14231914,14231914,rs55834511,SLC6A6,2,Zheng,SLC6A6_locus0,3:14231914
3,14231914,3:14231914:G:C,3,14255804,3:14255804:C:T,0.883617,23890,3:14231914,chr3,14231914,14231914,rs55834511,SLC6A6,2,Zheng,SLC6A6_locus0,3:14231914
3,14231914,3:14231914:G:C,3,14256355,3:14256355:G:A,0.883617,24441,3:14231914,chr3,14231914,14231914,rs55834511,SLC6A6,2,Zheng,SLC6A6_locus0,3:14231914
3,14231914,3:14231914:G:C,3,14256847,3:14256847:G:C,0.883617,24933,3:14231914,chr3,14231914,14231914,rs55834511,SLC6A6,2,Zheng,SLC6A6_locus0,3:14231914
3,14231914,3:14231914:G:C,3,14256907,3:14256907:A:G,0.883617,24993,3:14231914,chr3,14231914,14231914,rs55834511,SLC6A6,2,Zheng,SLC6A6_locus0,3:14231914
3,14231914,3:14231914:G:C,3,14257010,3:14257010:G:C,0.883617,25096,3:14231914,chr3,14231914,14231914,rs55834511,SLC6A6,2,Zheng,SLC6A6_locus0,3:14231914
3,14231972,3:14231972:C:T,3,14231914,3:14231914:G:C,1.0,58,3:14231972,chr3,14231972,14231972,rs56242556,SLC6A6,2,Zheng,SLC6A6_locus0,3:14231972
3,14231972,3:14231972:C:T,3,14231964,3:14231964:C:T,1.0,8,3:14231972,chr3,14231972,14231972,rs56242556,SLC6A6,2,Zheng,SLC6A6_locus0,3:14231972
3,14231972,3:14231972:C:T,3,14231972,3:14231972:C:T,1.0,0,3:14231972,chr3,14231972,14231972,rs56242556,SLC6A6,2,Zheng,SLC6A6_locus0,3:14231972
3,14231972,3:14231972:C:T,3,14232793,3:14232793:C:T,1.0,821,3:14231972,chr3,14231972,14231972,rs56242556,SLC6A6,2,Zheng,SLC6A6_locus0,3:14231972
3,14231972,3:14231972:C:T,3,14234259,3:14234259:C:G,1.0,2287,3:14231972,chr3,14231972,14231972,rs56242556,SLC6A6,2,Zheng,SLC6A6_locus0,3:14231972
3,14231972,3:14231972:C:T,3,14234738,3:14234738:G:A,1.0,2766,3:14231972,chr3,14231972,14231972,rs56242556,SLC6A6,2,Zheng,SLC6A6_locus0,3:14231972
3,14231972,3:14231972:C:T,3,14234994,3:14234994:G:A,1.0,3022,3:14231972,chr3,14231972,14231972,rs56242556,SLC6A6,2,Zheng,SLC6A6_locus0,3:14231972
3,14231972,3:14231972:C:T,3,14235482,3:14235482:G:A,1.0,3510,3:14231972,chr3,14231972,14231972,rs56242556,SLC6A6,2,Zheng,SLC6A6_locus0,3:14231972
3,14231972,3:14231972:C:T,3,14235797,3:14235797:A:G,1.0,3825,3:14231972,chr3,14231972,14231972,rs56242556,SLC6A6,2,Zheng,SLC6A6_locus0,3:14231972
3,14231972,3:14231972:C:T,3,14239370,3:14239370:G:T,1.0,7398,3:14231972,chr3,14231972,14231972,rs56242556,SLC6A6,2,Zheng,SLC6A6_locus0,3:14231972
3,14231972,3:14231972:C:T,3,14239551,3:14239551:G:T,1.0,7579,3:14231972,chr3,14231972,14231972,rs56242556,SLC6A6,2,Zheng,SLC6A6_locus0,3:14231972
3,14231972,3:14231972:C:T,3,14242316,3:14242317:A:AT,0.990751,10344,3:14231972,chr3,14231972,14231972,rs56242556,SLC6A6,2,Zheng,SLC6A6_locus0,3:14231972
3,14231972,3:14231972:C:T,3,14254605,3:14254605:T:TTG,0.883617,22633,3:14231972,chr3,14231972,14231972,rs56242556,SLC6A6,2,Zheng,SLC6A6_locus0,3:14231972
3,14231972,3:14231972:C:T,3,14254680,3:14254680:T:A,0.883617,22708,3:14231972,chr3,14231972,14231972,rs56242556,SLC6A6,2,Zheng,SLC6A6_locus0,3:14231972
3,14231972,3:14231972:C:T,3,14254811,3:14254811:C:T,0.883617,22839,3:14231972,chr3,14231972,14231972,rs56242556,SLC6A6,2,Zheng,SLC6A6_locus0,3:14231972
3,14231972,3:14231972:C:T,3,14254889,3:14254889:CTG:C,0.858016,22917,3:14231972,chr3,14231972,14231972,rs56242556,SLC6A6,2,Zheng,SLC6A6_locus0,3:14231972
3,14231972,3:14231972:C:T,3,14255281,3:14255281:G:A,0.883617,23309,3:14231972,chr3,14231972,14231972,rs56242556,SLC6A6,2,Zheng,SLC6A6_locus0,3:14231972
3,14231972,3:14231972:C:T,3,14255659,3:14255659:C:T,0.883617,23687,3:14231972,chr3,14231972,14231972,rs56242556,SLC6A6,2,Zheng,SLC6A6_locus0,3:14231972
3,14231972,3:14231972:C:T,3,14255790,3:14255790:G:A,0.883617,23818,3:14231972,chr3,14231972,14231972,rs56242556,SLC6A6,2,Zheng,SLC6A6_locus0,3:14231972
3,14231972,3:14231972:C:T,3,14255804,3:14255804:C:T,0.883617,23832,3:14231972,chr3,14231972,14231972,rs56242556,SLC6A6,2,Zheng,SLC6A6_locus0,3:14231972
3,14231972,3:14231972:C:T,3,14256355,3:14256355:G:A,0.883617,24383,3:14231972,chr3,14231972,14231972,rs56242556,SLC6A6,2,Zheng,SLC6A6_locus0,3:14231972
3,14231972,3:14231972:C:T,3,14256847,3:14256847:G:C,0.883617,24875,3:14231972,chr3,14231972,14231972,rs56242556,SLC6A6,2,Zheng,SLC6A6_locus0,3:14231972
3,14231972,3:14231972:C:T,3,14256907,3:14256907:A:G,0.883617,24935,3:14231972,chr3,14231972,14231972,rs56242556,SLC6A6,2,Zheng,SLC6A6_locus0,3:14231972
3,14231972,3:14231972:C:T,3,14257010,3:14257010:G:C,0.883617,25038,3:14231972,chr3,14231972,14231972,rs56242556,SLC6A6,2,Zheng,SLC6A6_locus0,3:14231972
3,14254937,3:14254937:G:T,3,14231260,3:14231260:A:G,0.907926,23677,3:14254937,chr3,14254937,14254937,rs59625485,SLC6A6,2,Zheng,SLC6A6_locus0,3:14254937
3,14254937,3:14254937:G:T,3,14231266,3:14231266:G:C,0.907926,23671,3:14254937,chr3,14254937,14254937,rs59625485,SLC6A6,2,Zheng,SLC6A6_locus0,3:14254937
3,14254937,3:14254937:G:T,3,14231414,3:14231414:C:T,0.907926,23523,3:14254937,chr3,14254937,14254937,rs59625485,SLC6A6,2,Zheng,SLC6A6_locus0,3:14254937
3,14254937,3:14254937:G:T,3,14231617,3:14231617:C:T,0.907926,23320,3:14254937,chr3,14254937,14254937,rs59625485,SLC6A6,2,Zheng,SLC6A6_locus0,3:14254937
3,14254937,3:14254937:G:T,3,14232951,3:14232951:G:A,0.907926,21986,3:14254937,chr3,14254937,14254937,rs59625485,SLC6A6,2,Zheng,SLC6A6_locus0,3:14254937
3,14254937,3:14254937:G:T,3,14234763,3:14234763:A:G,0.907926,20174,3:14254937,chr3,14254937,14254937,rs59625485,SLC6A6,2,Zheng,SLC6A6_locus0,3:14254937
3,14254937,3:14254937:G:T,3,14235560,3:14235560:A:C,0.907926,19377,3:14254937,chr3,14254937,14254937,rs59625485,SLC6A6,2,Zheng,SLC6A6_locus0,3:14254937
3,14254937,3:14254937:G:T,3,14236876,3:14236876:T:C,0.949419,18061,3:14254937,chr3,14254937,14254937,rs59625485,SLC6A6,2,Zheng,SLC6A6_locus0,3:14254937
3,14254937,3:14254937:G:T,3,14238636,3:14238636:G:A,0.949419,16301,3:14254937,chr3,14254937,14254937,rs59625485,SLC6A6,2,Zheng,SLC6A6_locus0,3:14254937
3,14254937,3:14254937:G:T,3,14238732,3:14238732:T:G,0.949419,16205,3:14254937,chr3,14254937,14254937,rs59625485,SLC6A6,2,Zheng,SLC6A6_locus0,3:14254937
3,14254937,3:14254937:G:T,3,14238958,3:14238958:G:T,0.949419,15979,3:14254937,chr3,14254937,14254937,rs59625485,SLC6A6,2,Zheng,SLC6A6_locus0,3:14254937
3,14254937,3:14254937:G:T,3,14239931,3:14239931:A:G,0.949419,15006,3:14254937,chr3,14254937,14254937,rs59625485,SLC6A6,2,Zheng,SLC6A6_locus0,3:14254937
3,14254937,3:14254937:G:T,3,14241394,3:14241394:A:G,0.957724,13543,3:14254937,chr3,14254937,14254937,rs59625485,SLC6A6,2,Zheng,SLC6A6_locus0,3:14254937
3,14254937,3:14254937:G:T,3,14242276,3:14242276:A:G,0.957724,12661,3:14254937,chr3,14254937,14254937,rs59625485,SLC6A6,2,Zheng,SLC6A6_locus0,3:14254937
3,14254937,3:14254937:G:T,3,14242316,3:14242316:AT:A,0.957724,12621,3:14254937,chr3,14254937,14254937,rs59625485,SLC6A6,2,Zheng,SLC6A6_locus0,3:14254937
3,14254937,3:14254937:G:T,3,14242361,3:14242361:G:T,0.957724,12576,3:14254937,chr3,14254937,14254937,rs59625485,SLC6A6,2,Zheng,SLC6A6_locus0,3:14254937
3,14254937,3:14254937:G:T,3,14243162,3:14243162:A:G,0.957724,11775,3:14254937,chr3,14254937,14254937,rs59625485,SLC6A6,2,Zheng,SLC6A6_locus0,3:14254937
3,14254937,3:14254937:G:T,3,14247058,3:14247058:C:T,0.974972,7879,3:14254937,chr3,14254937,14254937,rs59625485,SLC6A6,2,Zheng,SLC6A6_locus0,3:14254937
3,14254937,3:14254937:G:T,3,14247614,3:14247614:G:A,0.974972,7323,3:14254937,chr3,14254937,14254937,rs59625485,SLC6A6,2,Zheng,SLC6A6_locus0,3:14254937
3,14254937,3:14254937:G:T,3,14249503,3:14249503:CTTTT:C,0.966172,5434,3:14254937,chr3,14254937,14254937,rs59625485,SLC6A6,2,Zheng,SLC6A6_locus0,3:14254937
3,14254937,3:14254937:G:T,3,14249591,3:14249591:C:T,0.974972,5346,3:14254937,chr3,14254937,14254937,rs59625485,SLC6A6,2,Zheng,SLC6A6_locus0,3:14254937
3,14254937,3:14254937:G:T,3,14250179,3:14250179:T:C,0.974972,4758,3:14254937,chr3,14254937,14254937,rs59625485,SLC6A6,2,Zheng,SLC6A6_locus0,3:14254937
3,14254937,3:14254937:G:T,3,14250638,3:14250638:A:G,0.974972,4299,3:14254937,chr3,14254937,14254937,rs59625485,SLC6A6,2,Zheng,SLC6A6_locus0,3:14254937
3,14254937,3:14254937:G:T,3,14250998,3:14250998:C:T,0.974972,3939,3:14254937,chr3,14254937,14254937,rs59625485,SLC6A6,2,Zheng,SLC6A6_locus0,3:14254937
3,14254937,3:14254937:G:T,3,14251872,3:14251872:G:T,0.974972,3065,3:14254937,chr3,14254937,14254937,rs59625485,SLC6A6,2,Zheng,SLC6A6_locus0,3:14254937
3,14254937,3:14254937:G:T,3,14252018,3:14252018:A:AAC,0.974972,2919,3:14254937,chr3,14254937,14254937,rs59625485,SLC6A6,2,Zheng,SLC6A6_locus0,3:14254937
3,14254937,3:14254937:G:T,3,14252122,3:14252122:G:A,0.974972,2815,3:14254937,chr3,14254937,14254937,rs59625485,SLC6A6,2,Zheng,SLC6A6_locus0,3:14254937
3,14254937,3:14254937:G:T,3,14254682,3:14254682:T:TTG,1.0,255,3:14254937,chr3,14254937,14254937,rs59625485,SLC6A6,2,Zheng,SLC6A6_locus0,3:14254937
3,14254937,3:14254937:G:T,3,14254937,3:14254937:G:T,1.0,0,3:14254937,chr3,14254937,14254937,rs59625485,SLC6A6,2,Zheng,SLC6A6_locus0,3:14254937
3,14254937,3:14254937:G:T,3,14257232,3:14257232:AT:A,0.874428,2295,3:14254937,chr3,14254937,14254937,rs59625485,SLC6A6,2,Zheng,SLC6A6_locus0,3:14254937
3,14254937,3:14254937:G:T,3,14265282,3:14265282:G:T,1.0,10345,3:14254937,chr3,14254937,14254937,rs59625485,SLC6A6,2,Zheng,SLC6A6_locus0,3:14254937
3,52498102,3:52498102:A:G,3,52498102,3:52498102:A:G,1.0,0,3:52498102,chr3,52498102,52498102,rs13326165,TKT,2,Jurgens,TKT_locus0,3:52498102
3,69807602,3:69807602:C:T,3,69795457,3:69795457:G:A,0.884583,12145,3:69807602,chr3,69807602,69807602,rs79502300,MITF,3,Zheng,MITF_locus0,3:69807602
3,69807602,3:69807602:C:T,3,69795494,3:69795494:G:A,0.884583,12108,3:69807602,chr3,69807602,69807602,rs79502300,MITF,3,Zheng,MITF_locus0,3:69807602
3,69807602,3:69807602:C:T,3,69795694,3:69795694:C:T,0.884583,11908,3:69807602,chr3,69807602,69807602,rs79502300,MITF,3,Zheng,MITF_locus0,3:69807602
3,69807602,3:69807602:C:T,3,69800684,3:69800684:T:C,0.884583,6918,3:69807602,chr3,69807602,69807602,rs79502300,MITF,3,Zheng,MITF_locus0,3:69807602
3,69807602,3:69807602:C:T,3,69801056,3:69801057:C:CTT,0.870114,6546,3:69807602,chr3,69807602,69807602,rs79502300,MITF,3,Zheng,MITF_locus0,3:69807602
3,69807602,3:69807602:C:T,3,69802154,3:69802154:T:C,0.884583,5448,3:69807602,chr3,69807602,69807602,rs79502300,MITF,3,Zheng,MITF_locus0,3:69807602
3,69807602,3:69807602:C:T,3,69802199,3:69802199:C:T,0.987953,5403,3:69807602,chr3,69807602,69807602,rs79502300,MITF,3,Zheng,MITF_locus0,3:69807602
3,69807602,3:69807602:C:T,3,69805359,3:69805359:C:G,0.987953,2243,3:69807602,chr3,69807602,69807602,rs79502300,MITF,3,Zheng,MITF_locus0,3:69807602
3,69807602,3:69807602:C:T,3,69805540,3:69805540:C:G,0.987953,2062,3:69807602,chr3,69807602,69807602,rs79502300,MITF,3,Zheng,MITF_locus0,3:69807602
3,69807602,3:69807602:C:T,3,69805547,3:69805547:G:A,0.987953,2055,3:69807602,chr3,69807602,69807602,rs79502300,MITF,3,Zheng,MITF_locus0,3:69807602
3,69807602,3:69807602:C:T,3,69807602,3:69807602:C:T,1.0,0,3:69807602,chr3,69807602,69807602,rs79502300,MITF,3,Zheng,MITF_locus0,3:69807602
3,69807602,3:69807602:C:T,3,69808152,3:69808152:A:C,0.884583,550,3:69807602,chr3,69807602,69807602,rs79502300,MITF,3,Zheng,MITF_locus0,3:69807602
3,69807602,3:69807602:C:T,3,69808622,3:69808622:C:T,0.987953,1020,3:69807602,chr3,69807602,69807602,rs79502300,MITF,3,Zheng,MITF_locus0,3:69807602
3,69807602,3:69807602:C:T,3,69809626,3:69809626:AT:A,0.85477,2024,3:69807602,chr3,69807602,69807602,rs79502300,MITF,3,Zheng,MITF_locus0,3:69807602
3,69807602,3:69807602:C:T,3,69809825,3:69809825:G:A,0.893942,2223,3:69807602,chr3,69807602,69807602,rs79502300,MITF,3,Zheng,MITF_locus0,3:69807602
3,69807602,3:69807602:C:T,3,69810119,3:69810119:G:A,0.893942,2517,3:69807602,chr3,69807602,69807602,rs79502300,MITF,3,Zheng,MITF_locus0,3:69807602
3,69807602,3:69807602:C:T,3,69810500,3:69810500:A:G,0.893942,2898,3:69807602,chr3,69807602,69807602,rs79502300,MITF,3,Zheng,MITF_locus0,3:69807602
3,69807602,3:69807602:C:T,3,69811337,3:69811337:G:A,0.893942,3735,3:69807602,chr3,69807602,69807602,rs79502300,MITF,3,Zheng,MITF_locus0,3:69807602
3,69807602,3:69807602:C:T,3,69811353,3:69811353:A:G,0.893942,3751,3:69807602,chr3,69807602,69807602,rs79502300,MITF,3,Zheng,MITF_locus0,3:69807602
3,69807602,3:69807602:C:T,3,69811754,3:69811754:T:G,0.893942,4152,3:69807602,chr3,69807602,69807602,rs79502300,MITF,3,Zheng,MITF_locus0,3:69807602
3,69807602,3:69807602:C:T,3,69811902,3:69811902:C:G,0.893942,4300,3:69807602,chr3,69807602,69807602,rs79502300,MITF,3,Zheng,MITF_locus0,3:69807602
3,69807602,3:69807602:C:T,3,69811921,3:69811921:G:A,0.88246,4319,3:69807602,chr3,69807602,69807602,rs79502300,MITF,3,Zheng,MITF_locus0,3:69807602
3,69807602,3:69807602:C:T,3,69812035,3:69812035:G:A,0.893942,4433,3:69807602,chr3,69807602,69807602,rs79502300,MITF,3,Zheng,MITF_locus0,3:69807602
3,69807602,3:69807602:C:T,3,69812077,3:69812077:T:TTAGATTAG,0.893942,4475,3:69807602,chr3,69807602,69807602,rs79502300,MITF,3,Zheng,MITF_locus0,3:69807602
3,69807602,3:69807602:C:T,3,69812272,3:69812272:G:A,0.893942,4670,3:69807602,chr3,69807602,69807602,rs79502300,MITF,3,Zheng,MITF_locus0,3:69807602
3,69807602,3:69807602:C:T,3,69812954,3:69812954:A:C,0.884583,5352,3:69807602,chr3,69807602,69807602,rs79502300,MITF,3,Zheng,MITF_locus0,3:69807602
3,69807602,3:69807602:C:T,3,69813002,3:69813002:T:G,0.884583,5400,3:69807602,chr3,69807602,69807602,rs79502300,MITF,3,Zheng,MITF_locus0,3:69807602
3,69807602,3:69807602:C:T,3,69813038,3:69813038:A:G,0.884583,5436,3:69807602,chr3,69807602,69807602,rs79502300,MITF,3,Zheng,MITF_locus0,3:69807602
3,69807602,3:69807602:C:T,3,69813225,3:69813225:T:C,0.884583,5623,3:69807602,chr3,69807602,69807602,rs79502300,MITF,3,Zheng,MITF_locus0,3:69807602
3,69807602,3:69807602:C:T,3,69813303,3:69813303:C:G,0.884583,5701,3:69807602,chr3,69807602,69807602,rs79502300,MITF,3,Zheng,MITF_locus0,3:69807602
3,69807602,3:69807602:C:T,3,69814135,3:69814135:A:G,0.884583,6533,3:69807602,chr3,69807602,69807602,rs79502300,MITF,3,Zheng,MITF_locus0,3:69807602
3,69807602,3:69807602:C:T,3,69814325,3:69814325:T:C,0.884583,6723,3:69807602,chr3,69807602,69807602,rs79502300,MITF,3,Zheng,MITF_locus0,3:69807602
3,69807602,3:69807602:C:T,3,69815581,3:69815581:T:C,0.884583,7979,3:69807602,chr3,69807602,69807602,rs79502300,MITF,3,Zheng,MITF_locus0,3:69807602
3,69807602,3:69807602:C:T,3,69815797,3:69815797:G:A,0.893942,8195,3:69807602,chr3,69807602,69807602,rs79502300,MITF,3,Zheng,MITF_locus0,3:69807602
3,69807602,3:69807602:C:T,3,69815932,3:69815932:T:C,0.884583,8330,3:69807602,chr3,69807602,69807602,rs79502300,MITF,3,Zheng,MITF_locus0,3:69807602
3,69807602,3:69807602:C:T,3,69815976,3:69815976:G:A,0.884583,8374,3:69807602,chr3,69807602,69807602,rs79502300,MITF,3,Zheng,MITF_locus0,3:69807602
3,69807602,3:69807602:C:T,3,69816201,3:69816201:G:A,0.884583,8599,3:69807602,chr3,69807602,69807602,rs79502300,MITF,3,Zheng,MITF_locus0,3:69807602
3,69807602,3:69807602:C:T,3,69820233,3:69820233:T:C,0.884583,12631,3:69807602,chr3,69807602,69807602,rs79502300,MITF,3,Zheng,MITF_locus0,3:69807602
3,69807602,3:69807602:C:T,3,69820882,3:69820882:C:A,0.893942,13280,3:69807602,chr3,69807602,69807602,rs79502300,MITF,3,Zheng,MITF_locus0,3:69807602
3,69807602,3:69807602:C:T,3,69821314,3:69821314:T:A,0.893942,13712,3:69807602,chr3,69807602,69807602,rs79502300,MITF,3,Zheng,MITF_locus0,3:69807602
3,69807602,3:69807602:C:T,3,69821677,3:69821677:G:GA,0.887612,14075,3:69807602,chr3,69807602,69807602,rs79502300,MITF,3,Zheng,MITF_locus0,3:69807602
3,69807602,3:69807602:C:T,3,69821720,3:69821720:C:T,0.887612,14118,3:69807602,chr3,69807602,69807602,rs79502300,MITF,3,Zheng,MITF_locus0,3:69807602
3,69807602,3:69807602:C:T,3,69822261,3:69822261:G:A,0.893942,14659,3:69807602,chr3,69807602,69807602,rs79502300,MITF,3,Zheng,MITF_locus0,3:69807602
3,69807602,3:69807602:C:T,3,69822903,3:69822903:G:GT,0.893942,15301,3:69807602,chr3,69807602,69807602,rs79502300,MITF,3,Zheng,MITF_locus0,3:69807602
3,69807602,3:69807602:C:T,3,69823546,3:69823546:C:T,0.893942,15944,3:69807602,chr3,69807602,69807602,rs79502300,MITF,3,Zheng,MITF_locus0,3:69807602
3,69807602,3:69807602:C:T,3,69823562,3:69823562:G:A,0.893942,15960,3:69807602,chr3,69807602,69807602,rs79502300,MITF,3,Zheng,MITF_locus0,3:69807602
3,69807602,3:69807602:C:T,3,69824184,3:69824184:T:C,0.893942,16582,3:69807602,chr3,69807602,69807602,rs79502300,MITF,3,Zheng,MITF_locus0,3:69807602
3,69807602,3:69807602:C:T,3,69825146,3:69825146:A:G,0.893942,17544,3:69807602,chr3,69807602,69807602,rs79502300,MITF,3,Zheng,MITF_locus0,3:69807602
3,69807602,3:69807602:C:T,3,69825232,3:69825232:T:A,0.893942,17630,3:69807602,chr3,69807602,69807602,rs79502300,MITF,3,Zheng,MITF_locus0,3:69807602
3,69807602,3:69807602:C:T,3,69827168,3:69827168:G:T,0.893942,19566,3:69807602,chr3,69807602,69807602,rs79502300,MITF,3,Zheng,MITF_locus0,3:69807602
3,69807602,3:69807602:C:T,3,69827532,3:69827532:T:G,0.893942,19930,3:69807602,chr3,69807602,69807602,rs79502300,MITF,3,Zheng,MITF_locus0,3:69807602
3,69807602,3:69807602:C:T,3,69828877,3:69828877:A:C,0.893942,21275,3:69807602,chr3,69807602,69807602,rs79502300,MITF,3,Zheng,MITF_locus0,3:69807602
3,69807602,3:69807602:C:T,3,69828945,3:69828945:A:AGT,0.88246,21343,3:69807602,chr3,69807602,69807602,rs79502300,MITF,3,Zheng,MITF_locus0,3:69807602
3,69807602,3:69807602:C:T,3,69829672,3:69829673:GCACACACA:G,0.893942,22070,3:69807602,chr3,69807602,69807602,rs79502300,MITF,3,Zheng,MITF_locus0,3:69807602
3,69807602,3:69807602:C:T,3,69830358,3:69830358:A:G,0.893942,22756,3:69807602,chr3,69807602,69807602,rs79502300,MITF,3,Zheng,MITF_locus0,3:69807602
3,69807602,3:69807602:C:T,3,69831401,3:69831401:C:T,0.893942,23799,3:69807602,chr3,69807602,69807602,rs79502300,MITF,3,Zheng,MITF_locus0,3:69807602
3,69807602,3:69807602:C:T,3,69831522,3:69831522:A:T,0.893942,23920,3:69807602,chr3,69807602,69807602,rs79502300,MITF,3,Zheng,MITF_locus0,3:69807602
3,69807602,3:69807602:C:T,3,69831578,3:69831578:C:T,0.893942,23976,3:69807602,chr3,69807602,69807602,rs79502300,MITF,3,Zheng,MITF_locus0,3:69807602
3,69807602,3:69807602:C:T,3,69831985,3:69831985:G:A,0.893942,24383,3:69807602,chr3,69807602,69807602,rs79502300,MITF,3,Zheng,MITF_locus0,3:69807602
3,69807602,3:69807602:C:T,3,69832035,3:69832035:T:A,0.893942,24433,3:69807602,chr3,69807602,69807602,rs79502300,MITF,3,Zheng,MITF_locus0,3:69807602
3,69807602,3:69807602:C:T,3,69832282,3:69832282:A:G,0.893942,24680,3:69807602,chr3,69807602,69807602,rs79502300,MITF,3,Zheng,MITF_locus0,3:69807602
3,69807602,3:69807602:C:T,3,69832690,3:69832690:T:A,0.893942,25088,3:69807602,chr3,69807602,69807602,rs79502300,MITF,3,Zheng,MITF_locus0,3:69807602
3,69807602,3:69807602:C:T,3,69833417,3:69833417:C:T,0.884583,25815,3:69807602,chr3,69807602,69807602,rs79502300,MITF,3,Zheng,MITF_locus0,3:69807602
3,69807602,3:69807602:C:T,3,69833597,3:69833597:T:C,0.884583,25995,3:69807602,chr3,69807602,69807602,rs79502300,MITF,3,Zheng,MITF_locus0,3:69807602
3,69807602,3:69807602:C:T,3,69834904,3:69834904:C:T,0.875353,27302,3:69807602,chr3,69807602,69807602,rs79502300,MITF,3,Zheng,MITF_locus0,3:69807602
3,69807602,3:69807602:C:T,3,69836095,3:69836095:G:A,0.884583,28493,3:69807602,chr3,69807602,69807602,rs79502300,MITF,3,Zheng,MITF_locus0,3:69807602
3,69807602,3:69807602:C:T,3,69836855,3:69836855:A:G,0.884583,29253,3:69807602,chr3,69807602,69807602,rs79502300,MITF,3,Zheng,MITF_locus0,3:69807602
3,69807602,3:69807602:C:T,3,69837665,3:69837665:G:A,0.884583,30063,3:69807602,chr3,69807602,69807602,rs79502300,MITF,3,Zheng,MITF_locus0,3:69807602
3,69807602,3:69807602:C:T,3,69838505,3:69838505:A:G,0.884583,30903,3:69807602,chr3,69807602,69807602,rs79502300,MITF,3,Zheng,MITF_locus0,3:69807602
3,69807602,3:69807602:C:T,3,69839091,3:69839091:C:A,0.893942,31489,3:69807602,chr3,69807602,69807602,rs79502300,MITF,3,Zheng,MITF_locus0,3:69807602
3,69807602,3:69807602:C:T,3,69839256,3:69839256:C:G,0.884583,31654,3:69807602,chr3,69807602,69807602,rs79502300,MITF,3,Zheng,MITF_locus0,3:69807602
3,69807602,3:69807602:C:T,3,69839531,3:69839531:C:T,0.884583,31929,3:69807602,chr3,69807602,69807602,rs79502300,MITF,3,Zheng,MITF_locus0,3:69807602
3,69807602,3:69807602:C:T,3,69839855,3:69839855:T:A,0.884583,32253,3:69807602,chr3,69807602,69807602,rs79502300,MITF,3,Zheng,MITF_locus0,3:69807602
3,69807602,3:69807602:C:T,3,69840106,3:69840106:A:T,0.884583,32504,3:69807602,chr3,69807602,69807602,rs79502300,MITF,3,Zheng,MITF_locus0,3:69807602
3,69807602,3:69807602:C:T,3,69840913,3:69840913:G:A,0.884583,33311,3:69807602,chr3,69807602,69807602,rs79502300,MITF,3,Zheng,MITF_locus0,3:69807602
3,69807602,3:69807602:C:T,3,69841288,3:69841288:A:G,0.884583,33686,3:69807602,chr3,69807602,69807602,rs79502300,MITF,3,Zheng,MITF_locus0,3:69807602
3,69807602,3:69807602:C:T,3,69841323,3:69841323:T:G,0.884583,33721,3:69807602,chr3,69807602,69807602,rs79502300,MITF,3,Zheng,MITF_locus0,3:69807602
3,69807602,3:69807602:C:T,3,69844344,3:69844344:A:G,0.884583,36742,3:69807602,chr3,69807602,69807602,rs79502300,MITF,3,Zheng,MITF_locus0,3:69807602
3,69807602,3:69807602:C:T,3,69844419,3:69844419:T:C,0.884583,36817,3:69807602,chr3,69807602,69807602,rs79502300,MITF,3,Zheng,MITF_locus0,3:69807602
3,69807602,3:69807602:C:T,3,69844820,3:69844820:G:T,0.884583,37218,3:69807602,chr3,69807602,69807602,rs79502300,MITF,3,Zheng,MITF_locus0,3:69807602
3,69807602,3:69807602:C:T,3,69844891,3:69844891:C:T,0.884583,37289,3:69807602,chr3,69807602,69807602,rs79502300,MITF,3,Zheng,MITF_locus0,3:69807602
3,69807602,3:69807602:C:T,3,69845442,3:69845442:C:CTT,0.893942,37840,3:69807602,chr3,69807602,69807602,rs79502300,MITF,3,Zheng,MITF_locus0,3:69807602
3,69807602,3:69807602:C:T,3,69845871,3:69845871:G:A,0.884583,38269,3:69807602,chr3,69807602,69807602,rs79502300,MITF,3,Zheng,MITF_locus0,3:69807602
3,69807602,3:69807602:C:T,3,69846816,3:69846816:CAA:C,0.810729,39214,3:69807602,chr3,69807602,69807602,rs79502300,MITF,3,Zheng,MITF_locus0,3:69807602
3,69807602,3:69807602:C:T,3,69848299,3:69848299:G:T,0.858665,40697,3:69807602,chr3,69807602,69807602,rs79502300,MITF,3,Zheng,MITF_locus0,3:69807602
3,69807602,3:69807602:C:T,3,69849263,3:69849263:C:T,0.840155,41661,3:69807602,chr3,69807602,69807602,rs79502300,MITF,3,Zheng,MITF_locus0,3:69807602
3,69807602,3:69807602:C:T,3,69857080,3:69857080:T:G,0.893825,49478,3:69807602,chr3,69807602,69807602,rs79502300,MITF,3,Zheng,MITF_locus0,3:69807602
3,69807602,3:69807602:C:T,3,69857116,3:69857116:T:C,0.928384,49514,3:69807602,chr3,69807602,69807602,rs79502300,MITF,3,Zheng,MITF_locus0,3:69807602
3,69807602,3:69807602:C:T,3,69857219,3:69857219:T:C,0.893825,49617,3:69807602,chr3,69807602,69807602,rs79502300,MITF,3,Zheng,MITF_locus0,3:69807602
3,69807602,3:69807602:C:T,3,69857335,3:69857335:C:A,0.893825,49733,3:69807602,chr3,69807602,69807602,rs79502300,MITF,3,Zheng,MITF_locus0,3:69807602
3,69807602,3:69807602:C:T,3,69857352,3:69857352:GC:G,0.883474,49750,3:69807602,chr3,69807602,69807602,rs79502300,MITF,3,Zheng,MITF_locus0,3:69807602
3,69807602,3:69807602:C:T,3,69857421,3:69857421:A:G,0.893825,49819,3:69807602,chr3,69807602,69807602,rs79502300,MITF,3,Zheng,MITF_locus0,3:69807602
3,69807602,3:69807602:C:T,3,69857604,3:69857604:A:G,0.893825,50002,3:69807602,chr3,69807602,69807602,rs79502300,MITF,3,Zheng,MITF_locus0,3:69807602
3,69807602,3:69807602:C:T,3,69857964,3:69857964:G:A,0.893825,50362,3:69807602,chr3,69807602,69807602,rs79502300,MITF,3,Zheng,MITF_locus0,3:69807602
3,69807602,3:69807602:C:T,3,69858193,3:69858193:C:T,0.882109,50591,3:69807602,chr3,69807602,69807602,rs79502300,MITF,3,Zheng,MITF_locus0,3:69807602
3,69807602,3:69807602:C:T,3,69858555,3:69858555:C:T,0.882109,50953,3:69807602,chr3,69807602,69807602,rs79502300,MITF,3,Zheng,MITF_locus0,3:69807602
3,69807602,3:69807602:C:T,3,69858724,3:69858724:G:A,0.882109,51122,3:69807602,chr3,69807602,69807602,rs79502300,MITF,3,Zheng,MITF_locus0,3:69807602
3,69807602,3:69807602:C:T,3,69859943,3:69859943:A:G,0.906427,52341,3:69807602,chr3,69807602,69807602,rs79502300,MITF,3,Zheng,MITF_locus0,3:69807602
3,69807602,3:69807602:C:T,3,69860274,3:69860274:T:C,0.906427,52672,3:69807602,chr3,69807602,69807602,rs79502300,MITF,3,Zheng,MITF_locus0,3:69807602
3,69812954,3:69812954:A:C,3,69783226,3:69783226:A:C,0.800057,29728,3:69812954,chr3,69812954,69812954,rs6802804,MITF,4,Jurgens,MITF_locus0,3:69812954
3,69812954,3:69812954:A:C,3,69794111,3:69794111:T:C,0.807997,18843,3:69812954,chr3,69812954,69812954,rs6802804,MITF,4,Jurgens,MITF_locus0,3:69812954
3,69812954,3:69812954:A:C,3,69795457,3:69795457:G:A,1.0,17497,3:69812954,chr3,69812954,69812954,rs6802804,MITF,4,Jurgens,MITF_locus0,3:69812954
3,69812954,3:69812954:A:C,3,69795494,3:69795494:G:A,1.0,17460,3:69812954,chr3,69812954,69812954,rs6802804,MITF,4,Jurgens,MITF_locus0,3:69812954
3,69812954,3:69812954:A:C,3,69795694,3:69795694:C:T,1.0,17260,3:69812954,chr3,69812954,69812954,rs6802804,MITF,4,Jurgens,MITF_locus0,3:69812954
3,69812954,3:69812954:A:C,3,69800684,3:69800684:T:C,1.0,12270,3:69812954,chr3,69812954,69812954,rs6802804,MITF,4,Jurgens,MITF_locus0,3:69812954
3,69812954,3:69812954:A:C,3,69801056,3:69801057:C:CTT,0.989972,11898,3:69812954,chr3,69812954,69812954,rs6802804,MITF,4,Jurgens,MITF_locus0,3:69812954
3,69812954,3:69812954:A:C,3,69802154,3:69802154:T:C,1.0,10800,3:69812954,chr3,69812954,69812954,rs6802804,MITF,4,Jurgens,MITF_locus0,3:69812954
3,69812954,3:69812954:A:C,3,69802199,3:69802199:C:T,0.894112,10755,3:69812954,chr3,69812954,69812954,rs6802804,MITF,4,Jurgens,MITF_locus0,3:69812954
3,69812954,3:69812954:A:C,3,69805359,3:69805359:C:G,0.894112,7595,3:69812954,chr3,69812954,69812954,rs6802804,MITF,4,Jurgens,MITF_locus0,3:69812954
3,69812954,3:69812954:A:C,3,69805540,3:69805540:C:G,0.894112,7414,3:69812954,chr3,69812954,69812954,rs6802804,MITF,4,Jurgens,MITF_locus0,3:69812954
3,69812954,3:69812954:A:C,3,69805547,3:69805547:G:A,0.894112,7407,3:69812954,chr3,69812954,69812954,rs6802804,MITF,4,Jurgens,MITF_locus0,3:69812954
3,69812954,3:69812954:A:C,3,69807602,3:69807602:C:T,0.884583,5352,3:69812954,chr3,69812954,69812954,rs6802804,MITF,4,Jurgens,MITF_locus0,3:69812954
3,69812954,3:69812954:A:C,3,69808152,3:69808152:A:C,0.979904,4802,3:69812954,chr3,69812954,69812954,rs6802804,MITF,4,Jurgens,MITF_locus0,3:69812954
3,69812954,3:69812954:A:C,3,69808622,3:69808622:C:T,0.873322,4332,3:69812954,chr3,69812954,69812954,rs6802804,MITF,4,Jurgens,MITF_locus0,3:69812954
3,69812954,3:69812954:A:C,3,69809626,3:69809626:AT:A,0.950222,3328,3:69812954,chr3,69812954,69812954,rs6802804,MITF,4,Jurgens,MITF_locus0,3:69812954
3,69812954,3:69812954:A:C,3,69809825,3:69809825:G:A,0.989952,3129,3:69812954,chr3,69812954,69812954,rs6802804,MITF,4,Jurgens,MITF_locus0,3:69812954
3,69812954,3:69812954:A:C,3,69810119,3:69810119:G:A,0.989952,2835,3:69812954,chr3,69812954,69812954,rs6802804,MITF,4,Jurgens,MITF_locus0,3:69812954
3,69812954,3:69812954:A:C,3,69810500,3:69810500:A:G,0.989952,2454,3:69812954,chr3,69812954,69812954,rs6802804,MITF,4,Jurgens,MITF_locus0,3:69812954
3,69812954,3:69812954:A:C,3,69811337,3:69811337:G:A,0.989952,1617,3:69812954,chr3,69812954,69812954,rs6802804,MITF,4,Jurgens,MITF_locus0,3:69812954
3,69812954,3:69812954:A:C,3,69811353,3:69811353:A:G,0.989952,1601,3:69812954,chr3,69812954,69812954,rs6802804,MITF,4,Jurgens,MITF_locus0,3:69812954
3,69812954,3:69812954:A:C,3,69811754,3:69811754:T:G,0.989952,1200,3:69812954,chr3,69812954,69812954,rs6802804,MITF,4,Jurgens,MITF_locus0,3:69812954
3,69812954,3:69812954:A:C,3,69811902,3:69811902:C:G,0.989952,1052,3:69812954,chr3,69812954,69812954,rs6802804,MITF,4,Jurgens,MITF_locus0,3:69812954
3,69812954,3:69812954:A:C,3,69811921,3:69811921:G:A,0.980006,1033,3:69812954,chr3,69812954,69812954,rs6802804,MITF,4,Jurgens,MITF_locus0,3:69812954
3,69812954,3:69812954:A:C,3,69812035,3:69812035:G:A,0.989952,919,3:69812954,chr3,69812954,69812954,rs6802804,MITF,4,Jurgens,MITF_locus0,3:69812954
3,69812954,3:69812954:A:C,3,69812077,3:69812077:T:TTAGATTAG,0.989952,877,3:69812954,chr3,69812954,69812954,rs6802804,MITF,4,Jurgens,MITF_locus0,3:69812954
3,69812954,3:69812954:A:C,3,69812272,3:69812272:G:A,0.989952,682,3:69812954,chr3,69812954,69812954,rs6802804,MITF,4,Jurgens,MITF_locus0,3:69812954
3,69812954,3:69812954:A:C,3,69812954,3:69812954:A:C,1.0,0,3:69812954,chr3,69812954,69812954,rs6802804,MITF,4,Jurgens,MITF_locus0,3:69812954
3,69812954,3:69812954:A:C,3,69813002,3:69813002:T:G,1.0,48,3:69812954,chr3,69812954,69812954,rs6802804,MITF,4,Jurgens,MITF_locus0,3:69812954
3,69812954,3:69812954:A:C,3,69813038,3:69813038:A:G,1.0,84,3:69812954,chr3,69812954,69812954,rs6802804,MITF,4,Jurgens,MITF_locus0,3:69812954
3,69812954,3:69812954:A:C,3,69813225,3:69813225:T:C,1.0,271,3:69812954,chr3,69812954,69812954,rs6802804,MITF,4,Jurgens,MITF_locus0,3:69812954
3,69812954,3:69812954:A:C,3,69813303,3:69813303:C:G,1.0,349,3:69812954,chr3,69812954,69812954,rs6802804,MITF,4,Jurgens,MITF_locus0,3:69812954
3,69812954,3:69812954:A:C,3,69814135,3:69814135:A:G,1.0,1181,3:69812954,chr3,69812954,69812954,rs6802804,MITF,4,Jurgens,MITF_locus0,3:69812954
3,69812954,3:69812954:A:C,3,69814325,3:69814325:T:C,1.0,1371,3:69812954,chr3,69812954,69812954,rs6802804,MITF,4,Jurgens,MITF_locus0,3:69812954
3,69812954,3:69812954:A:C,3,69815581,3:69815581:T:C,1.0,2627,3:69812954,chr3,69812954,69812954,rs6802804,MITF,4,Jurgens,MITF_locus0,3:69812954
3,69812954,3:69812954:A:C,3,69815797,3:69815797:G:A,0.989952,2843,3:69812954,chr3,69812954,69812954,rs6802804,MITF,4,Jurgens,MITF_locus0,3:69812954
3,69812954,3:69812954:A:C,3,69815932,3:69815932:T:C,1.0,2978,3:69812954,chr3,69812954,69812954,rs6802804,MITF,4,Jurgens,MITF_locus0,3:69812954
3,69812954,3:69812954:A:C,3,69815976,3:69815976:G:A,1.0,3022,3:69812954,chr3,69812954,69812954,rs6802804,MITF,4,Jurgens,MITF_locus0,3:69812954
3,69812954,3:69812954:A:C,3,69816201,3:69816201:G:A,1.0,3247,3:69812954,chr3,69812954,69812954,rs6802804,MITF,4,Jurgens,MITF_locus0,3:69812954
3,69812954,3:69812954:A:C,3,69820233,3:69820233:T:C,1.0,7279,3:69812954,chr3,69812954,69812954,rs6802804,MITF,4,Jurgens,MITF_locus0,3:69812954
3,69812954,3:69812954:A:C,3,69820882,3:69820882:C:A,0.989952,7928,3:69812954,chr3,69812954,69812954,rs6802804,MITF,4,Jurgens,MITF_locus0,3:69812954
3,69812954,3:69812954:A:C,3,69821314,3:69821314:T:A,0.989952,8360,3:69812954,chr3,69812954,69812954,rs6802804,MITF,4,Jurgens,MITF_locus0,3:69812954
3,69812954,3:69812954:A:C,3,69821677,3:69821677:G:GA,0.980202,8723,3:69812954,chr3,69812954,69812954,rs6802804,MITF,4,Jurgens,MITF_locus0,3:69812954
3,69812954,3:69812954:A:C,3,69821720,3:69821720:C:T,0.980202,8766,3:69812954,chr3,69812954,69812954,rs6802804,MITF,4,Jurgens,MITF_locus0,3:69812954
3,69812954,3:69812954:A:C,3,69822261,3:69822261:G:A,0.989952,9307,3:69812954,chr3,69812954,69812954,rs6802804,MITF,4,Jurgens,MITF_locus0,3:69812954
3,69812954,3:69812954:A:C,3,69822903,3:69822903:G:GT,0.989952,9949,3:69812954,chr3,69812954,69812954,rs6802804,MITF,4,Jurgens,MITF_locus0,3:69812954
3,69812954,3:69812954:A:C,3,69823546,3:69823546:C:T,0.989952,10592,3:69812954,chr3,69812954,69812954,rs6802804,MITF,4,Jurgens,MITF_locus0,3:69812954
3,69812954,3:69812954:A:C,3,69823562,3:69823562:G:A,0.989952,10608,3:69812954,chr3,69812954,69812954,rs6802804,MITF,4,Jurgens,MITF_locus0,3:69812954
3,69812954,3:69812954:A:C,3,69824184,3:69824184:T:C,0.989952,11230,3:69812954,chr3,69812954,69812954,rs6802804,MITF,4,Jurgens,MITF_locus0,3:69812954
3,69812954,3:69812954:A:C,3,69825146,3:69825146:A:G,0.989952,12192,3:69812954,chr3,69812954,69812954,rs6802804,MITF,4,Jurgens,MITF_locus0,3:69812954
3,69812954,3:69812954:A:C,3,69825232,3:69825232:T:A,0.989952,12278,3:69812954,chr3,69812954,69812954,rs6802804,MITF,4,Jurgens,MITF_locus0,3:69812954
3,69812954,3:69812954:A:C,3,69827168,3:69827168:G:T,0.989952,14214,3:69812954,chr3,69812954,69812954,rs6802804,MITF,4,Jurgens,MITF_locus0,3:69812954
3,69812954,3:69812954:A:C,3,69827532,3:69827532:T:G,0.989952,14578,3:69812954,chr3,69812954,69812954,rs6802804,MITF,4,Jurgens,MITF_locus0,3:69812954
3,69812954,3:69812954:A:C,3,69828877,3:69828877:A:C,0.989952,15923,3:69812954,chr3,69812954,69812954,rs6802804,MITF,4,Jurgens,MITF_locus0,3:69812954
3,69812954,3:69812954:A:C,3,69828945,3:69828945:A:AGT,0.980006,15991,3:69812954,chr3,69812954,69812954,rs6802804,MITF,4,Jurgens,MITF_locus0,3:69812954
3,69812954,3:69812954:A:C,3,69829672,3:69829673:GCACACACA:G,0.989952,16718,3:69812954,chr3,69812954,69812954,rs6802804,MITF,4,Jurgens,MITF_locus0,3:69812954
3,69812954,3:69812954:A:C,3,69830358,3:69830358:A:G,0.989952,17404,3:69812954,chr3,69812954,69812954,rs6802804,MITF,4,Jurgens,MITF_locus0,3:69812954
3,69812954,3:69812954:A:C,3,69831401,3:69831401:C:T,0.989952,18447,3:69812954,chr3,69812954,69812954,rs6802804,MITF,4,Jurgens,MITF_locus0,3:69812954
3,69812954,3:69812954:A:C,3,69831522,3:69831522:A:T,0.989952,18568,3:69812954,chr3,69812954,69812954,rs6802804,MITF,4,Jurgens,MITF_locus0,3:69812954
3,69812954,3:69812954:A:C,3,69831578,3:69831578:C:T,0.989952,18624,3:69812954,chr3,69812954,69812954,rs6802804,MITF,4,Jurgens,MITF_locus0,3:69812954
3,69812954,3:69812954:A:C,3,69831985,3:69831985:G:A,0.989952,19031,3:69812954,chr3,69812954,69812954,rs6802804,MITF,4,Jurgens,MITF_locus0,3:69812954
3,69812954,3:69812954:A:C,3,69832035,3:69832035:T:A,0.989952,19081,3:69812954,chr3,69812954,69812954,rs6802804,MITF,4,Jurgens,MITF_locus0,3:69812954
3,69812954,3:69812954:A:C,3,69832282,3:69832282:A:G,0.989952,19328,3:69812954,chr3,69812954,69812954,rs6802804,MITF,4,Jurgens,MITF_locus0,3:69812954
3,69812954,3:69812954:A:C,3,69832690,3:69832690:T:A,0.989952,19736,3:69812954,chr3,69812954,69812954,rs6802804,MITF,4,Jurgens,MITF_locus0,3:69812954
3,69812954,3:69812954:A:C,3,69833417,3:69833417:C:T,1.0,20463,3:69812954,chr3,69812954,69812954,rs6802804,MITF,4,Jurgens,MITF_locus0,3:69812954
3,69812954,3:69812954:A:C,3,69833597,3:69833597:T:C,1.0,20643,3:69812954,chr3,69812954,69812954,rs6802804,MITF,4,Jurgens,MITF_locus0,3:69812954
3,69812954,3:69812954:A:C,3,69834904,3:69834904:C:T,0.989971,21950,3:69812954,chr3,69812954,69812954,rs6802804,MITF,4,Jurgens,MITF_locus0,3:69812954
3,69812954,3:69812954:A:C,3,69836095,3:69836095:G:A,1.0,23141,3:69812954,chr3,69812954,69812954,rs6802804,MITF,4,Jurgens,MITF_locus0,3:69812954
3,69812954,3:69812954:A:C,3,69836855,3:69836855:A:G,1.0,23901,3:69812954,chr3,69812954,69812954,rs6802804,MITF,4,Jurgens,MITF_locus0,3:69812954
3,69812954,3:69812954:A:C,3,69837665,3:69837665:G:A,1.0,24711,3:69812954,chr3,69812954,69812954,rs6802804,MITF,4,Jurgens,MITF_locus0,3:69812954
3,69812954,3:69812954:A:C,3,69838505,3:69838505:A:G,1.0,25551,3:69812954,chr3,69812954,69812954,rs6802804,MITF,4,Jurgens,MITF_locus0,3:69812954
3,69812954,3:69812954:A:C,3,69839091,3:69839091:C:A,0.989952,26137,3:69812954,chr3,69812954,69812954,rs6802804,MITF,4,Jurgens,MITF_locus0,3:69812954
3,69812954,3:69812954:A:C,3,69839256,3:69839256:C:G,1.0,26302,3:69812954,chr3,69812954,69812954,rs6802804,MITF,4,Jurgens,MITF_locus0,3:69812954
3,69812954,3:69812954:A:C,3,69839531,3:69839531:C:T,1.0,26577,3:69812954,chr3,69812954,69812954,rs6802804,MITF,4,Jurgens,MITF_locus0,3:69812954
3,69812954,3:69812954:A:C,3,69839855,3:69839855:T:A,1.0,26901,3:69812954,chr3,69812954,69812954,rs6802804,MITF,4,Jurgens,MITF_locus0,3:69812954
3,69812954,3:69812954:A:C,3,69840106,3:69840106:A:T,1.0,27152,3:69812954,chr3,69812954,69812954,rs6802804,MITF,4,Jurgens,MITF_locus0,3:69812954
3,69812954,3:69812954:A:C,3,69840913,3:69840913:G:A,1.0,27959,3:69812954,chr3,69812954,69812954,rs6802804,MITF,4,Jurgens,MITF_locus0,3:69812954
3,69812954,3:69812954:A:C,3,69841288,3:69841288:A:G,1.0,28334,3:69812954,chr3,69812954,69812954,rs6802804,MITF,4,Jurgens,MITF_locus0,3:69812954
3,69812954,3:69812954:A:C,3,69841323,3:69841323:T:G,1.0,28369,3:69812954,chr3,69812954,69812954,rs6802804,MITF,4,Jurgens,MITF_locus0,3:69812954
3,69812954,3:69812954:A:C,3,69844344,3:69844344:A:G,1.0,31390,3:69812954,chr3,69812954,69812954,rs6802804,MITF,4,Jurgens,MITF_locus0,3:69812954
3,69812954,3:69812954:A:C,3,69844419,3:69844419:T:C,1.0,31465,3:69812954,chr3,69812954,69812954,rs6802804,MITF,4,Jurgens,MITF_locus0,3:69812954
3,69812954,3:69812954:A:C,3,69844820,3:69844820:G:T,1.0,31866,3:69812954,chr3,69812954,69812954,rs6802804,MITF,4,Jurgens,MITF_locus0,3:69812954
3,69812954,3:69812954:A:C,3,69844891,3:69844891:C:T,1.0,31937,3:69812954,chr3,69812954,69812954,rs6802804,MITF,4,Jurgens,MITF_locus0,3:69812954
3,69812954,3:69812954:A:C,3,69845442,3:69845442:C:CTT,0.989952,32488,3:69812954,chr3,69812954,69812954,rs6802804,MITF,4,Jurgens,MITF_locus0,3:69812954
3,69812954,3:69812954:A:C,3,69845871,3:69845871:G:A,1.0,32917,3:69812954,chr3,69812954,69812954,rs6802804,MITF,4,Jurgens,MITF_locus0,3:69812954
3,69812954,3:69812954:A:C,3,69846816,3:69846816:CAA:C,0.920635,33862,3:69812954,chr3,69812954,69812954,rs6802804,MITF,4,Jurgens,MITF_locus0,3:69812954
3,69812954,3:69812954:A:C,3,69848299,3:69848299:G:T,0.979944,35345,3:69812954,chr3,69812954,69812954,rs6802804,MITF,4,Jurgens,MITF_locus0,3:69812954
3,69812954,3:69812954:A:C,3,69849263,3:69849263:C:T,0.959708,36309,3:69812954,chr3,69812954,69812954,rs6802804,MITF,4,Jurgens,MITF_locus0,3:69812954
3,69812954,3:69812954:A:C,3,69857116,3:69857116:T:C,0.80489,44162,3:69812954,chr3,69812954,69812954,rs6802804,MITF,4,Jurgens,MITF_locus0,3:69812954
3,69812954,3:69812954:A:C,3,69859943,3:69859943:A:G,0.803662,46989,3:69812954,chr3,69812954,69812954,rs6802804,MITF,4,Jurgens,MITF_locus0,3:69812954
3,69812954,3:69812954:A:C,3,69860274,3:69860274:T:C,0.803662,47320,3:69812954,chr3,69812954,69812954,rs6802804,MITF,4,Jurgens,MITF_locus0,3:69812954
3,73524206,3:73524206:C:T,3,73504809,3:73504809:G:A,0.946731,19397,3:73524206,chr3,73524206,73524206,rs11711610,PDZRN3,3,Zheng,PDZRN3_locus0,3:73524206
3,73524206,3:73524206:C:T,3,73504833,3:73504833:T:C,0.924631,19373,3:73524206,chr3,73524206,73524206,rs11711610,PDZRN3,3,Zheng,PDZRN3_locus0,3:73524206
3,73524206,3:73524206:C:T,3,73505135,3:73505135:C:T,0.939143,19071,3:73524206,chr3,73524206,73524206,rs11711610,PDZRN3,3,Zheng,PDZRN3_locus0,3:73524206
3,73524206,3:73524206:C:T,3,73510329,3:73510329:A:G,0.860361,13877,3:73524206,chr3,73524206,73524206,rs11711610,PDZRN3,3,Zheng,PDZRN3_locus0,3:73524206
3,73524206,3:73524206:C:T,3,73516032,3:73516032:G:T,0.851385,8174,3:73524206,chr3,73524206,73524206,rs11711610,PDZRN3,3,Zheng,PDZRN3_locus0,3:73524206
3,73524206,3:73524206:C:T,3,73516795,3:73516795:ACAGGACACG:A,0.901245,7411,3:73524206,chr3,73524206,73524206,rs11711610,PDZRN3,3,Zheng,PDZRN3_locus0,3:73524206
3,73524206,3:73524206:C:T,3,73517681,3:73517681:A:G,0.918184,6525,3:73524206,chr3,73524206,73524206,rs11711610,PDZRN3,3,Zheng,PDZRN3_locus0,3:73524206
3,73524206,3:73524206:C:T,3,73518976,3:73518976:T:A,0.925536,5230,3:73524206,chr3,73524206,73524206,rs11711610,PDZRN3,3,Zheng,PDZRN3_locus0,3:73524206
3,73524206,3:73524206:C:T,3,73523393,3:73523393:T:C,0.914046,813,3:73524206,chr3,73524206,73524206,rs11711610,PDZRN3,3,Zheng,PDZRN3_locus0,3:73524206
3,73524206,3:73524206:C:T,3,73524206,3:73524206:C:T,1.0,0,3:73524206,chr3,73524206,73524206,rs11711610,PDZRN3,3,Zheng,PDZRN3_locus0,3:73524206
3,134696476,3:134696476:A:C,3,134684207,3:134684207:T:C,0.867777,12269,3:134696476,chr3,134696476,134696476,rs80168569,KY,1,Zheng,KY_locus0,3:134696476
3,134696476,3:134696476:A:C,3,134687595,3:134687595:A:G,1.0,8881,3:134696476,chr3,134696476,134696476,rs80168569,KY,1,Zheng,KY_locus0,3:134696476
3,134696476,3:134696476:A:C,3,134695750,3:134695750:C:G,1.0,726,3:134696476,chr3,134696476,134696476,rs80168569,KY,1,Zheng,KY_locus0,3:134696476
3,134696476,3:134696476:A:C,3,134696476,3:134696476:A:C,1.0,0,3:134696476,chr3,134696476,134696476,rs80168569,KY,1,Zheng,KY_locus0,3:134696476
3,134696476,3:134696476:A:C,3,134697281,3:134697281:CT:C,1.0,805,3:134696476,chr3,134696476,134696476,rs80168569,KY,1,Zheng,KY_locus0,3:134696476
3,134696476,3:134696476:A:C,3,134698533,3:134698533:A:G,1.0,2057,3:134696476,chr3,134696476,134696476,rs80168569,KY,1,Zheng,KY_locus0,3:134696476
3,134696476,3:134696476:A:C,3,134698827,3:134698827:C:T,0.963551,2351,3:134696476,chr3,134696476,134696476,rs80168569,KY,1,Zheng,KY_locus0,3:134696476
3,134696476,3:134696476:A:C,3,134698952,3:134698952:G:A,1.0,2476,3:134696476,chr3,134696476,134696476,rs80168569,KY,1,Zheng,KY_locus0,3:134696476
3,134696476,3:134696476:A:C,3,134700261,3:134700261:C:CG,1.0,3785,3:134696476,chr3,134696476,134696476,rs80168569,KY,1,Zheng,KY_locus0,3:134696476
3,134696476,3:134696476:A:C,3,134701567,3:134701567:C:G,1.0,5091,3:134696476,chr3,134696476,134696476,rs80168569,KY,1,Zheng,KY_locus0,3:134696476
3,134696476,3:134696476:A:C,3,134704144,3:134704144:A:G,1.0,7668,3:134696476,chr3,134696476,134696476,rs80168569,KY,1,Zheng,KY_locus0,3:134696476
3,134696476,3:134696476:A:C,3,134708638,3:134708638:A:T,1.0,12162,3:134696476,chr3,134696476,134696476,rs80168569,KY,1,Zheng,KY_locus0,3:134696476
3,134696476,3:134696476:A:C,3,134711097,3:134711097:C:G,0.929454,14621,3:134696476,chr3,134696476,134696476,rs80168569,KY,1,Zheng,KY_locus0,3:134696476
3,134696476,3:134696476:A:C,3,134712667,3:134712667:T:G,0.929454,16191,3:134696476,chr3,134696476,134696476,rs80168569,KY,1,Zheng,KY_locus0,3:134696476
3,134696476,3:134696476:A:C,3,134715978,3:134715978:C:CTT,0.929454,19502,3:134696476,chr3,134696476,134696476,rs80168569,KY,1,Zheng,KY_locus0,3:134696476
3,134696476,3:134696476:A:C,3,134717506,3:134717506:A:G,0.929454,21030,3:134696476,chr3,134696476,134696476,rs80168569,KY,1,Zheng,KY_locus0,3:134696476
3,134696476,3:134696476:A:C,3,134738614,3:134738614:G:A,0.867463,42138,3:134696476,chr3,134696476,134696476,rs80168569,KY,1,Zheng,KY_locus0,3:134696476
3,134696476,3:134696476:A:C,3,134741155,3:134741155:C:G,0.867463,44679,3:134696476,chr3,134696476,134696476,rs80168569,KY,1,Zheng,KY_locus0,3:134696476
3,134696476,3:134696476:A:C,3,134742857,3:134742857:C:G,0.867463,46381,3:134696476,chr3,134696476,134696476,rs80168569,KY,1,Zheng,KY_locus0,3:134696476
3,134696476,3:134696476:A:C,3,134745582,3:134745582:G:A,0.867463,49106,3:134696476,chr3,134696476,134696476,rs80168569,KY,1,Zheng,KY_locus0,3:134696476
3,158572563,3:158572563:C:T,3,158568314,3:158568314:C:T,0.932504,4249,3:158572563,chr3,158572563,158572563,rs17629360,GFM1,3,Zheng,GFM1_locus0,3:158572563
3,158572563,3:158572563:C:T,3,158569666,3:158569666:A:G,0.932504,2897,3:158572563,chr3,158572563,158572563,rs17629360,GFM1,3,Zheng,GFM1_locus0,3:158572563
3,158572563,3:158572563:C:T,3,158571021,3:158571021:C:G,0.939151,1542,3:158572563,chr3,158572563,158572563,rs17629360,GFM1,3,Zheng,GFM1_locus0,3:158572563
3,158572563,3:158572563:C:T,3,158572563,3:158572563:C:T,1.0,0,3:158572563,chr3,158572563,158572563,rs17629360,GFM1,3,Zheng,GFM1_locus0,3:158572563
3,158572563,3:158572563:C:T,3,158572776,3:158572776:A:G,0.905932,213,3:158572563,chr3,158572563,158572563,rs17629360,GFM1,3,Zheng,GFM1_locus0,3:158572563
3,158572563,3:158572563:C:T,3,158572818,3:158572818:T:G,0.932238,255,3:158572563,chr3,158572563,158572563,rs17629360,GFM1,3,Zheng,GFM1_locus0,3:158572563
3,158572563,3:158572563:C:T,3,158572928,3:158572928:T:C,0.945977,365,3:158572563,chr3,158572563,158572563,rs17629360,GFM1,3,Zheng,GFM1_locus0,3:158572563
3,158572563,3:158572563:C:T,3,158573266,3:158573266:T:G,0.945977,703,3:158572563,chr3,158572563,158572563,rs17629360,GFM1,3,Zheng,GFM1_locus0,3:158572563
3,158572563,3:158572563:C:T,3,158577381,3:158577381:C:T,0.945977,4818,3:158572563,chr3,158572563,158572563,rs17629360,GFM1,3,Zheng,GFM1_locus0,3:158572563
3,158572563,3:158572563:C:T,3,158577382,3:158577382:T:C,0.945977,4819,3:158572563,chr3,158572563,158572563,rs17629360,GFM1,3,Zheng,GFM1_locus0,3:158572563
3,158572563,3:158572563:C:T,3,158579127,3:158579127:C:T,0.945977,6564,3:158572563,chr3,158572563,158572563,rs17629360,GFM1,3,Zheng,GFM1_locus0,3:158572563
3,158572563,3:158572563:C:T,3,158580151,3:158580151:T:G,0.945977,7588,3:158572563,chr3,158572563,158572563,rs17629360,GFM1,3,Zheng,GFM1_locus0,3:158572563
3,158572563,3:158572563:C:T,3,158580216,3:158580216:C:G,0.945977,7653,3:158572563,chr3,158572563,158572563,rs17629360,GFM1,3,Zheng,GFM1_locus0,3:158572563
3,158572563,3:158572563:C:T,3,158580826,3:158580826:C:T,0.945977,8263,3:158572563,chr3,158572563,158572563,rs17629360,GFM1,3,Zheng,GFM1_locus0,3:158572563
3,158572563,3:158572563:C:T,3,158580914,3:158580914:T:C,0.945977,8351,3:158572563,chr3,158572563,158572563,rs17629360,GFM1,3,Zheng,GFM1_locus0,3:158572563
3,158572563,3:158572563:C:T,3,158581094,3:158581094:G:C,0.945977,8531,3:158572563,chr3,158572563,158572563,rs17629360,GFM1,3,Zheng,GFM1_locus0,3:158572563
3,158572563,3:158572563:C:T,3,158583182,3:158583182:G:A,0.945977,10619,3:158572563,chr3,158572563,158572563,rs17629360,GFM1,3,Zheng,GFM1_locus0,3:158572563
3,158572563,3:158572563:C:T,3,158583371,3:158583371:T:C,0.945977,10808,3:158572563,chr3,158572563,158572563,rs17629360,GFM1,3,Zheng,GFM1_locus0,3:158572563
3,158572563,3:158572563:C:T,3,158584728,3:158584728:T:C,0.945977,12165,3:158572563,chr3,158572563,158572563,rs17629360,GFM1,3,Zheng,GFM1_locus0,3:158572563
3,158572563,3:158572563:C:T,3,158586811,3:158586811:A:AAATAT,0.945977,14248,3:158572563,chr3,158572563,158572563,rs17629360,GFM1,3,Zheng,GFM1_locus0,3:158572563
3,158572563,3:158572563:C:T,3,158588838,3:158588838:A:G,0.945977,16275,3:158572563,chr3,158572563,158572563,rs17629360,GFM1,3,Zheng,GFM1_locus0,3:158572563
3,158572563,3:158572563:C:T,3,158589722,3:158589722:C:T,0.945977,17159,3:158572563,chr3,158572563,158572563,rs17629360,GFM1,3,Zheng,GFM1_locus0,3:158572563
3,158572563,3:158572563:C:T,3,158589723,3:158589723:A:G,0.945977,17160,3:158572563,chr3,158572563,158572563,rs17629360,GFM1,3,Zheng,GFM1_locus0,3:158572563
3,158572563,3:158572563:C:T,3,158592364,3:158592364:A:G,0.945977,19801,3:158572563,chr3,158572563,158572563,rs17629360,GFM1,3,Zheng,GFM1_locus0,3:158572563
3,158572563,3:158572563:C:T,3,158593057,3:158593057:A:G,0.945977,20494,3:158572563,chr3,158572563,158572563,rs17629360,GFM1,3,Zheng,GFM1_locus0,3:158572563
3,158572563,3:158572563:C:T,3,158593758,3:158593758:A:G,0.945977,21195,3:158572563,chr3,158572563,158572563,rs17629360,GFM1,3,Zheng,GFM1_locus0,3:158572563
3,158572563,3:158572563:C:T,3,158594473,3:158594473:G:GT,0.945977,21910,3:158572563,chr3,158572563,158572563,rs17629360,GFM1,3,Zheng,GFM1_locus0,3:158572563
3,158572563,3:158572563:C:T,3,158595794,3:158595794:T:C,0.945977,23231,3:158572563,chr3,158572563,158572563,rs17629360,GFM1,3,Zheng,GFM1_locus0,3:158572563
3,158572563,3:158572563:C:T,3,158598861,3:158598861:G:A,0.838478,26298,3:158572563,chr3,158572563,158572563,rs17629360,GFM1,3,Zheng,GFM1_locus0,3:158572563
3,158572563,3:158572563:C:T,3,158599576,3:158599576:T:A,0.8451,27013,3:158572563,chr3,158572563,158572563,rs17629360,GFM1,3,Zheng,GFM1_locus0,3:158572563
3,158572563,3:158572563:C:T,3,158600433,3:158600433:A:ATAT,0.8451,27870,3:158572563,chr3,158572563,158572563,rs17629360,GFM1,3,Zheng,GFM1_locus0,3:158572563
3,158572563,3:158572563:C:T,3,158600572,3:158600572:T:TTA,0.8451,28009,3:158572563,chr3,158572563,158572563,rs17629360,GFM1,3,Zheng,GFM1_locus0,3:158572563
3,158572563,3:158572563:C:T,3,158601746,3:158601746:A:ACT,0.8451,29183,3:158572563,chr3,158572563,158572563,rs17629360,GFM1,3,Zheng,GFM1_locus0,3:158572563
3,158572563,3:158572563:C:T,3,158602808,3:158602808:T:C,0.8451,30245,3:158572563,chr3,158572563,158572563,rs17629360,GFM1,3,Zheng,GFM1_locus0,3:158572563
3,158572563,3:158572563:C:T,3,158604385,3:158604385:G:A,0.8451,31822,3:158572563,chr3,158572563,158572563,rs17629360,GFM1,3,Zheng,GFM1_locus0,3:158572563
3,158572563,3:158572563:C:T,3,158605423,3:158605423:G:A,0.8451,32860,3:158572563,chr3,158572563,158572563,rs17629360,GFM1,3,Zheng,GFM1_locus0,3:158572563
3,158572563,3:158572563:C:T,3,158611177,3:158611177:C:A,0.8451,38614,3:158572563,chr3,158572563,158572563,rs17629360,GFM1,3,Zheng,GFM1_locus0,3:158572563
3,158572563,3:158572563:C:T,3,158611180,3:158611180:A:T,0.8451,38617,3:158572563,chr3,158572563,158572563,rs17629360,GFM1,3,Zheng,GFM1_locus0,3:158572563
3,158572563,3:158572563:C:T,3,158611233,3:158611233:G:A,0.8451,38670,3:158572563,chr3,158572563,158572563,rs17629360,GFM1,3,Zheng,GFM1_locus0,3:158572563
3,158572563,3:158572563:C:T,3,158611740,3:158611740:A:G,0.8451,39177,3:158572563,chr3,158572563,158572563,rs17629360,GFM1,3,Zheng,GFM1_locus0,3:158572563
3,158572563,3:158572563:C:T,3,158612134,3:158612134:T:C,0.8451,39571,3:158572563,chr3,158572563,158572563,rs17629360,GFM1,3,Zheng,GFM1_locus0,3:158572563
3,158572563,3:158572563:C:T,3,158614141,3:158614141:ATTTTTTTT:A,0.837524,41578,3:158572563,chr3,158572563,158572563,rs17629360,GFM1,3,Zheng,GFM1_locus0,3:158572563
3,158572563,3:158572563:C:T,3,158614264,3:158614264:T:C,0.834225,41701,3:158572563,chr3,158572563,158572563,rs17629360,GFM1,3,Zheng,GFM1_locus0,3:158572563
3,158572563,3:158572563:C:T,3,158615283,3:158615283:AT:A,0.8451,42720,3:158572563,chr3,158572563,158572563,rs17629360,GFM1,3,Zheng,GFM1_locus0,3:158572563
3,158572563,3:158572563:C:T,3,158615808,3:158615808:A:AT,0.8451,43245,3:158572563,chr3,158572563,158572563,rs17629360,GFM1,3,Zheng,GFM1_locus0,3:158572563
3,158572563,3:158572563:C:T,3,158616102,3:158616102:A:G,0.8451,43539,3:158572563,chr3,158572563,158572563,rs17629360,GFM1,3,Zheng,GFM1_locus0,3:158572563
3,158572563,3:158572563:C:T,3,158616264,3:158616264:A:AT,0.8451,43701,3:158572563,chr3,158572563,158572563,rs17629360,GFM1,3,Zheng,GFM1_locus0,3:158572563
3,158572563,3:158572563:C:T,3,158617949,3:158617949:A:G,0.8451,45386,3:158572563,chr3,158572563,158572563,rs17629360,GFM1,3,Zheng,GFM1_locus0,3:158572563
3,158572563,3:158572563:C:T,3,158618279,3:158618279:A:ATCAG,0.8451,45716,3:158572563,chr3,158572563,158572563,rs17629360,GFM1,3,Zheng,GFM1_locus0,3:158572563
3,158572563,3:158572563:C:T,3,158618369,3:158618369:C:CTTTATT,0.8451,45806,3:158572563,chr3,158572563,158572563,rs17629360,GFM1,3,Zheng,GFM1_locus0,3:158572563
3,158572563,3:158572563:C:T,3,158618610,3:158618610:G:A,0.8451,46047,3:158572563,chr3,158572563,158572563,rs17629360,GFM1,3,Zheng,GFM1_locus0,3:158572563
3,158572563,3:158572563:C:T,3,158618728,3:158618728:G:A,0.8451,46165,3:158572563,chr3,158572563,158572563,rs17629360,GFM1,3,Zheng,GFM1_locus0,3:158572563
3,158572563,3:158572563:C:T,3,158619441,3:158619441:C:T,0.8451,46878,3:158572563,chr3,158572563,158572563,rs17629360,GFM1,3,Zheng,GFM1_locus0,3:158572563
3,158572563,3:158572563:C:T,3,158619442,3:158619442:C:A,0.8451,46879,3:158572563,chr3,158572563,158572563,rs17629360,GFM1,3,Zheng,GFM1_locus0,3:158572563
3,158572563,3:158572563:C:T,3,158620546,3:158620546:T:C,0.834225,47983,3:158572563,chr3,158572563,158572563,rs17629360,GFM1,3,Zheng,GFM1_locus0,3:158572563
3,158572563,3:158572563:C:T,3,158621747,3:158621747:T:C,0.834225,49184,3:158572563,chr3,158572563,158572563,rs17629360,GFM1,3,Zheng,GFM1_locus0,3:158572563
3,158572563,3:158572563:C:T,3,158623076,3:158623076:C:T,0.834225,50513,3:158572563,chr3,158572563,158572563,rs17629360,GFM1,3,Zheng,GFM1_locus0,3:158572563
3,158572563,3:158572563:C:T,3,158627882,3:158627882:T:C,0.834225,55319,3:158572563,chr3,158572563,158572563,rs17629360,GFM1,3,Zheng,GFM1_locus0,3:158572563
3,158572563,3:158572563:C:T,3,158628636,3:158628636:A:G,0.834225,56073,3:158572563,chr3,158572563,158572563,rs17629360,GFM1,3,Zheng,GFM1_locus0,3:158572563
3,158572563,3:158572563:C:T,3,158632329,3:158632329:T:C,0.834225,59766,3:158572563,chr3,158572563,158572563,rs17629360,GFM1,3,Zheng,GFM1_locus0,3:158572563
3,158572563,3:158572563:C:T,3,158644652,3:158644652:T:C,0.8451,72089,3:158572563,chr3,158572563,158572563,rs17629360,GFM1,3,Zheng,GFM1_locus0,3:158572563
3,158572563,3:158572563:C:T,3,158647930,3:158647930:C:T,0.8451,75367,3:158572563,chr3,158572563,158572563,rs17629360,GFM1,3,Zheng,GFM1_locus0,3:158572563
3,158572563,3:158572563:C:T,3,158648417,3:158648417:A:G,0.8451,75854,3:158572563,chr3,158572563,158572563,rs17629360,GFM1,3,Zheng,GFM1_locus0,3:158572563
3,158572563,3:158572563:C:T,3,158649111,3:158649111:G:A,0.8451,76548,3:158572563,chr3,158572563,158572563,rs17629360,GFM1,3,Zheng,GFM1_locus0,3:158572563
3,158572563,3:158572563:C:T,3,158650735,3:158650735:A:C,0.834225,78172,3:158572563,chr3,158572563,158572563,rs17629360,GFM1,3,Zheng,GFM1_locus0,3:158572563
3,158572563,3:158572563:C:T,3,158656141,3:158656141:GT:G,0.8451,83578,3:158572563,chr3,158572563,158572563,rs17629360,GFM1,3,Zheng,GFM1_locus0,3:158572563
3,158572563,3:158572563:C:T,3,158656228,3:158656228:G:A,0.8451,83665,3:158572563,chr3,158572563,158572563,rs17629360,GFM1,3,Zheng,GFM1_locus0,3:158572563
3,158572563,3:158572563:C:T,3,158656342,3:158656342:A:G,0.8451,83779,3:158572563,chr3,158572563,158572563,rs17629360,GFM1,3,Zheng,GFM1_locus0,3:158572563
3,158572563,3:158572563:C:T,3,158656602,3:158656602:T:TAAG,0.8451,84039,3:158572563,chr3,158572563,158572563,rs17629360,GFM1,3,Zheng,GFM1_locus0,3:158572563
3,158572563,3:158572563:C:T,3,158656920,3:158656920:T:C,0.8451,84357,3:158572563,chr3,158572563,158572563,rs17629360,GFM1,3,Zheng,GFM1_locus0,3:158572563
3,158572563,3:158572563:C:T,3,158659765,3:158659765:G:T,0.8451,87202,3:158572563,chr3,158572563,158572563,rs17629360,GFM1,3,Zheng,GFM1_locus0,3:158572563
3,158572563,3:158572563:C:T,3,158660008,3:158660008:C:G,0.8451,87445,3:158572563,chr3,158572563,158572563,rs17629360,GFM1,3,Zheng,GFM1_locus0,3:158572563
3,158572563,3:158572563:C:T,3,158664304,3:158664304:G:A,0.8451,91741,3:158572563,chr3,158572563,158572563,rs17629360,GFM1,3,Zheng,GFM1_locus0,3:158572563
3,158572563,3:158572563:C:T,3,158670991,3:158670991:T:C,0.8451,98428,3:158572563,chr3,158572563,158572563,rs17629360,GFM1,3,Zheng,GFM1_locus0,3:158572563
3,158572563,3:158572563:C:T,3,158674130,3:158674130:C:G,0.8451,101567,3:158572563,chr3,158572563,158572563,rs17629360,GFM1,3,Zheng,GFM1_locus0,3:158572563
3,158572563,3:158572563:C:T,3,158676224,3:158676224:A:G,0.838478,103661,3:158572563,chr3,158572563,158572563,rs17629360,GFM1,3,Zheng,GFM1_locus0,3:158572563
3,158572563,3:158572563:C:T,3,158677155,3:158677155:A:G,0.8451,104592,3:158572563,chr3,158572563,158572563,rs17629360,GFM1,3,Zheng,GFM1_locus0,3:158572563
3,158572563,3:158572563:C:T,3,158677881,3:158677881:G:A,0.8451,105318,3:158572563,chr3,158572563,158572563,rs17629360,GFM1,3,Zheng,GFM1_locus0,3:158572563
3,158572563,3:158572563:C:T,3,158685002,3:158685002:C:CTTG,0.8451,112439,3:158572563,chr3,158572563,158572563,rs17629360,GFM1,3,Zheng,GFM1_locus0,3:158572563
3,158572563,3:158572563:C:T,3,158686478,3:158686478:C:T,0.8451,113915,3:158572563,chr3,158572563,158572563,rs17629360,GFM1,3,Zheng,GFM1_locus0,3:158572563
3,158572563,3:158572563:C:T,3,158687428,3:158687428:C:T,0.8451,114865,3:158572563,chr3,158572563,158572563,rs17629360,GFM1,3,Zheng,GFM1_locus0,3:158572563
3,158572563,3:158572563:C:T,3,158688110,3:158688110:A:G,0.8451,115547,3:158572563,chr3,158572563,158572563,rs17629360,GFM1,3,Zheng,GFM1_locus0,3:158572563
3,158572563,3:158572563:C:T,3,158689126,3:158689126:A:G,0.8451,116563,3:158572563,chr3,158572563,158572563,rs17629360,GFM1,3,Zheng,GFM1_locus0,3:158572563
3,158572563,3:158572563:C:T,3,158689641,3:158689641:A:G,0.8451,117078,3:158572563,chr3,158572563,158572563,rs17629360,GFM1,3,Zheng,GFM1_locus0,3:158572563
3,158572563,3:158572563:C:T,3,158691693,3:158691693:C:T,0.8451,119130,3:158572563,chr3,158572563,158572563,rs17629360,GFM1,3,Zheng,GFM1_locus0,3:158572563
3,158572563,3:158572563:C:T,3,158695153,3:158695153:A:C,0.8451,122590,3:158572563,chr3,158572563,158572563,rs17629360,GFM1,3,Zheng,GFM1_locus0,3:158572563
3,158572563,3:158572563:C:T,3,158695927,3:158695927:G:A,0.8451,123364,3:158572563,chr3,158572563,158572563,rs17629360,GFM1,3,Zheng,GFM1_locus0,3:158572563
3,158572563,3:158572563:C:T,3,158698210,3:158698210:A:G,0.8451,125647,3:158572563,chr3,158572563,158572563,rs17629360,GFM1,3,Zheng,GFM1_locus0,3:158572563
3,158572563,3:158572563:C:T,3,158698857,3:158698857:A:C,0.8451,126294,3:158572563,chr3,158572563,158572563,rs17629360,GFM1,3,Zheng,GFM1_locus0,3:158572563
3,158572563,3:158572563:C:T,3,158700225,3:158700225:A:G,0.8451,127662,3:158572563,chr3,158572563,158572563,rs17629360,GFM1,3,Zheng,GFM1_locus0,3:158572563
3,158572563,3:158572563:C:T,3,158704717,3:158704717:G:A,0.8451,132154,3:158572563,chr3,158572563,158572563,rs17629360,GFM1,3,Zheng,GFM1_locus0,3:158572563
3,158593758,3:158593758:A:G,3,158568314,3:158568314:C:T,0.985849,25444,3:158593758,chr3,158593758,158593758,rs1836688,MLF1,5,Jurgens,MLF1_locus0,3:158593758
3,158593758,3:158593758:A:G,3,158569666,3:158569666:A:G,0.985849,24092,3:158593758,chr3,158593758,158593758,rs1836688,MLF1,5,Jurgens,MLF1_locus0,3:158593758
3,158593758,3:158593758:A:G,3,158571021,3:158571021:C:G,0.992976,22737,3:158593758,chr3,158593758,158593758,rs1836688,MLF1,5,Jurgens,MLF1_locus0,3:158593758
3,158593758,3:158593758:A:G,3,158572563,3:158572563:C:T,0.945977,21195,3:158593758,chr3,158593758,158593758,rs1836688,MLF1,5,Jurgens,MLF1_locus0,3:158593758
3,158593758,3:158593758:A:G,3,158572776,3:158572776:A:G,0.958594,20982,3:158593758,chr3,158593758,158593758,rs1836688,MLF1,5,Jurgens,MLF1_locus0,3:158593758
3,158593758,3:158593758:A:G,3,158572818,3:158572818:T:G,0.985949,20940,3:158593758,chr3,158593758,158593758,rs1836688,MLF1,5,Jurgens,MLF1_locus0,3:158593758
3,158593758,3:158593758:A:G,3,158572928,3:158572928:T:C,1.0,20830,3:158593758,chr3,158593758,158593758,rs1836688,MLF1,5,Jurgens,MLF1_locus0,3:158593758
3,158593758,3:158593758:A:G,3,158573266,3:158573266:T:G,1.0,20492,3:158593758,chr3,158593758,158593758,rs1836688,MLF1,5,Jurgens,MLF1_locus0,3:158593758
3,158593758,3:158593758:A:G,3,158577381,3:158577381:C:T,1.0,16377,3:158593758,chr3,158593758,158593758,rs1836688,MLF1,5,Jurgens,MLF1_locus0,3:158593758
3,158593758,3:158593758:A:G,3,158577382,3:158577382:T:C,1.0,16376,3:158593758,chr3,158593758,158593758,rs1836688,MLF1,5,Jurgens,MLF1_locus0,3:158593758
3,158593758,3:158593758:A:G,3,158579127,3:158579127:C:T,1.0,14631,3:158593758,chr3,158593758,158593758,rs1836688,MLF1,5,Jurgens,MLF1_locus0,3:158593758
3,158593758,3:158593758:A:G,3,158580151,3:158580151:T:G,1.0,13607,3:158593758,chr3,158593758,158593758,rs1836688,MLF1,5,Jurgens,MLF1_locus0,3:158593758
3,158593758,3:158593758:A:G,3,158580216,3:158580216:C:G,1.0,13542,3:158593758,chr3,158593758,158593758,rs1836688,MLF1,5,Jurgens,MLF1_locus0,3:158593758
3,158593758,3:158593758:A:G,3,158580826,3:158580826:C:T,1.0,12932,3:158593758,chr3,158593758,158593758,rs1836688,MLF1,5,Jurgens,MLF1_locus0,3:158593758
3,158593758,3:158593758:A:G,3,158580914,3:158580914:T:C,1.0,12844,3:158593758,chr3,158593758,158593758,rs1836688,MLF1,5,Jurgens,MLF1_locus0,3:158593758
3,158593758,3:158593758:A:G,3,158581094,3:158581094:G:C,1.0,12664,3:158593758,chr3,158593758,158593758,rs1836688,MLF1,5,Jurgens,MLF1_locus0,3:158593758
3,158593758,3:158593758:A:G,3,158583182,3:158583182:G:A,1.0,10576,3:158593758,chr3,158593758,158593758,rs1836688,MLF1,5,Jurgens,MLF1_locus0,3:158593758
3,158593758,3:158593758:A:G,3,158583371,3:158583371:T:C,1.0,10387,3:158593758,chr3,158593758,158593758,rs1836688,MLF1,5,Jurgens,MLF1_locus0,3:158593758
3,158593758,3:158593758:A:G,3,158584728,3:158584728:T:C,1.0,9030,3:158593758,chr3,158593758,158593758,rs1836688,MLF1,5,Jurgens,MLF1_locus0,3:158593758
3,158593758,3:158593758:A:G,3,158586811,3:158586811:A:AAATAT,1.0,6947,3:158593758,chr3,158593758,158593758,rs1836688,MLF1,5,Jurgens,MLF1_locus0,3:158593758
3,158593758,3:158593758:A:G,3,158588838,3:158588838:A:G,1.0,4920,3:158593758,chr3,158593758,158593758,rs1836688,MLF1,5,Jurgens,MLF1_locus0,3:158593758
3,158593758,3:158593758:A:G,3,158589722,3:158589722:C:T,1.0,4036,3:158593758,chr3,158593758,158593758,rs1836688,MLF1,5,Jurgens,MLF1_locus0,3:158593758
3,158593758,3:158593758:A:G,3,158589723,3:158589723:A:G,1.0,4035,3:158593758,chr3,158593758,158593758,rs1836688,MLF1,5,Jurgens,MLF1_locus0,3:158593758
3,158593758,3:158593758:A:G,3,158592364,3:158592364:A:G,1.0,1394,3:158593758,chr3,158593758,158593758,rs1836688,MLF1,5,Jurgens,MLF1_locus0,3:158593758
3,158593758,3:158593758:A:G,3,158593057,3:158593057:A:G,1.0,701,3:158593758,chr3,158593758,158593758,rs1836688,MLF1,5,Jurgens,MLF1_locus0,3:158593758
3,158593758,3:158593758:A:G,3,158593758,3:158593758:A:G,1.0,0,3:158593758,chr3,158593758,158593758,rs1836688,MLF1,5,Jurgens,MLF1_locus0,3:158593758
3,158593758,3:158593758:A:G,3,158594473,3:158594473:G:GT,1.0,715,3:158593758,chr3,158593758,158593758,rs1836688,MLF1,5,Jurgens,MLF1_locus0,3:158593758
3,158593758,3:158593758:A:G,3,158595794,3:158595794:T:C,1.0,2036,3:158593758,chr3,158593758,158593758,rs1836688,MLF1,5,Jurgens,MLF1_locus0,3:158593758
3,158593758,3:158593758:A:G,3,158598861,3:158598861:G:A,0.884022,5103,3:158593758,chr3,158593758,158593758,rs1836688,MLF1,5,Jurgens,MLF1_locus0,3:158593758
3,158593758,3:158593758:A:G,3,158599576,3:158599576:T:A,0.890824,5818,3:158593758,chr3,158593758,158593758,rs1836688,MLF1,5,Jurgens,MLF1_locus0,3:158593758
3,158593758,3:158593758:A:G,3,158600433,3:158600433:A:ATAT,0.890824,6675,3:158593758,chr3,158593758,158593758,rs1836688,MLF1,5,Jurgens,MLF1_locus0,3:158593758
3,158593758,3:158593758:A:G,3,158600572,3:158600572:T:TTA,0.890824,6814,3:158593758,chr3,158593758,158593758,rs1836688,MLF1,5,Jurgens,MLF1_locus0,3:158593758
3,158593758,3:158593758:A:G,3,158601746,3:158601746:A:ACT,0.890824,7988,3:158593758,chr3,158593758,158593758,rs1836688,MLF1,5,Jurgens,MLF1_locus0,3:158593758
3,158593758,3:158593758:A:G,3,158602808,3:158602808:T:C,0.890824,9050,3:158593758,chr3,158593758,158593758,rs1836688,MLF1,5,Jurgens,MLF1_locus0,3:158593758
3,158593758,3:158593758:A:G,3,158604385,3:158604385:G:A,0.890824,10627,3:158593758,chr3,158593758,158593758,rs1836688,MLF1,5,Jurgens,MLF1_locus0,3:158593758
3,158593758,3:158593758:A:G,3,158605423,3:158605423:G:A,0.890824,11665,3:158593758,chr3,158593758,158593758,rs1836688,MLF1,5,Jurgens,MLF1_locus0,3:158593758
3,158593758,3:158593758:A:G,3,158611177,3:158611177:C:A,0.890824,17419,3:158593758,chr3,158593758,158593758,rs1836688,MLF1,5,Jurgens,MLF1_locus0,3:158593758
3,158593758,3:158593758:A:G,3,158611180,3:158611180:A:T,0.890824,17422,3:158593758,chr3,158593758,158593758,rs1836688,MLF1,5,Jurgens,MLF1_locus0,3:158593758
3,158593758,3:158593758:A:G,3,158611233,3:158611233:G:A,0.890824,17475,3:158593758,chr3,158593758,158593758,rs1836688,MLF1,5,Jurgens,MLF1_locus0,3:158593758
3,158593758,3:158593758:A:G,3,158611740,3:158611740:A:G,0.890824,17982,3:158593758,chr3,158593758,158593758,rs1836688,MLF1,5,Jurgens,MLF1_locus0,3:158593758
3,158593758,3:158593758:A:G,3,158612134,3:158612134:T:C,0.890824,18376,3:158593758,chr3,158593758,158593758,rs1836688,MLF1,5,Jurgens,MLF1_locus0,3:158593758
3,158593758,3:158593758:A:G,3,158614141,3:158614141:ATTTTTTTT:A,0.883084,20383,3:158593758,chr3,158593758,158593758,rs1836688,MLF1,5,Jurgens,MLF1_locus0,3:158593758
3,158593758,3:158593758:A:G,3,158614264,3:158614264:T:C,0.87907,20506,3:158593758,chr3,158593758,158593758,rs1836688,MLF1,5,Jurgens,MLF1_locus0,3:158593758
3,158593758,3:158593758:A:G,3,158615283,3:158615283:AT:A,0.890824,21525,3:158593758,chr3,158593758,158593758,rs1836688,MLF1,5,Jurgens,MLF1_locus0,3:158593758
3,158593758,3:158593758:A:G,3,158615808,3:158615808:A:AT,0.890824,22050,3:158593758,chr3,158593758,158593758,rs1836688,MLF1,5,Jurgens,MLF1_locus0,3:158593758
3,158593758,3:158593758:A:G,3,158616102,3:158616102:A:G,0.890824,22344,3:158593758,chr3,158593758,158593758,rs1836688,MLF1,5,Jurgens,MLF1_locus0,3:158593758
3,158593758,3:158593758:A:G,3,158616264,3:158616264:A:AT,0.890824,22506,3:158593758,chr3,158593758,158593758,rs1836688,MLF1,5,Jurgens,MLF1_locus0,3:158593758
3,158593758,3:158593758:A:G,3,158617949,3:158617949:A:G,0.890824,24191,3:158593758,chr3,158593758,158593758,rs1836688,MLF1,5,Jurgens,MLF1_locus0,3:158593758
3,158593758,3:158593758:A:G,3,158618279,3:158618279:A:ATCAG,0.890824,24521,3:158593758,chr3,158593758,158593758,rs1836688,MLF1,5,Jurgens,MLF1_locus0,3:158593758
3,158593758,3:158593758:A:G,3,158618369,3:158618369:C:CTTTATT,0.890824,24611,3:158593758,chr3,158593758,158593758,rs1836688,MLF1,5,Jurgens,MLF1_locus0,3:158593758
3,158593758,3:158593758:A:G,3,158618610,3:158618610:G:A,0.890824,24852,3:158593758,chr3,158593758,158593758,rs1836688,MLF1,5,Jurgens,MLF1_locus0,3:158593758
3,158593758,3:158593758:A:G,3,158618728,3:158618728:G:A,0.890824,24970,3:158593758,chr3,158593758,158593758,rs1836688,MLF1,5,Jurgens,MLF1_locus0,3:158593758
3,158593758,3:158593758:A:G,3,158619441,3:158619441:C:T,0.890824,25683,3:158593758,chr3,158593758,158593758,rs1836688,MLF1,5,Jurgens,MLF1_locus0,3:158593758
3,158593758,3:158593758:A:G,3,158619442,3:158619442:C:A,0.890824,25684,3:158593758,chr3,158593758,158593758,rs1836688,MLF1,5,Jurgens,MLF1_locus0,3:158593758
3,158593758,3:158593758:A:G,3,158620546,3:158620546:T:C,0.87907,26788,3:158593758,chr3,158593758,158593758,rs1836688,MLF1,5,Jurgens,MLF1_locus0,3:158593758
3,158593758,3:158593758:A:G,3,158621747,3:158621747:T:C,0.87907,27989,3:158593758,chr3,158593758,158593758,rs1836688,MLF1,5,Jurgens,MLF1_locus0,3:158593758
3,158593758,3:158593758:A:G,3,158623076,3:158623076:C:T,0.87907,29318,3:158593758,chr3,158593758,158593758,rs1836688,MLF1,5,Jurgens,MLF1_locus0,3:158593758
3,158593758,3:158593758:A:G,3,158627882,3:158627882:T:C,0.87907,34124,3:158593758,chr3,158593758,158593758,rs1836688,MLF1,5,Jurgens,MLF1_locus0,3:158593758
3,158593758,3:158593758:A:G,3,158628636,3:158628636:A:G,0.87907,34878,3:158593758,chr3,158593758,158593758,rs1836688,MLF1,5,Jurgens,MLF1_locus0,3:158593758
3,158593758,3:158593758:A:G,3,158632329,3:158632329:T:C,0.87907,38571,3:158593758,chr3,158593758,158593758,rs1836688,MLF1,5,Jurgens,MLF1_locus0,3:158593758
3,158593758,3:158593758:A:G,3,158644652,3:158644652:T:C,0.890824,50894,3:158593758,chr3,158593758,158593758,rs1836688,MLF1,5,Jurgens,MLF1_locus0,3:158593758
3,158593758,3:158593758:A:G,3,158647930,3:158647930:C:T,0.890824,54172,3:158593758,chr3,158593758,158593758,rs1836688,MLF1,5,Jurgens,MLF1_locus0,3:158593758
3,158593758,3:158593758:A:G,3,158648417,3:158648417:A:G,0.890824,54659,3:158593758,chr3,158593758,158593758,rs1836688,MLF1,5,Jurgens,MLF1_locus0,3:158593758
3,158593758,3:158593758:A:G,3,158649111,3:158649111:G:A,0.890824,55353,3:158593758,chr3,158593758,158593758,rs1836688,MLF1,5,Jurgens,MLF1_locus0,3:158593758
3,158593758,3:158593758:A:G,3,158650735,3:158650735:A:C,0.87907,56977,3:158593758,chr3,158593758,158593758,rs1836688,MLF1,5,Jurgens,MLF1_locus0,3:158593758
3,158593758,3:158593758:A:G,3,158656141,3:158656141:GT:G,0.890824,62383,3:158593758,chr3,158593758,158593758,rs1836688,MLF1,5,Jurgens,MLF1_locus0,3:158593758
3,158593758,3:158593758:A:G,3,158656228,3:158656228:G:A,0.890824,62470,3:158593758,chr3,158593758,158593758,rs1836688,MLF1,5,Jurgens,MLF1_locus0,3:158593758
3,158593758,3:158593758:A:G,3,158656342,3:158656342:A:G,0.890824,62584,3:158593758,chr3,158593758,158593758,rs1836688,MLF1,5,Jurgens,MLF1_locus0,3:158593758
3,158593758,3:158593758:A:G,3,158656602,3:158656602:T:TAAG,0.890824,62844,3:158593758,chr3,158593758,158593758,rs1836688,MLF1,5,Jurgens,MLF1_locus0,3:158593758
3,158593758,3:158593758:A:G,3,158656920,3:158656920:T:C,0.890824,63162,3:158593758,chr3,158593758,158593758,rs1836688,MLF1,5,Jurgens,MLF1_locus0,3:158593758
3,158593758,3:158593758:A:G,3,158659765,3:158659765:G:T,0.890824,66007,3:158593758,chr3,158593758,158593758,rs1836688,MLF1,5,Jurgens,MLF1_locus0,3:158593758
3,158593758,3:158593758:A:G,3,158660008,3:158660008:C:G,0.890824,66250,3:158593758,chr3,158593758,158593758,rs1836688,MLF1,5,Jurgens,MLF1_locus0,3:158593758
3,158593758,3:158593758:A:G,3,158664304,3:158664304:G:A,0.890824,70546,3:158593758,chr3,158593758,158593758,rs1836688,MLF1,5,Jurgens,MLF1_locus0,3:158593758
3,158593758,3:158593758:A:G,3,158670991,3:158670991:T:C,0.890824,77233,3:158593758,chr3,158593758,158593758,rs1836688,MLF1,5,Jurgens,MLF1_locus0,3:158593758
3,158593758,3:158593758:A:G,3,158674130,3:158674130:C:G,0.890824,80372,3:158593758,chr3,158593758,158593758,rs1836688,MLF1,5,Jurgens,MLF1_locus0,3:158593758
3,158593758,3:158593758:A:G,3,158676224,3:158676224:A:G,0.884022,82466,3:158593758,chr3,158593758,158593758,rs1836688,MLF1,5,Jurgens,MLF1_locus0,3:158593758
3,158593758,3:158593758:A:G,3,158677155,3:158677155:A:G,0.890824,83397,3:158593758,chr3,158593758,158593758,rs1836688,MLF1,5,Jurgens,MLF1_locus0,3:158593758
3,158593758,3:158593758:A:G,3,158677881,3:158677881:G:A,0.890824,84123,3:158593758,chr3,158593758,158593758,rs1836688,MLF1,5,Jurgens,MLF1_locus0,3:158593758
3,158593758,3:158593758:A:G,3,158685002,3:158685002:C:CTTG,0.890824,91244,3:158593758,chr3,158593758,158593758,rs1836688,MLF1,5,Jurgens,MLF1_locus0,3:158593758
3,158593758,3:158593758:A:G,3,158686478,3:158686478:C:T,0.890824,92720,3:158593758,chr3,158593758,158593758,rs1836688,MLF1,5,Jurgens,MLF1_locus0,3:158593758
3,158593758,3:158593758:A:G,3,158687428,3:158687428:C:T,0.890824,93670,3:158593758,chr3,158593758,158593758,rs1836688,MLF1,5,Jurgens,MLF1_locus0,3:158593758
3,158593758,3:158593758:A:G,3,158688110,3:158688110:A:G,0.890824,94352,3:158593758,chr3,158593758,158593758,rs1836688,MLF1,5,Jurgens,MLF1_locus0,3:158593758
3,158593758,3:158593758:A:G,3,158689126,3:158689126:A:G,0.890824,95368,3:158593758,chr3,158593758,158593758,rs1836688,MLF1,5,Jurgens,MLF1_locus0,3:158593758
3,158593758,3:158593758:A:G,3,158689641,3:158689641:A:G,0.890824,95883,3:158593758,chr3,158593758,158593758,rs1836688,MLF1,5,Jurgens,MLF1_locus0,3:158593758
3,158593758,3:158593758:A:G,3,158691693,3:158691693:C:T,0.890824,97935,3:158593758,chr3,158593758,158593758,rs1836688,MLF1,5,Jurgens,MLF1_locus0,3:158593758
3,158593758,3:158593758:A:G,3,158695153,3:158695153:A:C,0.890824,101395,3:158593758,chr3,158593758,158593758,rs1836688,MLF1,5,Jurgens,MLF1_locus0,3:158593758
3,158593758,3:158593758:A:G,3,158695927,3:158695927:G:A,0.890824,102169,3:158593758,chr3,158593758,158593758,rs1836688,MLF1,5,Jurgens,MLF1_locus0,3:158593758
3,158593758,3:158593758:A:G,3,158698210,3:158698210:A:G,0.890824,104452,3:158593758,chr3,158593758,158593758,rs1836688,MLF1,5,Jurgens,MLF1_locus0,3:158593758
3,158593758,3:158593758:A:G,3,158698857,3:158698857:A:C,0.890824,105099,3:158593758,chr3,158593758,158593758,rs1836688,MLF1,5,Jurgens,MLF1_locus0,3:158593758
3,158593758,3:158593758:A:G,3,158700225,3:158700225:A:G,0.890824,106467,3:158593758,chr3,158593758,158593758,rs1836688,MLF1,5,Jurgens,MLF1_locus0,3:158593758
3,158593758,3:158593758:A:G,3,158704717,3:158704717:G:A,0.890824,110959,3:158593758,chr3,158593758,158593758,rs1836688,MLF1,5,Jurgens,MLF1_locus0,3:158593758
3,186365822,3:186365822:C:T,3,186365822,3:186365822:C:T,1.0,0,3:186365822,chr3,186365822,186365822,rs7618021,DGKG,2,Jurgens,DGKG_locus0,3:186365822
4,16033011,4:16033011:G:A,4,16031325,4:16031325:T:C,0.869864,1686,4:16033011,chr4,16033011,16033011,rs1400771,PROM1,4,both,PROM1_locus0,4:16033011
4,16033011,4:16033011:G:A,4,16032966,4:16032966:C:T,1.0,45,4:16033011,chr4,16033011,16033011,rs1400771,PROM1,4,both,PROM1_locus0,4:16033011
4,16033011,4:16033011:G:A,4,16033011,4:16033011:G:A,1.0,0,4:16033011,chr4,16033011,16033011,rs1400771,PROM1,4,both,PROM1_locus0,4:16033011
4,16033011,4:16033011:G:A,4,16034172,4:16034172:A:C,0.869864,1161,4:16033011,chr4,16033011,16033011,rs1400771,PROM1,4,both,PROM1_locus0,4:16033011
4,16033011,4:16033011:G:A,4,16035461,4:16035461:C:G,0.869864,2450,4:16033011,chr4,16033011,16033011,rs1400771,PROM1,4,both,PROM1_locus0,4:16033011
4,94532199,4:94532199:A:C,4,94526107,4:94526107:G:C,0.969076,6092,4:94532199,chr4,94532199,94532199,rs7683990,PDLIM5,4,Jurgens,PDLIM5_locus0,4:94532199
4,94532199,4:94532199:A:C,4,94529619,4:94529619:C:T,0.979488,2580,4:94532199,chr4,94532199,94532199,rs7683990,PDLIM5,4,Jurgens,PDLIM5_locus0,4:94532199
4,94532199,4:94532199:A:C,4,94532199,4:94532199:A:C,1.0,0,4:94532199,chr4,94532199,94532199,rs7683990,PDLIM5,4,Jurgens,PDLIM5_locus0,4:94532199
4,94532199,4:94532199:A:C,4,94533108,4:94533108:A:T,0.98973,909,4:94532199,chr4,94532199,94532199,rs7683990,PDLIM5,4,Jurgens,PDLIM5_locus0,4:94532199
4,94532199,4:94532199:A:C,4,94534108,4:94534108:C:T,0.979488,1909,4:94532199,chr4,94532199,94532199,rs7683990,PDLIM5,4,Jurgens,PDLIM5_locus0,4:94532199
4,94532199,4:94532199:A:C,4,94534449,4:94534449:G:A,0.979488,2250,4:94532199,chr4,94532199,94532199,rs7683990,PDLIM5,4,Jurgens,PDLIM5_locus0,4:94532199
4,94532199,4:94532199:A:C,4,94534821,4:94534821:G:A,0.979488,2622,4:94532199,chr4,94532199,94532199,rs7683990,PDLIM5,4,Jurgens,PDLIM5_locus0,4:94532199
4,94532199,4:94532199:A:C,4,94535835,4:94535836:CT:C,0.929415,3636,4:94532199,chr4,94532199,94532199,rs7683990,PDLIM5,4,Jurgens,PDLIM5_locus0,4:94532199
4,94532199,4:94532199:A:C,4,94538286,4:94538286:TTTGAGTA:T,0.969076,6087,4:94532199,chr4,94532199,94532199,rs7683990,PDLIM5,4,Jurgens,PDLIM5_locus0,4:94532199
4,94532199,4:94532199:A:C,4,94540132,4:94540133:CT:C,0.969076,7933,4:94532199,chr4,94532199,94532199,rs7683990,PDLIM5,4,Jurgens,PDLIM5_locus0,4:94532199
4,94532199,4:94532199:A:C,4,94542805,4:94542805:G:T,0.979453,10606,4:94532199,chr4,94532199,94532199,rs7683990,PDLIM5,4,Jurgens,PDLIM5_locus0,4:94532199
4,94587714,4:94587714:C:G,4,94587714,4:94587714:C:G,1.0,0,4:94587714,chr4,94587714,94587714,rs79700101,PDLIM5,4,Zheng,PDLIM5_locus1,4:94587714
4,102856899,4:102856899:G:T,4,102730805,4:102730805:A:C,0.848253,126094,4:102856899,chr4,102856899,102856899,rs223350,UBE2D3,3,Jurgens,UBE2D3_locus0,4:102856899
4,102856899,4:102856899:G:T,4,102732819,4:102732819:T:C,0.849303,124080,4:102856899,chr4,102856899,102856899,rs223350,UBE2D3,3,Jurgens,UBE2D3_locus0,4:102856899
4,102856899,4:102856899:G:T,4,102759566,4:102759566:GA:G,0.804602,97333,4:102856899,chr4,102856899,102856899,rs223350,UBE2D3,3,Jurgens,UBE2D3_locus0,4:102856899
4,102856899,4:102856899:G:T,4,102762857,4:102762857:A:ATTAAGAAAT,0.964617,94042,4:102856899,chr4,102856899,102856899,rs223350,UBE2D3,3,Jurgens,UBE2D3_locus0,4:102856899
4,102856899,4:102856899:G:T,4,102763796,4:102763796:C:G,0.964617,93103,4:102856899,chr4,102856899,102856899,rs223350,UBE2D3,3,Jurgens,UBE2D3_locus0,4:102856899
4,102856899,4:102856899:G:T,4,102764018,4:102764018:T:A,0.957197,92881,4:102856899,chr4,102856899,102856899,rs223350,UBE2D3,3,Jurgens,UBE2D3_locus0,4:102856899
4,102856899,4:102856899:G:T,4,102764314,4:102764314:G:A,0.964617,92585,4:102856899,chr4,102856899,102856899,rs223350,UBE2D3,3,Jurgens,UBE2D3_locus0,4:102856899
4,102856899,4:102856899:G:T,4,102766051,4:102766051:A:G,0.964617,90848,4:102856899,chr4,102856899,102856899,rs223350,UBE2D3,3,Jurgens,UBE2D3_locus0,4:102856899
4,102856899,4:102856899:G:T,4,102766860,4:102766860:T:C,0.964617,90039,4:102856899,chr4,102856899,102856899,rs223350,UBE2D3,3,Jurgens,UBE2D3_locus0,4:102856899
4,102856899,4:102856899:G:T,4,102766881,4:102766881:T:C,0.964617,90018,4:102856899,chr4,102856899,102856899,rs223350,UBE2D3,3,Jurgens,UBE2D3_locus0,4:102856899
4,102856899,4:102856899:G:T,4,102767912,4:102767912:C:T,0.964617,88987,4:102856899,chr4,102856899,102856899,rs223350,UBE2D3,3,Jurgens,UBE2D3_locus0,4:102856899
4,102856899,4:102856899:G:T,4,102768160,4:102768160:T:C,0.964617,88739,4:102856899,chr4,102856899,102856899,rs223350,UBE2D3,3,Jurgens,UBE2D3_locus0,4:102856899
4,102856899,4:102856899:G:T,4,102768648,4:102768648:T:A,0.964617,88251,4:102856899,chr4,102856899,102856899,rs223350,UBE2D3,3,Jurgens,UBE2D3_locus0,4:102856899
4,102856899,4:102856899:G:T,4,102769099,4:102769099:A:G,0.964617,87800,4:102856899,chr4,102856899,102856899,rs223350,UBE2D3,3,Jurgens,UBE2D3_locus0,4:102856899
4,102856899,4:102856899:G:T,4,102769234,4:102769234:T:C,0.964617,87665,4:102856899,chr4,102856899,102856899,rs223350,UBE2D3,3,Jurgens,UBE2D3_locus0,4:102856899
4,102856899,4:102856899:G:T,4,102769309,4:102769309:C:T,0.964617,87590,4:102856899,chr4,102856899,102856899,rs223350,UBE2D3,3,Jurgens,UBE2D3_locus0,4:102856899
4,102856899,4:102856899:G:T,4,102771000,4:102771000:G:T,0.957197,85899,4:102856899,chr4,102856899,102856899,rs223350,UBE2D3,3,Jurgens,UBE2D3_locus0,4:102856899
4,102856899,4:102856899:G:T,4,102771186,4:102771186:T:C,0.957197,85713,4:102856899,chr4,102856899,102856899,rs223350,UBE2D3,3,Jurgens,UBE2D3_locus0,4:102856899
4,102856899,4:102856899:G:T,4,102771986,4:102771986:G:C,0.964617,84913,4:102856899,chr4,102856899,102856899,rs223350,UBE2D3,3,Jurgens,UBE2D3_locus0,4:102856899
4,102856899,4:102856899:G:T,4,102772007,4:102772007:G:A,0.957197,84892,4:102856899,chr4,102856899,102856899,rs223350,UBE2D3,3,Jurgens,UBE2D3_locus0,4:102856899
4,102856899,4:102856899:G:T,4,102772464,4:102772464:C:T,0.950295,84435,4:102856899,chr4,102856899,102856899,rs223350,UBE2D3,3,Jurgens,UBE2D3_locus0,4:102856899
4,102856899,4:102856899:G:T,4,102774327,4:102774327:T:C,0.971596,82572,4:102856899,chr4,102856899,102856899,rs223350,UBE2D3,3,Jurgens,UBE2D3_locus0,4:102856899
4,102856899,4:102856899:G:T,4,102777676,4:102777676:A:ATTC,0.942458,79223,4:102856899,chr4,102856899,102856899,rs223350,UBE2D3,3,Jurgens,UBE2D3_locus0,4:102856899
4,102856899,4:102856899:G:T,4,102778004,4:102778004:A:G,0.971596,78895,4:102856899,chr4,102856899,102856899,rs223350,UBE2D3,3,Jurgens,UBE2D3_locus0,4:102856899
4,102856899,4:102856899:G:T,4,102778009,4:102778009:C:CATA,0.971596,78890,4:102856899,chr4,102856899,102856899,rs223350,UBE2D3,3,Jurgens,UBE2D3_locus0,4:102856899
4,102856899,4:102856899:G:T,4,102779265,4:102779265:G:C,0.971596,77634,4:102856899,chr4,102856899,102856899,rs223350,UBE2D3,3,Jurgens,UBE2D3_locus0,4:102856899
4,102856899,4:102856899:G:T,4,102779721,4:102779721:C:T,0.971596,77178,4:102856899,chr4,102856899,102856899,rs223350,UBE2D3,3,Jurgens,UBE2D3_locus0,4:102856899
4,102856899,4:102856899:G:T,4,102780039,4:102780039:A:C,0.971596,76860,4:102856899,chr4,102856899,102856899,rs223350,UBE2D3,3,Jurgens,UBE2D3_locus0,4:102856899
4,102856899,4:102856899:G:T,4,102780174,4:102780174:A:C,0.971596,76725,4:102856899,chr4,102856899,102856899,rs223350,UBE2D3,3,Jurgens,UBE2D3_locus0,4:102856899
4,102856899,4:102856899:G:T,4,102780603,4:102780603:G:A,0.971596,76296,4:102856899,chr4,102856899,102856899,rs223350,UBE2D3,3,Jurgens,UBE2D3_locus0,4:102856899
4,102856899,4:102856899:G:T,4,102780620,4:102780620:T:C,0.971596,76279,4:102856899,chr4,102856899,102856899,rs223350,UBE2D3,3,Jurgens,UBE2D3_locus0,4:102856899
4,102856899,4:102856899:G:T,4,102780661,4:102780661:C:T,0.971596,76238,4:102856899,chr4,102856899,102856899,rs223350,UBE2D3,3,Jurgens,UBE2D3_locus0,4:102856899
4,102856899,4:102856899:G:T,4,102781354,4:102781354:GTTAAC:G,0.971596,75545,4:102856899,chr4,102856899,102856899,rs223350,UBE2D3,3,Jurgens,UBE2D3_locus0,4:102856899
4,102856899,4:102856899:G:T,4,102782279,4:102782279:TA:T,0.971596,74620,4:102856899,chr4,102856899,102856899,rs223350,UBE2D3,3,Jurgens,UBE2D3_locus0,4:102856899
4,102856899,4:102856899:G:T,4,102782372,4:102782372:A:C,0.971596,74527,4:102856899,chr4,102856899,102856899,rs223350,UBE2D3,3,Jurgens,UBE2D3_locus0,4:102856899
4,102856899,4:102856899:G:T,4,102782903,4:102782903:T:C,0.971596,73996,4:102856899,chr4,102856899,102856899,rs223350,UBE2D3,3,Jurgens,UBE2D3_locus0,4:102856899
4,102856899,4:102856899:G:T,4,102783680,4:102783680:T:TAAAC,0.964293,73219,4:102856899,chr4,102856899,102856899,rs223350,UBE2D3,3,Jurgens,UBE2D3_locus0,4:102856899
4,102856899,4:102856899:G:T,4,102783934,4:102783934:ATT:A,0.971596,72965,4:102856899,chr4,102856899,102856899,rs223350,UBE2D3,3,Jurgens,UBE2D3_locus0,4:102856899
4,102856899,4:102856899:G:T,4,102784783,4:102784783:ACCTCCT:A,0.822758,72116,4:102856899,chr4,102856899,102856899,rs223350,UBE2D3,3,Jurgens,UBE2D3_locus0,4:102856899
4,102856899,4:102856899:G:T,4,102784982,4:102784982:AT:A,0.942617,71917,4:102856899,chr4,102856899,102856899,rs223350,UBE2D3,3,Jurgens,UBE2D3_locus0,4:102856899
4,102856899,4:102856899:G:T,4,102787361,4:102787361:GA:G,0.921444,69538,4:102856899,chr4,102856899,102856899,rs223350,UBE2D3,3,Jurgens,UBE2D3_locus0,4:102856899
4,102856899,4:102856899:G:T,4,102787954,4:102787954:CTT:C,0.971596,68945,4:102856899,chr4,102856899,102856899,rs223350,UBE2D3,3,Jurgens,UBE2D3_locus0,4:102856899
4,102856899,4:102856899:G:T,4,102788229,4:102788229:C:T,0.971596,68670,4:102856899,chr4,102856899,102856899,rs223350,UBE2D3,3,Jurgens,UBE2D3_locus0,4:102856899
4,102856899,4:102856899:G:T,4,102788414,4:102788414:A:T,0.971596,68485,4:102856899,chr4,102856899,102856899,rs223350,UBE2D3,3,Jurgens,UBE2D3_locus0,4:102856899
4,102856899,4:102856899:G:T,4,102788506,4:102788506:A:G,0.964693,68393,4:102856899,chr4,102856899,102856899,rs223350,UBE2D3,3,Jurgens,UBE2D3_locus0,4:102856899
4,102856899,4:102856899:G:T,4,102788948,4:102788948:A:G,0.971596,67951,4:102856899,chr4,102856899,102856899,rs223350,UBE2D3,3,Jurgens,UBE2D3_locus0,4:102856899
4,102856899,4:102856899:G:T,4,102789026,4:102789026:T:C,0.971596,67873,4:102856899,chr4,102856899,102856899,rs223350,UBE2D3,3,Jurgens,UBE2D3_locus0,4:102856899
4,102856899,4:102856899:G:T,4,102789115,4:102789115:C:CATA,0.971596,67784,4:102856899,chr4,102856899,102856899,rs223350,UBE2D3,3,Jurgens,UBE2D3_locus0,4:102856899
4,102856899,4:102856899:G:T,4,102789773,4:102789773:G:A,0.971596,67126,4:102856899,chr4,102856899,102856899,rs223350,UBE2D3,3,Jurgens,UBE2D3_locus0,4:102856899
4,102856899,4:102856899:G:T,4,102789895,4:102789895:T:C,0.971596,67004,4:102856899,chr4,102856899,102856899,rs223350,UBE2D3,3,Jurgens,UBE2D3_locus0,4:102856899
4,102856899,4:102856899:G:T,4,102790277,4:102790277:C:T,0.971596,66622,4:102856899,chr4,102856899,102856899,rs223350,UBE2D3,3,Jurgens,UBE2D3_locus0,4:102856899
4,102856899,4:102856899:G:T,4,102791015,4:102791015:GAATT:G,0.971596,65884,4:102856899,chr4,102856899,102856899,rs223350,UBE2D3,3,Jurgens,UBE2D3_locus0,4:102856899
4,102856899,4:102856899:G:T,4,102791032,4:102791032:C:A,0.971596,65867,4:102856899,chr4,102856899,102856899,rs223350,UBE2D3,3,Jurgens,UBE2D3_locus0,4:102856899
4,102856899,4:102856899:G:T,4,102791052,4:102791052:C:G,0.971596,65847,4:102856899,chr4,102856899,102856899,rs223350,UBE2D3,3,Jurgens,UBE2D3_locus0,4:102856899
4,102856899,4:102856899:G:T,4,102791180,4:102791180:A:T,0.971596,65719,4:102856899,chr4,102856899,102856899,rs223350,UBE2D3,3,Jurgens,UBE2D3_locus0,4:102856899
4,102856899,4:102856899:G:T,4,102791432,4:102791432:G:A,0.971596,65467,4:102856899,chr4,102856899,102856899,rs223350,UBE2D3,3,Jurgens,UBE2D3_locus0,4:102856899
4,102856899,4:102856899:G:T,4,102792189,4:102792189:A:G,0.971596,64710,4:102856899,chr4,102856899,102856899,rs223350,UBE2D3,3,Jurgens,UBE2D3_locus0,4:102856899
4,102856899,4:102856899:G:T,4,102792202,4:102792202:C:T,0.971596,64697,4:102856899,chr4,102856899,102856899,rs223350,UBE2D3,3,Jurgens,UBE2D3_locus0,4:102856899
4,102856899,4:102856899:G:T,4,102793025,4:102793025:T:G,0.971596,63874,4:102856899,chr4,102856899,102856899,rs223350,UBE2D3,3,Jurgens,UBE2D3_locus0,4:102856899
4,102856899,4:102856899:G:T,4,102793337,4:102793337:T:G,0.971596,63562,4:102856899,chr4,102856899,102856899,rs223350,UBE2D3,3,Jurgens,UBE2D3_locus0,4:102856899
4,102856899,4:102856899:G:T,4,102793629,4:102793629:G:T,0.971596,63270,4:102856899,chr4,102856899,102856899,rs223350,UBE2D3,3,Jurgens,UBE2D3_locus0,4:102856899
4,102856899,4:102856899:G:T,4,102793960,4:102793960:A:T,0.971596,62939,4:102856899,chr4,102856899,102856899,rs223350,UBE2D3,3,Jurgens,UBE2D3_locus0,4:102856899
4,102856899,4:102856899:G:T,4,102794228,4:102794228:C:T,0.971596,62671,4:102856899,chr4,102856899,102856899,rs223350,UBE2D3,3,Jurgens,UBE2D3_locus0,4:102856899
4,102856899,4:102856899:G:T,4,102794652,4:102794652:C:CAACA,0.943329,62247,4:102856899,chr4,102856899,102856899,rs223350,UBE2D3,3,Jurgens,UBE2D3_locus0,4:102856899
4,102856899,4:102856899:G:T,4,102798277,4:102798277:T:G,0.906008,58622,4:102856899,chr4,102856899,102856899,rs223350,UBE2D3,3,Jurgens,UBE2D3_locus0,4:102856899
4,102856899,4:102856899:G:T,4,102798377,4:102798377:C:T,0.964293,58522,4:102856899,chr4,102856899,102856899,rs223350,UBE2D3,3,Jurgens,UBE2D3_locus0,4:102856899
4,102856899,4:102856899:G:T,4,102798584,4:102798584:C:T,0.964224,58315,4:102856899,chr4,102856899,102856899,rs223350,UBE2D3,3,Jurgens,UBE2D3_locus0,4:102856899
4,102856899,4:102856899:G:T,4,102798736,4:102798736:G:A,0.971596,58163,4:102856899,chr4,102856899,102856899,rs223350,UBE2D3,3,Jurgens,UBE2D3_locus0,4:102856899
4,102856899,4:102856899:G:T,4,102798749,4:102798749:A:G,0.964617,58150,4:102856899,chr4,102856899,102856899,rs223350,UBE2D3,3,Jurgens,UBE2D3_locus0,4:102856899
4,102856899,4:102856899:G:T,4,102799709,4:102799709:G:C,0.971596,57190,4:102856899,chr4,102856899,102856899,rs223350,UBE2D3,3,Jurgens,UBE2D3_locus0,4:102856899
4,102856899,4:102856899:G:T,4,102799826,4:102799826:A:T,0.964693,57073,4:102856899,chr4,102856899,102856899,rs223350,UBE2D3,3,Jurgens,UBE2D3_locus0,4:102856899
4,102856899,4:102856899:G:T,4,102799902,4:102799902:T:C,0.971596,56997,4:102856899,chr4,102856899,102856899,rs223350,UBE2D3,3,Jurgens,UBE2D3_locus0,4:102856899
4,102856899,4:102856899:G:T,4,102801081,4:102801081:G:A,0.978623,55818,4:102856899,chr4,102856899,102856899,rs223350,UBE2D3,3,Jurgens,UBE2D3_locus0,4:102856899
4,102856899,4:102856899:G:T,4,102801330,4:102801330:G:A,0.978623,55569,4:102856899,chr4,102856899,102856899,rs223350,UBE2D3,3,Jurgens,UBE2D3_locus0,4:102856899
4,102856899,4:102856899:G:T,4,102802836,4:102802836:T:C,0.971596,54063,4:102856899,chr4,102856899,102856899,rs223350,UBE2D3,3,Jurgens,UBE2D3_locus0,4:102856899
4,102856899,4:102856899:G:T,4,102804177,4:102804177:C:T,0.971596,52722,4:102856899,chr4,102856899,102856899,rs223350,UBE2D3,3,Jurgens,UBE2D3_locus0,4:102856899
4,102856899,4:102856899:G:T,4,102804737,4:102804737:G:A,0.978623,52162,4:102856899,chr4,102856899,102856899,rs223350,UBE2D3,3,Jurgens,UBE2D3_locus0,4:102856899
4,102856899,4:102856899:G:T,4,102805616,4:102805616:A:C,0.971596,51283,4:102856899,chr4,102856899,102856899,rs223350,UBE2D3,3,Jurgens,UBE2D3_locus0,4:102856899
4,102856899,4:102856899:G:T,4,102805861,4:102805861:A:T,0.964617,51038,4:102856899,chr4,102856899,102856899,rs223350,UBE2D3,3,Jurgens,UBE2D3_locus0,4:102856899
4,102856899,4:102856899:G:T,4,102806853,4:102806853:C:A,0.964617,50046,4:102856899,chr4,102856899,102856899,rs223350,UBE2D3,3,Jurgens,UBE2D3_locus0,4:102856899
4,102856899,4:102856899:G:T,4,102808586,4:102808586:T:A,0.971596,48313,4:102856899,chr4,102856899,102856899,rs223350,UBE2D3,3,Jurgens,UBE2D3_locus0,4:102856899
4,102856899,4:102856899:G:T,4,102809336,4:102809336:T:G,0.971596,47563,4:102856899,chr4,102856899,102856899,rs223350,UBE2D3,3,Jurgens,UBE2D3_locus0,4:102856899
4,102856899,4:102856899:G:T,4,102809910,4:102809910:CAAAT:C,0.971596,46989,4:102856899,chr4,102856899,102856899,rs223350,UBE2D3,3,Jurgens,UBE2D3_locus0,4:102856899
4,102856899,4:102856899:G:T,4,102810415,4:102810415:AT:A,0.928144,46484,4:102856899,chr4,102856899,102856899,rs223350,UBE2D3,3,Jurgens,UBE2D3_locus0,4:102856899
4,102856899,4:102856899:G:T,4,102810568,4:102810568:G:A,0.971596,46331,4:102856899,chr4,102856899,102856899,rs223350,UBE2D3,3,Jurgens,UBE2D3_locus0,4:102856899
4,102856899,4:102856899:G:T,4,102810580,4:102810580:T:C,0.971596,46319,4:102856899,chr4,102856899,102856899,rs223350,UBE2D3,3,Jurgens,UBE2D3_locus0,4:102856899
4,102856899,4:102856899:G:T,4,102811016,4:102811016:C:T,0.971596,45883,4:102856899,chr4,102856899,102856899,rs223350,UBE2D3,3,Jurgens,UBE2D3_locus0,4:102856899
4,102856899,4:102856899:G:T,4,102811336,4:102811336:CT:C,0.978623,45563,4:102856899,chr4,102856899,102856899,rs223350,UBE2D3,3,Jurgens,UBE2D3_locus0,4:102856899
4,102856899,4:102856899:G:T,4,102811411,4:102811411:G:T,0.978623,45488,4:102856899,chr4,102856899,102856899,rs223350,UBE2D3,3,Jurgens,UBE2D3_locus0,4:102856899
4,102856899,4:102856899:G:T,4,102811688,4:102811688:A:C,0.971596,45211,4:102856899,chr4,102856899,102856899,rs223350,UBE2D3,3,Jurgens,UBE2D3_locus0,4:102856899
4,102856899,4:102856899:G:T,4,102812017,4:102812017:A:ACATGC,0.971596,44882,4:102856899,chr4,102856899,102856899,rs223350,UBE2D3,3,Jurgens,UBE2D3_locus0,4:102856899
4,102856899,4:102856899:G:T,4,102812443,4:102812443:T:C,0.971596,44456,4:102856899,chr4,102856899,102856899,rs223350,UBE2D3,3,Jurgens,UBE2D3_locus0,4:102856899
4,102856899,4:102856899:G:T,4,102813568,4:102813568:T:C,0.971596,43331,4:102856899,chr4,102856899,102856899,rs223350,UBE2D3,3,Jurgens,UBE2D3_locus0,4:102856899
4,102856899,4:102856899:G:T,4,102814296,4:102814296:CT:C,0.978623,42603,4:102856899,chr4,102856899,102856899,rs223350,UBE2D3,3,Jurgens,UBE2D3_locus0,4:102856899
4,102856899,4:102856899:G:T,4,102815023,4:102815023:T:G,0.971596,41876,4:102856899,chr4,102856899,102856899,rs223350,UBE2D3,3,Jurgens,UBE2D3_locus0,4:102856899
4,102856899,4:102856899:G:T,4,102815265,4:102815265:A:G,0.978623,41634,4:102856899,chr4,102856899,102856899,rs223350,UBE2D3,3,Jurgens,UBE2D3_locus0,4:102856899
4,102856899,4:102856899:G:T,4,102815871,4:102815871:A:C,0.978623,41028,4:102856899,chr4,102856899,102856899,rs223350,UBE2D3,3,Jurgens,UBE2D3_locus0,4:102856899
4,102856899,4:102856899:G:T,4,102815894,4:102815894:C:T,0.978623,41005,4:102856899,chr4,102856899,102856899,rs223350,UBE2D3,3,Jurgens,UBE2D3_locus0,4:102856899
4,102856899,4:102856899:G:T,4,102816951,4:102816951:T:C,0.978623,39948,4:102856899,chr4,102856899,102856899,rs223350,UBE2D3,3,Jurgens,UBE2D3_locus0,4:102856899
4,102856899,4:102856899:G:T,4,102817075,4:102817075:G:C,0.978623,39824,4:102856899,chr4,102856899,102856899,rs223350,UBE2D3,3,Jurgens,UBE2D3_locus0,4:102856899
4,102856899,4:102856899:G:T,4,102817086,4:102817086:G:A,0.978623,39813,4:102856899,chr4,102856899,102856899,rs223350,UBE2D3,3,Jurgens,UBE2D3_locus0,4:102856899
4,102856899,4:102856899:G:T,4,102817198,4:102817198:C:T,0.978623,39701,4:102856899,chr4,102856899,102856899,rs223350,UBE2D3,3,Jurgens,UBE2D3_locus0,4:102856899
4,102856899,4:102856899:G:T,4,102820439,4:102820439:T:A,0.971596,36460,4:102856899,chr4,102856899,102856899,rs223350,UBE2D3,3,Jurgens,UBE2D3_locus0,4:102856899
4,102856899,4:102856899:G:T,4,102820800,4:102820800:A:G,0.978623,36099,4:102856899,chr4,102856899,102856899,rs223350,UBE2D3,3,Jurgens,UBE2D3_locus0,4:102856899
4,102856899,4:102856899:G:T,4,102821256,4:102821256:T:C,0.978623,35643,4:102856899,chr4,102856899,102856899,rs223350,UBE2D3,3,Jurgens,UBE2D3_locus0,4:102856899
4,102856899,4:102856899:G:T,4,102821494,4:102821494:T:C,0.978623,35405,4:102856899,chr4,102856899,102856899,rs223350,UBE2D3,3,Jurgens,UBE2D3_locus0,4:102856899
4,102856899,4:102856899:G:T,4,102821607,4:102821607:ATT:A,0.978623,35292,4:102856899,chr4,102856899,102856899,rs223350,UBE2D3,3,Jurgens,UBE2D3_locus0,4:102856899
4,102856899,4:102856899:G:T,4,102822762,4:102822762:T:TGCCTCTACT,0.971364,34137,4:102856899,chr4,102856899,102856899,rs223350,UBE2D3,3,Jurgens,UBE2D3_locus0,4:102856899
4,102856899,4:102856899:G:T,4,102822914,4:102822914:T:C,0.978623,33985,4:102856899,chr4,102856899,102856899,rs223350,UBE2D3,3,Jurgens,UBE2D3_locus0,4:102856899
4,102856899,4:102856899:G:T,4,102823801,4:102823801:A:C,0.971596,33098,4:102856899,chr4,102856899,102856899,rs223350,UBE2D3,3,Jurgens,UBE2D3_locus0,4:102856899
4,102856899,4:102856899:G:T,4,102824599,4:102824599:A:G,0.971596,32300,4:102856899,chr4,102856899,102856899,rs223350,UBE2D3,3,Jurgens,UBE2D3_locus0,4:102856899
4,102856899,4:102856899:G:T,4,102827640,4:102827640:A:G,0.971596,29259,4:102856899,chr4,102856899,102856899,rs223350,UBE2D3,3,Jurgens,UBE2D3_locus0,4:102856899
4,102856899,4:102856899:G:T,4,102827718,4:102827718:T:TCTC,0.971596,29181,4:102856899,chr4,102856899,102856899,rs223350,UBE2D3,3,Jurgens,UBE2D3_locus0,4:102856899
4,102856899,4:102856899:G:T,4,102828287,4:102828287:G:A,0.971596,28612,4:102856899,chr4,102856899,102856899,rs223350,UBE2D3,3,Jurgens,UBE2D3_locus0,4:102856899
4,102856899,4:102856899:G:T,4,102828359,4:102828359:C:G,0.971596,28540,4:102856899,chr4,102856899,102856899,rs223350,UBE2D3,3,Jurgens,UBE2D3_locus0,4:102856899
4,102856899,4:102856899:G:T,4,102829111,4:102829111:C:T,0.971596,27788,4:102856899,chr4,102856899,102856899,rs223350,UBE2D3,3,Jurgens,UBE2D3_locus0,4:102856899
4,102856899,4:102856899:G:T,4,102829159,4:102829159:G:A,0.978623,27740,4:102856899,chr4,102856899,102856899,rs223350,UBE2D3,3,Jurgens,UBE2D3_locus0,4:102856899
4,102856899,4:102856899:G:T,4,102829976,4:102829976:T:A,0.971596,26923,4:102856899,chr4,102856899,102856899,rs223350,UBE2D3,3,Jurgens,UBE2D3_locus0,4:102856899
4,102856899,4:102856899:G:T,4,102830094,4:102830094:A:G,0.971596,26805,4:102856899,chr4,102856899,102856899,rs223350,UBE2D3,3,Jurgens,UBE2D3_locus0,4:102856899
4,102856899,4:102856899:G:T,4,102831145,4:102831145:A:T,0.971596,25754,4:102856899,chr4,102856899,102856899,rs223350,UBE2D3,3,Jurgens,UBE2D3_locus0,4:102856899
4,102856899,4:102856899:G:T,4,102832214,4:102832214:A:C,0.971596,24685,4:102856899,chr4,102856899,102856899,rs223350,UBE2D3,3,Jurgens,UBE2D3_locus0,4:102856899
4,102856899,4:102856899:G:T,4,102832578,4:102832578:T:G,0.971596,24321,4:102856899,chr4,102856899,102856899,rs223350,UBE2D3,3,Jurgens,UBE2D3_locus0,4:102856899
4,102856899,4:102856899:G:T,4,102832998,4:102832998:C:CA,0.80842,23901,4:102856899,chr4,102856899,102856899,rs223350,UBE2D3,3,Jurgens,UBE2D3_locus0,4:102856899
4,102856899,4:102856899:G:T,4,102833014,4:102833014:T:A,0.971596,23885,4:102856899,chr4,102856899,102856899,rs223350,UBE2D3,3,Jurgens,UBE2D3_locus0,4:102856899
4,102856899,4:102856899:G:T,4,102833343,4:102833343:G:A,0.971596,23556,4:102856899,chr4,102856899,102856899,rs223350,UBE2D3,3,Jurgens,UBE2D3_locus0,4:102856899
4,102856899,4:102856899:G:T,4,102833434,4:102833434:G:C,0.971596,23465,4:102856899,chr4,102856899,102856899,rs223350,UBE2D3,3,Jurgens,UBE2D3_locus0,4:102856899
4,102856899,4:102856899:G:T,4,102833488,4:102833488:A:G,0.971596,23411,4:102856899,chr4,102856899,102856899,rs223350,UBE2D3,3,Jurgens,UBE2D3_locus0,4:102856899
4,102856899,4:102856899:G:T,4,102834919,4:102834919:C:T,0.964293,21980,4:102856899,chr4,102856899,102856899,rs223350,UBE2D3,3,Jurgens,UBE2D3_locus0,4:102856899
4,102856899,4:102856899:G:T,4,102835777,4:102835777:C:CAT,0.964224,21122,4:102856899,chr4,102856899,102856899,rs223350,UBE2D3,3,Jurgens,UBE2D3_locus0,4:102856899
4,102856899,4:102856899:G:T,4,102836166,4:102836166:T:A,0.971596,20733,4:102856899,chr4,102856899,102856899,rs223350,UBE2D3,3,Jurgens,UBE2D3_locus0,4:102856899
4,102856899,4:102856899:G:T,4,102836484,4:102836484:T:C,0.971596,20415,4:102856899,chr4,102856899,102856899,rs223350,UBE2D3,3,Jurgens,UBE2D3_locus0,4:102856899
4,102856899,4:102856899:G:T,4,102837934,4:102837934:G:A,0.978623,18965,4:102856899,chr4,102856899,102856899,rs223350,UBE2D3,3,Jurgens,UBE2D3_locus0,4:102856899
4,102856899,4:102856899:G:T,4,102838032,4:102838032:T:C,0.971596,18867,4:102856899,chr4,102856899,102856899,rs223350,UBE2D3,3,Jurgens,UBE2D3_locus0,4:102856899
4,102856899,4:102856899:G:T,4,102842899,4:102842899:CAGGAGTTCA:C,0.978426,14000,4:102856899,chr4,102856899,102856899,rs223350,UBE2D3,3,Jurgens,UBE2D3_locus0,4:102856899
4,102856899,4:102856899:G:T,4,102843052,4:102843052:A:G,0.978623,13847,4:102856899,chr4,102856899,102856899,rs223350,UBE2D3,3,Jurgens,UBE2D3_locus0,4:102856899
4,102856899,4:102856899:G:T,4,102843676,4:102843676:A:AAG,0.9857,13223,4:102856899,chr4,102856899,102856899,rs223350,UBE2D3,3,Jurgens,UBE2D3_locus0,4:102856899
4,102856899,4:102856899:G:T,4,102843836,4:102843836:A:G,0.9857,13063,4:102856899,chr4,102856899,102856899,rs223350,UBE2D3,3,Jurgens,UBE2D3_locus0,4:102856899
4,102856899,4:102856899:G:T,4,102844759,4:102844759:G:A,0.9857,12140,4:102856899,chr4,102856899,102856899,rs223350,UBE2D3,3,Jurgens,UBE2D3_locus0,4:102856899
4,102856899,4:102856899:G:T,4,102845021,4:102845021:CAA:C,0.914831,11878,4:102856899,chr4,102856899,102856899,rs223350,UBE2D3,3,Jurgens,UBE2D3_locus0,4:102856899
4,102856899,4:102856899:G:T,4,102846182,4:102846182:T:G,0.9857,10717,4:102856899,chr4,102856899,102856899,rs223350,UBE2D3,3,Jurgens,UBE2D3_locus0,4:102856899
4,102856899,4:102856899:G:T,4,102848077,4:102848077:T:C,0.978623,8822,4:102856899,chr4,102856899,102856899,rs223350,UBE2D3,3,Jurgens,UBE2D3_locus0,4:102856899
4,102856899,4:102856899:G:T,4,102848735,4:102848735:T:C,0.978623,8164,4:102856899,chr4,102856899,102856899,rs223350,UBE2D3,3,Jurgens,UBE2D3_locus0,4:102856899
4,102856899,4:102856899:G:T,4,102849422,4:102849422:C:T,0.9857,7477,4:102856899,chr4,102856899,102856899,rs223350,UBE2D3,3,Jurgens,UBE2D3_locus0,4:102856899
4,102856899,4:102856899:G:T,4,102849637,4:102849637:G:C,0.978623,7262,4:102856899,chr4,102856899,102856899,rs223350,UBE2D3,3,Jurgens,UBE2D3_locus0,4:102856899
4,102856899,4:102856899:G:T,4,102850345,4:102850345:TG:T,0.978623,6554,4:102856899,chr4,102856899,102856899,rs223350,UBE2D3,3,Jurgens,UBE2D3_locus0,4:102856899
4,102856899,4:102856899:G:T,4,102851095,4:102851095:A:G,0.9857,5804,4:102856899,chr4,102856899,102856899,rs223350,UBE2D3,3,Jurgens,UBE2D3_locus0,4:102856899
4,102856899,4:102856899:G:T,4,102851672,4:102851672:GT:G,0.971202,5227,4:102856899,chr4,102856899,102856899,rs223350,UBE2D3,3,Jurgens,UBE2D3_locus0,4:102856899
4,102856899,4:102856899:G:T,4,102852055,4:102852055:A:AGGTT,0.978623,4844,4:102856899,chr4,102856899,102856899,rs223350,UBE2D3,3,Jurgens,UBE2D3_locus0,4:102856899
4,102856899,4:102856899:G:T,4,102852344,4:102852344:G:A,0.978623,4555,4:102856899,chr4,102856899,102856899,rs223350,UBE2D3,3,Jurgens,UBE2D3_locus0,4:102856899
4,102856899,4:102856899:G:T,4,102853171,4:102853171:T:C,0.950426,3728,4:102856899,chr4,102856899,102856899,rs223350,UBE2D3,3,Jurgens,UBE2D3_locus0,4:102856899
4,102856899,4:102856899:G:T,4,102854547,4:102854547:C:T,0.978623,2352,4:102856899,chr4,102856899,102856899,rs223350,UBE2D3,3,Jurgens,UBE2D3_locus0,4:102856899
4,102856899,4:102856899:G:T,4,102855710,4:102855710:G:A,0.978623,1189,4:102856899,chr4,102856899,102856899,rs223350,UBE2D3,3,Jurgens,UBE2D3_locus0,4:102856899
4,102856899,4:102856899:G:T,4,102856235,4:102856235:G:A,0.971842,664,4:102856899,chr4,102856899,102856899,rs223350,UBE2D3,3,Jurgens,UBE2D3_locus0,4:102856899
4,102856899,4:102856899:G:T,4,102856899,4:102856899:G:T,1.0,0,4:102856899,chr4,102856899,102856899,rs223350,UBE2D3,3,Jurgens,UBE2D3_locus0,4:102856899
4,102856899,4:102856899:G:T,4,102857277,4:102857277:A:G,0.971596,378,4:102856899,chr4,102856899,102856899,rs223350,UBE2D3,3,Jurgens,UBE2D3_locus0,4:102856899
4,102856899,4:102856899:G:T,4,102857850,4:102857850:T:C,0.878,951,4:102856899,chr4,102856899,102856899,rs223350,UBE2D3,3,Jurgens,UBE2D3_locus0,4:102856899
4,102856899,4:102856899:G:T,4,102858815,4:102858815:A:G,0.906008,1916,4:102856899,chr4,102856899,102856899,rs223350,UBE2D3,3,Jurgens,UBE2D3_locus0,4:102856899
4,102856899,4:102856899:G:T,4,102859339,4:102859339:T:C,0.906008,2440,4:102856899,chr4,102856899,102856899,rs223350,UBE2D3,3,Jurgens,UBE2D3_locus0,4:102856899
4,102856899,4:102856899:G:T,4,102859366,4:102859366:T:C,0.906008,2467,4:102856899,chr4,102856899,102856899,rs223350,UBE2D3,3,Jurgens,UBE2D3_locus0,4:102856899
4,102856899,4:102856899:G:T,4,102859765,4:102859765:C:T,0.906008,2866,4:102856899,chr4,102856899,102856899,rs223350,UBE2D3,3,Jurgens,UBE2D3_locus0,4:102856899
4,102856899,4:102856899:G:T,4,102859908,4:102859908:T:C,0.898587,3009,4:102856899,chr4,102856899,102856899,rs223350,UBE2D3,3,Jurgens,UBE2D3_locus0,4:102856899
4,102856899,4:102856899:G:T,4,102860002,4:102860002:C:T,0.978623,3103,4:102856899,chr4,102856899,102856899,rs223350,UBE2D3,3,Jurgens,UBE2D3_locus0,4:102856899
4,102856899,4:102856899:G:T,4,102860374,4:102860374:AATTT:A,0.892327,3475,4:102856899,chr4,102856899,102856899,rs223350,UBE2D3,3,Jurgens,UBE2D3_locus0,4:102856899
4,102856899,4:102856899:G:T,4,102862343,4:102862343:T:A,0.906008,5444,4:102856899,chr4,102856899,102856899,rs223350,UBE2D3,3,Jurgens,UBE2D3_locus0,4:102856899
4,102856899,4:102856899:G:T,4,102864368,HGSV_66143,0.971596,7469,4:102856899,chr4,102856899,102856899,rs223350,UBE2D3,3,Jurgens,UBE2D3_locus0,4:102856899
4,102856899,4:102856899:G:T,4,102864425,4:102864425:G:A,0.971364,7526,4:102856899,chr4,102856899,102856899,rs223350,UBE2D3,3,Jurgens,UBE2D3_locus0,4:102856899
4,102856899,4:102856899:G:T,4,102864700,4:102864700:T:C,0.978623,7801,4:102856899,chr4,102856899,102856899,rs223350,UBE2D3,3,Jurgens,UBE2D3_locus0,4:102856899
4,102856899,4:102856899:G:T,4,102864959,4:102864959:C:T,0.971596,8060,4:102856899,chr4,102856899,102856899,rs223350,UBE2D3,3,Jurgens,UBE2D3_locus0,4:102856899
4,102856899,4:102856899:G:T,4,102865214,4:102865214:C:T,0.978623,8315,4:102856899,chr4,102856899,102856899,rs223350,UBE2D3,3,Jurgens,UBE2D3_locus0,4:102856899
4,102856899,4:102856899:G:T,4,102865403,4:102865403:G:A,0.971596,8504,4:102856899,chr4,102856899,102856899,rs223350,UBE2D3,3,Jurgens,UBE2D3_locus0,4:102856899
4,102856899,4:102856899:G:T,4,102865431,4:102865431:G:A,0.978623,8532,4:102856899,chr4,102856899,102856899,rs223350,UBE2D3,3,Jurgens,UBE2D3_locus0,4:102856899
4,102856899,4:102856899:G:T,4,102867054,4:102867054:A:G,0.978623,10155,4:102856899,chr4,102856899,102856899,rs223350,UBE2D3,3,Jurgens,UBE2D3_locus0,4:102856899
4,102856899,4:102856899:G:T,4,102868653,4:102868653:C:A,0.978623,11754,4:102856899,chr4,102856899,102856899,rs223350,UBE2D3,3,Jurgens,UBE2D3_locus0,4:102856899
4,102856899,4:102856899:G:T,4,102869029,4:102869029:G:T,0.971596,12130,4:102856899,chr4,102856899,102856899,rs223350,UBE2D3,3,Jurgens,UBE2D3_locus0,4:102856899
4,102856899,4:102856899:G:T,4,102871952,4:102871952:CTAGT:C,0.978623,15053,4:102856899,chr4,102856899,102856899,rs223350,UBE2D3,3,Jurgens,UBE2D3_locus0,4:102856899
4,102856899,4:102856899:G:T,4,102872502,4:102872502:T:C,0.971596,15603,4:102856899,chr4,102856899,102856899,rs223350,UBE2D3,3,Jurgens,UBE2D3_locus0,4:102856899
4,102856899,4:102856899:G:T,4,102873031,4:102873031:T:A,0.971596,16132,4:102856899,chr4,102856899,102856899,rs223350,UBE2D3,3,Jurgens,UBE2D3_locus0,4:102856899
4,102856899,4:102856899:G:T,4,102873379,4:102873379:C:T,0.978623,16480,4:102856899,chr4,102856899,102856899,rs223350,UBE2D3,3,Jurgens,UBE2D3_locus0,4:102856899
4,102856899,4:102856899:G:T,4,102873560,4:102873560:G:C,0.971596,16661,4:102856899,chr4,102856899,102856899,rs223350,UBE2D3,3,Jurgens,UBE2D3_locus0,4:102856899
4,102856899,4:102856899:G:T,4,102873770,4:102873770:T:A,0.971596,16871,4:102856899,chr4,102856899,102856899,rs223350,UBE2D3,3,Jurgens,UBE2D3_locus0,4:102856899
4,102856899,4:102856899:G:T,4,102875751,4:102875751:A:G,0.978623,18852,4:102856899,chr4,102856899,102856899,rs223350,UBE2D3,3,Jurgens,UBE2D3_locus0,4:102856899
4,102856899,4:102856899:G:T,4,102876177,4:102876177:G:A,0.971596,19278,4:102856899,chr4,102856899,102856899,rs223350,UBE2D3,3,Jurgens,UBE2D3_locus0,4:102856899
4,102856899,4:102856899:G:T,4,102878371,4:102878371:T:C,0.971596,21472,4:102856899,chr4,102856899,102856899,rs223350,UBE2D3,3,Jurgens,UBE2D3_locus0,4:102856899
4,102856899,4:102856899:G:T,4,102878375,4:102878375:C:T,0.978623,21476,4:102856899,chr4,102856899,102856899,rs223350,UBE2D3,3,Jurgens,UBE2D3_locus0,4:102856899
4,102856899,4:102856899:G:T,4,102878412,4:102878412:G:A,0.971596,21513,4:102856899,chr4,102856899,102856899,rs223350,UBE2D3,3,Jurgens,UBE2D3_locus0,4:102856899
4,102856899,4:102856899:G:T,4,102880645,4:102880645:A:T,0.971596,23746,4:102856899,chr4,102856899,102856899,rs223350,UBE2D3,3,Jurgens,UBE2D3_locus0,4:102856899
4,102856899,4:102856899:G:T,4,102880646,4:102880646:T:C,0.971596,23747,4:102856899,chr4,102856899,102856899,rs223350,UBE2D3,3,Jurgens,UBE2D3_locus0,4:102856899
4,102856899,4:102856899:G:T,4,102881157,4:102881157:T:C,0.978623,24258,4:102856899,chr4,102856899,102856899,rs223350,UBE2D3,3,Jurgens,UBE2D3_locus0,4:102856899
4,102856899,4:102856899:G:T,4,102881422,4:102881422:A:G,0.978623,24523,4:102856899,chr4,102856899,102856899,rs223350,UBE2D3,3,Jurgens,UBE2D3_locus0,4:102856899
4,102856899,4:102856899:G:T,4,102881949,4:102881949:C:T,0.971596,25050,4:102856899,chr4,102856899,102856899,rs223350,UBE2D3,3,Jurgens,UBE2D3_locus0,4:102856899
4,102856899,4:102856899:G:T,4,102884286,4:102884286:T:C,0.978623,27387,4:102856899,chr4,102856899,102856899,rs223350,UBE2D3,3,Jurgens,UBE2D3_locus0,4:102856899
4,102856899,4:102856899:G:T,4,102884642,4:102884642:A:G,0.971596,27743,4:102856899,chr4,102856899,102856899,rs223350,UBE2D3,3,Jurgens,UBE2D3_locus0,4:102856899
4,102856899,4:102856899:G:T,4,102885151,4:102885151:CTA:C,0.978623,28252,4:102856899,chr4,102856899,102856899,rs223350,UBE2D3,3,Jurgens,UBE2D3_locus0,4:102856899
4,102856899,4:102856899:G:T,4,102886563,4:102886563:T:C,0.971596,29664,4:102856899,chr4,102856899,102856899,rs223350,UBE2D3,3,Jurgens,UBE2D3_locus0,4:102856899
4,102856899,4:102856899:G:T,4,102888166,4:102888166:T:TC,0.971596,31267,4:102856899,chr4,102856899,102856899,rs223350,UBE2D3,3,Jurgens,UBE2D3_locus0,4:102856899
4,102856899,4:102856899:G:T,4,102888488,4:102888488:T:G,0.971596,31589,4:102856899,chr4,102856899,102856899,rs223350,UBE2D3,3,Jurgens,UBE2D3_locus0,4:102856899
4,102856899,4:102856899:G:T,4,102888757,4:102888757:C:A,0.971596,31858,4:102856899,chr4,102856899,102856899,rs223350,UBE2D3,3,Jurgens,UBE2D3_locus0,4:102856899
4,102856899,4:102856899:G:T,4,102889990,4:102889990:C:CATT,0.971596,33091,4:102856899,chr4,102856899,102856899,rs223350,UBE2D3,3,Jurgens,UBE2D3_locus0,4:102856899
4,102856899,4:102856899:G:T,4,102890220,4:102890220:A:C,0.971596,33321,4:102856899,chr4,102856899,102856899,rs223350,UBE2D3,3,Jurgens,UBE2D3_locus0,4:102856899
4,102856899,4:102856899:G:T,4,102890544,4:102890544:A:G,0.971596,33645,4:102856899,chr4,102856899,102856899,rs223350,UBE2D3,3,Jurgens,UBE2D3_locus0,4:102856899
4,102856899,4:102856899:G:T,4,102891342,4:102891342:A:G,0.978623,34443,4:102856899,chr4,102856899,102856899,rs223350,UBE2D3,3,Jurgens,UBE2D3_locus0,4:102856899
4,102856899,4:102856899:G:T,4,102891964,4:102891964:T:G,0.971596,35065,4:102856899,chr4,102856899,102856899,rs223350,UBE2D3,3,Jurgens,UBE2D3_locus0,4:102856899
4,102856899,4:102856899:G:T,4,102892437,4:102892437:T:C,0.971596,35538,4:102856899,chr4,102856899,102856899,rs223350,UBE2D3,3,Jurgens,UBE2D3_locus0,4:102856899
4,102856899,4:102856899:G:T,4,102892577,4:102892577:C:T,0.971596,35678,4:102856899,chr4,102856899,102856899,rs223350,UBE2D3,3,Jurgens,UBE2D3_locus0,4:102856899
4,102856899,4:102856899:G:T,4,102892724,4:102892724:C:T,0.971596,35825,4:102856899,chr4,102856899,102856899,rs223350,UBE2D3,3,Jurgens,UBE2D3_locus0,4:102856899
4,102856899,4:102856899:G:T,4,102893563,4:102893563:T:A,0.964617,36664,4:102856899,chr4,102856899,102856899,rs223350,UBE2D3,3,Jurgens,UBE2D3_locus0,4:102856899
4,102856899,4:102856899:G:T,4,102894132,4:102894132:A:G,0.971596,37233,4:102856899,chr4,102856899,102856899,rs223350,UBE2D3,3,Jurgens,UBE2D3_locus0,4:102856899
4,102856899,4:102856899:G:T,4,102895366,4:102895366:A:G,0.964693,38467,4:102856899,chr4,102856899,102856899,rs223350,UBE2D3,3,Jurgens,UBE2D3_locus0,4:102856899
4,102856899,4:102856899:G:T,4,102896374,4:102896374:C:T,0.964693,39475,4:102856899,chr4,102856899,102856899,rs223350,UBE2D3,3,Jurgens,UBE2D3_locus0,4:102856899
4,102856899,4:102856899:G:T,4,102897144,4:102897144:T:C,0.851823,40245,4:102856899,chr4,102856899,102856899,rs223350,UBE2D3,3,Jurgens,UBE2D3_locus0,4:102856899
4,102856899,4:102856899:G:T,4,102897401,4:102897401:T:C,0.957446,40502,4:102856899,chr4,102856899,102856899,rs223350,UBE2D3,3,Jurgens,UBE2D3_locus0,4:102856899
4,102856899,4:102856899:G:T,4,102897417,4:102897417:T:C,0.957446,40518,4:102856899,chr4,102856899,102856899,rs223350,UBE2D3,3,Jurgens,UBE2D3_locus0,4:102856899
4,102856899,4:102856899:G:T,4,102897427,4:102897427:C:T,0.950476,40528,4:102856899,chr4,102856899,102856899,rs223350,UBE2D3,3,Jurgens,UBE2D3_locus0,4:102856899
4,102856899,4:102856899:G:T,4,102897577,4:102897577:T:C,0.950476,40678,4:102856899,chr4,102856899,102856899,rs223350,UBE2D3,3,Jurgens,UBE2D3_locus0,4:102856899
4,102856899,4:102856899:G:T,4,102899729,4:102899729:G:A,0.950476,42830,4:102856899,chr4,102856899,102856899,rs223350,UBE2D3,3,Jurgens,UBE2D3_locus0,4:102856899
4,102856899,4:102856899:G:T,4,102900734,4:102900734:T:C,0.896421,43835,4:102856899,chr4,102856899,102856899,rs223350,UBE2D3,3,Jurgens,UBE2D3_locus0,4:102856899
4,102856899,4:102856899:G:T,4,102901676,4:102901676:G:A,0.950476,44777,4:102856899,chr4,102856899,102856899,rs223350,UBE2D3,3,Jurgens,UBE2D3_locus0,4:102856899
4,102856899,4:102856899:G:T,4,102902574,4:102902574:T:G,0.950476,45675,4:102856899,chr4,102856899,102856899,rs223350,UBE2D3,3,Jurgens,UBE2D3_locus0,4:102856899
4,102856899,4:102856899:G:T,4,102904091,4:102904091:T:C,0.950476,47192,4:102856899,chr4,102856899,102856899,rs223350,UBE2D3,3,Jurgens,UBE2D3_locus0,4:102856899
4,102856899,4:102856899:G:T,4,102904470,4:102904470:C:CAT,0.950476,47571,4:102856899,chr4,102856899,102856899,rs223350,UBE2D3,3,Jurgens,UBE2D3_locus0,4:102856899
4,102856899,4:102856899:G:T,4,102904879,4:102904879:A:G,0.950476,47980,4:102856899,chr4,102856899,102856899,rs223350,UBE2D3,3,Jurgens,UBE2D3_locus0,4:102856899
4,102856899,4:102856899:G:T,4,102904983,4:102904983:CA:C,0.950069,48084,4:102856899,chr4,102856899,102856899,rs223350,UBE2D3,3,Jurgens,UBE2D3_locus0,4:102856899
4,102856899,4:102856899:G:T,4,102905478,4:102905478:T:C,0.928343,48579,4:102856899,chr4,102856899,102856899,rs223350,UBE2D3,3,Jurgens,UBE2D3_locus0,4:102856899
4,102856899,4:102856899:G:T,4,102905975,4:102905975:A:G,0.950476,49076,4:102856899,chr4,102856899,102856899,rs223350,UBE2D3,3,Jurgens,UBE2D3_locus0,4:102856899
4,102856899,4:102856899:G:T,4,102906331,4:102906331:T:G,0.950476,49432,4:102856899,chr4,102856899,102856899,rs223350,UBE2D3,3,Jurgens,UBE2D3_locus0,4:102856899
4,102856899,4:102856899:G:T,4,102906712,4:102906712:TC:T,0.957446,49813,4:102856899,chr4,102856899,102856899,rs223350,UBE2D3,3,Jurgens,UBE2D3_locus0,4:102856899
4,102856899,4:102856899:G:T,4,102909296,4:102909296:C:CA,0.942739,52397,4:102856899,chr4,102856899,102856899,rs223350,UBE2D3,3,Jurgens,UBE2D3_locus0,4:102856899
4,102856899,4:102856899:G:T,4,102909368,4:102909368:C:T,0.950069,52469,4:102856899,chr4,102856899,102856899,rs223350,UBE2D3,3,Jurgens,UBE2D3_locus0,4:102856899
4,102856899,4:102856899:G:T,4,102912138,4:102912138:GAA:G,0.957446,55239,4:102856899,chr4,102856899,102856899,rs223350,UBE2D3,3,Jurgens,UBE2D3_locus0,4:102856899
4,102856899,4:102856899:G:T,4,102912732,4:102912732:C:T,0.957446,55833,4:102856899,chr4,102856899,102856899,rs223350,UBE2D3,3,Jurgens,UBE2D3_locus0,4:102856899
4,102856899,4:102856899:G:T,4,102913321,4:102913321:G:A,0.950476,56422,4:102856899,chr4,102856899,102856899,rs223350,UBE2D3,3,Jurgens,UBE2D3_locus0,4:102856899
4,102856899,4:102856899:G:T,4,102913483,4:102913483:G:A,0.957446,56584,4:102856899,chr4,102856899,102856899,rs223350,UBE2D3,3,Jurgens,UBE2D3_locus0,4:102856899
4,102856899,4:102856899:G:T,4,102914546,4:102914546:T:C,0.957446,57647,4:102856899,chr4,102856899,102856899,rs223350,UBE2D3,3,Jurgens,UBE2D3_locus0,4:102856899
4,102856899,4:102856899:G:T,4,102914927,4:102914927:T:C,0.957446,58028,4:102856899,chr4,102856899,102856899,rs223350,UBE2D3,3,Jurgens,UBE2D3_locus0,4:102856899
4,102856899,4:102856899:G:T,4,102915103,4:102915103:GA:G,0.957446,58204,4:102856899,chr4,102856899,102856899,rs223350,UBE2D3,3,Jurgens,UBE2D3_locus0,4:102856899
4,102856899,4:102856899:G:T,4,102915484,4:102915484:G:T,0.950476,58585,4:102856899,chr4,102856899,102856899,rs223350,UBE2D3,3,Jurgens,UBE2D3_locus0,4:102856899
4,102856899,4:102856899:G:T,4,102915665,4:102915665:A:G,0.957446,58766,4:102856899,chr4,102856899,102856899,rs223350,UBE2D3,3,Jurgens,UBE2D3_locus0,4:102856899
4,102856899,4:102856899:G:T,4,102917320,4:102917320:G:A,0.950476,60421,4:102856899,chr4,102856899,102856899,rs223350,UBE2D3,3,Jurgens,UBE2D3_locus0,4:102856899
4,102856899,4:102856899:G:T,4,102918000,4:102918000:A:G,0.957446,61101,4:102856899,chr4,102856899,102856899,rs223350,UBE2D3,3,Jurgens,UBE2D3_locus0,4:102856899
4,102856899,4:102856899:G:T,4,102918096,4:102918096:G:GA,0.936788,61197,4:102856899,chr4,102856899,102856899,rs223350,UBE2D3,3,Jurgens,UBE2D3_locus0,4:102856899
4,102856899,4:102856899:G:T,4,102918497,4:102918497:C:T,0.957446,61598,4:102856899,chr4,102856899,102856899,rs223350,UBE2D3,3,Jurgens,UBE2D3_locus0,4:102856899
4,102856899,4:102856899:G:T,4,102918936,4:102918936:T:C,0.950476,62037,4:102856899,chr4,102856899,102856899,rs223350,UBE2D3,3,Jurgens,UBE2D3_locus0,4:102856899
4,102856899,4:102856899:G:T,4,102919722,4:102919722:AG:A,0.957446,62823,4:102856899,chr4,102856899,102856899,rs223350,UBE2D3,3,Jurgens,UBE2D3_locus0,4:102856899
4,102856899,4:102856899:G:T,4,102919725,4:102919725:TCTTAGCAAC:T,0.957446,62826,4:102856899,chr4,102856899,102856899,rs223350,UBE2D3,3,Jurgens,UBE2D3_locus0,4:102856899
4,102856899,4:102856899:G:T,4,102920096,4:102920096:A:G,0.950341,63197,4:102856899,chr4,102856899,102856899,rs223350,UBE2D3,3,Jurgens,UBE2D3_locus0,4:102856899
4,102856899,4:102856899:G:T,4,102920413,4:102920413:G:A,0.957446,63514,4:102856899,chr4,102856899,102856899,rs223350,UBE2D3,3,Jurgens,UBE2D3_locus0,4:102856899
4,102856899,4:102856899:G:T,4,102920874,4:102920874:A:G,0.942739,63975,4:102856899,chr4,102856899,102856899,rs223350,UBE2D3,3,Jurgens,UBE2D3_locus0,4:102856899
4,102856899,4:102856899:G:T,4,102921553,4:102921553:C:T,0.950476,64654,4:102856899,chr4,102856899,102856899,rs223350,UBE2D3,3,Jurgens,UBE2D3_locus0,4:102856899
4,102856899,4:102856899:G:T,4,102921793,4:102921793:A:G,0.957446,64894,4:102856899,chr4,102856899,102856899,rs223350,UBE2D3,3,Jurgens,UBE2D3_locus0,4:102856899
4,102856899,4:102856899:G:T,4,102922082,4:102922082:C:G,0.957446,65183,4:102856899,chr4,102856899,102856899,rs223350,UBE2D3,3,Jurgens,UBE2D3_locus0,4:102856899
4,102856899,4:102856899:G:T,4,102922602,4:102922602:G:A,0.957446,65703,4:102856899,chr4,102856899,102856899,rs223350,UBE2D3,3,Jurgens,UBE2D3_locus0,4:102856899
4,102856899,4:102856899:G:T,4,102923292,4:102923292:G:A,0.957446,66393,4:102856899,chr4,102856899,102856899,rs223350,UBE2D3,3,Jurgens,UBE2D3_locus0,4:102856899
4,102856899,4:102856899:G:T,4,102923312,4:102923312:C:T,0.957446,66413,4:102856899,chr4,102856899,102856899,rs223350,UBE2D3,3,Jurgens,UBE2D3_locus0,4:102856899
4,102856899,4:102856899:G:T,4,102923560,4:102923560:C:A,0.957446,66661,4:102856899,chr4,102856899,102856899,rs223350,UBE2D3,3,Jurgens,UBE2D3_locus0,4:102856899
4,102856899,4:102856899:G:T,4,102923644,4:102923644:T:G,0.950476,66745,4:102856899,chr4,102856899,102856899,rs223350,UBE2D3,3,Jurgens,UBE2D3_locus0,4:102856899
4,102856899,4:102856899:G:T,4,102923884,4:102923884:C:G,0.957446,66985,4:102856899,chr4,102856899,102856899,rs223350,UBE2D3,3,Jurgens,UBE2D3_locus0,4:102856899
4,102856899,4:102856899:G:T,4,102925242,4:102925242:C:A,0.957446,68343,4:102856899,chr4,102856899,102856899,rs223350,UBE2D3,3,Jurgens,UBE2D3_locus0,4:102856899
4,102856899,4:102856899:G:T,4,102925267,4:102925267:A:G,0.957446,68368,4:102856899,chr4,102856899,102856899,rs223350,UBE2D3,3,Jurgens,UBE2D3_locus0,4:102856899
4,102856899,4:102856899:G:T,4,102925641,4:102925641:C:G,0.957446,68742,4:102856899,chr4,102856899,102856899,rs223350,UBE2D3,3,Jurgens,UBE2D3_locus0,4:102856899
4,102856899,4:102856899:G:T,4,102925699,4:102925699:C:CAAAAAA,0.921701,68800,4:102856899,chr4,102856899,102856899,rs223350,UBE2D3,3,Jurgens,UBE2D3_locus0,4:102856899
4,102856899,4:102856899:G:T,4,102926748,4:102926748:G:A,0.943553,69849,4:102856899,chr4,102856899,102856899,rs223350,UBE2D3,3,Jurgens,UBE2D3_locus0,4:102856899
4,102856899,4:102856899:G:T,4,102926937,4:102926937:A:G,0.957446,70038,4:102856899,chr4,102856899,102856899,rs223350,UBE2D3,3,Jurgens,UBE2D3_locus0,4:102856899
4,102856899,4:102856899:G:T,4,102926976,4:102926976:A:C,0.950476,70077,4:102856899,chr4,102856899,102856899,rs223350,UBE2D3,3,Jurgens,UBE2D3_locus0,4:102856899
4,102856899,4:102856899:G:T,4,102927259,4:102927259:C:T,0.957446,70360,4:102856899,chr4,102856899,102856899,rs223350,UBE2D3,3,Jurgens,UBE2D3_locus0,4:102856899
4,102856899,4:102856899:G:T,4,102927281,4:102927281:A:G,0.957446,70382,4:102856899,chr4,102856899,102856899,rs223350,UBE2D3,3,Jurgens,UBE2D3_locus0,4:102856899
4,102856899,4:102856899:G:T,4,102928359,4:102928359:T:C,0.957446,71460,4:102856899,chr4,102856899,102856899,rs223350,UBE2D3,3,Jurgens,UBE2D3_locus0,4:102856899
4,102856899,4:102856899:G:T,4,102928601,4:102928601:T:C,0.950476,71702,4:102856899,chr4,102856899,102856899,rs223350,UBE2D3,3,Jurgens,UBE2D3_locus0,4:102856899
4,102856899,4:102856899:G:T,4,102928637,4:102928637:G:C,0.950476,71738,4:102856899,chr4,102856899,102856899,rs223350,UBE2D3,3,Jurgens,UBE2D3_locus0,4:102856899
4,102856899,4:102856899:G:T,4,102928840,4:102928840:T:C,0.950476,71941,4:102856899,chr4,102856899,102856899,rs223350,UBE2D3,3,Jurgens,UBE2D3_locus0,4:102856899
4,102856899,4:102856899:G:T,4,102929227,4:102929227:A:G,0.957446,72328,4:102856899,chr4,102856899,102856899,rs223350,UBE2D3,3,Jurgens,UBE2D3_locus0,4:102856899
4,102856899,4:102856899:G:T,4,102930222,4:102930222:T:A,0.957446,73323,4:102856899,chr4,102856899,102856899,rs223350,UBE2D3,3,Jurgens,UBE2D3_locus0,4:102856899
4,102856899,4:102856899:G:T,4,102930619,4:102930619:G:T,0.957446,73720,4:102856899,chr4,102856899,102856899,rs223350,UBE2D3,3,Jurgens,UBE2D3_locus0,4:102856899
4,102856899,4:102856899:G:T,4,102930644,4:102930644:A:G,0.957446,73745,4:102856899,chr4,102856899,102856899,rs223350,UBE2D3,3,Jurgens,UBE2D3_locus0,4:102856899
4,102856899,4:102856899:G:T,4,102930953,4:102930953:G:A,0.957446,74054,4:102856899,chr4,102856899,102856899,rs223350,UBE2D3,3,Jurgens,UBE2D3_locus0,4:102856899
4,102856899,4:102856899:G:T,4,102930995,4:102930995:C:T,0.957446,74096,4:102856899,chr4,102856899,102856899,rs223350,UBE2D3,3,Jurgens,UBE2D3_locus0,4:102856899
4,102856899,4:102856899:G:T,4,102931225,4:102931226:C:CA,0.907399,74326,4:102856899,chr4,102856899,102856899,rs223350,UBE2D3,3,Jurgens,UBE2D3_locus0,4:102856899
4,102856899,4:102856899:G:T,4,102931421,4:102931421:C:T,0.957446,74522,4:102856899,chr4,102856899,102856899,rs223350,UBE2D3,3,Jurgens,UBE2D3_locus0,4:102856899
4,102856899,4:102856899:G:T,4,102931645,4:102931645:T:TG,0.950476,74746,4:102856899,chr4,102856899,102856899,rs223350,UBE2D3,3,Jurgens,UBE2D3_locus0,4:102856899
4,102856899,4:102856899:G:T,4,102932886,4:102932886:T:G,0.950069,75987,4:102856899,chr4,102856899,102856899,rs223350,UBE2D3,3,Jurgens,UBE2D3_locus0,4:102856899
4,102856899,4:102856899:G:T,4,102934763,4:102934764:C:CA,0.899761,77864,4:102856899,chr4,102856899,102856899,rs223350,UBE2D3,3,Jurgens,UBE2D3_locus0,4:102856899
4,102856899,4:102856899:G:T,4,102934971,4:102934971:T:C,0.957446,78072,4:102856899,chr4,102856899,102856899,rs223350,UBE2D3,3,Jurgens,UBE2D3_locus0,4:102856899
4,102856899,4:102856899:G:T,4,102935714,4:102935714:CT:C,0.957446,78815,4:102856899,chr4,102856899,102856899,rs223350,UBE2D3,3,Jurgens,UBE2D3_locus0,4:102856899
4,102856899,4:102856899:G:T,4,102935865,4:102935865:A:G,0.957446,78966,4:102856899,chr4,102856899,102856899,rs223350,UBE2D3,3,Jurgens,UBE2D3_locus0,4:102856899
4,102856899,4:102856899:G:T,4,102936545,4:102936545:A:G,0.957446,79646,4:102856899,chr4,102856899,102856899,rs223350,UBE2D3,3,Jurgens,UBE2D3_locus0,4:102856899
4,102856899,4:102856899:G:T,4,102937924,4:102937924:G:A,0.957446,81025,4:102856899,chr4,102856899,102856899,rs223350,UBE2D3,3,Jurgens,UBE2D3_locus0,4:102856899
4,102856899,4:102856899:G:T,4,102938135,4:102938135:C:G,0.957446,81236,4:102856899,chr4,102856899,102856899,rs223350,UBE2D3,3,Jurgens,UBE2D3_locus0,4:102856899
4,102856899,4:102856899:G:T,4,102938244,4:102938244:A:G,0.957446,81345,4:102856899,chr4,102856899,102856899,rs223350,UBE2D3,3,Jurgens,UBE2D3_locus0,4:102856899
4,102856899,4:102856899:G:T,4,102938648,4:102938648:G:A,0.957446,81749,4:102856899,chr4,102856899,102856899,rs223350,UBE2D3,3,Jurgens,UBE2D3_locus0,4:102856899
4,102856899,4:102856899:G:T,4,102940223,4:102940223:A:G,0.950476,83324,4:102856899,chr4,102856899,102856899,rs223350,UBE2D3,3,Jurgens,UBE2D3_locus0,4:102856899
4,102856899,4:102856899:G:T,4,102940527,4:102940527:A:C,0.957446,83628,4:102856899,chr4,102856899,102856899,rs223350,UBE2D3,3,Jurgens,UBE2D3_locus0,4:102856899
4,102856899,4:102856899:G:T,4,102940972,4:102940972:C:A,0.957446,84073,4:102856899,chr4,102856899,102856899,rs223350,UBE2D3,3,Jurgens,UBE2D3_locus0,4:102856899
4,102856899,4:102856899:G:T,4,102941635,4:102941635:G:A,0.957446,84736,4:102856899,chr4,102856899,102856899,rs223350,UBE2D3,3,Jurgens,UBE2D3_locus0,4:102856899
4,102856899,4:102856899:G:T,4,102941664,4:102941664:C:CGA,0.943703,84765,4:102856899,chr4,102856899,102856899,rs223350,UBE2D3,3,Jurgens,UBE2D3_locus0,4:102856899
4,102856899,4:102856899:G:T,4,102942033,4:102942033:G:A,0.957446,85134,4:102856899,chr4,102856899,102856899,rs223350,UBE2D3,3,Jurgens,UBE2D3_locus0,4:102856899
4,102856899,4:102856899:G:T,4,102943166,4:102943166:T:TA,0.843486,86267,4:102856899,chr4,102856899,102856899,rs223350,UBE2D3,3,Jurgens,UBE2D3_locus0,4:102856899
4,102856899,4:102856899:G:T,4,102944396,4:102944396:A:G,0.957446,87497,4:102856899,chr4,102856899,102856899,rs223350,UBE2D3,3,Jurgens,UBE2D3_locus0,4:102856899
4,102856899,4:102856899:G:T,4,102945323,4:102945323:G:A,0.957446,88424,4:102856899,chr4,102856899,102856899,rs223350,UBE2D3,3,Jurgens,UBE2D3_locus0,4:102856899
4,102856899,4:102856899:G:T,4,102946467,4:102946467:A:AC,0.950069,89568,4:102856899,chr4,102856899,102856899,rs223350,UBE2D3,3,Jurgens,UBE2D3_locus0,4:102856899
4,102856899,4:102856899:G:T,4,102947592,4:102947592:G:T,0.950069,90693,4:102856899,chr4,102856899,102856899,rs223350,UBE2D3,3,Jurgens,UBE2D3_locus0,4:102856899
4,102856899,4:102856899:G:T,4,102947966,4:102947966:A:AGTGATGGTG,0.943009,91067,4:102856899,chr4,102856899,102856899,rs223350,UBE2D3,3,Jurgens,UBE2D3_locus0,4:102856899
4,102856899,4:102856899:G:T,4,102948193,4:102948193:C:T,0.943051,91294,4:102856899,chr4,102856899,102856899,rs223350,UBE2D3,3,Jurgens,UBE2D3_locus0,4:102856899
4,102856899,4:102856899:G:T,4,102948903,4:102948903:G:C,0.943051,92004,4:102856899,chr4,102856899,102856899,rs223350,UBE2D3,3,Jurgens,UBE2D3_locus0,4:102856899
4,102856899,4:102856899:G:T,4,102951186,4:102951186:T:C,0.950069,94287,4:102856899,chr4,102856899,102856899,rs223350,UBE2D3,3,Jurgens,UBE2D3_locus0,4:102856899
4,102856899,4:102856899:G:T,4,102951421,4:102951421:G:A,0.943051,94522,4:102856899,chr4,102856899,102856899,rs223350,UBE2D3,3,Jurgens,UBE2D3_locus0,4:102856899
4,102856899,4:102856899:G:T,4,102951615,4:102951615:C:T,0.950069,94716,4:102856899,chr4,102856899,102856899,rs223350,UBE2D3,3,Jurgens,UBE2D3_locus0,4:102856899
4,102856899,4:102856899:G:T,4,102951697,4:102951697:C:A,0.943051,94798,4:102856899,chr4,102856899,102856899,rs223350,UBE2D3,3,Jurgens,UBE2D3_locus0,4:102856899
4,102856899,4:102856899:G:T,4,102955130,4:102955130:C:T,0.943051,98231,4:102856899,chr4,102856899,102856899,rs223350,UBE2D3,3,Jurgens,UBE2D3_locus0,4:102856899
4,102856899,4:102856899:G:T,4,102955457,4:102955457:A:G,0.936081,98558,4:102856899,chr4,102856899,102856899,rs223350,UBE2D3,3,Jurgens,UBE2D3_locus0,4:102856899
4,102856899,4:102856899:G:T,4,102955979,4:102955979:G:T,0.950069,99080,4:102856899,chr4,102856899,102856899,rs223350,UBE2D3,3,Jurgens,UBE2D3_locus0,4:102856899
4,102856899,4:102856899:G:T,4,102956314,4:102956314:TA:T,0.84688,99415,4:102856899,chr4,102856899,102856899,rs223350,UBE2D3,3,Jurgens,UBE2D3_locus0,4:102856899
4,102856899,4:102856899:G:T,4,102956834,4:102956834:T:C,0.950069,99935,4:102856899,chr4,102856899,102856899,rs223350,UBE2D3,3,Jurgens,UBE2D3_locus0,4:102856899
4,102856899,4:102856899:G:T,4,102957010,4:102957010:C:T,0.950069,100111,4:102856899,chr4,102856899,102856899,rs223350,UBE2D3,3,Jurgens,UBE2D3_locus0,4:102856899
4,102856899,4:102856899:G:T,4,102957720,4:102957720:C:T,0.950069,100821,4:102856899,chr4,102856899,102856899,rs223350,UBE2D3,3,Jurgens,UBE2D3_locus0,4:102856899
4,102856899,4:102856899:G:T,4,102957991,4:102957991:C:T,0.950069,101092,4:102856899,chr4,102856899,102856899,rs223350,UBE2D3,3,Jurgens,UBE2D3_locus0,4:102856899
4,102856899,4:102856899:G:T,4,102958354,4:102958354:C:A,0.950069,101455,4:102856899,chr4,102856899,102856899,rs223350,UBE2D3,3,Jurgens,UBE2D3_locus0,4:102856899
4,102856899,4:102856899:G:T,4,102959294,4:102959294:T:C,0.943051,102395,4:102856899,chr4,102856899,102856899,rs223350,UBE2D3,3,Jurgens,UBE2D3_locus0,4:102856899
4,102856899,4:102856899:G:T,4,102959922,4:102959922:G:A,0.950069,103023,4:102856899,chr4,102856899,102856899,rs223350,UBE2D3,3,Jurgens,UBE2D3_locus0,4:102856899
4,102856899,4:102856899:G:T,4,102960203,4:102960203:T:TTA,0.93595,103304,4:102856899,chr4,102856899,102856899,rs223350,UBE2D3,3,Jurgens,UBE2D3_locus0,4:102856899
4,102856899,4:102856899:G:T,4,102960973,4:102960973:C:A,0.943051,104074,4:102856899,chr4,102856899,102856899,rs223350,UBE2D3,3,Jurgens,UBE2D3_locus0,4:102856899
4,102856899,4:102856899:G:T,4,102960974,4:102960974:C:T,0.943051,104075,4:102856899,chr4,102856899,102856899,rs223350,UBE2D3,3,Jurgens,UBE2D3_locus0,4:102856899
4,102856899,4:102856899:G:T,4,102961049,4:102961049:A:C,0.943051,104150,4:102856899,chr4,102856899,102856899,rs223350,UBE2D3,3,Jurgens,UBE2D3_locus0,4:102856899
4,102856899,4:102856899:G:T,4,102964347,4:102964347:C:T,0.950069,107448,4:102856899,chr4,102856899,102856899,rs223350,UBE2D3,3,Jurgens,UBE2D3_locus0,4:102856899
4,102856899,4:102856899:G:T,4,102964411,4:102964411:T:G,0.943051,107512,4:102856899,chr4,102856899,102856899,rs223350,UBE2D3,3,Jurgens,UBE2D3_locus0,4:102856899
4,102856899,4:102856899:G:T,4,102965261,4:102965261:C:T,0.950069,108362,4:102856899,chr4,102856899,102856899,rs223350,UBE2D3,3,Jurgens,UBE2D3_locus0,4:102856899
4,102856899,4:102856899:G:T,4,102965265,4:102965265:A:T,0.950069,108366,4:102856899,chr4,102856899,102856899,rs223350,UBE2D3,3,Jurgens,UBE2D3_locus0,4:102856899
4,102856899,4:102856899:G:T,4,102965784,4:102965784:TA:T,0.93595,108885,4:102856899,chr4,102856899,102856899,rs223350,UBE2D3,3,Jurgens,UBE2D3_locus0,4:102856899
4,102856899,4:102856899:G:T,4,102965917,4:102965917:G:C,0.936081,109018,4:102856899,chr4,102856899,102856899,rs223350,UBE2D3,3,Jurgens,UBE2D3_locus0,4:102856899
4,102856899,4:102856899:G:T,4,102966174,4:102966174:G:A,0.943051,109275,4:102856899,chr4,102856899,102856899,rs223350,UBE2D3,3,Jurgens,UBE2D3_locus0,4:102856899
4,102856899,4:102856899:G:T,4,102966404,4:102966404:G:C,0.943051,109505,4:102856899,chr4,102856899,102856899,rs223350,UBE2D3,3,Jurgens,UBE2D3_locus0,4:102856899
4,102856899,4:102856899:G:T,4,102967096,4:102967096:A:C,0.885103,110197,4:102856899,chr4,102856899,102856899,rs223350,UBE2D3,3,Jurgens,UBE2D3_locus0,4:102856899
4,102856899,4:102856899:G:T,4,102968380,4:102968380:A:G,0.936081,111481,4:102856899,chr4,102856899,102856899,rs223350,UBE2D3,3,Jurgens,UBE2D3_locus0,4:102856899
4,102856899,4:102856899:G:T,4,102968657,4:102968657:G:T,0.950069,111758,4:102856899,chr4,102856899,102856899,rs223350,UBE2D3,3,Jurgens,UBE2D3_locus0,4:102856899
4,102856899,4:102856899:G:T,4,102968908,4:102968908:C:T,0.936081,112009,4:102856899,chr4,102856899,102856899,rs223350,UBE2D3,3,Jurgens,UBE2D3_locus0,4:102856899
4,102856899,4:102856899:G:T,4,102969273,4:102969273:T:G,0.936081,112374,4:102856899,chr4,102856899,102856899,rs223350,UBE2D3,3,Jurgens,UBE2D3_locus0,4:102856899
4,102856899,4:102856899:G:T,4,102969292,4:102969292:G:A,0.943051,112393,4:102856899,chr4,102856899,102856899,rs223350,UBE2D3,3,Jurgens,UBE2D3_locus0,4:102856899
4,102856899,4:102856899:G:T,4,102969823,4:102969823:T:C,0.936081,112924,4:102856899,chr4,102856899,102856899,rs223350,UBE2D3,3,Jurgens,UBE2D3_locus0,4:102856899
4,102856899,4:102856899:G:T,4,102971666,4:102971666:T:C,0.929158,114767,4:102856899,chr4,102856899,102856899,rs223350,UBE2D3,3,Jurgens,UBE2D3_locus0,4:102856899
4,102856899,4:102856899:G:T,4,102971925,4:102971925:T:C,0.929158,115026,4:102856899,chr4,102856899,102856899,rs223350,UBE2D3,3,Jurgens,UBE2D3_locus0,4:102856899
4,102856899,4:102856899:G:T,4,102974066,4:102974066:A:G,0.907168,117167,4:102856899,chr4,102856899,102856899,rs223350,UBE2D3,3,Jurgens,UBE2D3_locus0,4:102856899
4,102856899,4:102856899:G:T,4,102974160,4:102974160:T:G,0.936081,117261,4:102856899,chr4,102856899,102856899,rs223350,UBE2D3,3,Jurgens,UBE2D3_locus0,4:102856899
4,102856899,4:102856899:G:T,4,102974240,4:102974240:TTG:T,0.928989,117341,4:102856899,chr4,102856899,102856899,rs223350,UBE2D3,3,Jurgens,UBE2D3_locus0,4:102856899
4,102856899,4:102856899:G:T,4,102974407,4:102974407:A:G,0.929158,117508,4:102856899,chr4,102856899,102856899,rs223350,UBE2D3,3,Jurgens,UBE2D3_locus0,4:102856899
4,102856899,4:102856899:G:T,4,102974952,4:102974952:C:T,0.936081,118053,4:102856899,chr4,102856899,102856899,rs223350,UBE2D3,3,Jurgens,UBE2D3_locus0,4:102856899
4,102856899,4:102856899:G:T,4,102975256,4:102975256:A:T,0.936081,118357,4:102856899,chr4,102856899,102856899,rs223350,UBE2D3,3,Jurgens,UBE2D3_locus0,4:102856899
4,102856899,4:102856899:G:T,4,102975634,4:102975634:A:C,0.921973,118735,4:102856899,chr4,102856899,102856899,rs223350,UBE2D3,3,Jurgens,UBE2D3_locus0,4:102856899
4,102856899,4:102856899:G:T,4,102976939,4:102976939:A:G,0.929158,120040,4:102856899,chr4,102856899,102856899,rs223350,UBE2D3,3,Jurgens,UBE2D3_locus0,4:102856899
4,102856899,4:102856899:G:T,4,102977009,4:102977009:A:C,0.929158,120110,4:102856899,chr4,102856899,102856899,rs223350,UBE2D3,3,Jurgens,UBE2D3_locus0,4:102856899
4,102856899,4:102856899:G:T,4,102979044,4:102979044:G:T,0.950069,122145,4:102856899,chr4,102856899,102856899,rs223350,UBE2D3,3,Jurgens,UBE2D3_locus0,4:102856899
4,102856899,4:102856899:G:T,4,102980538,4:102980538:A:C,0.943051,123639,4:102856899,chr4,102856899,102856899,rs223350,UBE2D3,3,Jurgens,UBE2D3_locus0,4:102856899
4,102856899,4:102856899:G:T,4,102980629,4:102980629:C:T,0.950069,123730,4:102856899,chr4,102856899,102856899,rs223350,UBE2D3,3,Jurgens,UBE2D3_locus0,4:102856899
4,102856899,4:102856899:G:T,4,102981959,4:102981959:C:T,0.943051,125060,4:102856899,chr4,102856899,102856899,rs223350,UBE2D3,3,Jurgens,UBE2D3_locus0,4:102856899
4,102856899,4:102856899:G:T,4,102983013,4:102983013:T:C,0.943051,126114,4:102856899,chr4,102856899,102856899,rs223350,UBE2D3,3,Jurgens,UBE2D3_locus0,4:102856899
4,102856899,4:102856899:G:T,4,102983084,4:102983084:T:A,0.943051,126185,4:102856899,chr4,102856899,102856899,rs223350,UBE2D3,3,Jurgens,UBE2D3_locus0,4:102856899
4,102856899,4:102856899:G:T,4,102983598,4:102983598:C:G,0.936081,126699,4:102856899,chr4,102856899,102856899,rs223350,UBE2D3,3,Jurgens,UBE2D3_locus0,4:102856899
4,102856899,4:102856899:G:T,4,102983665,4:102983665:A:C,0.936081,126766,4:102856899,chr4,102856899,102856899,rs223350,UBE2D3,3,Jurgens,UBE2D3_locus0,4:102856899
4,102856899,4:102856899:G:T,4,102983877,4:102983877:C:T,0.943051,126978,4:102856899,chr4,102856899,102856899,rs223350,UBE2D3,3,Jurgens,UBE2D3_locus0,4:102856899
4,102856899,4:102856899:G:T,4,102984956,4:102984956:A:C,0.936081,128057,4:102856899,chr4,102856899,102856899,rs223350,UBE2D3,3,Jurgens,UBE2D3_locus0,4:102856899
4,102856899,4:102856899:G:T,4,102985525,4:102985525:A:T,0.950069,128626,4:102856899,chr4,102856899,102856899,rs223350,UBE2D3,3,Jurgens,UBE2D3_locus0,4:102856899
4,102856899,4:102856899:G:T,4,102985539,4:102985539:CT:C,0.943051,128640,4:102856899,chr4,102856899,102856899,rs223350,UBE2D3,3,Jurgens,UBE2D3_locus0,4:102856899
4,102856899,4:102856899:G:T,4,102986266,4:102986266:T:TC,0.928618,129367,4:102856899,chr4,102856899,102856899,rs223350,UBE2D3,3,Jurgens,UBE2D3_locus0,4:102856899
4,102856899,4:102856899:G:T,4,102986439,4:102986439:G:C,0.936081,129540,4:102856899,chr4,102856899,102856899,rs223350,UBE2D3,3,Jurgens,UBE2D3_locus0,4:102856899
4,102856899,4:102856899:G:T,4,102986881,4:102986881:G:A,0.943051,129982,4:102856899,chr4,102856899,102856899,rs223350,UBE2D3,3,Jurgens,UBE2D3_locus0,4:102856899
4,102856899,4:102856899:G:T,4,102987574,4:102987574:G:T,0.921701,130675,4:102856899,chr4,102856899,102856899,rs223350,UBE2D3,3,Jurgens,UBE2D3_locus0,4:102856899
4,102856899,4:102856899:G:T,4,102990002,4:102990002:A:C,0.943329,133103,4:102856899,chr4,102856899,102856899,rs223350,UBE2D3,3,Jurgens,UBE2D3_locus0,4:102856899
4,102856899,4:102856899:G:T,4,102990065,4:102990065:C:G,0.943329,133166,4:102856899,chr4,102856899,102856899,rs223350,UBE2D3,3,Jurgens,UBE2D3_locus0,4:102856899
4,102856899,4:102856899:G:T,4,102990624,4:102990624:G:A,0.950069,133725,4:102856899,chr4,102856899,102856899,rs223350,UBE2D3,3,Jurgens,UBE2D3_locus0,4:102856899
4,102856899,4:102856899:G:T,4,102991926,4:102991926:A:G,0.943051,135027,4:102856899,chr4,102856899,102856899,rs223350,UBE2D3,3,Jurgens,UBE2D3_locus0,4:102856899
4,102856899,4:102856899:G:T,4,102993090,4:102993090:C:CT,0.943051,136191,4:102856899,chr4,102856899,102856899,rs223350,UBE2D3,3,Jurgens,UBE2D3_locus0,4:102856899
4,102856899,4:102856899:G:T,4,102993283,4:102993283:A:G,0.943051,136384,4:102856899,chr4,102856899,102856899,rs223350,UBE2D3,3,Jurgens,UBE2D3_locus0,4:102856899
4,102856899,4:102856899:G:T,4,102993481,4:102993481:A:G,0.943051,136582,4:102856899,chr4,102856899,102856899,rs223350,UBE2D3,3,Jurgens,UBE2D3_locus0,4:102856899
4,102856899,4:102856899:G:T,4,102993663,4:102993663:T:C,0.936081,136764,4:102856899,chr4,102856899,102856899,rs223350,UBE2D3,3,Jurgens,UBE2D3_locus0,4:102856899
4,102856899,4:102856899:G:T,4,102994153,4:102994153:T:G,0.935673,137254,4:102856899,chr4,102856899,102856899,rs223350,UBE2D3,3,Jurgens,UBE2D3_locus0,4:102856899
4,102856899,4:102856899:G:T,4,102994888,4:102994888:T:A,0.936081,137989,4:102856899,chr4,102856899,102856899,rs223350,UBE2D3,3,Jurgens,UBE2D3_locus0,4:102856899
4,102856899,4:102856899:G:T,4,102995297,4:102995297:C:T,0.943051,138398,4:102856899,chr4,102856899,102856899,rs223350,UBE2D3,3,Jurgens,UBE2D3_locus0,4:102856899
4,102856899,4:102856899:G:T,4,102996952,4:102996952:A:AT,0.93595,140053,4:102856899,chr4,102856899,102856899,rs223350,UBE2D3,3,Jurgens,UBE2D3_locus0,4:102856899
4,102856899,4:102856899:G:T,4,102996966,4:102996966:A:T,0.936081,140067,4:102856899,chr4,102856899,102856899,rs223350,UBE2D3,3,Jurgens,UBE2D3_locus0,4:102856899
4,102856899,4:102856899:G:T,4,103000141,4:103000141:C:A,0.950069,143242,4:102856899,chr4,102856899,102856899,rs223350,UBE2D3,3,Jurgens,UBE2D3_locus0,4:102856899
4,102856899,4:102856899:G:T,4,103001864,4:103001864:A:G,0.943051,144965,4:102856899,chr4,102856899,102856899,rs223350,UBE2D3,3,Jurgens,UBE2D3_locus0,4:102856899
4,102856899,4:102856899:G:T,4,103002401,4:103002401:C:T,0.950069,145502,4:102856899,chr4,102856899,102856899,rs223350,UBE2D3,3,Jurgens,UBE2D3_locus0,4:102856899
4,102856899,4:102856899:G:T,4,103002507,4:103002507:C:A,0.950069,145608,4:102856899,chr4,102856899,102856899,rs223350,UBE2D3,3,Jurgens,UBE2D3_locus0,4:102856899
4,102856899,4:102856899:G:T,4,103003981,4:103003981:G:C,0.950069,147082,4:102856899,chr4,102856899,102856899,rs223350,UBE2D3,3,Jurgens,UBE2D3_locus0,4:102856899
4,102856899,4:102856899:G:T,4,103004032,4:103004032:T:A,0.950069,147133,4:102856899,chr4,102856899,102856899,rs223350,UBE2D3,3,Jurgens,UBE2D3_locus0,4:102856899
4,102856899,4:102856899:G:T,4,103004514,4:103004514:G:A,0.950069,147615,4:102856899,chr4,102856899,102856899,rs223350,UBE2D3,3,Jurgens,UBE2D3_locus0,4:102856899
4,102856899,4:102856899:G:T,4,103005261,4:103005261:TAAA:T,0.936088,148362,4:102856899,chr4,102856899,102856899,rs223350,UBE2D3,3,Jurgens,UBE2D3_locus0,4:102856899
4,102856899,4:102856899:G:T,4,103005385,4:103005385:C:T,0.950069,148486,4:102856899,chr4,102856899,102856899,rs223350,UBE2D3,3,Jurgens,UBE2D3_locus0,4:102856899
4,102856899,4:102856899:G:T,4,103006416,4:103006416:A:G,0.950069,149517,4:102856899,chr4,102856899,102856899,rs223350,UBE2D3,3,Jurgens,UBE2D3_locus0,4:102856899
4,102856899,4:102856899:G:T,4,103006991,4:103006991:G:A,0.950069,150092,4:102856899,chr4,102856899,102856899,rs223350,UBE2D3,3,Jurgens,UBE2D3_locus0,4:102856899
4,102856899,4:102856899:G:T,4,103007591,4:103007591:CTTT:C,0.864632,150692,4:102856899,chr4,102856899,102856899,rs223350,UBE2D3,3,Jurgens,UBE2D3_locus0,4:102856899
4,102856899,4:102856899:G:T,4,103008422,4:103008422:CTT:C,0.867263,151523,4:102856899,chr4,102856899,102856899,rs223350,UBE2D3,3,Jurgens,UBE2D3_locus0,4:102856899
4,102856899,4:102856899:G:T,4,103008672,4:103008672:C:T,0.943009,151773,4:102856899,chr4,102856899,102856899,rs223350,UBE2D3,3,Jurgens,UBE2D3_locus0,4:102856899
4,102856899,4:102856899:G:T,4,103009354,4:103009354:T:C,0.950069,152455,4:102856899,chr4,102856899,102856899,rs223350,UBE2D3,3,Jurgens,UBE2D3_locus0,4:102856899
4,102856899,4:102856899:G:T,4,103009918,4:103009918:A:AT,0.950069,153019,4:102856899,chr4,102856899,102856899,rs223350,UBE2D3,3,Jurgens,UBE2D3_locus0,4:102856899
4,102856899,4:102856899:G:T,4,103010149,4:103010149:T:C,0.943051,153250,4:102856899,chr4,102856899,102856899,rs223350,UBE2D3,3,Jurgens,UBE2D3_locus0,4:102856899
4,102856899,4:102856899:G:T,4,103010206,4:103010206:T:C,0.950069,153307,4:102856899,chr4,102856899,102856899,rs223350,UBE2D3,3,Jurgens,UBE2D3_locus0,4:102856899
4,102856899,4:102856899:G:T,4,103010240,4:103010240:ACC:A,0.950069,153341,4:102856899,chr4,102856899,102856899,rs223350,UBE2D3,3,Jurgens,UBE2D3_locus0,4:102856899
4,102856899,4:102856899:G:T,4,103010913,4:103010913:A:G,0.936081,154014,4:102856899,chr4,102856899,102856899,rs223350,UBE2D3,3,Jurgens,UBE2D3_locus0,4:102856899
4,102856899,4:102856899:G:T,4,103011399,4:103011399:C:T,0.935673,154500,4:102856899,chr4,102856899,102856899,rs223350,UBE2D3,3,Jurgens,UBE2D3_locus0,4:102856899
4,102856899,4:102856899:G:T,4,103013743,4:103013743:C:T,0.950069,156844,4:102856899,chr4,102856899,102856899,rs223350,UBE2D3,3,Jurgens,UBE2D3_locus0,4:102856899
4,102856899,4:102856899:G:T,4,103016438,4:103016438:G:A,0.950069,159539,4:102856899,chr4,102856899,102856899,rs223350,UBE2D3,3,Jurgens,UBE2D3_locus0,4:102856899
4,102856899,4:102856899:G:T,4,103016729,4:103016729:T:A,0.943051,159830,4:102856899,chr4,102856899,102856899,rs223350,UBE2D3,3,Jurgens,UBE2D3_locus0,4:102856899
4,102856899,4:102856899:G:T,4,103016776,4:103016776:T:C,0.936081,159877,4:102856899,chr4,102856899,102856899,rs223350,UBE2D3,3,Jurgens,UBE2D3_locus0,4:102856899
4,102856899,4:102856899:G:T,4,103016817,4:103016817:C:A,0.943051,159918,4:102856899,chr4,102856899,102856899,rs223350,UBE2D3,3,Jurgens,UBE2D3_locus0,4:102856899
4,102856899,4:102856899:G:T,4,103017703,4:103017703:A:ACT,0.936081,160804,4:102856899,chr4,102856899,102856899,rs223350,UBE2D3,3,Jurgens,UBE2D3_locus0,4:102856899
4,102856899,4:102856899:G:T,4,103018363,4:103018363:T:G,0.936081,161464,4:102856899,chr4,102856899,102856899,rs223350,UBE2D3,3,Jurgens,UBE2D3_locus0,4:102856899
4,102856899,4:102856899:G:T,4,103018664,4:103018664:AG:A,0.943051,161765,4:102856899,chr4,102856899,102856899,rs223350,UBE2D3,3,Jurgens,UBE2D3_locus0,4:102856899
4,102856899,4:102856899:G:T,4,103021485,4:103021485:T:TA,0.93595,164586,4:102856899,chr4,102856899,102856899,rs223350,UBE2D3,3,Jurgens,UBE2D3_locus0,4:102856899
4,102856899,4:102856899:G:T,4,103021639,4:103021639:C:T,0.928938,164740,4:102856899,chr4,102856899,102856899,rs223350,UBE2D3,3,Jurgens,UBE2D3_locus0,4:102856899
4,102856899,4:102856899:G:T,4,103025961,4:103025961:T:A,0.93595,169062,4:102856899,chr4,102856899,102856899,rs223350,UBE2D3,3,Jurgens,UBE2D3_locus0,4:102856899
4,102856899,4:102856899:G:T,4,103029268,4:103029268:C:T,0.943009,172369,4:102856899,chr4,102856899,102856899,rs223350,UBE2D3,3,Jurgens,UBE2D3_locus0,4:102856899
4,102856899,4:102856899:G:T,4,103030467,4:103030467:C:T,0.943009,173568,4:102856899,chr4,102856899,102856899,rs223350,UBE2D3,3,Jurgens,UBE2D3_locus0,4:102856899
4,102856899,4:102856899:G:T,4,103035799,4:103035799:C:T,0.93595,178900,4:102856899,chr4,102856899,102856899,rs223350,UBE2D3,3,Jurgens,UBE2D3_locus0,4:102856899
4,102856899,4:102856899:G:T,4,103039611,4:103039611:T:C,0.89002,182712,4:102856899,chr4,102856899,102856899,rs223350,UBE2D3,3,Jurgens,UBE2D3_locus0,4:102856899
4,102856899,4:102856899:G:T,4,103041375,4:103041375:A:G,0.89002,184476,4:102856899,chr4,102856899,102856899,rs223350,UBE2D3,3,Jurgens,UBE2D3_locus0,4:102856899
4,110761847,4:110761847:T:C,4,110720030,4:110720030:G:A,0.810856,41817,4:110761847,chr4,110761847,110761847,rs144691425,PITX2,2,Zheng,PITX2_locus0,4:110761847
4,110761847,4:110761847:T:C,4,110720735,4:110720735:G:A,0.810856,41112,4:110761847,chr4,110761847,110761847,rs144691425,PITX2,2,Zheng,PITX2_locus0,4:110761847
4,110761847,4:110761847:T:C,4,110721263,4:110721263:G:C,0.810856,40584,4:110761847,chr4,110761847,110761847,rs144691425,PITX2,2,Zheng,PITX2_locus0,4:110761847
4,110761847,4:110761847:T:C,4,110721695,4:110721695:T:G,0.810856,40152,4:110761847,chr4,110761847,110761847,rs144691425,PITX2,2,Zheng,PITX2_locus0,4:110761847
4,110761847,4:110761847:T:C,4,110722370,4:110722370:G:T,0.810856,39477,4:110761847,chr4,110761847,110761847,rs144691425,PITX2,2,Zheng,PITX2_locus0,4:110761847
4,110761847,4:110761847:T:C,4,110723068,4:110723068:T:C,0.810856,38779,4:110761847,chr4,110761847,110761847,rs144691425,PITX2,2,Zheng,PITX2_locus0,4:110761847
4,110761847,4:110761847:T:C,4,110723655,4:110723655:T:A,0.810856,38192,4:110761847,chr4,110761847,110761847,rs144691425,PITX2,2,Zheng,PITX2_locus0,4:110761847
4,110761847,4:110761847:T:C,4,110723857,4:110723857:C:T,0.810856,37990,4:110761847,chr4,110761847,110761847,rs144691425,PITX2,2,Zheng,PITX2_locus0,4:110761847
4,110761847,4:110761847:T:C,4,110724399,4:110724399:G:A,0.810856,37448,4:110761847,chr4,110761847,110761847,rs144691425,PITX2,2,Zheng,PITX2_locus0,4:110761847
4,110761847,4:110761847:T:C,4,110725811,4:110725811:T:C,0.822766,36036,4:110761847,chr4,110761847,110761847,rs144691425,PITX2,2,Zheng,PITX2_locus0,4:110761847
4,110761847,4:110761847:T:C,4,110726181,4:110726181:T:G,0.822766,35666,4:110761847,chr4,110761847,110761847,rs144691425,PITX2,2,Zheng,PITX2_locus0,4:110761847
4,110761847,4:110761847:T:C,4,110726216,4:110726216:G:A,0.822766,35631,4:110761847,chr4,110761847,110761847,rs144691425,PITX2,2,Zheng,PITX2_locus0,4:110761847
4,110761847,4:110761847:T:C,4,110726756,4:110726756:G:GTGTA,0.822766,35091,4:110761847,chr4,110761847,110761847,rs144691425,PITX2,2,Zheng,PITX2_locus0,4:110761847
4,110761847,4:110761847:T:C,4,110726984,4:110726984:T:C,0.822766,34863,4:110761847,chr4,110761847,110761847,rs144691425,PITX2,2,Zheng,PITX2_locus0,4:110761847
4,110761847,4:110761847:T:C,4,110728095,4:110728095:C:T,0.822766,33752,4:110761847,chr4,110761847,110761847,rs144691425,PITX2,2,Zheng,PITX2_locus0,4:110761847
4,110761847,4:110761847:T:C,4,110728126,4:110728126:G:T,0.822766,33721,4:110761847,chr4,110761847,110761847,rs144691425,PITX2,2,Zheng,PITX2_locus0,4:110761847
4,110761847,4:110761847:T:C,4,110728713,4:110728713:C:A,0.822766,33134,4:110761847,chr4,110761847,110761847,rs144691425,PITX2,2,Zheng,PITX2_locus0,4:110761847
4,110761847,4:110761847:T:C,4,110728833,4:110728833:A:C,0.833469,33014,4:110761847,chr4,110761847,110761847,rs144691425,PITX2,2,Zheng,PITX2_locus0,4:110761847
4,110761847,4:110761847:T:C,4,110728918,4:110728918:G:C,0.833469,32929,4:110761847,chr4,110761847,110761847,rs144691425,PITX2,2,Zheng,PITX2_locus0,4:110761847
4,110761847,4:110761847:T:C,4,110729648,4:110729648:C:CATATATATA,0.810856,32199,4:110761847,chr4,110761847,110761847,rs144691425,PITX2,2,Zheng,PITX2_locus0,4:110761847
4,110761847,4:110761847:T:C,4,110729652,4:110729652:C:T,0.822766,32195,4:110761847,chr4,110761847,110761847,rs144691425,PITX2,2,Zheng,PITX2_locus0,4:110761847
4,110761847,4:110761847:T:C,4,110729667,4:110729667:A:G,0.810856,32180,4:110761847,chr4,110761847,110761847,rs144691425,PITX2,2,Zheng,PITX2_locus0,4:110761847
4,110761847,4:110761847:T:C,4,110730296,4:110730296:A:G,0.822766,31551,4:110761847,chr4,110761847,110761847,rs144691425,PITX2,2,Zheng,PITX2_locus0,4:110761847
4,110761847,4:110761847:T:C,4,110730401,4:110730401:T:C,0.822766,31446,4:110761847,chr4,110761847,110761847,rs144691425,PITX2,2,Zheng,PITX2_locus0,4:110761847
4,110761847,4:110761847:T:C,4,110730516,4:110730516:C:T,0.822766,31331,4:110761847,chr4,110761847,110761847,rs144691425,PITX2,2,Zheng,PITX2_locus0,4:110761847
4,110761847,4:110761847:T:C,4,110730656,4:110730656:G:A,0.822766,31191,4:110761847,chr4,110761847,110761847,rs144691425,PITX2,2,Zheng,PITX2_locus0,4:110761847
4,110761847,4:110761847:T:C,4,110731182,4:110731182:T:C,0.822766,30665,4:110761847,chr4,110761847,110761847,rs144691425,PITX2,2,Zheng,PITX2_locus0,4:110761847
4,110761847,4:110761847:T:C,4,110731720,4:110731720:T:C,0.822766,30127,4:110761847,chr4,110761847,110761847,rs144691425,PITX2,2,Zheng,PITX2_locus0,4:110761847
4,110761847,4:110761847:T:C,4,110732055,4:110732055:G:T,0.822766,29792,4:110761847,chr4,110761847,110761847,rs144691425,PITX2,2,Zheng,PITX2_locus0,4:110761847
4,110761847,4:110761847:T:C,4,110732590,4:110732590:C:T,0.822766,29257,4:110761847,chr4,110761847,110761847,rs144691425,PITX2,2,Zheng,PITX2_locus0,4:110761847
4,110761847,4:110761847:T:C,4,110732968,4:110732968:T:C,0.822766,28879,4:110761847,chr4,110761847,110761847,rs144691425,PITX2,2,Zheng,PITX2_locus0,4:110761847
4,110761847,4:110761847:T:C,4,110733070,4:110733070:A:C,0.822766,28777,4:110761847,chr4,110761847,110761847,rs144691425,PITX2,2,Zheng,PITX2_locus0,4:110761847
4,110761847,4:110761847:T:C,4,110733658,4:110733658:C:T,0.822766,28189,4:110761847,chr4,110761847,110761847,rs144691425,PITX2,2,Zheng,PITX2_locus0,4:110761847
4,110761847,4:110761847:T:C,4,110733842,4:110733842:G:T,0.822766,28005,4:110761847,chr4,110761847,110761847,rs144691425,PITX2,2,Zheng,PITX2_locus0,4:110761847
4,110761847,4:110761847:T:C,4,110733931,4:110733931:C:T,0.822766,27916,4:110761847,chr4,110761847,110761847,rs144691425,PITX2,2,Zheng,PITX2_locus0,4:110761847
4,110761847,4:110761847:T:C,4,110734083,4:110734083:G:T,0.822766,27764,4:110761847,chr4,110761847,110761847,rs144691425,PITX2,2,Zheng,PITX2_locus0,4:110761847
4,110761847,4:110761847:T:C,4,110734422,4:110734422:A:G,0.822766,27425,4:110761847,chr4,110761847,110761847,rs144691425,PITX2,2,Zheng,PITX2_locus0,4:110761847
4,110761847,4:110761847:T:C,4,110734736,4:110734736:G:A,0.822766,27111,4:110761847,chr4,110761847,110761847,rs144691425,PITX2,2,Zheng,PITX2_locus0,4:110761847
4,110761847,4:110761847:T:C,4,110734884,4:110734884:T:C,0.822766,26963,4:110761847,chr4,110761847,110761847,rs144691425,PITX2,2,Zheng,PITX2_locus0,4:110761847
4,110761847,4:110761847:T:C,4,110735363,4:110735363:G:A,0.822766,26484,4:110761847,chr4,110761847,110761847,rs144691425,PITX2,2,Zheng,PITX2_locus0,4:110761847
4,110761847,4:110761847:T:C,4,110735491,4:110735491:C:T,0.822766,26356,4:110761847,chr4,110761847,110761847,rs144691425,PITX2,2,Zheng,PITX2_locus0,4:110761847
4,110761847,4:110761847:T:C,4,110735811,4:110735811:G:A,0.822766,26036,4:110761847,chr4,110761847,110761847,rs144691425,PITX2,2,Zheng,PITX2_locus0,4:110761847
4,110761847,4:110761847:T:C,4,110736191,4:110736191:C:A,0.822766,25656,4:110761847,chr4,110761847,110761847,rs144691425,PITX2,2,Zheng,PITX2_locus0,4:110761847
4,110761847,4:110761847:T:C,4,110736492,4:110736492:C:T,0.822766,25355,4:110761847,chr4,110761847,110761847,rs144691425,PITX2,2,Zheng,PITX2_locus0,4:110761847
4,110761847,4:110761847:T:C,4,110737232,4:110737232:G:GAAA,0.821556,24615,4:110761847,chr4,110761847,110761847,rs144691425,PITX2,2,Zheng,PITX2_locus0,4:110761847
4,110761847,4:110761847:T:C,4,110737238,4:110737238:C:T,0.809751,24609,4:110761847,chr4,110761847,110761847,rs144691425,PITX2,2,Zheng,PITX2_locus0,4:110761847
4,110761847,4:110761847:T:C,4,110737407,4:110737407:C:T,0.822766,24440,4:110761847,chr4,110761847,110761847,rs144691425,PITX2,2,Zheng,PITX2_locus0,4:110761847
4,110761847,4:110761847:T:C,4,110737902,4:110737902:C:T,0.822766,23945,4:110761847,chr4,110761847,110761847,rs144691425,PITX2,2,Zheng,PITX2_locus0,4:110761847
4,110761847,4:110761847:T:C,4,110738956,4:110738956:G:C,0.822766,22891,4:110761847,chr4,110761847,110761847,rs144691425,PITX2,2,Zheng,PITX2_locus0,4:110761847
4,110761847,4:110761847:T:C,4,110739038,4:110739038:G:T,0.822766,22809,4:110761847,chr4,110761847,110761847,rs144691425,PITX2,2,Zheng,PITX2_locus0,4:110761847
4,110761847,4:110761847:T:C,4,110739070,4:110739070:T:C,0.822766,22777,4:110761847,chr4,110761847,110761847,rs144691425,PITX2,2,Zheng,PITX2_locus0,4:110761847
4,110761847,4:110761847:T:C,4,110742777,4:110742777:C:T,0.974862,19070,4:110761847,chr4,110761847,110761847,rs144691425,PITX2,2,Zheng,PITX2_locus0,4:110761847
4,110761847,4:110761847:T:C,4,110743002,4:110743002:G:A,0.974862,18845,4:110761847,chr4,110761847,110761847,rs144691425,PITX2,2,Zheng,PITX2_locus0,4:110761847
4,110761847,4:110761847:T:C,4,110744760,4:110744760:T:C,0.974862,17087,4:110761847,chr4,110761847,110761847,rs144691425,PITX2,2,Zheng,PITX2_locus0,4:110761847
4,110761847,4:110761847:T:C,4,110744761,4:110744761:G:A,0.974862,17086,4:110761847,chr4,110761847,110761847,rs144691425,PITX2,2,Zheng,PITX2_locus0,4:110761847
4,110761847,4:110761847:T:C,4,110747470,4:110747470:G:A,0.974862,14377,4:110761847,chr4,110761847,110761847,rs144691425,PITX2,2,Zheng,PITX2_locus0,4:110761847
4,110761847,4:110761847:T:C,4,110748904,4:110748904:A:AT,0.913016,12943,4:110761847,chr4,110761847,110761847,rs144691425,PITX2,2,Zheng,PITX2_locus0,4:110761847
4,110761847,4:110761847:T:C,4,110750521,4:110750521:C:T,0.974862,11326,4:110761847,chr4,110761847,110761847,rs144691425,PITX2,2,Zheng,PITX2_locus0,4:110761847
4,110761847,4:110761847:T:C,4,110750654,4:110750654:A:G,0.974862,11193,4:110761847,chr4,110761847,110761847,rs144691425,PITX2,2,Zheng,PITX2_locus0,4:110761847
4,110761847,4:110761847:T:C,4,110755753,4:110755753:T:C,1.0,6094,4:110761847,chr4,110761847,110761847,rs144691425,PITX2,2,Zheng,PITX2_locus0,4:110761847
4,110761847,4:110761847:T:C,4,110755945,4:110755945:A:G,1.0,5902,4:110761847,chr4,110761847,110761847,rs144691425,PITX2,2,Zheng,PITX2_locus0,4:110761847
4,110761847,4:110761847:T:C,4,110756239,4:110756239:C:T,1.0,5608,4:110761847,chr4,110761847,110761847,rs144691425,PITX2,2,Zheng,PITX2_locus0,4:110761847
4,110761847,4:110761847:T:C,4,110756566,4:110756566:T:G,1.0,5281,4:110761847,chr4,110761847,110761847,rs144691425,PITX2,2,Zheng,PITX2_locus0,4:110761847
4,110761847,4:110761847:T:C,4,110758422,4:110758422:A:C,0.829212,3425,4:110761847,chr4,110761847,110761847,rs144691425,PITX2,2,Zheng,PITX2_locus0,4:110761847
4,110761847,4:110761847:T:C,4,110759093,4:110759093:G:A,1.0,2754,4:110761847,chr4,110761847,110761847,rs144691425,PITX2,2,Zheng,PITX2_locus0,4:110761847
4,110761847,4:110761847:T:C,4,110760383,4:110760383:G:A,1.0,1464,4:110761847,chr4,110761847,110761847,rs144691425,PITX2,2,Zheng,PITX2_locus0,4:110761847
4,110761847,4:110761847:T:C,4,110760789,4:110760789:G:A,1.0,1058,4:110761847,chr4,110761847,110761847,rs144691425,PITX2,2,Zheng,PITX2_locus0,4:110761847
4,110761847,4:110761847:T:C,4,110760807,4:110760807:T:G,1.0,1040,4:110761847,chr4,110761847,110761847,rs144691425,PITX2,2,Zheng,PITX2_locus0,4:110761847
4,110761847,4:110761847:T:C,4,110761090,4:110761090:G:T,1.0,757,4:110761847,chr4,110761847,110761847,rs144691425,PITX2,2,Zheng,PITX2_locus0,4:110761847
4,110761847,4:110761847:T:C,4,110761458,4:110761458:T:G,1.0,389,4:110761847,chr4,110761847,110761847,rs144691425,PITX2,2,Zheng,PITX2_locus0,4:110761847
4,110761847,4:110761847:T:C,4,110761847,4:110761847:T:C,1.0,0,4:110761847,chr4,110761847,110761847,rs144691425,PITX2,2,Zheng,PITX2_locus0,4:110761847
4,110761847,4:110761847:T:C,4,110762205,4:110762205:T:C,1.0,358,4:110761847,chr4,110761847,110761847,rs144691425,PITX2,2,Zheng,PITX2_locus0,4:110761847
4,110761847,4:110761847:T:C,4,110763487,4:110763487:C:T,1.0,1640,4:110761847,chr4,110761847,110761847,rs144691425,PITX2,2,Zheng,PITX2_locus0,4:110761847
4,110761847,4:110761847:T:C,4,110763925,4:110763925:C:A,1.0,2078,4:110761847,chr4,110761847,110761847,rs144691425,PITX2,2,Zheng,PITX2_locus0,4:110761847
4,110761847,4:110761847:T:C,4,110764252,4:110764252:A:C,1.0,2405,4:110761847,chr4,110761847,110761847,rs144691425,PITX2,2,Zheng,PITX2_locus0,4:110761847
4,110761847,4:110761847:T:C,4,110764806,4:110764806:C:T,1.0,2959,4:110761847,chr4,110761847,110761847,rs144691425,PITX2,2,Zheng,PITX2_locus0,4:110761847
4,110761847,4:110761847:T:C,4,110765458,4:110765458:TG:T,1.0,3611,4:110761847,chr4,110761847,110761847,rs144691425,PITX2,2,Zheng,PITX2_locus0,4:110761847
4,110761847,4:110761847:T:C,4,110765968,4:110765968:C:T,1.0,4121,4:110761847,chr4,110761847,110761847,rs144691425,PITX2,2,Zheng,PITX2_locus0,4:110761847
4,110761847,4:110761847:T:C,4,110765991,4:110765991:G:GAACA,1.0,4144,4:110761847,chr4,110761847,110761847,rs144691425,PITX2,2,Zheng,PITX2_locus0,4:110761847
4,110761847,4:110761847:T:C,4,110766358,4:110766358:C:A,1.0,4511,4:110761847,chr4,110761847,110761847,rs144691425,PITX2,2,Zheng,PITX2_locus0,4:110761847
4,110761847,4:110761847:T:C,4,110767797,4:110767797:A:ATATTGT,1.0,5950,4:110761847,chr4,110761847,110761847,rs144691425,PITX2,2,Zheng,PITX2_locus0,4:110761847
4,110761847,4:110761847:T:C,4,110768178,4:110768178:TG:T,1.0,6331,4:110761847,chr4,110761847,110761847,rs144691425,PITX2,2,Zheng,PITX2_locus0,4:110761847
4,110761847,4:110761847:T:C,4,110768510,4:110768510:T:C,1.0,6663,4:110761847,chr4,110761847,110761847,rs144691425,PITX2,2,Zheng,PITX2_locus0,4:110761847
4,110761847,4:110761847:T:C,4,110768624,4:110768624:TGA:T,1.0,6777,4:110761847,chr4,110761847,110761847,rs144691425,PITX2,2,Zheng,PITX2_locus0,4:110761847
4,110761847,4:110761847:T:C,4,110774266,4:110774266:A:G,0.975674,12419,4:110761847,chr4,110761847,110761847,rs144691425,PITX2,2,Zheng,PITX2_locus0,4:110761847
4,110761847,4:110761847:T:C,4,110774658,4:110774658:A:G,0.987434,12811,4:110761847,chr4,110761847,110761847,rs144691425,PITX2,2,Zheng,PITX2_locus0,4:110761847
4,110761847,4:110761847:T:C,4,110776497,4:110776497:C:T,0.987434,14650,4:110761847,chr4,110761847,110761847,rs144691425,PITX2,2,Zheng,PITX2_locus0,4:110761847
4,110761847,4:110761847:T:C,4,110776633,4:110776633:T:TTTTTTATTT,0.841835,14786,4:110761847,chr4,110761847,110761847,rs144691425,PITX2,2,Zheng,PITX2_locus0,4:110761847
4,110761847,4:110761847:T:C,4,110778170,4:110778170:T:C,0.987434,16323,4:110761847,chr4,110761847,110761847,rs144691425,PITX2,2,Zheng,PITX2_locus0,4:110761847
4,110761847,4:110761847:T:C,4,110780277,4:110780277:A:G,0.987434,18430,4:110761847,chr4,110761847,110761847,rs144691425,PITX2,2,Zheng,PITX2_locus0,4:110761847
4,110761847,4:110761847:T:C,4,110782416,4:110782416:C:T,0.987434,20569,4:110761847,chr4,110761847,110761847,rs144691425,PITX2,2,Zheng,PITX2_locus0,4:110761847
4,110761847,4:110761847:T:C,4,110783043,4:110783043:G:T,0.987434,21196,4:110761847,chr4,110761847,110761847,rs144691425,PITX2,2,Zheng,PITX2_locus0,4:110761847
4,110761847,4:110761847:T:C,4,110784139,4:110784139:C:T,0.987434,22292,4:110761847,chr4,110761847,110761847,rs144691425,PITX2,2,Zheng,PITX2_locus0,4:110761847
4,110761847,4:110761847:T:C,4,110784612,4:110784612:T:C,0.987434,22765,4:110761847,chr4,110761847,110761847,rs144691425,PITX2,2,Zheng,PITX2_locus0,4:110761847
4,110761847,4:110761847:T:C,4,110785119,4:110785119:A:G,0.987434,23272,4:110761847,chr4,110761847,110761847,rs144691425,PITX2,2,Zheng,PITX2_locus0,4:110761847
4,110761847,4:110761847:T:C,4,110787131,4:110787131:C:A,0.987434,25284,4:110761847,chr4,110761847,110761847,rs144691425,PITX2,2,Zheng,PITX2_locus0,4:110761847
4,110761847,4:110761847:T:C,4,110787282,4:110787282:A:G,0.987434,25435,4:110761847,chr4,110761847,110761847,rs144691425,PITX2,2,Zheng,PITX2_locus0,4:110761847
4,110761847,4:110761847:T:C,4,110787733,4:110787733:G:A,0.987434,25886,4:110761847,chr4,110761847,110761847,rs144691425,PITX2,2,Zheng,PITX2_locus0,4:110761847
4,110761847,4:110761847:T:C,4,110787848,4:110787848:T:G,0.987434,26001,4:110761847,chr4,110761847,110761847,rs144691425,PITX2,2,Zheng,PITX2_locus0,4:110761847
4,110761847,4:110761847:T:C,4,110788238,4:110788238:C:G,0.987434,26391,4:110761847,chr4,110761847,110761847,rs144691425,PITX2,2,Zheng,PITX2_locus0,4:110761847
4,110761847,4:110761847:T:C,4,110788485,4:110788485:C:A,0.987434,26638,4:110761847,chr4,110761847,110761847,rs144691425,PITX2,2,Zheng,PITX2_locus0,4:110761847
4,110761847,4:110761847:T:C,4,110788886,4:110788886:T:C,0.987434,27039,4:110761847,chr4,110761847,110761847,rs144691425,PITX2,2,Zheng,PITX2_locus0,4:110761847
4,110761847,4:110761847:T:C,4,110789013,4:110789013:C:T,0.987434,27166,4:110761847,chr4,110761847,110761847,rs144691425,PITX2,2,Zheng,PITX2_locus0,4:110761847
4,110761847,4:110761847:T:C,4,110789386,4:110789386:C:T,0.987434,27539,4:110761847,chr4,110761847,110761847,rs144691425,PITX2,2,Zheng,PITX2_locus0,4:110761847
4,110761847,4:110761847:T:C,4,110789526,4:110789526:C:A,0.987434,27679,4:110761847,chr4,110761847,110761847,rs144691425,PITX2,2,Zheng,PITX2_locus0,4:110761847
4,110761847,4:110761847:T:C,4,110789637,4:110789637:C:G,0.987434,27790,4:110761847,chr4,110761847,110761847,rs144691425,PITX2,2,Zheng,PITX2_locus0,4:110761847
4,110761847,4:110761847:T:C,4,110789765,4:110789765:C:A,0.987434,27918,4:110761847,chr4,110761847,110761847,rs144691425,PITX2,2,Zheng,PITX2_locus0,4:110761847
4,110761847,4:110761847:T:C,4,110789811,4:110789811:T:A,0.987434,27964,4:110761847,chr4,110761847,110761847,rs144691425,PITX2,2,Zheng,PITX2_locus0,4:110761847
4,110761847,4:110761847:T:C,4,110789885,4:110789885:T:C,0.987434,28038,4:110761847,chr4,110761847,110761847,rs144691425,PITX2,2,Zheng,PITX2_locus0,4:110761847
4,110761847,4:110761847:T:C,4,110789946,4:110789946:C:A,0.987434,28099,4:110761847,chr4,110761847,110761847,rs144691425,PITX2,2,Zheng,PITX2_locus0,4:110761847
4,110761847,4:110761847:T:C,4,110790766,4:110790766:C:T,0.987434,28919,4:110761847,chr4,110761847,110761847,rs144691425,PITX2,2,Zheng,PITX2_locus0,4:110761847
4,110761847,4:110761847:T:C,4,110791028,4:110791028:G:T,0.987434,29181,4:110761847,chr4,110761847,110761847,rs144691425,PITX2,2,Zheng,PITX2_locus0,4:110761847
4,110761847,4:110761847:T:C,4,110791080,4:110791080:C:T,0.987434,29233,4:110761847,chr4,110761847,110761847,rs144691425,PITX2,2,Zheng,PITX2_locus0,4:110761847
4,110761847,4:110761847:T:C,4,110791428,4:110791430:A:ATTTGTGTG,0.8313,29581,4:110761847,chr4,110761847,110761847,rs144691425,PITX2,2,Zheng,PITX2_locus0,4:110761847
4,110761847,4:110761847:T:C,4,110793733,4:110793733:C:T,0.987434,31886,4:110761847,chr4,110761847,110761847,rs144691425,PITX2,2,Zheng,PITX2_locus0,4:110761847
4,110761847,4:110761847:T:C,4,110795357,4:110795357:C:T,0.987434,33510,4:110761847,chr4,110761847,110761847,rs144691425,PITX2,2,Zheng,PITX2_locus0,4:110761847
4,110796911,4:110796911:G:A,4,110755885,4:110755885:T:A,0.923889,41026,4:110796911,chr4,110796911,110796911,rs6843082,PITX2,3,Jurgens,PITX2_locus0,4:110796911
4,110796911,4:110796911:G:A,4,110759046,4:110759046:T:A,0.923889,37865,4:110796911,chr4,110796911,110796911,rs6843082,PITX2,3,Jurgens,PITX2_locus0,4:110796911
4,110796911,4:110796911:G:A,4,110759147,4:110759147:C:T,0.923889,37764,4:110796911,chr4,110796911,110796911,rs6843082,PITX2,3,Jurgens,PITX2_locus0,4:110796911
4,110796911,4:110796911:G:A,4,110760345,4:110760345:T:G,0.908008,36566,4:110796911,chr4,110796911,110796911,rs6843082,PITX2,3,Jurgens,PITX2_locus0,4:110796911
4,110796911,4:110796911:G:A,4,110761735,4:110761735:G:A,0.908008,35176,4:110796911,chr4,110796911,110796911,rs6843082,PITX2,3,Jurgens,PITX2_locus0,4:110796911
4,110796911,4:110796911:G:A,4,110761788,4:110761788:G:A,0.908008,35123,4:110796911,chr4,110796911,110796911,rs6843082,PITX2,3,Jurgens,PITX2_locus0,4:110796911
4,110796911,4:110796911:G:A,4,110764459,4:110764459:C:T,0.923889,32452,4:110796911,chr4,110796911,110796911,rs6843082,PITX2,3,Jurgens,PITX2_locus0,4:110796911
4,110796911,4:110796911:G:A,4,110767596,4:110767596:T:C,0.908008,29315,4:110796911,chr4,110796911,110796911,rs6843082,PITX2,3,Jurgens,PITX2_locus0,4:110796911
4,110796911,4:110796911:G:A,4,110775495,4:110775495:A:T,0.915903,21416,4:110796911,chr4,110796911,110796911,rs6843082,PITX2,3,Jurgens,PITX2_locus0,4:110796911
4,110796911,4:110796911:G:A,4,110776412,4:110776412:A:G,0.915903,20499,4:110796911,chr4,110796911,110796911,rs6843082,PITX2,3,Jurgens,PITX2_locus0,4:110796911
4,110796911,4:110796911:G:A,4,110776659,4:110776659:TG:T,0.915903,20252,4:110796911,chr4,110796911,110796911,rs6843082,PITX2,3,Jurgens,PITX2_locus0,4:110796911
4,110796911,4:110796911:G:A,4,110776952,4:110776952:T:C,0.915903,19959,4:110796911,chr4,110796911,110796911,rs6843082,PITX2,3,Jurgens,PITX2_locus0,4:110796911
4,110796911,4:110796911:G:A,4,110778529,4:110778529:A:T,0.931967,18382,4:110796911,chr4,110796911,110796911,rs6843082,PITX2,3,Jurgens,PITX2_locus0,4:110796911
4,110796911,4:110796911:G:A,4,110778675,4:110778675:C:T,0.931967,18236,4:110796911,chr4,110796911,110796911,rs6843082,PITX2,3,Jurgens,PITX2_locus0,4:110796911
4,110796911,4:110796911:G:A,4,110780642,4:110780642:G:T,0.915903,16269,4:110796911,chr4,110796911,110796911,rs6843082,PITX2,3,Jurgens,PITX2_locus0,4:110796911
4,110796911,4:110796911:G:A,4,110782354,4:110782354:G:T,0.915903,14557,4:110796911,chr4,110796911,110796911,rs6843082,PITX2,3,Jurgens,PITX2_locus0,4:110796911
4,110796911,4:110796911:G:A,4,110782924,4:110782924:G:A,0.931967,13987,4:110796911,chr4,110796911,110796911,rs6843082,PITX2,3,Jurgens,PITX2_locus0,4:110796911
4,110796911,4:110796911:G:A,4,110782987,4:110782987:A:G,0.931967,13924,4:110796911,chr4,110796911,110796911,rs6843082,PITX2,3,Jurgens,PITX2_locus0,4:110796911
4,110796911,4:110796911:G:A,4,110783380,4:110783380:A:T,0.931967,13531,4:110796911,chr4,110796911,110796911,rs6843082,PITX2,3,Jurgens,PITX2_locus0,4:110796911
4,110796911,4:110796911:G:A,4,110783405,4:110783405:GTTT:G,0.890358,13506,4:110796911,chr4,110796911,110796911,rs6843082,PITX2,3,Jurgens,PITX2_locus0,4:110796911
4,110796911,4:110796911:G:A,4,110791276,4:110791276:A:G,0.915903,5635,4:110796911,chr4,110796911,110796911,rs6843082,PITX2,3,Jurgens,PITX2_locus0,4:110796911
4,110796911,4:110796911:G:A,4,110791530,4:110791530:T:C,0.915903,5381,4:110796911,chr4,110796911,110796911,rs6843082,PITX2,3,Jurgens,PITX2_locus0,4:110796911
4,110796911,4:110796911:G:A,4,110793263,4:110793263:T:G,0.982533,3648,4:110796911,chr4,110796911,110796911,rs6843082,PITX2,3,Jurgens,PITX2_locus0,4:110796911
4,110796911,4:110796911:G:A,4,110796911,4:110796911:G:A,1.0,0,4:110796911,chr4,110796911,110796911,rs6843082,PITX2,3,Jurgens,PITX2_locus0,4:110796911
4,113535350,4:113535350:C:G,4,113463172,4:113463172:A:C,0.902237,72178,4:113535350,chr4,113535350,113535350,rs35132791,CAMK2D,4,Zheng,CAMK2D_locus0,4:113535350
4,113535350,4:113535350:C:G,4,113465982,4:113465982:T:C,0.916356,69368,4:113535350,chr4,113535350,113535350,rs35132791,CAMK2D,4,Zheng,CAMK2D_locus0,4:113535350
4,113535350,4:113535350:C:G,4,113467664,4:113467664:A:G,0.923416,67686,4:113535350,chr4,113535350,113535350,rs35132791,CAMK2D,4,Zheng,CAMK2D_locus0,4:113535350
4,113535350,4:113535350:C:G,4,113470645,4:113470646:G:GA,0.903621,64705,4:113535350,chr4,113535350,113535350,rs35132791,CAMK2D,4,Zheng,CAMK2D_locus0,4:113535350
4,113535350,4:113535350:C:G,4,113477658,4:113477658:A:G,0.923416,57692,4:113535350,chr4,113535350,113535350,rs35132791,CAMK2D,4,Zheng,CAMK2D_locus0,4:113535350
4,113535350,4:113535350:C:G,4,113480214,4:113480214:C:T,0.916356,55136,4:113535350,chr4,113535350,113535350,rs35132791,CAMK2D,4,Zheng,CAMK2D_locus0,4:113535350
4,113535350,4:113535350:C:G,4,113486129,4:113486129:A:AT,0.916356,49221,4:113535350,chr4,113535350,113535350,rs35132791,CAMK2D,4,Zheng,CAMK2D_locus0,4:113535350
4,113535350,4:113535350:C:G,4,113486363,4:113486363:G:A,0.923416,48987,4:113535350,chr4,113535350,113535350,rs35132791,CAMK2D,4,Zheng,CAMK2D_locus0,4:113535350
4,113535350,4:113535350:C:G,4,113486955,4:113486955:C:T,0.937498,48395,4:113535350,chr4,113535350,113535350,rs35132791,CAMK2D,4,Zheng,CAMK2D_locus0,4:113535350
4,113535350,4:113535350:C:G,4,113487524,4:113487524:T:C,0.937498,47826,4:113535350,chr4,113535350,113535350,rs35132791,CAMK2D,4,Zheng,CAMK2D_locus0,4:113535350
4,113535350,4:113535350:C:G,4,113489151,4:113489151:T:A,0.922972,46199,4:113535350,chr4,113535350,113535350,rs35132791,CAMK2D,4,Zheng,CAMK2D_locus0,4:113535350
4,113535350,4:113535350:C:G,4,113489984,4:113489984:G:C,0.930202,45366,4:113535350,chr4,113535350,113535350,rs35132791,CAMK2D,4,Zheng,CAMK2D_locus0,4:113535350
4,113535350,4:113535350:C:G,4,113493933,4:113493933:A:G,0.930202,41417,4:113535350,chr4,113535350,113535350,rs35132791,CAMK2D,4,Zheng,CAMK2D_locus0,4:113535350
4,113535350,4:113535350:C:G,4,113496850,4:113496850:T:G,0.923606,38500,4:113535350,chr4,113535350,113535350,rs35132791,CAMK2D,4,Zheng,CAMK2D_locus0,4:113535350
4,113535350,4:113535350:C:G,4,113500556,4:113500556:C:T,0.930202,34794,4:113535350,chr4,113535350,113535350,rs35132791,CAMK2D,4,Zheng,CAMK2D_locus0,4:113535350
4,113535350,4:113535350:C:G,4,113502521,4:113502521:C:CA,0.929667,32829,4:113535350,chr4,113535350,113535350,rs35132791,CAMK2D,4,Zheng,CAMK2D_locus0,4:113535350
4,113535350,4:113535350:C:G,4,113504778,4:113504778:C:A,0.923606,30572,4:113535350,chr4,113535350,113535350,rs35132791,CAMK2D,4,Zheng,CAMK2D_locus0,4:113535350
4,113535350,4:113535350:C:G,4,113504831,4:113504831:CA:C,0.922972,30519,4:113535350,chr4,113535350,113535350,rs35132791,CAMK2D,4,Zheng,CAMK2D_locus0,4:113535350
4,113535350,4:113535350:C:G,4,113507437,4:113507438:GT:G,0.916356,27913,4:113535350,chr4,113535350,113535350,rs35132791,CAMK2D,4,Zheng,CAMK2D_locus0,4:113535350
4,113535350,4:113535350:C:G,4,113507558,4:113507558:C:T,0.916356,27792,4:113535350,chr4,113535350,113535350,rs35132791,CAMK2D,4,Zheng,CAMK2D_locus0,4:113535350
4,113535350,4:113535350:C:G,4,113508251,4:113508251:C:T,0.923606,27099,4:113535350,chr4,113535350,113535350,rs35132791,CAMK2D,4,Zheng,CAMK2D_locus0,4:113535350
4,113535350,4:113535350:C:G,4,113510863,4:113510863:AAC:A,0.803646,24487,4:113535350,chr4,113535350,113535350,rs35132791,CAMK2D,4,Zheng,CAMK2D_locus0,4:113535350
4,113535350,4:113535350:C:G,4,113510917,4:113510917:C:T,0.803646,24433,4:113535350,chr4,113535350,113535350,rs35132791,CAMK2D,4,Zheng,CAMK2D_locus0,4:113535350
4,113535350,4:113535350:C:G,4,113518320,4:113518320:T:C,0.985908,17030,4:113535350,chr4,113535350,113535350,rs35132791,CAMK2D,4,Zheng,CAMK2D_locus0,4:113535350
4,113535350,4:113535350:C:G,4,113518675,4:113518675:G:C,0.978987,16675,4:113535350,chr4,113535350,113535350,rs35132791,CAMK2D,4,Zheng,CAMK2D_locus0,4:113535350
4,113535350,4:113535350:C:G,4,113518738,4:113518738:G:A,0.985908,16612,4:113535350,chr4,113535350,113535350,rs35132791,CAMK2D,4,Zheng,CAMK2D_locus0,4:113535350
4,113535350,4:113535350:C:G,4,113520117,4:113520117:TGTTCTAGGC:T,0.992912,15233,4:113535350,chr4,113535350,113535350,rs35132791,CAMK2D,4,Zheng,CAMK2D_locus0,4:113535350
4,113535350,4:113535350:C:G,4,113520980,4:113520980:G:GATC,0.978987,14370,4:113535350,chr4,113535350,113535350,rs35132791,CAMK2D,4,Zheng,CAMK2D_locus0,4:113535350
4,113535350,4:113535350:C:G,4,113523238,4:113523238:A:G,0.992912,12112,4:113535350,chr4,113535350,113535350,rs35132791,CAMK2D,4,Zheng,CAMK2D_locus0,4:113535350
4,113535350,4:113535350:C:G,4,113523545,4:113523545:G:C,0.978761,11805,4:113535350,chr4,113535350,113535350,rs35132791,CAMK2D,4,Zheng,CAMK2D_locus0,4:113535350
4,113535350,4:113535350:C:G,4,113523590,4:113523590:T:A,0.971818,11760,4:113535350,chr4,113535350,113535350,rs35132791,CAMK2D,4,Zheng,CAMK2D_locus0,4:113535350
4,113535350,4:113535350:C:G,4,113523605,4:113523605:T:G,0.978761,11745,4:113535350,chr4,113535350,113535350,rs35132791,CAMK2D,4,Zheng,CAMK2D_locus0,4:113535350
4,113535350,4:113535350:C:G,4,113523842,4:113523842:T:A,0.800105,11508,4:113535350,chr4,113535350,113535350,rs35132791,CAMK2D,4,Zheng,CAMK2D_locus0,4:113535350
4,113535350,4:113535350:C:G,4,113526905,4:113526907:CTT:C,0.972147,8445,4:113535350,chr4,113535350,113535350,rs35132791,CAMK2D,4,Zheng,CAMK2D_locus0,4:113535350
4,113535350,4:113535350:C:G,4,113527261,4:113527261:GT:G,0.972147,8089,4:113535350,chr4,113535350,113535350,rs35132791,CAMK2D,4,Zheng,CAMK2D_locus0,4:113535350
4,113535350,4:113535350:C:G,4,113527500,4:113527500:A:G,0.972147,7850,4:113535350,chr4,113535350,113535350,rs35132791,CAMK2D,4,Zheng,CAMK2D_locus0,4:113535350
4,113535350,4:113535350:C:G,4,113528563,4:113528563:A:C,0.985908,6787,4:113535350,chr4,113535350,113535350,rs35132791,CAMK2D,4,Zheng,CAMK2D_locus0,4:113535350
4,113535350,4:113535350:C:G,4,113535350,4:113535350:C:G,1.0,0,4:113535350,chr4,113535350,113535350,rs35132791,CAMK2D,4,Zheng,CAMK2D_locus0,4:113535350
4,113535350,4:113535350:C:G,4,113537246,4:113537246:G:A,0.826777,1896,4:113535350,chr4,113535350,113535350,rs35132791,CAMK2D,4,Zheng,CAMK2D_locus0,4:113535350
4,113535350,4:113535350:C:G,4,113542714,4:113542714:C:CA,0.950241,7364,4:113535350,chr4,113535350,113535350,rs35132791,CAMK2D,4,Zheng,CAMK2D_locus0,4:113535350
5,57670275,5:57670275:G:T,5,57658989,5:57658989:G:C,0.825906,11286,5:57670275,chr5,57670275,57670275,rs230861,ACTBL2,1,Zheng,ACTBL2_locus0,5:57670275
5,57670275,5:57670275:G:T,5,57659218,5:57659218:A:C,0.819846,11057,5:57670275,chr5,57670275,57670275,rs230861,ACTBL2,1,Zheng,ACTBL2_locus0,5:57670275
5,57670275,5:57670275:G:T,5,57659253,5:57659253:A:G,0.819846,11022,5:57670275,chr5,57670275,57670275,rs230861,ACTBL2,1,Zheng,ACTBL2_locus0,5:57670275
5,57670275,5:57670275:G:T,5,57659426,5:57659426:A:G,0.819846,10849,5:57670275,chr5,57670275,57670275,rs230861,ACTBL2,1,Zheng,ACTBL2_locus0,5:57670275
5,57670275,5:57670275:G:T,5,57660094,5:57660094:A:G,0.969029,10181,5:57670275,chr5,57670275,57670275,rs230861,ACTBL2,1,Zheng,ACTBL2_locus0,5:57670275
5,57670275,5:57670275:G:T,5,57660157,5:57660157:A:G,0.969029,10118,5:57670275,chr5,57670275,57670275,rs230861,ACTBL2,1,Zheng,ACTBL2_locus0,5:57670275
5,57670275,5:57670275:G:T,5,57661364,5:57661364:C:CA,0.819846,8911,5:57670275,chr5,57670275,57670275,rs230861,ACTBL2,1,Zheng,ACTBL2_locus0,5:57670275
5,57670275,5:57670275:G:T,5,57662069,5:57662069:A:T,0.836011,8206,5:57670275,chr5,57670275,57670275,rs230861,ACTBL2,1,Zheng,ACTBL2_locus0,5:57670275
5,57670275,5:57670275:G:T,5,57662495,5:57662495:C:A,0.836011,7780,5:57670275,chr5,57670275,57670275,rs230861,ACTBL2,1,Zheng,ACTBL2_locus0,5:57670275
5,57670275,5:57670275:G:T,5,57662628,5:57662628:A:C,0.836011,7647,5:57670275,chr5,57670275,57670275,rs230861,ACTBL2,1,Zheng,ACTBL2_locus0,5:57670275
5,57670275,5:57670275:G:T,5,57662661,5:57662661:C:G,0.836011,7614,5:57670275,chr5,57670275,57670275,rs230861,ACTBL2,1,Zheng,ACTBL2_locus0,5:57670275
5,57670275,5:57670275:G:T,5,57663792,5:57663792:A:G,0.979022,6483,5:57670275,chr5,57670275,57670275,rs230861,ACTBL2,1,Zheng,ACTBL2_locus0,5:57670275
5,57670275,5:57670275:G:T,5,57663793,5:57663794:C:CTT,0.958036,6482,5:57670275,chr5,57670275,57670275,rs230861,ACTBL2,1,Zheng,ACTBL2_locus0,5:57670275
5,57670275,5:57670275:G:T,5,57664915,5:57664915:A:G,0.836011,5360,5:57670275,chr5,57670275,57670275,rs230861,ACTBL2,1,Zheng,ACTBL2_locus0,5:57670275
5,57670275,5:57670275:G:T,5,57664993,5:57664993:GA:G,0.836011,5282,5:57670275,chr5,57670275,57670275,rs230861,ACTBL2,1,Zheng,ACTBL2_locus0,5:57670275
5,57670275,5:57670275:G:T,5,57665939,5:57665939:G:A,0.836011,4336,5:57670275,chr5,57670275,57670275,rs230861,ACTBL2,1,Zheng,ACTBL2_locus0,5:57670275
5,57670275,5:57670275:G:T,5,57666122,5:57666122:A:G,0.836011,4153,5:57670275,chr5,57670275,57670275,rs230861,ACTBL2,1,Zheng,ACTBL2_locus0,5:57670275
5,57670275,5:57670275:G:T,5,57667575,5:57667575:T:C,0.836011,2700,5:57670275,chr5,57670275,57670275,rs230861,ACTBL2,1,Zheng,ACTBL2_locus0,5:57670275
5,57670275,5:57670275:G:T,5,57667629,5:57667629:C:G,0.836011,2646,5:57670275,chr5,57670275,57670275,rs230861,ACTBL2,1,Zheng,ACTBL2_locus0,5:57670275
5,57670275,5:57670275:G:T,5,57667713,5:57667713:G:A,0.836011,2562,5:57670275,chr5,57670275,57670275,rs230861,ACTBL2,1,Zheng,ACTBL2_locus0,5:57670275
5,57670275,5:57670275:G:T,5,57668936,5:57668936:C:T,1.0,1339,5:57670275,chr5,57670275,57670275,rs230861,ACTBL2,1,Zheng,ACTBL2_locus0,5:57670275
5,57670275,5:57670275:G:T,5,57669167,5:57669167:T:A,0.836011,1108,5:57670275,chr5,57670275,57670275,rs230861,ACTBL2,1,Zheng,ACTBL2_locus0,5:57670275
5,57670275,5:57670275:G:T,5,57670275,5:57670275:G:T,1.0,0,5:57670275,chr5,57670275,57670275,rs230861,ACTBL2,1,Zheng,ACTBL2_locus0,5:57670275
5,57670275,5:57670275:G:T,5,57670715,5:57670715:T:G,1.0,440,5:57670275,chr5,57670275,57670275,rs230861,ACTBL2,1,Zheng,ACTBL2_locus0,5:57670275
5,57670275,5:57670275:G:T,5,57670776,5:57670776:G:A,0.844245,501,5:57670275,chr5,57670275,57670275,rs230861,ACTBL2,1,Zheng,ACTBL2_locus0,5:57670275
5,57670275,5:57670275:G:T,5,57671053,5:57671053:T:C,0.844245,778,5:57670275,chr5,57670275,57670275,rs230861,ACTBL2,1,Zheng,ACTBL2_locus0,5:57670275
5,57670275,5:57670275:G:T,5,57671181,5:57671181:T:C,0.844245,906,5:57670275,chr5,57670275,57670275,rs230861,ACTBL2,1,Zheng,ACTBL2_locus0,5:57670275
5,57670275,5:57670275:G:T,5,57672012,5:57672012:A:G,0.836011,1737,5:57670275,chr5,57670275,57670275,rs230861,ACTBL2,1,Zheng,ACTBL2_locus0,5:57670275
5,57670275,5:57670275:G:T,5,57672041,5:57672041:G:A,0.836011,1766,5:57670275,chr5,57670275,57670275,rs230861,ACTBL2,1,Zheng,ACTBL2_locus0,5:57670275
5,57670275,5:57670275:G:T,5,57672116,5:57672116:C:A,0.836011,1841,5:57670275,chr5,57670275,57670275,rs230861,ACTBL2,1,Zheng,ACTBL2_locus0,5:57670275
5,57670275,5:57670275:G:T,5,57673433,5:57673433:G:T,0.836011,3158,5:57670275,chr5,57670275,57670275,rs230861,ACTBL2,1,Zheng,ACTBL2_locus0,5:57670275
5,57670275,5:57670275:G:T,5,57673811,5:57673811:T:A,0.836011,3536,5:57670275,chr5,57670275,57670275,rs230861,ACTBL2,1,Zheng,ACTBL2_locus0,5:57670275
5,57670275,5:57670275:G:T,5,57674824,5:57674824:TG:T,0.836011,4549,5:57670275,chr5,57670275,57670275,rs230861,ACTBL2,1,Zheng,ACTBL2_locus0,5:57670275
5,57670275,5:57670275:G:T,5,57675214,5:57675214:C:T,0.836011,4939,5:57670275,chr5,57670275,57670275,rs230861,ACTBL2,1,Zheng,ACTBL2_locus0,5:57670275
5,57670275,5:57670275:G:T,5,57675553,5:57675553:A:G,0.836011,5278,5:57670275,chr5,57670275,57670275,rs230861,ACTBL2,1,Zheng,ACTBL2_locus0,5:57670275
5,57670275,5:57670275:G:T,5,57676248,5:57676248:A:G,0.836011,5973,5:57670275,chr5,57670275,57670275,rs230861,ACTBL2,1,Zheng,ACTBL2_locus0,5:57670275
5,57670275,5:57670275:G:T,5,57676298,5:57676298:A:G,0.836011,6023,5:57670275,chr5,57670275,57670275,rs230861,ACTBL2,1,Zheng,ACTBL2_locus0,5:57670275
5,57670275,5:57670275:G:T,5,57676759,5:57676759:A:C,0.844245,6484,5:57670275,chr5,57670275,57670275,rs230861,ACTBL2,1,Zheng,ACTBL2_locus0,5:57670275
5,57670275,5:57670275:G:T,5,57677947,5:57677947:C:A,0.804076,7672,5:57670275,chr5,57670275,57670275,rs230861,ACTBL2,1,Zheng,ACTBL2_locus0,5:57670275
5,57670275,5:57670275:G:T,5,57678195,5:57678195:A:G,0.836011,7920,5:57670275,chr5,57670275,57670275,rs230861,ACTBL2,1,Zheng,ACTBL2_locus0,5:57670275
5,57670275,5:57670275:G:T,5,57678725,5:57678725:C:T,0.836011,8450,5:57670275,chr5,57670275,57670275,rs230861,ACTBL2,1,Zheng,ACTBL2_locus0,5:57670275
5,57670275,5:57670275:G:T,5,57678808,5:57678808:A:G,0.836011,8533,5:57670275,chr5,57670275,57670275,rs230861,ACTBL2,1,Zheng,ACTBL2_locus0,5:57670275
5,57670275,5:57670275:G:T,5,57678851,5:57678851:CT:C,0.836011,8576,5:57670275,chr5,57670275,57670275,rs230861,ACTBL2,1,Zheng,ACTBL2_locus0,5:57670275
5,57670275,5:57670275:G:T,5,57679233,5:57679233:A:G,0.98953,8958,5:57670275,chr5,57670275,57670275,rs230861,ACTBL2,1,Zheng,ACTBL2_locus0,5:57670275
5,57670275,5:57670275:G:T,5,57679835,5:57679835:A:G,0.879298,9560,5:57670275,chr5,57670275,57670275,rs230861,ACTBL2,1,Zheng,ACTBL2_locus0,5:57670275
5,57670275,5:57670275:G:T,5,57680136,5:57680136:A:G,0.844245,9861,5:57670275,chr5,57670275,57670275,rs230861,ACTBL2,1,Zheng,ACTBL2_locus0,5:57670275
5,57670275,5:57670275:G:T,5,57680271,5:57680271:A:G,0.98953,9996,5:57670275,chr5,57670275,57670275,rs230861,ACTBL2,1,Zheng,ACTBL2_locus0,5:57670275
5,57670275,5:57670275:G:T,5,57680435,5:57680435:C:G,0.844245,10160,5:57670275,chr5,57670275,57670275,rs230861,ACTBL2,1,Zheng,ACTBL2_locus0,5:57670275
5,57670275,5:57670275:G:T,5,57681404,5:57681404:C:T,0.98953,11129,5:57670275,chr5,57670275,57670275,rs230861,ACTBL2,1,Zheng,ACTBL2_locus0,5:57670275
5,57670275,5:57670275:G:T,5,57682360,5:57682360:C:T,0.836011,12085,5:57670275,chr5,57670275,57670275,rs230861,ACTBL2,1,Zheng,ACTBL2_locus0,5:57670275
5,57670275,5:57670275:G:T,5,57683167,5:57683167:T:C,0.844245,12892,5:57670275,chr5,57670275,57670275,rs230861,ACTBL2,1,Zheng,ACTBL2_locus0,5:57670275
5,57670275,5:57670275:G:T,5,57683686,5:57683686:A:G,1.0,13411,5:57670275,chr5,57670275,57670275,rs230861,ACTBL2,1,Zheng,ACTBL2_locus0,5:57670275
5,57670275,5:57670275:G:T,5,57684237,5:57684237:C:CA,0.819775,13962,5:57670275,chr5,57670275,57670275,rs230861,ACTBL2,1,Zheng,ACTBL2_locus0,5:57670275
5,57670275,5:57670275:G:T,5,57685000,5:57685000:A:T,1.0,14725,5:57670275,chr5,57670275,57670275,rs230861,ACTBL2,1,Zheng,ACTBL2_locus0,5:57670275
5,57670275,5:57670275:G:T,5,57685174,5:57685174:G:T,0.844245,14899,5:57670275,chr5,57670275,57670275,rs230861,ACTBL2,1,Zheng,ACTBL2_locus0,5:57670275
5,57670275,5:57670275:G:T,5,57686400,5:57686400:G:T,0.836011,16125,5:57670275,chr5,57670275,57670275,rs230861,ACTBL2,1,Zheng,ACTBL2_locus0,5:57670275
5,57670275,5:57670275:G:T,5,57686488,5:57686488:C:G,0.979207,16213,5:57670275,chr5,57670275,57670275,rs230861,ACTBL2,1,Zheng,ACTBL2_locus0,5:57670275
5,57670275,5:57670275:G:T,5,57686737,5:57686737:C:T,0.836011,16462,5:57670275,chr5,57670275,57670275,rs230861,ACTBL2,1,Zheng,ACTBL2_locus0,5:57670275
5,57670275,5:57670275:G:T,5,57687836,5:57687836:T:C,0.844245,17561,5:57670275,chr5,57670275,57670275,rs230861,ACTBL2,1,Zheng,ACTBL2_locus0,5:57670275
5,57670275,5:57670275:G:T,5,57688674,5:57688674:T:C,1.0,18399,5:57670275,chr5,57670275,57670275,rs230861,ACTBL2,1,Zheng,ACTBL2_locus0,5:57670275
5,57670275,5:57670275:G:T,5,57688798,5:57688798:G:A,0.836011,18523,5:57670275,chr5,57670275,57670275,rs230861,ACTBL2,1,Zheng,ACTBL2_locus0,5:57670275
5,57670275,5:57670275:G:T,5,57689843,5:57689843:T:C,0.844245,19568,5:57670275,chr5,57670275,57670275,rs230861,ACTBL2,1,Zheng,ACTBL2_locus0,5:57670275
5,57670275,5:57670275:G:T,5,57690251,5:57690251:C:A,0.844245,19976,5:57670275,chr5,57670275,57670275,rs230861,ACTBL2,1,Zheng,ACTBL2_locus0,5:57670275
5,57670275,5:57670275:G:T,5,57690333,5:57690333:C:A,0.949807,20058,5:57670275,chr5,57670275,57670275,rs230861,ACTBL2,1,Zheng,ACTBL2_locus0,5:57670275
5,57670275,5:57670275:G:T,5,57690624,5:57690624:C:A,0.879298,20349,5:57670275,chr5,57670275,57670275,rs230861,ACTBL2,1,Zheng,ACTBL2_locus0,5:57670275
5,57670275,5:57670275:G:T,5,57690889,5:57690889:T:C,0.830774,20614,5:57670275,chr5,57670275,57670275,rs230861,ACTBL2,1,Zheng,ACTBL2_locus0,5:57670275
5,57670275,5:57670275:G:T,5,57693080,5:57693080:T:TA,0.914736,22805,5:57670275,chr5,57670275,57670275,rs230861,ACTBL2,1,Zheng,ACTBL2_locus0,5:57670275
5,57670275,5:57670275:G:T,5,57695385,5:57695386:G:GA,0.851219,25110,5:57670275,chr5,57670275,57670275,rs230861,ACTBL2,1,Zheng,ACTBL2_locus0,5:57670275
5,57670275,5:57670275:G:T,5,57697463,5:57697463:A:C,0.879298,27188,5:57670275,chr5,57670275,57670275,rs230861,ACTBL2,1,Zheng,ACTBL2_locus0,5:57670275
5,57670275,5:57670275:G:T,5,57698702,5:57698702:A:C,0.914736,28427,5:57670275,chr5,57670275,57670275,rs230861,ACTBL2,1,Zheng,ACTBL2_locus0,5:57670275
5,57670275,5:57670275:G:T,5,57699211,5:57699211:A:C,0.914736,28936,5:57670275,chr5,57670275,57670275,rs230861,ACTBL2,1,Zheng,ACTBL2_locus0,5:57670275
5,57670275,5:57670275:G:T,5,57699822,5:57699822:C:T,0.905777,29547,5:57670275,chr5,57670275,57670275,rs230861,ACTBL2,1,Zheng,ACTBL2_locus0,5:57670275
5,57670275,5:57670275:G:T,5,57700364,5:57700364:A:T,0.905777,30089,5:57670275,chr5,57670275,57670275,rs230861,ACTBL2,1,Zheng,ACTBL2_locus0,5:57670275
5,57670275,5:57670275:G:T,5,57700733,5:57700733:G:C,0.914736,30458,5:57670275,chr5,57670275,57670275,rs230861,ACTBL2,1,Zheng,ACTBL2_locus0,5:57670275
5,57670275,5:57670275:G:T,5,57701274,5:57701274:A:T,0.914736,30999,5:57670275,chr5,57670275,57670275,rs230861,ACTBL2,1,Zheng,ACTBL2_locus0,5:57670275
5,57670275,5:57670275:G:T,5,57702028,5:57702028:T:C,0.914736,31753,5:57670275,chr5,57670275,57670275,rs230861,ACTBL2,1,Zheng,ACTBL2_locus0,5:57670275
5,57670275,5:57670275:G:T,5,57703866,5:57703866:A:G,0.914736,33591,5:57670275,chr5,57670275,57670275,rs230861,ACTBL2,1,Zheng,ACTBL2_locus0,5:57670275
5,57670275,5:57670275:G:T,5,57706502,5:57706502:C:T,0.914736,36227,5:57670275,chr5,57670275,57670275,rs230861,ACTBL2,1,Zheng,ACTBL2_locus0,5:57670275
5,57670275,5:57670275:G:T,5,57708128,5:57708128:T:C,0.914736,37853,5:57670275,chr5,57670275,57670275,rs230861,ACTBL2,1,Zheng,ACTBL2_locus0,5:57670275
5,57670275,5:57670275:G:T,5,57715577,5:57715577:G:A,0.914736,45302,5:57670275,chr5,57670275,57670275,rs230861,ACTBL2,1,Zheng,ACTBL2_locus0,5:57670275
5,57670275,5:57670275:G:T,5,57715642,5:57715642:A:T,0.914736,45367,5:57670275,chr5,57670275,57670275,rs230861,ACTBL2,1,Zheng,ACTBL2_locus0,5:57670275
5,57670275,5:57670275:G:T,5,57718369,5:57718369:C:T,0.905777,48094,5:57670275,chr5,57670275,57670275,rs230861,ACTBL2,1,Zheng,ACTBL2_locus0,5:57670275
5,57670275,5:57670275:G:T,5,57718473,5:57718473:A:G,0.879298,48198,5:57670275,chr5,57670275,57670275,rs230861,ACTBL2,1,Zheng,ACTBL2_locus0,5:57670275
5,57670275,5:57670275:G:T,5,57719100,5:57719100:G:A,0.905777,48825,5:57670275,chr5,57670275,57670275,rs230861,ACTBL2,1,Zheng,ACTBL2_locus0,5:57670275
5,57670275,5:57670275:G:T,5,57723264,5:57723264:T:C,0.914736,52989,5:57670275,chr5,57670275,57670275,rs230861,ACTBL2,1,Zheng,ACTBL2_locus0,5:57670275
5,57670275,5:57670275:G:T,5,57731815,5:57731815:A:G,0.894138,61540,5:57670275,chr5,57670275,57670275,rs230861,ACTBL2,1,Zheng,ACTBL2_locus0,5:57670275
5,57670275,5:57670275:G:T,5,57733441,5:57733441:A:G,0.894138,63166,5:57670275,chr5,57670275,57670275,rs230861,ACTBL2,1,Zheng,ACTBL2_locus0,5:57670275
5,57670275,5:57670275:G:T,5,57740394,5:57740394:T:C,0.869846,70119,5:57670275,chr5,57670275,57670275,rs230861,ACTBL2,1,Zheng,ACTBL2_locus0,5:57670275
5,57670275,5:57670275:G:T,5,57740824,5:57740824:G:A,0.905777,70549,5:57670275,chr5,57670275,57670275,rs230861,ACTBL2,1,Zheng,ACTBL2_locus0,5:57670275
5,57673811,5:57673811:T:A,5,57658989,5:57658989:G:C,0.971607,14822,5:57673811,chr5,57673811,57673811,none,ACTBL2,1,Zheng,ACTBL2_locus0,5:57673811
5,57673811,5:57673811:T:A,5,57659218,5:57659218:A:C,0.962368,14593,5:57673811,chr5,57673811,57673811,none,ACTBL2,1,Zheng,ACTBL2_locus0,5:57673811
5,57673811,5:57673811:T:A,5,57659253,5:57659253:A:G,0.962368,14558,5:57673811,chr5,57673811,57673811,none,ACTBL2,1,Zheng,ACTBL2_locus0,5:57673811
5,57673811,5:57673811:T:A,5,57659426,5:57659426:A:G,0.962368,14385,5:57673811,chr5,57673811,57673811,none,ACTBL2,1,Zheng,ACTBL2_locus0,5:57673811
5,57673811,5:57673811:T:A,5,57660094,5:57660094:A:G,0.806705,13717,5:57673811,chr5,57673811,57673811,none,ACTBL2,1,Zheng,ACTBL2_locus0,5:57673811
5,57673811,5:57673811:T:A,5,57660157,5:57660157:A:G,0.806705,13654,5:57673811,chr5,57673811,57673811,none,ACTBL2,1,Zheng,ACTBL2_locus0,5:57673811
5,57673811,5:57673811:T:A,5,57661364,5:57661364:C:CA,0.962368,12447,5:57673811,chr5,57673811,57673811,none,ACTBL2,1,Zheng,ACTBL2_locus0,5:57673811
5,57673811,5:57673811:T:A,5,57662069,5:57662069:A:T,0.981013,11742,5:57673811,chr5,57673811,57673811,none,ACTBL2,1,Zheng,ACTBL2_locus0,5:57673811
5,57673811,5:57673811:T:A,5,57662495,5:57662495:C:A,0.981013,11316,5:57673811,chr5,57673811,57673811,none,ACTBL2,1,Zheng,ACTBL2_locus0,5:57673811
5,57673811,5:57673811:T:A,5,57662628,5:57662628:A:C,0.981013,11183,5:57673811,chr5,57673811,57673811,none,ACTBL2,1,Zheng,ACTBL2_locus0,5:57673811
5,57673811,5:57673811:T:A,5,57662661,5:57662661:C:G,0.981013,11150,5:57673811,chr5,57673811,57673811,none,ACTBL2,1,Zheng,ACTBL2_locus0,5:57673811
5,57673811,5:57673811:T:A,5,57663792,5:57663792:A:G,0.817771,10019,5:57673811,chr5,57673811,57673811,none,ACTBL2,1,Zheng,ACTBL2_locus0,5:57673811
5,57673811,5:57673811:T:A,5,57663793,5:57663794:C:CTT,0.800417,10018,5:57673811,chr5,57673811,57673811,none,ACTBL2,1,Zheng,ACTBL2_locus0,5:57673811
5,57673811,5:57673811:T:A,5,57664915,5:57664915:A:G,0.981013,8896,5:57673811,chr5,57673811,57673811,none,ACTBL2,1,Zheng,ACTBL2_locus0,5:57673811
5,57673811,5:57673811:T:A,5,57664993,5:57664993:GA:G,0.981013,8818,5:57673811,chr5,57673811,57673811,none,ACTBL2,1,Zheng,ACTBL2_locus0,5:57673811
5,57673811,5:57673811:T:A,5,57665939,5:57665939:G:A,0.981013,7872,5:57673811,chr5,57673811,57673811,none,ACTBL2,1,Zheng,ACTBL2_locus0,5:57673811
5,57673811,5:57673811:T:A,5,57666122,5:57666122:A:G,0.981013,7689,5:57673811,chr5,57673811,57673811,none,ACTBL2,1,Zheng,ACTBL2_locus0,5:57673811
5,57673811,5:57673811:T:A,5,57667575,5:57667575:T:C,0.981013,6236,5:57673811,chr5,57673811,57673811,none,ACTBL2,1,Zheng,ACTBL2_locus0,5:57673811
5,57673811,5:57673811:T:A,5,57667629,5:57667629:C:G,0.981013,6182,5:57673811,chr5,57673811,57673811,none,ACTBL2,1,Zheng,ACTBL2_locus0,5:57673811
5,57673811,5:57673811:T:A,5,57667713,5:57667713:G:A,0.981013,6098,5:57673811,chr5,57673811,57673811,none,ACTBL2,1,Zheng,ACTBL2_locus0,5:57673811
5,57673811,5:57673811:T:A,5,57668936,5:57668936:C:T,0.836011,4875,5:57673811,chr5,57673811,57673811,none,ACTBL2,1,Zheng,ACTBL2_locus0,5:57673811
5,57673811,5:57673811:T:A,5,57669167,5:57669167:T:A,0.981013,4644,5:57673811,chr5,57673811,57673811,none,ACTBL2,1,Zheng,ACTBL2_locus0,5:57673811
5,57673811,5:57673811:T:A,5,57670275,5:57670275:G:T,0.836011,3536,5:57673811,chr5,57673811,57673811,none,ACTBL2,1,Zheng,ACTBL2_locus0,5:57673811
5,57673811,5:57673811:T:A,5,57670715,5:57670715:T:G,0.836011,3096,5:57673811,chr5,57673811,57673811,none,ACTBL2,1,Zheng,ACTBL2_locus0,5:57673811
5,57673811,5:57673811:T:A,5,57670776,5:57670776:G:A,0.990512,3035,5:57673811,chr5,57673811,57673811,none,ACTBL2,1,Zheng,ACTBL2_locus0,5:57673811
5,57673811,5:57673811:T:A,5,57671053,5:57671053:T:C,0.990512,2758,5:57673811,chr5,57673811,57673811,none,ACTBL2,1,Zheng,ACTBL2_locus0,5:57673811
5,57673811,5:57673811:T:A,5,57671181,5:57671181:T:C,0.990512,2630,5:57673811,chr5,57673811,57673811,none,ACTBL2,1,Zheng,ACTBL2_locus0,5:57673811
5,57673811,5:57673811:T:A,5,57672012,5:57672012:A:G,1.0,1799,5:57673811,chr5,57673811,57673811,none,ACTBL2,1,Zheng,ACTBL2_locus0,5:57673811
5,57673811,5:57673811:T:A,5,57672041,5:57672041:G:A,1.0,1770,5:57673811,chr5,57673811,57673811,none,ACTBL2,1,Zheng,ACTBL2_locus0,5:57673811
5,57673811,5:57673811:T:A,5,57672116,5:57672116:C:A,1.0,1695,5:57673811,chr5,57673811,57673811,none,ACTBL2,1,Zheng,ACTBL2_locus0,5:57673811
5,57673811,5:57673811:T:A,5,57673433,5:57673433:G:T,1.0,378,5:57673811,chr5,57673811,57673811,none,ACTBL2,1,Zheng,ACTBL2_locus0,5:57673811
5,57673811,5:57673811:T:A,5,57673811,5:57673811:T:A,1.0,0,5:57673811,chr5,57673811,57673811,none,ACTBL2,1,Zheng,ACTBL2_locus0,5:57673811
5,57673811,5:57673811:T:A,5,57674824,5:57674824:TG:T,1.0,1013,5:57673811,chr5,57673811,57673811,none,ACTBL2,1,Zheng,ACTBL2_locus0,5:57673811
5,57673811,5:57673811:T:A,5,57675214,5:57675214:C:T,1.0,1403,5:57673811,chr5,57673811,57673811,none,ACTBL2,1,Zheng,ACTBL2_locus0,5:57673811
5,57673811,5:57673811:T:A,5,57675553,5:57675553:A:G,1.0,1742,5:57673811,chr5,57673811,57673811,none,ACTBL2,1,Zheng,ACTBL2_locus0,5:57673811
5,57673811,5:57673811:T:A,5,57676248,5:57676248:A:G,1.0,2437,5:57673811,chr5,57673811,57673811,none,ACTBL2,1,Zheng,ACTBL2_locus0,5:57673811
5,57673811,5:57673811:T:A,5,57676298,5:57676298:A:G,1.0,2487,5:57673811,chr5,57673811,57673811,none,ACTBL2,1,Zheng,ACTBL2_locus0,5:57673811
5,57673811,5:57673811:T:A,5,57676759,5:57676759:A:C,0.990512,2948,5:57673811,chr5,57673811,57673811,none,ACTBL2,1,Zheng,ACTBL2_locus0,5:57673811
5,57673811,5:57673811:T:A,5,57677947,5:57677947:C:A,0.962777,4136,5:57673811,chr5,57673811,57673811,none,ACTBL2,1,Zheng,ACTBL2_locus0,5:57673811
5,57673811,5:57673811:T:A,5,57678195,5:57678195:A:G,1.0,4384,5:57673811,chr5,57673811,57673811,none,ACTBL2,1,Zheng,ACTBL2_locus0,5:57673811
5,57673811,5:57673811:T:A,5,57678725,5:57678725:C:T,1.0,4914,5:57673811,chr5,57673811,57673811,none,ACTBL2,1,Zheng,ACTBL2_locus0,5:57673811
5,57673811,5:57673811:T:A,5,57678808,5:57678808:A:G,1.0,4997,5:57673811,chr5,57673811,57673811,none,ACTBL2,1,Zheng,ACTBL2_locus0,5:57673811
5,57673811,5:57673811:T:A,5,57678851,5:57678851:CT:C,1.0,5040,5:57673811,chr5,57673811,57673811,none,ACTBL2,1,Zheng,ACTBL2_locus0,5:57673811
5,57673811,5:57673811:T:A,5,57679233,5:57679233:A:G,0.844418,5422,5:57673811,chr5,57673811,57673811,none,ACTBL2,1,Zheng,ACTBL2_locus0,5:57673811
5,57673811,5:57673811:T:A,5,57680136,5:57680136:A:G,0.990512,6325,5:57673811,chr5,57673811,57673811,none,ACTBL2,1,Zheng,ACTBL2_locus0,5:57673811
5,57673811,5:57673811:T:A,5,57680271,5:57680271:A:G,0.844418,6460,5:57673811,chr5,57673811,57673811,none,ACTBL2,1,Zheng,ACTBL2_locus0,5:57673811
5,57673811,5:57673811:T:A,5,57680435,5:57680435:C:G,0.990512,6624,5:57673811,chr5,57673811,57673811,none,ACTBL2,1,Zheng,ACTBL2_locus0,5:57673811
5,57673811,5:57673811:T:A,5,57681404,5:57681404:C:T,0.844418,7593,5:57673811,chr5,57673811,57673811,none,ACTBL2,1,Zheng,ACTBL2_locus0,5:57673811
5,57673811,5:57673811:T:A,5,57682360,5:57682360:C:T,1.0,8549,5:57673811,chr5,57673811,57673811,none,ACTBL2,1,Zheng,ACTBL2_locus0,5:57673811
5,57673811,5:57673811:T:A,5,57683167,5:57683167:T:C,0.990512,9356,5:57673811,chr5,57673811,57673811,none,ACTBL2,1,Zheng,ACTBL2_locus0,5:57673811
5,57673811,5:57673811:T:A,5,57683686,5:57683686:A:G,0.836011,9875,5:57673811,chr5,57673811,57673811,none,ACTBL2,1,Zheng,ACTBL2_locus0,5:57673811
5,57673811,5:57673811:T:A,5,57685000,5:57685000:A:T,0.836011,11189,5:57673811,chr5,57673811,57673811,none,ACTBL2,1,Zheng,ACTBL2_locus0,5:57673811
5,57673811,5:57673811:T:A,5,57685174,5:57685174:G:T,0.990512,11363,5:57673811,chr5,57673811,57673811,none,ACTBL2,1,Zheng,ACTBL2_locus0,5:57673811
5,57673811,5:57673811:T:A,5,57686400,5:57686400:G:T,1.0,12589,5:57673811,chr5,57673811,57673811,none,ACTBL2,1,Zheng,ACTBL2_locus0,5:57673811
5,57673811,5:57673811:T:A,5,57686488,5:57686488:C:G,0.852914,12677,5:57673811,chr5,57673811,57673811,none,ACTBL2,1,Zheng,ACTBL2_locus0,5:57673811
5,57673811,5:57673811:T:A,5,57686737,5:57686737:C:T,1.0,12926,5:57673811,chr5,57673811,57673811,none,ACTBL2,1,Zheng,ACTBL2_locus0,5:57673811
5,57673811,5:57673811:T:A,5,57687836,5:57687836:T:C,0.990512,14025,5:57673811,chr5,57673811,57673811,none,ACTBL2,1,Zheng,ACTBL2_locus0,5:57673811
5,57673811,5:57673811:T:A,5,57688674,5:57688674:T:C,0.836011,14863,5:57673811,chr5,57673811,57673811,none,ACTBL2,1,Zheng,ACTBL2_locus0,5:57673811
5,57673811,5:57673811:T:A,5,57688798,5:57688798:G:A,1.0,14987,5:57673811,chr5,57673811,57673811,none,ACTBL2,1,Zheng,ACTBL2_locus0,5:57673811
5,57673811,5:57673811:T:A,5,57689843,5:57689843:T:C,0.990512,16032,5:57673811,chr5,57673811,57673811,none,ACTBL2,1,Zheng,ACTBL2_locus0,5:57673811
5,57673811,5:57673811:T:A,5,57690251,5:57690251:C:A,0.990512,16440,5:57673811,chr5,57673811,57673811,none,ACTBL2,1,Zheng,ACTBL2_locus0,5:57673811
5,57673811,5:57673811:T:A,5,57690333,5:57690333:C:A,0.860951,16522,5:57673811,chr5,57673811,57673811,none,ACTBL2,1,Zheng,ACTBL2_locus0,5:57673811
5,57673811,5:57673811:T:A,5,57715757,5:57715757:C:T,0.912394,41946,5:57673811,chr5,57673811,57673811,none,ACTBL2,1,Zheng,ACTBL2_locus0,5:57673811
5,57680271,5:57680271:A:G,5,57658989,5:57658989:G:C,0.816128,21282,5:57680271,chr5,57680271,57680271,rs10487613,ACTBL2,2,Jurgens,ACTBL2_locus0,5:57680271
5,57680271,5:57680271:A:G,5,57659218,5:57659218:A:C,0.809937,21053,5:57680271,chr5,57680271,57680271,rs10487613,ACTBL2,2,Jurgens,ACTBL2_locus0,5:57680271
5,57680271,5:57680271:A:G,5,57659253,5:57659253:A:G,0.809937,21018,5:57680271,chr5,57680271,57680271,rs10487613,ACTBL2,2,Jurgens,ACTBL2_locus0,5:57680271
5,57680271,5:57680271:A:G,5,57659426,5:57659426:A:G,0.809937,20845,5:57680271,chr5,57680271,57680271,rs10487613,ACTBL2,2,Jurgens,ACTBL2_locus0,5:57680271
5,57680271,5:57680271:A:G,5,57660094,5:57660094:A:G,0.958567,20177,5:57680271,chr5,57680271,57680271,rs10487613,ACTBL2,2,Jurgens,ACTBL2_locus0,5:57680271
5,57680271,5:57680271:A:G,5,57660157,5:57660157:A:G,0.958567,20114,5:57680271,chr5,57680271,57680271,rs10487613,ACTBL2,2,Jurgens,ACTBL2_locus0,5:57680271
5,57680271,5:57680271:A:G,5,57661364,5:57661364:C:CA,0.809937,18907,5:57680271,chr5,57680271,57680271,rs10487613,ACTBL2,2,Jurgens,ACTBL2_locus0,5:57680271
5,57680271,5:57680271:A:G,5,57662069,5:57662069:A:T,0.826105,18202,5:57680271,chr5,57680271,57680271,rs10487613,ACTBL2,2,Jurgens,ACTBL2_locus0,5:57680271
5,57680271,5:57680271:A:G,5,57662495,5:57662495:C:A,0.826105,17776,5:57680271,chr5,57680271,57680271,rs10487613,ACTBL2,2,Jurgens,ACTBL2_locus0,5:57680271
5,57680271,5:57680271:A:G,5,57662628,5:57662628:A:C,0.826105,17643,5:57680271,chr5,57680271,57680271,rs10487613,ACTBL2,2,Jurgens,ACTBL2_locus0,5:57680271
5,57680271,5:57680271:A:G,5,57662661,5:57662661:C:G,0.826105,17610,5:57680271,chr5,57680271,57680271,rs10487613,ACTBL2,2,Jurgens,ACTBL2_locus0,5:57680271
5,57680271,5:57680271:A:G,5,57663792,5:57663792:A:G,0.968683,16479,5:57680271,chr5,57680271,57680271,rs10487613,ACTBL2,2,Jurgens,ACTBL2_locus0,5:57680271
5,57680271,5:57680271:A:G,5,57663793,5:57663794:C:CTT,0.947864,16478,5:57680271,chr5,57680271,57680271,rs10487613,ACTBL2,2,Jurgens,ACTBL2_locus0,5:57680271
5,57680271,5:57680271:A:G,5,57664915,5:57664915:A:G,0.826105,15356,5:57680271,chr5,57680271,57680271,rs10487613,ACTBL2,2,Jurgens,ACTBL2_locus0,5:57680271
5,57680271,5:57680271:A:G,5,57664993,5:57664993:GA:G,0.826105,15278,5:57680271,chr5,57680271,57680271,rs10487613,ACTBL2,2,Jurgens,ACTBL2_locus0,5:57680271
5,57680271,5:57680271:A:G,5,57665939,5:57665939:G:A,0.826105,14332,5:57680271,chr5,57680271,57680271,rs10487613,ACTBL2,2,Jurgens,ACTBL2_locus0,5:57680271
5,57680271,5:57680271:A:G,5,57666122,5:57666122:A:G,0.826105,14149,5:57680271,chr5,57680271,57680271,rs10487613,ACTBL2,2,Jurgens,ACTBL2_locus0,5:57680271
5,57680271,5:57680271:A:G,5,57667575,5:57667575:T:C,0.826105,12696,5:57680271,chr5,57680271,57680271,rs10487613,ACTBL2,2,Jurgens,ACTBL2_locus0,5:57680271
5,57680271,5:57680271:A:G,5,57667629,5:57667629:C:G,0.826105,12642,5:57680271,chr5,57680271,57680271,rs10487613,ACTBL2,2,Jurgens,ACTBL2_locus0,5:57680271
5,57680271,5:57680271:A:G,5,57667713,5:57667713:G:A,0.826105,12558,5:57680271,chr5,57680271,57680271,rs10487613,ACTBL2,2,Jurgens,ACTBL2_locus0,5:57680271
5,57680271,5:57680271:A:G,5,57668936,5:57668936:C:T,0.98953,11335,5:57680271,chr5,57680271,57680271,rs10487613,ACTBL2,2,Jurgens,ACTBL2_locus0,5:57680271
5,57680271,5:57680271:A:G,5,57669167,5:57669167:T:A,0.826105,11104,5:57680271,chr5,57680271,57680271,rs10487613,ACTBL2,2,Jurgens,ACTBL2_locus0,5:57680271
5,57680271,5:57680271:A:G,5,57670275,5:57670275:G:T,0.98953,9996,5:57680271,chr5,57680271,57680271,rs10487613,ACTBL2,2,Jurgens,ACTBL2_locus0,5:57680271
5,57680271,5:57680271:A:G,5,57670715,5:57670715:T:G,0.98953,9556,5:57680271,chr5,57680271,57680271,rs10487613,ACTBL2,2,Jurgens,ACTBL2_locus0,5:57680271
5,57680271,5:57680271:A:G,5,57670776,5:57670776:G:A,0.83434,9495,5:57680271,chr5,57680271,57680271,rs10487613,ACTBL2,2,Jurgens,ACTBL2_locus0,5:57680271
5,57680271,5:57680271:A:G,5,57671053,5:57671053:T:C,0.83434,9218,5:57680271,chr5,57680271,57680271,rs10487613,ACTBL2,2,Jurgens,ACTBL2_locus0,5:57680271
5,57680271,5:57680271:A:G,5,57671181,5:57671181:T:C,0.83434,9090,5:57680271,chr5,57680271,57680271,rs10487613,ACTBL2,2,Jurgens,ACTBL2_locus0,5:57680271
5,57680271,5:57680271:A:G,5,57672012,5:57672012:A:G,0.844418,8259,5:57680271,chr5,57680271,57680271,rs10487613,ACTBL2,2,Jurgens,ACTBL2_locus0,5:57680271
5,57680271,5:57680271:A:G,5,57672041,5:57672041:G:A,0.844418,8230,5:57680271,chr5,57680271,57680271,rs10487613,ACTBL2,2,Jurgens,ACTBL2_locus0,5:57680271
5,57680271,5:57680271:A:G,5,57672116,5:57672116:C:A,0.844418,8155,5:57680271,chr5,57680271,57680271,rs10487613,ACTBL2,2,Jurgens,ACTBL2_locus0,5:57680271
5,57680271,5:57680271:A:G,5,57673433,5:57673433:G:T,0.844418,6838,5:57680271,chr5,57680271,57680271,rs10487613,ACTBL2,2,Jurgens,ACTBL2_locus0,5:57680271
5,57680271,5:57680271:A:G,5,57673811,5:57673811:T:A,0.844418,6460,5:57680271,chr5,57680271,57680271,rs10487613,ACTBL2,2,Jurgens,ACTBL2_locus0,5:57680271
5,57680271,5:57680271:A:G,5,57674824,5:57674824:TG:T,0.844418,5447,5:57680271,chr5,57680271,57680271,rs10487613,ACTBL2,2,Jurgens,ACTBL2_locus0,5:57680271
5,57680271,5:57680271:A:G,5,57675214,5:57675214:C:T,0.844418,5057,5:57680271,chr5,57680271,57680271,rs10487613,ACTBL2,2,Jurgens,ACTBL2_locus0,5:57680271
5,57680271,5:57680271:A:G,5,57675553,5:57675553:A:G,0.844418,4718,5:57680271,chr5,57680271,57680271,rs10487613,ACTBL2,2,Jurgens,ACTBL2_locus0,5:57680271
5,57680271,5:57680271:A:G,5,57676248,5:57676248:A:G,0.844418,4023,5:57680271,chr5,57680271,57680271,rs10487613,ACTBL2,2,Jurgens,ACTBL2_locus0,5:57680271
5,57680271,5:57680271:A:G,5,57676298,5:57676298:A:G,0.844418,3973,5:57680271,chr5,57680271,57680271,rs10487613,ACTBL2,2,Jurgens,ACTBL2_locus0,5:57680271
5,57680271,5:57680271:A:G,5,57676759,5:57676759:A:C,0.83434,3512,5:57680271,chr5,57680271,57680271,rs10487613,ACTBL2,2,Jurgens,ACTBL2_locus0,5:57680271
5,57680271,5:57680271:A:G,5,57677947,5:57677947:C:A,0.812093,2324,5:57680271,chr5,57680271,57680271,rs10487613,ACTBL2,2,Jurgens,ACTBL2_locus0,5:57680271
5,57680271,5:57680271:A:G,5,57678195,5:57678195:A:G,0.844418,2076,5:57680271,chr5,57680271,57680271,rs10487613,ACTBL2,2,Jurgens,ACTBL2_locus0,5:57680271
5,57680271,5:57680271:A:G,5,57678725,5:57678725:C:T,0.844418,1546,5:57680271,chr5,57680271,57680271,rs10487613,ACTBL2,2,Jurgens,ACTBL2_locus0,5:57680271
5,57680271,5:57680271:A:G,5,57678808,5:57678808:A:G,0.844418,1463,5:57680271,chr5,57680271,57680271,rs10487613,ACTBL2,2,Jurgens,ACTBL2_locus0,5:57680271
5,57680271,5:57680271:A:G,5,57678851,5:57678851:CT:C,0.844418,1420,5:57680271,chr5,57680271,57680271,rs10487613,ACTBL2,2,Jurgens,ACTBL2_locus0,5:57680271
5,57680271,5:57680271:A:G,5,57679233,5:57679233:A:G,1.0,1038,5:57680271,chr5,57680271,57680271,rs10487613,ACTBL2,2,Jurgens,ACTBL2_locus0,5:57680271
5,57680271,5:57680271:A:G,5,57679835,5:57679835:A:G,0.870128,436,5:57680271,chr5,57680271,57680271,rs10487613,ACTBL2,2,Jurgens,ACTBL2_locus0,5:57680271
5,57680271,5:57680271:A:G,5,57680136,5:57680136:A:G,0.83434,135,5:57680271,chr5,57680271,57680271,rs10487613,ACTBL2,2,Jurgens,ACTBL2_locus0,5:57680271
5,57680271,5:57680271:A:G,5,57680271,5:57680271:A:G,1.0,0,5:57680271,chr5,57680271,57680271,rs10487613,ACTBL2,2,Jurgens,ACTBL2_locus0,5:57680271
5,57680271,5:57680271:A:G,5,57680435,5:57680435:C:G,0.83434,164,5:57680271,chr5,57680271,57680271,rs10487613,ACTBL2,2,Jurgens,ACTBL2_locus0,5:57680271
5,57680271,5:57680271:A:G,5,57681404,5:57681404:C:T,1.0,1133,5:57680271,chr5,57680271,57680271,rs10487613,ACTBL2,2,Jurgens,ACTBL2_locus0,5:57680271
5,57680271,5:57680271:A:G,5,57682360,5:57682360:C:T,0.844418,2089,5:57680271,chr5,57680271,57680271,rs10487613,ACTBL2,2,Jurgens,ACTBL2_locus0,5:57680271
5,57680271,5:57680271:A:G,5,57683167,5:57683167:T:C,0.83434,2896,5:57680271,chr5,57680271,57680271,rs10487613,ACTBL2,2,Jurgens,ACTBL2_locus0,5:57680271
5,57680271,5:57680271:A:G,5,57683686,5:57683686:A:G,0.98953,3415,5:57680271,chr5,57680271,57680271,rs10487613,ACTBL2,2,Jurgens,ACTBL2_locus0,5:57680271
5,57680271,5:57680271:A:G,5,57684237,5:57684237:C:CA,0.810915,3966,5:57680271,chr5,57680271,57680271,rs10487613,ACTBL2,2,Jurgens,ACTBL2_locus0,5:57680271
5,57680271,5:57680271:A:G,5,57685000,5:57685000:A:T,0.98953,4729,5:57680271,chr5,57680271,57680271,rs10487613,ACTBL2,2,Jurgens,ACTBL2_locus0,5:57680271
5,57680271,5:57680271:A:G,5,57685174,5:57685174:G:T,0.83434,4903,5:57680271,chr5,57680271,57680271,rs10487613,ACTBL2,2,Jurgens,ACTBL2_locus0,5:57680271
5,57680271,5:57680271:A:G,5,57686400,5:57686400:G:T,0.844418,6129,5:57680271,chr5,57680271,57680271,rs10487613,ACTBL2,2,Jurgens,ACTBL2_locus0,5:57680271
5,57680271,5:57680271:A:G,5,57686488,5:57686488:C:G,0.98955,6217,5:57680271,chr5,57680271,57680271,rs10487613,ACTBL2,2,Jurgens,ACTBL2_locus0,5:57680271
5,57680271,5:57680271:A:G,5,57686737,5:57686737:C:T,0.844418,6466,5:57680271,chr5,57680271,57680271,rs10487613,ACTBL2,2,Jurgens,ACTBL2_locus0,5:57680271
5,57680271,5:57680271:A:G,5,57687836,5:57687836:T:C,0.83434,7565,5:57680271,chr5,57680271,57680271,rs10487613,ACTBL2,2,Jurgens,ACTBL2_locus0,5:57680271
5,57680271,5:57680271:A:G,5,57688674,5:57688674:T:C,0.98953,8403,5:57680271,chr5,57680271,57680271,rs10487613,ACTBL2,2,Jurgens,ACTBL2_locus0,5:57680271
5,57680271,5:57680271:A:G,5,57688798,5:57688798:G:A,0.844418,8527,5:57680271,chr5,57680271,57680271,rs10487613,ACTBL2,2,Jurgens,ACTBL2_locus0,5:57680271
5,57680271,5:57680271:A:G,5,57689843,5:57689843:T:C,0.83434,9572,5:57680271,chr5,57680271,57680271,rs10487613,ACTBL2,2,Jurgens,ACTBL2_locus0,5:57680271
5,57680271,5:57680271:A:G,5,57690251,5:57690251:C:A,0.83434,9980,5:57680271,chr5,57680271,57680271,rs10487613,ACTBL2,2,Jurgens,ACTBL2_locus0,5:57680271
5,57680271,5:57680271:A:G,5,57690333,5:57690333:C:A,0.959659,10062,5:57680271,chr5,57680271,57680271,rs10487613,ACTBL2,2,Jurgens,ACTBL2_locus0,5:57680271
5,57680271,5:57680271:A:G,5,57690624,5:57690624:C:A,0.870128,10353,5:57680271,chr5,57680271,57680271,rs10487613,ACTBL2,2,Jurgens,ACTBL2_locus0,5:57680271
5,57680271,5:57680271:A:G,5,57690889,5:57690889:T:C,0.821414,10618,5:57680271,chr5,57680271,57680271,rs10487613,ACTBL2,2,Jurgens,ACTBL2_locus0,5:57680271
5,57680271,5:57680271:A:G,5,57693080,5:57693080:T:TA,0.904515,12809,5:57680271,chr5,57680271,57680271,rs10487613,ACTBL2,2,Jurgens,ACTBL2_locus0,5:57680271
5,57680271,5:57680271:A:G,5,57695385,5:57695386:G:GA,0.842395,15114,5:57680271,chr5,57680271,57680271,rs10487613,ACTBL2,2,Jurgens,ACTBL2_locus0,5:57680271
5,57680271,5:57680271:A:G,5,57697463,5:57697463:A:C,0.870128,17192,5:57680271,chr5,57680271,57680271,rs10487613,ACTBL2,2,Jurgens,ACTBL2_locus0,5:57680271
5,57680271,5:57680271:A:G,5,57698702,5:57698702:A:C,0.904515,18431,5:57680271,chr5,57680271,57680271,rs10487613,ACTBL2,2,Jurgens,ACTBL2_locus0,5:57680271
5,57680271,5:57680271:A:G,5,57699211,5:57699211:A:C,0.904515,18940,5:57680271,chr5,57680271,57680271,rs10487613,ACTBL2,2,Jurgens,ACTBL2_locus0,5:57680271
5,57680271,5:57680271:A:G,5,57699822,5:57699822:C:T,0.914845,19551,5:57680271,chr5,57680271,57680271,rs10487613,ACTBL2,2,Jurgens,ACTBL2_locus0,5:57680271
5,57680271,5:57680271:A:G,5,57700364,5:57700364:A:T,0.914845,20093,5:57680271,chr5,57680271,57680271,rs10487613,ACTBL2,2,Jurgens,ACTBL2_locus0,5:57680271
5,57680271,5:57680271:A:G,5,57700733,5:57700733:G:C,0.904515,20462,5:57680271,chr5,57680271,57680271,rs10487613,ACTBL2,2,Jurgens,ACTBL2_locus0,5:57680271
5,57680271,5:57680271:A:G,5,57701274,5:57701274:A:T,0.904515,21003,5:57680271,chr5,57680271,57680271,rs10487613,ACTBL2,2,Jurgens,ACTBL2_locus0,5:57680271
5,57680271,5:57680271:A:G,5,57702028,5:57702028:T:C,0.904515,21757,5:57680271,chr5,57680271,57680271,rs10487613,ACTBL2,2,Jurgens,ACTBL2_locus0,5:57680271
5,57680271,5:57680271:A:G,5,57703866,5:57703866:A:G,0.904515,23595,5:57680271,chr5,57680271,57680271,rs10487613,ACTBL2,2,Jurgens,ACTBL2_locus0,5:57680271
5,57680271,5:57680271:A:G,5,57706502,5:57706502:C:T,0.904515,26231,5:57680271,chr5,57680271,57680271,rs10487613,ACTBL2,2,Jurgens,ACTBL2_locus0,5:57680271
5,57680271,5:57680271:A:G,5,57708128,5:57708128:T:C,0.904515,27857,5:57680271,chr5,57680271,57680271,rs10487613,ACTBL2,2,Jurgens,ACTBL2_locus0,5:57680271
5,57680271,5:57680271:A:G,5,57715577,5:57715577:G:A,0.904515,35306,5:57680271,chr5,57680271,57680271,rs10487613,ACTBL2,2,Jurgens,ACTBL2_locus0,5:57680271
5,57680271,5:57680271:A:G,5,57715642,5:57715642:A:T,0.904515,35371,5:57680271,chr5,57680271,57680271,rs10487613,ACTBL2,2,Jurgens,ACTBL2_locus0,5:57680271
5,57680271,5:57680271:A:G,5,57718369,5:57718369:C:T,0.914845,38098,5:57680271,chr5,57680271,57680271,rs10487613,ACTBL2,2,Jurgens,ACTBL2_locus0,5:57680271
5,57680271,5:57680271:A:G,5,57718473,5:57718473:A:G,0.870128,38202,5:57680271,chr5,57680271,57680271,rs10487613,ACTBL2,2,Jurgens,ACTBL2_locus0,5:57680271
5,57680271,5:57680271:A:G,5,57719100,5:57719100:G:A,0.914845,38829,5:57680271,chr5,57680271,57680271,rs10487613,ACTBL2,2,Jurgens,ACTBL2_locus0,5:57680271
5,57680271,5:57680271:A:G,5,57723264,5:57723264:T:C,0.904515,42993,5:57680271,chr5,57680271,57680271,rs10487613,ACTBL2,2,Jurgens,ACTBL2_locus0,5:57680271
5,57680271,5:57680271:A:G,5,57731815,5:57731815:A:G,0.884172,51544,5:57680271,chr5,57680271,57680271,rs10487613,ACTBL2,2,Jurgens,ACTBL2_locus0,5:57680271
5,57680271,5:57680271:A:G,5,57733441,5:57733441:A:G,0.884172,53170,5:57680271,chr5,57680271,57680271,rs10487613,ACTBL2,2,Jurgens,ACTBL2_locus0,5:57680271
5,57680271,5:57680271:A:G,5,57740394,5:57740394:T:C,0.860793,60123,5:57680271,chr5,57680271,57680271,rs10487613,ACTBL2,2,Jurgens,ACTBL2_locus0,5:57680271
5,57680271,5:57680271:A:G,5,57740824,5:57740824:G:A,0.914845,60553,5:57680271,chr5,57680271,57680271,rs10487613,ACTBL2,2,Jurgens,ACTBL2_locus0,5:57680271
5,133061659,5:133061659:G:A,5,133013962,5:133013962:T:G,0.935537,47697,5:133061659,chr5,133061659,133061659,rs55747751,HSPA4,3,Zheng,HSPA4_locus0,5:133061659
5,133061659,5:133061659:G:A,5,133024961,5:133024961:A:G,0.905537,36698,5:133061659,chr5,133061659,133061659,rs55747751,HSPA4,3,Zheng,HSPA4_locus0,5:133061659
5,133061659,5:133061659:G:A,5,133061659,5:133061659:G:A,1.0,0,5:133061659,chr5,133061659,133061659,rs55747751,HSPA4,3,Zheng,HSPA4_locus0,5:133061659
5,133108436,5:133108436:G:A,5,133091159,5:133091159:GTT:G,1.0,17277,5:133108436,chr5,133108436,133108436,rs72801474,HSPA4,5,both,HSPA4_locus0,5:133108436
5,133108436,5:133108436:G:A,5,133108436,5:133108436:G:A,1.0,0,5:133108436,chr5,133108436,133108436,rs72801474,HSPA4,5,both,HSPA4_locus0,5:133108436
5,139426616,5:139426616:T:G,5,139374887,5:139374887:G:C,0.802712,51729,5:139426616,chr5,139426616,139426616,rs11242465,DNAJC18,3,Jurgens,DNAJC18_locus0,5:139426616
5,139426616,5:139426616:T:G,5,139383969,5:139383969:T:C,0.841025,42647,5:139426616,chr5,139426616,139426616,rs11242465,DNAJC18,3,Jurgens,DNAJC18_locus0,5:139426616
5,139426616,5:139426616:T:G,5,139384419,5:139384419:C:T,0.841025,42197,5:139426616,chr5,139426616,139426616,rs11242465,DNAJC18,3,Jurgens,DNAJC18_locus0,5:139426616
5,139426616,5:139426616:T:G,5,139394348,5:139394348:T:C,0.968262,32268,5:139426616,chr5,139426616,139426616,rs11242465,DNAJC18,3,Jurgens,DNAJC18_locus0,5:139426616
5,139426616,5:139426616:T:G,5,139396414,5:139396414:A:T,0.86247,30202,5:139426616,chr5,139426616,139426616,rs11242465,DNAJC18,3,Jurgens,DNAJC18_locus0,5:139426616
5,139426616,5:139426616:T:G,5,139407567,5:139407567:A:G,0.845318,19049,5:139426616,chr5,139426616,139426616,rs11242465,DNAJC18,3,Jurgens,DNAJC18_locus0,5:139426616
5,139426616,5:139426616:T:G,5,139409996,5:139409996:G:A,0.863883,16620,5:139426616,chr5,139426616,139426616,rs11242465,DNAJC18,3,Jurgens,DNAJC18_locus0,5:139426616
5,139426616,5:139426616:T:G,5,139410645,5:139410645:G:C,0.869309,15971,5:139426616,chr5,139426616,139426616,rs11242465,DNAJC18,3,Jurgens,DNAJC18_locus0,5:139426616
5,139426616,5:139426616:T:G,5,139411771,5:139411771:T:C,0.859188,14845,5:139426616,chr5,139426616,139426616,rs11242465,DNAJC18,3,Jurgens,DNAJC18_locus0,5:139426616
5,139426616,5:139426616:T:G,5,139418036,5:139418036:C:A,0.863883,8580,5:139426616,chr5,139426616,139426616,rs11242465,DNAJC18,3,Jurgens,DNAJC18_locus0,5:139426616
5,139426616,5:139426616:T:G,5,139419052,5:139419052:T:C,0.866208,7564,5:139426616,chr5,139426616,139426616,rs11242465,DNAJC18,3,Jurgens,DNAJC18_locus0,5:139426616
5,139426616,5:139426616:T:G,5,139421136,5:139421136:A:G,0.859188,5480,5:139426616,chr5,139426616,139426616,rs11242465,DNAJC18,3,Jurgens,DNAJC18_locus0,5:139426616
5,139426616,5:139426616:T:G,5,139421723,5:139421723:C:G,0.866208,4893,5:139426616,chr5,139426616,139426616,rs11242465,DNAJC18,3,Jurgens,DNAJC18_locus0,5:139426616
5,139426616,5:139426616:T:G,5,139423390,5:139423390:CT:C,0.87532,3226,5:139426616,chr5,139426616,139426616,rs11242465,DNAJC18,3,Jurgens,DNAJC18_locus0,5:139426616
5,139426616,5:139426616:T:G,5,139426616,5:139426616:T:G,1.0,0,5:139426616,chr5,139426616,139426616,rs11242465,DNAJC18,3,Jurgens,DNAJC18_locus0,5:139426616
5,139426616,5:139426616:T:G,5,139427309,5:139427309:G:A,0.876203,693,5:139426616,chr5,139426616,139426616,rs11242465,DNAJC18,3,Jurgens,DNAJC18_locus0,5:139426616
5,139426616,5:139426616:T:G,5,139434748,5:139434748:T:TTG,0.851479,8132,5:139426616,chr5,139426616,139426616,rs11242465,DNAJC18,3,Jurgens,DNAJC18_locus0,5:139426616
5,139426616,5:139426616:T:G,5,139436491,5:139436491:G:A,0.86835,9875,5:139426616,chr5,139426616,139426616,rs11242465,DNAJC18,3,Jurgens,DNAJC18_locus0,5:139426616
5,139426616,5:139426616:T:G,5,139437401,5:139437401:A:G,0.802525,10785,5:139426616,chr5,139426616,139426616,rs11242465,DNAJC18,3,Jurgens,DNAJC18_locus0,5:139426616
5,139426616,5:139426616:T:G,5,139438185,5:139438185:A:G,0.822718,11569,5:139426616,chr5,139426616,139426616,rs11242465,DNAJC18,3,Jurgens,DNAJC18_locus0,5:139426616
5,139426616,5:139426616:T:G,5,139438315,5:139438315:C:CA,0.813301,11699,5:139426616,chr5,139426616,139426616,rs11242465,DNAJC18,3,Jurgens,DNAJC18_locus0,5:139426616
5,139426616,5:139426616:T:G,5,139438342,5:139438342:AT:A,0.822718,11726,5:139426616,chr5,139426616,139426616,rs11242465,DNAJC18,3,Jurgens,DNAJC18_locus0,5:139426616
5,139426616,5:139426616:T:G,5,139439484,5:139439484:T:C,0.921102,12868,5:139426616,chr5,139426616,139426616,rs11242465,DNAJC18,3,Jurgens,DNAJC18_locus0,5:139426616
5,139426616,5:139426616:T:G,5,139439612,5:139439612:C:T,0.921102,12996,5:139426616,chr5,139426616,139426616,rs11242465,DNAJC18,3,Jurgens,DNAJC18_locus0,5:139426616
5,139426616,5:139426616:T:G,5,139439863,5:139439863:G:T,0.814912,13247,5:139426616,chr5,139426616,139426616,rs11242465,DNAJC18,3,Jurgens,DNAJC18_locus0,5:139426616
5,139437401,5:139437401:A:G,5,139374887,5:139374887:G:C,0.816357,62514,5:139437401,chr5,139437401,139437401,rs10900864,DNAJC18,2,Zheng,DNAJC18_locus0,5:139437401
5,139437401,5:139437401:A:G,5,139383969,5:139383969:T:C,0.852288,53432,5:139437401,chr5,139437401,139437401,rs10900864,DNAJC18,2,Zheng,DNAJC18_locus0,5:139437401
5,139437401,5:139437401:A:G,5,139384419,5:139384419:C:T,0.852288,52982,5:139437401,chr5,139437401,139437401,rs10900864,DNAJC18,2,Zheng,DNAJC18_locus0,5:139437401
5,139437401,5:139437401:A:G,5,139396414,5:139396414:A:T,0.902972,40987,5:139437401,chr5,139437401,139437401,rs10900864,DNAJC18,2,Zheng,DNAJC18_locus0,5:139437401
5,139437401,5:139437401:A:G,5,139396890,5:139396890:C:T,0.834415,40511,5:139437401,chr5,139437401,139437401,rs10900864,DNAJC18,2,Zheng,DNAJC18_locus0,5:139437401
5,139437401,5:139437401:A:G,5,139398122,5:139398122:C:T,0.834415,39279,5:139437401,chr5,139437401,139437401,rs10900864,DNAJC18,2,Zheng,DNAJC18_locus0,5:139437401
5,139437401,5:139437401:A:G,5,139399128,5:139399128:T:C,0.826833,38273,5:139437401,chr5,139437401,139437401,rs10900864,DNAJC18,2,Zheng,DNAJC18_locus0,5:139437401
5,139437401,5:139437401:A:G,5,139399917,5:139399917:C:T,0.834415,37484,5:139437401,chr5,139437401,139437401,rs10900864,DNAJC18,2,Zheng,DNAJC18_locus0,5:139437401
5,139437401,5:139437401:A:G,5,139400806,5:139400806:T:C,0.834415,36595,5:139437401,chr5,139437401,139437401,rs10900864,DNAJC18,2,Zheng,DNAJC18_locus0,5:139437401
5,139437401,5:139437401:A:G,5,139402489,5:139402489:C:T,0.834415,34912,5:139437401,chr5,139437401,139437401,rs10900864,DNAJC18,2,Zheng,DNAJC18_locus0,5:139437401
5,139437401,5:139437401:A:G,5,139402962,5:139402962:T:C,0.834415,34439,5:139437401,chr5,139437401,139437401,rs10900864,DNAJC18,2,Zheng,DNAJC18_locus0,5:139437401
5,139437401,5:139437401:A:G,5,139404799,5:139404799:C:CT,0.820188,32602,5:139437401,chr5,139437401,139437401,rs10900864,DNAJC18,2,Zheng,DNAJC18_locus0,5:139437401
5,139437401,5:139437401:A:G,5,139406123,5:139406123:G:A,0.827795,31278,5:139437401,chr5,139437401,139437401,rs10900864,DNAJC18,2,Zheng,DNAJC18_locus0,5:139437401
5,139437401,5:139437401:A:G,5,139407462,5:139407462:G:T,0.827795,29939,5:139437401,chr5,139437401,139437401,rs10900864,DNAJC18,2,Zheng,DNAJC18_locus0,5:139437401
5,139437401,5:139437401:A:G,5,139407567,5:139407567:A:G,0.88844,29834,5:139437401,chr5,139437401,139437401,rs10900864,DNAJC18,2,Zheng,DNAJC18_locus0,5:139437401
5,139437401,5:139437401:A:G,5,139409996,5:139409996:G:A,0.88917,27405,5:139437401,chr5,139437401,139437401,rs10900864,DNAJC18,2,Zheng,DNAJC18_locus0,5:139437401
5,139437401,5:139437401:A:G,5,139410645,5:139410645:G:C,0.91057,26756,5:139437401,chr5,139437401,139437401,rs10900864,DNAJC18,2,Zheng,DNAJC18_locus0,5:139437401
5,139437401,5:139437401:A:G,5,139411771,5:139411771:T:C,0.889287,25630,5:139437401,chr5,139437401,139437401,rs10900864,DNAJC18,2,Zheng,DNAJC18_locus0,5:139437401
5,139437401,5:139437401:A:G,5,139418036,5:139418036:C:A,0.903602,19365,5:139437401,chr5,139437401,139437401,rs10900864,DNAJC18,2,Zheng,DNAJC18_locus0,5:139437401
5,139437401,5:139437401:A:G,5,139419052,5:139419052:T:C,0.897046,18349,5:139437401,chr5,139437401,139437401,rs10900864,DNAJC18,2,Zheng,DNAJC18_locus0,5:139437401
5,139437401,5:139437401:A:G,5,139421136,5:139421136:A:G,0.903855,16265,5:139437401,chr5,139437401,139437401,rs10900864,DNAJC18,2,Zheng,DNAJC18_locus0,5:139437401
5,139437401,5:139437401:A:G,5,139421723,5:139421723:C:G,0.897046,15678,5:139437401,chr5,139437401,139437401,rs10900864,DNAJC18,2,Zheng,DNAJC18_locus0,5:139437401
5,139437401,5:139437401:A:G,5,139423390,5:139423390:CT:C,0.904457,14011,5:139437401,chr5,139437401,139437401,rs10900864,DNAJC18,2,Zheng,DNAJC18_locus0,5:139437401
5,139437401,5:139437401:A:G,5,139426616,5:139426616:T:G,0.802525,10785,5:139437401,chr5,139437401,139437401,rs10900864,DNAJC18,2,Zheng,DNAJC18_locus0,5:139437401
5,139437401,5:139437401:A:G,5,139426750,5:139426750:A:G,0.847809,10651,5:139437401,chr5,139437401,139437401,rs10900864,DNAJC18,2,Zheng,DNAJC18_locus0,5:139437401
5,139437401,5:139437401:A:G,5,139427309,5:139427309:G:A,0.918228,10092,5:139437401,chr5,139437401,139437401,rs10900864,DNAJC18,2,Zheng,DNAJC18_locus0,5:139437401
5,139437401,5:139437401:A:G,5,139427640,5:139427640:A:G,0.847809,9761,5:139437401,chr5,139437401,139437401,rs10900864,DNAJC18,2,Zheng,DNAJC18_locus0,5:139437401
5,139437401,5:139437401:A:G,5,139428118,5:139428118:T:C,0.831931,9283,5:139437401,chr5,139437401,139437401,rs10900864,DNAJC18,2,Zheng,DNAJC18_locus0,5:139437401
5,139437401,5:139437401:A:G,5,139428226,5:139428226:A:G,0.847809,9175,5:139437401,chr5,139437401,139437401,rs10900864,DNAJC18,2,Zheng,DNAJC18_locus0,5:139437401
5,139437401,5:139437401:A:G,5,139429310,5:139429310:C:T,0.840276,8091,5:139437401,chr5,139437401,139437401,rs10900864,DNAJC18,2,Zheng,DNAJC18_locus0,5:139437401
5,139437401,5:139437401:A:G,5,139431199,5:139431199:C:G,0.854584,6202,5:139437401,chr5,139437401,139437401,rs10900864,DNAJC18,2,Zheng,DNAJC18_locus0,5:139437401
5,139437401,5:139437401:A:G,5,139431876,5:139431876:A:C,0.83878,5525,5:139437401,chr5,139437401,139437401,rs10900864,DNAJC18,2,Zheng,DNAJC18_locus0,5:139437401
5,139437401,5:139437401:A:G,5,139434748,5:139434748:T:TTG,0.897046,2653,5:139437401,chr5,139437401,139437401,rs10900864,DNAJC18,2,Zheng,DNAJC18_locus0,5:139437401
5,139437401,5:139437401:A:G,5,139436491,5:139436491:G:A,0.925947,910,5:139437401,chr5,139437401,139437401,rs10900864,DNAJC18,2,Zheng,DNAJC18_locus0,5:139437401
5,139437401,5:139437401:A:G,5,139437401,5:139437401:A:G,1.0,0,5:139437401,chr5,139437401,139437401,rs10900864,DNAJC18,2,Zheng,DNAJC18_locus0,5:139437401
5,139437401,5:139437401:A:G,5,139438185,5:139438185:A:G,0.977229,784,5:139437401,chr5,139437401,139437401,rs10900864,DNAJC18,2,Zheng,DNAJC18_locus0,5:139437401
5,139437401,5:139437401:A:G,5,139438315,5:139438315:C:CA,0.962685,914,5:139437401,chr5,139437401,139437401,rs10900864,DNAJC18,2,Zheng,DNAJC18_locus0,5:139437401
5,139437401,5:139437401:A:G,5,139438342,5:139438342:AT:A,0.977229,941,5:139437401,chr5,139437401,139437401,rs10900864,DNAJC18,2,Zheng,DNAJC18_locus0,5:139437401
5,139437401,5:139437401:A:G,5,139439863,5:139439863:G:T,0.969656,2462,5:139437401,chr5,139437401,139437401,rs10900864,DNAJC18,2,Zheng,DNAJC18_locus0,5:139437401
5,144140812,5:144140812:A:G,5,144105337,5:144105337:C:T,0.815,35475,5:144140812,chr5,144140812,144140812,rs11167845,YIPF5,3,Jurgens,YIPF5_locus0,5:144140812
5,144140812,5:144140812:A:G,5,144107921,5:144107921:G:A,0.974882,32891,5:144140812,chr5,144140812,144140812,rs11167845,YIPF5,3,Jurgens,YIPF5_locus0,5:144140812
5,144140812,5:144140812:A:G,5,144108332,5:144108332:T:A,0.957853,32480,5:144140812,chr5,144140812,144140812,rs11167845,YIPF5,3,Jurgens,YIPF5_locus0,5:144140812
5,144140812,5:144140812:A:G,5,144109236,5:144109236:T:A,0.974882,31576,5:144140812,chr5,144140812,144140812,rs11167845,YIPF5,3,Jurgens,YIPF5_locus0,5:144140812
5,144140812,5:144140812:A:G,5,144109573,5:144109573:T:A,0.974882,31239,5:144140812,chr5,144140812,144140812,rs11167845,YIPF5,3,Jurgens,YIPF5_locus0,5:144140812
5,144140812,5:144140812:A:G,5,144110485,5:144110485:G:T,0.974882,30327,5:144140812,chr5,144140812,144140812,rs11167845,YIPF5,3,Jurgens,YIPF5_locus0,5:144140812
5,144140812,5:144140812:A:G,5,144112143,5:144112143:A:T,0.974882,28669,5:144140812,chr5,144140812,144140812,rs11167845,YIPF5,3,Jurgens,YIPF5_locus0,5:144140812
5,144140812,5:144140812:A:G,5,144112302,5:144112302:G:T,0.974882,28510,5:144140812,chr5,144140812,144140812,rs11167845,YIPF5,3,Jurgens,YIPF5_locus0,5:144140812
5,144140812,5:144140812:A:G,5,144112457,5:144112457:C:T,0.974882,28355,5:144140812,chr5,144140812,144140812,rs11167845,YIPF5,3,Jurgens,YIPF5_locus0,5:144140812
5,144140812,5:144140812:A:G,5,144112927,5:144112927:A:C,0.974882,27885,5:144140812,chr5,144140812,144140812,rs11167845,YIPF5,3,Jurgens,YIPF5_locus0,5:144140812
5,144140812,5:144140812:A:G,5,144113166,5:144113166:C:T,0.974882,27646,5:144140812,chr5,144140812,144140812,rs11167845,YIPF5,3,Jurgens,YIPF5_locus0,5:144140812
5,144140812,5:144140812:A:G,5,144113299,5:144113299:T:G,0.974882,27513,5:144140812,chr5,144140812,144140812,rs11167845,YIPF5,3,Jurgens,YIPF5_locus0,5:144140812
5,144140812,5:144140812:A:G,5,144113684,5:144113684:TAG:T,0.974882,27128,5:144140812,chr5,144140812,144140812,rs11167845,YIPF5,3,Jurgens,YIPF5_locus0,5:144140812
5,144140812,5:144140812:A:G,5,144114732,5:144114732:G:A,0.974882,26080,5:144140812,chr5,144140812,144140812,rs11167845,YIPF5,3,Jurgens,YIPF5_locus0,5:144140812
5,144140812,5:144140812:A:G,5,144120269,5:144120269:G:A,0.974882,20543,5:144140812,chr5,144140812,144140812,rs11167845,YIPF5,3,Jurgens,YIPF5_locus0,5:144140812
5,144140812,5:144140812:A:G,5,144123372,5:144123372:T:C,0.974882,17440,5:144140812,chr5,144140812,144140812,rs11167845,YIPF5,3,Jurgens,YIPF5_locus0,5:144140812
5,144140812,5:144140812:A:G,5,144123442,5:144123442:G:A,0.974882,17370,5:144140812,chr5,144140812,144140812,rs11167845,YIPF5,3,Jurgens,YIPF5_locus0,5:144140812
5,144140812,5:144140812:A:G,5,144124445,5:144124445:T:C,0.974882,16367,5:144140812,chr5,144140812,144140812,rs11167845,YIPF5,3,Jurgens,YIPF5_locus0,5:144140812
5,144140812,5:144140812:A:G,5,144124537,5:144124537:A:G,0.974882,16275,5:144140812,chr5,144140812,144140812,rs11167845,YIPF5,3,Jurgens,YIPF5_locus0,5:144140812
5,144140812,5:144140812:A:G,5,144126931,5:144126931:T:C,0.974882,13881,5:144140812,chr5,144140812,144140812,rs11167845,YIPF5,3,Jurgens,YIPF5_locus0,5:144140812
5,144140812,5:144140812:A:G,5,144127264,5:144127264:G:T,0.974882,13548,5:144140812,chr5,144140812,144140812,rs11167845,YIPF5,3,Jurgens,YIPF5_locus0,5:144140812
5,144140812,5:144140812:A:G,5,144127416,5:144127416:G:T,0.974882,13396,5:144140812,chr5,144140812,144140812,rs11167845,YIPF5,3,Jurgens,YIPF5_locus0,5:144140812
5,144140812,5:144140812:A:G,5,144127860,5:144127860:G:A,0.807697,12952,5:144140812,chr5,144140812,144140812,rs11167845,YIPF5,3,Jurgens,YIPF5_locus0,5:144140812
5,144140812,5:144140812:A:G,5,144128599,5:144128599:A:T,0.974882,12213,5:144140812,chr5,144140812,144140812,rs11167845,YIPF5,3,Jurgens,YIPF5_locus0,5:144140812
5,144140812,5:144140812:A:G,5,144128833,5:144128833:TA:T,0.901128,11979,5:144140812,chr5,144140812,144140812,rs11167845,YIPF5,3,Jurgens,YIPF5_locus0,5:144140812
5,144140812,5:144140812:A:G,5,144129163,5:144129163:C:A,0.966701,11649,5:144140812,chr5,144140812,144140812,rs11167845,YIPF5,3,Jurgens,YIPF5_locus0,5:144140812
5,144140812,5:144140812:A:G,5,144129934,5:144129934:G:T,0.974882,10878,5:144140812,chr5,144140812,144140812,rs11167845,YIPF5,3,Jurgens,YIPF5_locus0,5:144140812
5,144140812,5:144140812:A:G,5,144131259,5:144131259:A:G,0.974882,9553,5:144140812,chr5,144140812,144140812,rs11167845,YIPF5,3,Jurgens,YIPF5_locus0,5:144140812
5,144140812,5:144140812:A:G,5,144132074,5:144132074:C:CT,0.974882,8738,5:144140812,chr5,144140812,144140812,rs11167845,YIPF5,3,Jurgens,YIPF5_locus0,5:144140812
5,144140812,5:144140812:A:G,5,144134703,5:144134703:C:T,0.974882,6109,5:144140812,chr5,144140812,144140812,rs11167845,YIPF5,3,Jurgens,YIPF5_locus0,5:144140812
5,144140812,5:144140812:A:G,5,144134828,5:144134828:C:T,0.966326,5984,5:144140812,chr5,144140812,144140812,rs11167845,YIPF5,3,Jurgens,YIPF5_locus0,5:144140812
5,144140812,5:144140812:A:G,5,144135482,HGSV_86014,0.974882,5330,5:144140812,chr5,144140812,144140812,rs11167845,YIPF5,3,Jurgens,YIPF5_locus0,5:144140812
5,144140812,5:144140812:A:G,5,144136097,5:144136097:T:C,0.974882,4715,5:144140812,chr5,144140812,144140812,rs11167845,YIPF5,3,Jurgens,YIPF5_locus0,5:144140812
5,144140812,5:144140812:A:G,5,144136712,5:144136712:A:T,0.974882,4100,5:144140812,chr5,144140812,144140812,rs11167845,YIPF5,3,Jurgens,YIPF5_locus0,5:144140812
5,144140812,5:144140812:A:G,5,144136848,5:144136848:A:T,0.974882,3964,5:144140812,chr5,144140812,144140812,rs11167845,YIPF5,3,Jurgens,YIPF5_locus0,5:144140812
5,144140812,5:144140812:A:G,5,144138458,5:144138458:A:G,0.835001,2354,5:144140812,chr5,144140812,144140812,rs11167845,YIPF5,3,Jurgens,YIPF5_locus0,5:144140812
5,144140812,5:144140812:A:G,5,144138752,5:144138752:C:A,0.974882,2060,5:144140812,chr5,144140812,144140812,rs11167845,YIPF5,3,Jurgens,YIPF5_locus0,5:144140812
5,144140812,5:144140812:A:G,5,144138819,5:144138819:T:G,0.974882,1993,5:144140812,chr5,144140812,144140812,rs11167845,YIPF5,3,Jurgens,YIPF5_locus0,5:144140812
5,144140812,5:144140812:A:G,5,144139088,5:144139088:G:A,0.974882,1724,5:144140812,chr5,144140812,144140812,rs11167845,YIPF5,3,Jurgens,YIPF5_locus0,5:144140812
5,144140812,5:144140812:A:G,5,144139803,5:144139803:T:G,0.974882,1009,5:144140812,chr5,144140812,144140812,rs11167845,YIPF5,3,Jurgens,YIPF5_locus0,5:144140812
5,144140812,5:144140812:A:G,5,144140812,5:144140812:A:G,1.0,0,5:144140812,chr5,144140812,144140812,rs11167845,YIPF5,3,Jurgens,YIPF5_locus0,5:144140812
5,144140812,5:144140812:A:G,5,144143025,5:144143025:C:T,0.966459,2213,5:144140812,chr5,144140812,144140812,rs11167845,YIPF5,3,Jurgens,YIPF5_locus0,5:144140812
6,36679512,6:36679512:G:A,6,36678191,6:36678191:G:C,0.973522,1321,6:36679512,chr6,36679512,36679512,rs3176326,CDKN1A,2,both,CDKN1A_locus0,6:36679512
6,36679512,6:36679512:G:A,6,36678211,6:36678211:G:C,0.973522,1301,6:36679512,chr6,36679512,36679512,rs3176326,CDKN1A,2,both,CDKN1A_locus0,6:36679512
6,36679512,6:36679512:G:A,6,36678991,6:36678991:C:CTA,0.98663,521,6:36679512,chr6,36679512,36679512,rs3176326,CDKN1A,2,both,CDKN1A_locus0,6:36679512
6,36679512,6:36679512:G:A,6,36679512,6:36679512:G:A,1.0,0,6:36679512,chr6,36679512,36679512,rs3176326,CDKN1A,2,both,CDKN1A_locus0,6:36679512
6,36679512,6:36679512:G:A,6,36680287,6:36680287:CGCGT:C,0.973176,775,6:36679512,chr6,36679512,36679512,rs3176326,CDKN1A,2,both,CDKN1A_locus0,6:36679512
6,54092790,6:54092790:T:C,6,54034543,6:54034543:C:T,0.920358,58247,6:54092790,chr6,54092790,54092790,rs625899,MLIP,4,Jurgens,MLIP_locus0,6:54092790
6,54092790,6:54092790:T:C,6,54036531,6:54036531:G:A,0.888755,56259,6:54092790,chr6,54092790,54092790,rs625899,MLIP,4,Jurgens,MLIP_locus0,6:54092790
6,54092790,6:54092790:T:C,6,54038045,6:54038045:G:A,0.920198,54745,6:54092790,chr6,54092790,54092790,rs625899,MLIP,4,Jurgens,MLIP_locus0,6:54092790
6,54092790,6:54092790:T:C,6,54038354,6:54038354:G:A,0.912434,54436,6:54092790,chr6,54092790,54092790,rs625899,MLIP,4,Jurgens,MLIP_locus0,6:54092790
6,54092790,6:54092790:T:C,6,54039549,6:54039549:T:C,0.912434,53241,6:54092790,chr6,54092790,54092790,rs625899,MLIP,4,Jurgens,MLIP_locus0,6:54092790
6,54092790,6:54092790:T:C,6,54046190,6:54046190:T:G,0.912434,46600,6:54092790,chr6,54092790,54092790,rs625899,MLIP,4,Jurgens,MLIP_locus0,6:54092790
6,54092790,6:54092790:T:C,6,54047815,6:54047815:C:T,0.920358,44975,6:54092790,chr6,54092790,54092790,rs625899,MLIP,4,Jurgens,MLIP_locus0,6:54092790
6,54092790,6:54092790:T:C,6,54056876,6:54056876:T:C,0.936112,35914,6:54092790,chr6,54092790,54092790,rs625899,MLIP,4,Jurgens,MLIP_locus0,6:54092790
6,54092790,6:54092790:T:C,6,54059899,6:54059899:T:C,0.936112,32891,6:54092790,chr6,54092790,54092790,rs625899,MLIP,4,Jurgens,MLIP_locus0,6:54092790
6,54092790,6:54092790:T:C,6,54074926,6:54074926:A:G,0.983931,17864,6:54092790,chr6,54092790,54092790,rs625899,MLIP,4,Jurgens,MLIP_locus0,6:54092790
6,54092790,6:54092790:T:C,6,54081393,6:54081393:AT:A,1.0,11397,6:54092790,chr6,54092790,54092790,rs625899,MLIP,4,Jurgens,MLIP_locus0,6:54092790
6,54092790,6:54092790:T:C,6,54086067,6:54086067:G:A,1.0,6723,6:54092790,chr6,54092790,54092790,rs625899,MLIP,4,Jurgens,MLIP_locus0,6:54092790
6,54092790,6:54092790:T:C,6,54087816,6:54087817:C:CTT,0.930677,4974,6:54092790,chr6,54092790,54092790,rs625899,MLIP,4,Jurgens,MLIP_locus0,6:54092790
6,54092790,6:54092790:T:C,6,54092790,6:54092790:T:C,1.0,0,6:54092790,chr6,54092790,54092790,rs625899,MLIP,4,Jurgens,MLIP_locus0,6:54092790
6,90502416,6:90502416:C:A,6,90502150,6:90502150:T:A,0.914582,266,6:90502416,chr6,90502416,90502416,rs205653,MAP3K7,4,both,MAP3K7_locus0,6:90502416
6,90502416,6:90502416:C:A,6,90502319,6:90502319:A:AAAAAC,0.872489,97,6:90502416,chr6,90502416,90502416,rs205653,MAP3K7,4,both,MAP3K7_locus0,6:90502416
6,90502416,6:90502416:C:A,6,90502416,6:90502416:C:A,1.0,0,6:90502416,chr6,90502416,90502416,rs205653,MAP3K7,4,both,MAP3K7_locus0,6:90502416
6,90502416,6:90502416:C:A,6,90503290,6:90503290:C:A,0.986557,874,6:90502416,chr6,90502416,90502416,rs205653,MAP3K7,4,both,MAP3K7_locus0,6:90502416
6,90502416,6:90502416:C:A,6,90504135,6:90504135:AAT:A,0.986557,1719,6:90502416,chr6,90502416,90502416,rs205653,MAP3K7,4,both,MAP3K7_locus0,6:90502416
6,90502416,6:90502416:C:A,6,90504143,6:90504143:A:AG,0.986557,1727,6:90502416,chr6,90502416,90502416,rs205653,MAP3K7,4,both,MAP3K7_locus0,6:90502416
6,90502416,6:90502416:C:A,6,90504146,6:90504146:AG:A,0.986557,1730,6:90502416,chr6,90502416,90502416,rs205653,MAP3K7,4,both,MAP3K7_locus0,6:90502416
6,90502416,6:90502416:C:A,6,90504531,6:90504531:A:G,0.979859,2115,6:90502416,chr6,90502416,90502416,rs205653,MAP3K7,4,both,MAP3K7_locus0,6:90502416
6,90502416,6:90502416:C:A,6,90508718,6:90508718:CTT:C,0.946462,6302,6:90502416,chr6,90502416,90502416,rs205653,MAP3K7,4,both,MAP3K7_locus0,6:90502416
6,90502416,6:90502416:C:A,6,90508754,6:90508754:A:C,0.986557,6338,6:90502416,chr6,90502416,90502416,rs205653,MAP3K7,4,both,MAP3K7_locus0,6:90502416
6,90502416,6:90502416:C:A,6,90511765,6:90511765:C:G,0.941758,9349,6:90502416,chr6,90502416,90502416,rs205653,MAP3K7,4,both,MAP3K7_locus0,6:90502416
6,118381458,6:118381458:C:T,6,118359211,6:118359211:C:T,0.862893,22247,6:118381458,chr6,118381458,118381458,rs57912492,PLN,3,Jurgens,PLN_locus0,6:118381458
6,118381458,6:118381458:C:T,6,118381458,6:118381458:C:T,1.0,0,6:118381458,chr6,118381458,118381458,rs57912492,PLN,3,Jurgens,PLN_locus0,6:118381458
6,118381458,6:118381458:C:T,6,118382371,6:118382371:T:C,1.0,913,6:118381458,chr6,118381458,118381458,rs57912492,PLN,3,Jurgens,PLN_locus0,6:118381458
6,118381458,6:118381458:C:T,6,118385480,6:118385480:C:T,0.911942,4022,6:118381458,chr6,118381458,118381458,rs57912492,PLN,3,Jurgens,PLN_locus0,6:118381458
6,118381458,6:118381458:C:T,6,118393067,6:118393067:C:CAA,0.905777,11609,6:118381458,chr6,118381458,118381458,rs57912492,PLN,3,Jurgens,PLN_locus0,6:118381458
6,118381458,6:118381458:C:T,6,118400465,6:118400465:A:G,0.888381,19007,6:118381458,chr6,118381458,118381458,rs57912492,PLN,3,Jurgens,PLN_locus0,6:118381458
6,118381458,6:118381458:C:T,6,118420219,6:118420219:T:C,0.888381,38761,6:118381458,chr6,118381458,118381458,rs57912492,PLN,3,Jurgens,PLN_locus0,6:118381458
6,118381458,6:118381458:C:T,6,118435825,6:118435825:A:G,0.888381,54367,6:118381458,chr6,118381458,118381458,rs57912492,PLN,3,Jurgens,PLN_locus0,6:118381458
6,118381458,6:118381458:C:T,6,118451043,6:118451044:A:ATT,0.861282,69585,6:118381458,chr6,118381458,118381458,rs57912492,PLN,3,Jurgens,PLN_locus0,6:118381458
6,118381458,6:118381458:C:T,6,118451420,6:118451420:T:C,0.888381,69962,6:118381458,chr6,118381458,118381458,rs57912492,PLN,3,Jurgens,PLN_locus0,6:118381458
6,118381458,6:118381458:C:T,6,118460150,6:118460150:C:CAAAAA,0.873516,78692,6:118381458,chr6,118381458,118381458,rs57912492,PLN,3,Jurgens,PLN_locus0,6:118381458
6,118381458,6:118381458:C:T,6,118467489,6:118467489:G:T,0.888381,86031,6:118381458,chr6,118381458,118381458,rs57912492,PLN,3,Jurgens,PLN_locus0,6:118381458
6,118381458,6:118381458:C:T,6,118467823,6:118467823:G:A,0.888381,86365,6:118381458,chr6,118381458,118381458,rs57912492,PLN,3,Jurgens,PLN_locus0,6:118381458
6,118381458,6:118381458:C:T,6,118468096,6:118468096:C:T,0.888381,86638,6:118381458,chr6,118381458,118381458,rs57912492,PLN,3,Jurgens,PLN_locus0,6:118381458
6,118381458,6:118381458:C:T,6,118468671,6:118468671:T:C,0.888381,87213,6:118381458,chr6,118381458,118381458,rs57912492,PLN,3,Jurgens,PLN_locus0,6:118381458
6,118381458,6:118381458:C:T,6,118473527,6:118473527:C:A,0.880696,92069,6:118381458,chr6,118381458,118381458,rs57912492,PLN,3,Jurgens,PLN_locus0,6:118381458
6,118381458,6:118381458:C:T,6,118483301,6:118483301:A:AAT,0.881618,101843,6:118381458,chr6,118381458,118381458,rs57912492,PLN,3,Jurgens,PLN_locus0,6:118381458
6,118381458,6:118381458:C:T,6,118492157,6:118492157:C:A,0.881618,110699,6:118381458,chr6,118381458,118381458,rs57912492,PLN,3,Jurgens,PLN_locus0,6:118381458
6,118381458,6:118381458:C:T,6,118502812,6:118502812:A:G,0.881618,121354,6:118381458,chr6,118381458,118381458,rs57912492,PLN,3,Jurgens,PLN_locus0,6:118381458
6,118381458,6:118381458:C:T,6,118514380,6:118514380:C:T,0.881618,132922,6:118381458,chr6,118381458,118381458,rs57912492,PLN,3,Jurgens,PLN_locus0,6:118381458
6,118381458,6:118381458:C:T,6,118516105,6:118516105:T:C,0.888381,134647,6:118381458,chr6,118381458,118381458,rs57912492,PLN,3,Jurgens,PLN_locus0,6:118381458
6,118381458,6:118381458:C:T,6,118517918,6:118517918:C:G,0.888381,136460,6:118381458,chr6,118381458,118381458,rs57912492,PLN,3,Jurgens,PLN_locus0,6:118381458
6,118381458,6:118381458:C:T,6,118518324,6:118518324:C:T,0.881618,136866,6:118381458,chr6,118381458,118381458,rs57912492,PLN,3,Jurgens,PLN_locus0,6:118381458
6,118381458,6:118381458:C:T,6,118527636,6:118527636:A:C,0.866978,146178,6:118381458,chr6,118381458,118381458,rs57912492,PLN,3,Jurgens,PLN_locus0,6:118381458
6,118381458,6:118381458:C:T,6,118555376,6:118555376:C:T,0.882388,173918,6:118381458,chr6,118381458,118381458,rs57912492,PLN,3,Jurgens,PLN_locus0,6:118381458
6,118381458,6:118381458:C:T,6,118562654,6:118562654:C:T,0.875591,181196,6:118381458,chr6,118381458,118381458,rs57912492,PLN,3,Jurgens,PLN_locus0,6:118381458
6,118381458,6:118381458:C:T,6,118565452,6:118565452:T:C,0.882388,183994,6:118381458,chr6,118381458,118381458,rs57912492,PLN,3,Jurgens,PLN_locus0,6:118381458
6,118381458,6:118381458:C:T,6,118570957,6:118570957:A:C,0.882388,189499,6:118381458,chr6,118381458,118381458,rs57912492,PLN,3,Jurgens,PLN_locus0,6:118381458
6,118381458,6:118381458:C:T,6,118573108,6:118573108:G:T,0.882388,191650,6:118381458,chr6,118381458,118381458,rs57912492,PLN,3,Jurgens,PLN_locus0,6:118381458
6,118381458,6:118381458:C:T,6,118579777,6:118579777:C:A,0.875591,198319,6:118381458,chr6,118381458,118381458,rs57912492,PLN,3,Jurgens,PLN_locus0,6:118381458
6,118381458,6:118381458:C:T,6,118611901,6:118611901:AG:A,0.882388,230443,6:118381458,chr6,118381458,118381458,rs57912492,PLN,3,Jurgens,PLN_locus0,6:118381458
6,118381458,6:118381458:C:T,6,118632211,6:118632211:G:A,0.882388,250753,6:118381458,chr6,118381458,118381458,rs57912492,PLN,3,Jurgens,PLN_locus0,6:118381458
6,118381458,6:118381458:C:T,6,118641577,6:118641577:T:C,0.882388,260119,6:118381458,chr6,118381458,118381458,rs57912492,PLN,3,Jurgens,PLN_locus0,6:118381458
6,118381458,6:118381458:C:T,6,118656605,6:118656605:C:G,0.882388,275147,6:118381458,chr6,118381458,118381458,rs57912492,PLN,3,Jurgens,PLN_locus0,6:118381458
6,118381458,6:118381458:C:T,6,118657732,6:118657732:GC:G,0.882388,276274,6:118381458,chr6,118381458,118381458,rs57912492,PLN,3,Jurgens,PLN_locus0,6:118381458
6,118381458,6:118381458:C:T,6,118659393,6:118659393:G:C,0.882388,277935,6:118381458,chr6,118381458,118381458,rs57912492,PLN,3,Jurgens,PLN_locus0,6:118381458
6,118381458,6:118381458:C:T,6,118662518,6:118662518:G:C,0.882388,281060,6:118381458,chr6,118381458,118381458,rs57912492,PLN,3,Jurgens,PLN_locus0,6:118381458
6,118381458,6:118381458:C:T,6,118665035,6:118665035:G:A,0.882388,283577,6:118381458,chr6,118381458,118381458,rs57912492,PLN,3,Jurgens,PLN_locus0,6:118381458
6,118381458,6:118381458:C:T,6,118666989,6:118666989:C:T,0.882388,285531,6:118381458,chr6,118381458,118381458,rs57912492,PLN,3,Jurgens,PLN_locus0,6:118381458
6,118381458,6:118381458:C:T,6,118667199,6:118667199:A:G,0.882388,285741,6:118381458,chr6,118381458,118381458,rs57912492,PLN,3,Jurgens,PLN_locus0,6:118381458
6,149801509,6:149801509:G:A,6,149553763,6:149553763:T:G,0.909091,247746,6:149801509,chr6,149801509,149801509,rs9322223,LATS1,3,Zheng,LATS1_locus0,6:149801509
6,149801509,6:149801509:G:A,6,149556109,6:149556109:A:G,0.909091,245400,6:149801509,chr6,149801509,149801509,rs9322223,LATS1,3,Zheng,LATS1_locus0,6:149801509
6,149801509,6:149801509:G:A,6,149558971,6:149558971:T:C,0.901702,242538,6:149801509,chr6,149801509,149801509,rs9322223,LATS1,3,Zheng,LATS1_locus0,6:149801509
6,149801509,6:149801509:G:A,6,149563244,6:149563244:T:C,0.902935,238265,6:149801509,chr6,149801509,149801509,rs9322223,LATS1,3,Zheng,LATS1_locus0,6:149801509
6,149801509,6:149801509:G:A,6,149563461,6:149563461:T:C,0.902935,238048,6:149801509,chr6,149801509,149801509,rs9322223,LATS1,3,Zheng,LATS1_locus0,6:149801509
6,149801509,6:149801509:G:A,6,149565339,6:149565339:A:G,0.812812,236170,6:149801509,chr6,149801509,149801509,rs9322223,LATS1,3,Zheng,LATS1_locus0,6:149801509
6,149801509,6:149801509:G:A,6,149566308,6:149566308:T:C,0.827971,235201,6:149801509,chr6,149801509,149801509,rs9322223,LATS1,3,Zheng,LATS1_locus0,6:149801509
6,149801509,6:149801509:G:A,6,149567128,6:149567128:G:A,0.909091,234381,6:149801509,chr6,149801509,149801509,rs9322223,LATS1,3,Zheng,LATS1_locus0,6:149801509
6,149801509,6:149801509:G:A,6,149569337,6:149569338:C:CTT,0.843297,232172,6:149801509,chr6,149801509,149801509,rs9322223,LATS1,3,Zheng,LATS1_locus0,6:149801509
6,149801509,6:149801509:G:A,6,149570534,6:149570534:CAA:C,0.849048,230975,6:149801509,chr6,149801509,149801509,rs9322223,LATS1,3,Zheng,LATS1_locus0,6:149801509
6,149801509,6:149801509:G:A,6,149572078,6:149572078:A:AAAAT,0.88262,229431,6:149801509,chr6,149801509,149801509,rs9322223,LATS1,3,Zheng,LATS1_locus0,6:149801509
6,149801509,6:149801509:G:A,6,149575182,6:149575182:T:C,0.876634,226327,6:149801509,chr6,149801509,149801509,rs9322223,LATS1,3,Zheng,LATS1_locus0,6:149801509
6,149801509,6:149801509:G:A,6,149575540,6:149575540:C:G,0.896757,225969,6:149801509,chr6,149801509,149801509,rs9322223,LATS1,3,Zheng,LATS1_locus0,6:149801509
6,149801509,6:149801509:G:A,6,149576319,6:149576319:A:G,0.950535,225190,6:149801509,chr6,149801509,149801509,rs9322223,LATS1,3,Zheng,LATS1_locus0,6:149801509
6,149801509,6:149801509:G:A,6,149579515,6:149579515:ACT:A,0.865592,221994,6:149801509,chr6,149801509,149801509,rs9322223,LATS1,3,Zheng,LATS1_locus0,6:149801509
6,149801509,6:149801509:G:A,6,149582978,6:149582978:T:TGTA,0.922389,218531,6:149801509,chr6,149801509,149801509,rs9322223,LATS1,3,Zheng,LATS1_locus0,6:149801509
6,149801509,6:149801509:G:A,6,149585576,6:149585576:T:G,0.881997,215933,6:149801509,chr6,149801509,149801509,rs9322223,LATS1,3,Zheng,LATS1_locus0,6:149801509
6,149801509,6:149801509:G:A,6,149588241,6:149588241:T:G,0.909863,213268,6:149801509,chr6,149801509,149801509,rs9322223,LATS1,3,Zheng,LATS1_locus0,6:149801509
6,149801509,6:149801509:G:A,6,149588797,6:149588797:T:C,0.903054,212712,6:149801509,chr6,149801509,149801509,rs9322223,LATS1,3,Zheng,LATS1_locus0,6:149801509
6,149801509,6:149801509:G:A,6,149589051,6:149589051:G:A,0.859748,212458,6:149801509,chr6,149801509,149801509,rs9322223,LATS1,3,Zheng,LATS1_locus0,6:149801509
6,149801509,6:149801509:G:A,6,149591721,6:149591721:C:CT,0.870077,209788,6:149801509,chr6,149801509,149801509,rs9322223,LATS1,3,Zheng,LATS1_locus0,6:149801509
6,149801509,6:149801509:G:A,6,149592448,6:149592448:C:T,0.853983,209061,6:149801509,chr6,149801509,149801509,rs9322223,LATS1,3,Zheng,LATS1_locus0,6:149801509
6,149801509,6:149801509:G:A,6,149592731,6:149592731:T:G,0.865592,208778,6:149801509,chr6,149801509,149801509,rs9322223,LATS1,3,Zheng,LATS1_locus0,6:149801509
6,149801509,6:149801509:G:A,6,149593202,6:149593202:GA:G,0.865592,208307,6:149801509,chr6,149801509,149801509,rs9322223,LATS1,3,Zheng,LATS1_locus0,6:149801509
6,149801509,6:149801509:G:A,6,149593917,6:149593917:C:T,0.865592,207592,6:149801509,chr6,149801509,149801509,rs9322223,LATS1,3,Zheng,LATS1_locus0,6:149801509
6,149801509,6:149801509:G:A,6,149594582,6:149594583:CA:C,0.858798,206927,6:149801509,chr6,149801509,149801509,rs9322223,LATS1,3,Zheng,LATS1_locus0,6:149801509
6,149801509,6:149801509:G:A,6,149594921,6:149594921:T:A,0.943212,206588,6:149801509,chr6,149801509,149801509,rs9322223,LATS1,3,Zheng,LATS1_locus0,6:149801509
6,149801509,6:149801509:G:A,6,149596021,6:149596021:G:A,0.865592,205488,6:149801509,chr6,149801509,149801509,rs9322223,LATS1,3,Zheng,LATS1_locus0,6:149801509
6,149801509,6:149801509:G:A,6,149596311,6:149596311:G:A,0.865592,205198,6:149801509,chr6,149801509,149801509,rs9322223,LATS1,3,Zheng,LATS1_locus0,6:149801509
6,149801509,6:149801509:G:A,6,149596392,6:149596392:A:G,0.943212,205117,6:149801509,chr6,149801509,149801509,rs9322223,LATS1,3,Zheng,LATS1_locus0,6:149801509
6,149801509,6:149801509:G:A,6,149598007,6:149598007:T:G,0.943212,203502,6:149801509,chr6,149801509,149801509,rs9322223,LATS1,3,Zheng,LATS1_locus0,6:149801509
6,149801509,6:149801509:G:A,6,149598747,6:149598747:AAAC:A,0.865592,202762,6:149801509,chr6,149801509,149801509,rs9322223,LATS1,3,Zheng,LATS1_locus0,6:149801509
6,149801509,6:149801509:G:A,6,149599113,6:149599113:C:T,0.858798,202396,6:149801509,chr6,149801509,149801509,rs9322223,LATS1,3,Zheng,LATS1_locus0,6:149801509
6,149801509,6:149801509:G:A,6,149600252,6:149600252:G:A,0.943541,201257,6:149801509,chr6,149801509,149801509,rs9322223,LATS1,3,Zheng,LATS1_locus0,6:149801509
6,149801509,6:149801509:G:A,6,149600770,6:149600771:T:TAA,0.891114,200739,6:149801509,chr6,149801509,149801509,rs9322223,LATS1,3,Zheng,LATS1_locus0,6:149801509
6,149801509,6:149801509:G:A,6,149600862,6:149600862:G:A,0.909863,200647,6:149801509,chr6,149801509,149801509,rs9322223,LATS1,3,Zheng,LATS1_locus0,6:149801509
6,149801509,6:149801509:G:A,6,149603650,6:149603650:A:T,0.909863,197859,6:149801509,chr6,149801509,149801509,rs9322223,LATS1,3,Zheng,LATS1_locus0,6:149801509
6,149801509,6:149801509:G:A,6,149607655,6:149607655:C:T,0.943212,193854,6:149801509,chr6,149801509,149801509,rs9322223,LATS1,3,Zheng,LATS1_locus0,6:149801509
6,149801509,6:149801509:G:A,6,149608038,6:149608038:C:A,0.916885,193471,6:149801509,chr6,149801509,149801509,rs9322223,LATS1,3,Zheng,LATS1_locus0,6:149801509
6,149801509,6:149801509:G:A,6,149609680,6:149609680:A:G,0.909863,191829,6:149801509,chr6,149801509,149801509,rs9322223,LATS1,3,Zheng,LATS1_locus0,6:149801509
6,149801509,6:149801509:G:A,6,149610982,6:149610982:A:G,0.909863,190527,6:149801509,chr6,149801509,149801509,rs9322223,LATS1,3,Zheng,LATS1_locus0,6:149801509
6,149801509,6:149801509:G:A,6,149612718,6:149612718:C:T,0.909863,188791,6:149801509,chr6,149801509,149801509,rs9322223,LATS1,3,Zheng,LATS1_locus0,6:149801509
6,149801509,6:149801509:G:A,6,149613040,6:149613040:T:C,0.909863,188469,6:149801509,chr6,149801509,149801509,rs9322223,LATS1,3,Zheng,LATS1_locus0,6:149801509
6,149801509,6:149801509:G:A,6,149613041,6:149613041:G:A,0.909863,188468,6:149801509,chr6,149801509,149801509,rs9322223,LATS1,3,Zheng,LATS1_locus0,6:149801509
6,149801509,6:149801509:G:A,6,149613143,6:149613143:G:A,0.909863,188366,6:149801509,chr6,149801509,149801509,rs9322223,LATS1,3,Zheng,LATS1_locus0,6:149801509
6,149801509,6:149801509:G:A,6,149613607,6:149613607:T:C,0.936885,187902,6:149801509,chr6,149801509,149801509,rs9322223,LATS1,3,Zheng,LATS1_locus0,6:149801509
6,149801509,6:149801509:G:A,6,149616188,6:149616188:C:T,0.936885,185321,6:149801509,chr6,149801509,149801509,rs9322223,LATS1,3,Zheng,LATS1_locus0,6:149801509
6,149801509,6:149801509:G:A,6,149616860,6:149616860:T:C,0.936885,184649,6:149801509,chr6,149801509,149801509,rs9322223,LATS1,3,Zheng,LATS1_locus0,6:149801509
6,149801509,6:149801509:G:A,6,149616921,6:149616921:A:C,0.936885,184588,6:149801509,chr6,149801509,149801509,rs9322223,LATS1,3,Zheng,LATS1_locus0,6:149801509
6,149801509,6:149801509:G:A,6,149617659,6:149617659:A:G,0.936885,183850,6:149801509,chr6,149801509,149801509,rs9322223,LATS1,3,Zheng,LATS1_locus0,6:149801509
6,149801509,6:149801509:G:A,6,149617860,6:149617860:T:C,0.929824,183649,6:149801509,chr6,149801509,149801509,rs9322223,LATS1,3,Zheng,LATS1_locus0,6:149801509
6,149801509,6:149801509:G:A,6,149617914,6:149617914:T:C,0.929824,183595,6:149801509,chr6,149801509,149801509,rs9322223,LATS1,3,Zheng,LATS1_locus0,6:149801509
6,149801509,6:149801509:G:A,6,149617989,6:149617989:A:T,0.909234,183520,6:149801509,chr6,149801509,149801509,rs9322223,LATS1,3,Zheng,LATS1_locus0,6:149801509
6,149801509,6:149801509:G:A,6,149618427,6:149618427:G:A,0.936885,183082,6:149801509,chr6,149801509,149801509,rs9322223,LATS1,3,Zheng,LATS1_locus0,6:149801509
6,149801509,6:149801509:G:A,6,149618465,6:149618465:G:A,0.936885,183044,6:149801509,chr6,149801509,149801509,rs9322223,LATS1,3,Zheng,LATS1_locus0,6:149801509
6,149801509,6:149801509:G:A,6,149618888,6:149618888:T:C,0.936885,182621,6:149801509,chr6,149801509,149801509,rs9322223,LATS1,3,Zheng,LATS1_locus0,6:149801509
6,149801509,6:149801509:G:A,6,149619645,6:149619645:T:G,0.936885,181864,6:149801509,chr6,149801509,149801509,rs9322223,LATS1,3,Zheng,LATS1_locus0,6:149801509
6,149801509,6:149801509:G:A,6,149619960,6:149619960:TATAC:T,0.936885,181549,6:149801509,chr6,149801509,149801509,rs9322223,LATS1,3,Zheng,LATS1_locus0,6:149801509
6,149801509,6:149801509:G:A,6,149620161,6:149620161:C:G,0.936885,181348,6:149801509,chr6,149801509,149801509,rs9322223,LATS1,3,Zheng,LATS1_locus0,6:149801509
6,149801509,6:149801509:G:A,6,149620485,6:149620485:T:G,0.936885,181024,6:149801509,chr6,149801509,149801509,rs9322223,LATS1,3,Zheng,LATS1_locus0,6:149801509
6,149801509,6:149801509:G:A,6,149622016,6:149622016:A:G,0.936885,179493,6:149801509,chr6,149801509,149801509,rs9322223,LATS1,3,Zheng,LATS1_locus0,6:149801509
6,149801509,6:149801509:G:A,6,149622132,6:149622132:GT:G,0.971396,179377,6:149801509,chr6,149801509,149801509,rs9322223,LATS1,3,Zheng,LATS1_locus0,6:149801509
6,149801509,6:149801509:G:A,6,149622458,6:149622458:A:G,0.936885,179051,6:149801509,chr6,149801509,149801509,rs9322223,LATS1,3,Zheng,LATS1_locus0,6:149801509
6,149801509,6:149801509:G:A,6,149622577,6:149622577:C:A,0.971396,178932,6:149801509,chr6,149801509,149801509,rs9322223,LATS1,3,Zheng,LATS1_locus0,6:149801509
6,149801509,6:149801509:G:A,6,149622592,6:149622592:A:G,0.936885,178917,6:149801509,chr6,149801509,149801509,rs9322223,LATS1,3,Zheng,LATS1_locus0,6:149801509
6,149801509,6:149801509:G:A,6,149622669,6:149622669:G:T,0.936885,178840,6:149801509,chr6,149801509,149801509,rs9322223,LATS1,3,Zheng,LATS1_locus0,6:149801509
6,149801509,6:149801509:G:A,6,149622987,6:149622987:T:C,0.936885,178522,6:149801509,chr6,149801509,149801509,rs9322223,LATS1,3,Zheng,LATS1_locus0,6:149801509
6,149801509,6:149801509:G:A,6,149623772,6:149623772:T:C,0.936885,177737,6:149801509,chr6,149801509,149801509,rs9322223,LATS1,3,Zheng,LATS1_locus0,6:149801509
6,149801509,6:149801509:G:A,6,149625336,6:149625336:G:T,0.936885,176173,6:149801509,chr6,149801509,149801509,rs9322223,LATS1,3,Zheng,LATS1_locus0,6:149801509
6,149801509,6:149801509:G:A,6,149625933,6:149625933:CAAA:C,0.936885,175576,6:149801509,chr6,149801509,149801509,rs9322223,LATS1,3,Zheng,LATS1_locus0,6:149801509
6,149801509,6:149801509:G:A,6,149626749,6:149626749:T:C,0.936885,174760,6:149801509,chr6,149801509,149801509,rs9322223,LATS1,3,Zheng,LATS1_locus0,6:149801509
6,149801509,6:149801509:G:A,6,149627553,6:149627553:T:C,0.936885,173956,6:149801509,chr6,149801509,149801509,rs9322223,LATS1,3,Zheng,LATS1_locus0,6:149801509
6,149801509,6:149801509:G:A,6,149627681,6:149627681:C:CAA,0.936885,173828,6:149801509,chr6,149801509,149801509,rs9322223,LATS1,3,Zheng,LATS1_locus0,6:149801509
6,149801509,6:149801509:G:A,6,149627691,6:149627691:G:A,0.936885,173818,6:149801509,chr6,149801509,149801509,rs9322223,LATS1,3,Zheng,LATS1_locus0,6:149801509
6,149801509,6:149801509:G:A,6,149628264,6:149628264:A:AT,0.809586,173245,6:149801509,chr6,149801509,149801509,rs9322223,LATS1,3,Zheng,LATS1_locus0,6:149801509
6,149801509,6:149801509:G:A,6,149628792,6:149628792:C:G,0.936885,172717,6:149801509,chr6,149801509,149801509,rs9322223,LATS1,3,Zheng,LATS1_locus0,6:149801509
6,149801509,6:149801509:G:A,6,149628899,6:149628899:A:C,0.936885,172610,6:149801509,chr6,149801509,149801509,rs9322223,LATS1,3,Zheng,LATS1_locus0,6:149801509
6,149801509,6:149801509:G:A,6,149628912,6:149628912:C:T,0.936885,172597,6:149801509,chr6,149801509,149801509,rs9322223,LATS1,3,Zheng,LATS1_locus0,6:149801509
6,149801509,6:149801509:G:A,6,149629684,6:149629684:T:TACTC,0.936885,171825,6:149801509,chr6,149801509,149801509,rs9322223,LATS1,3,Zheng,LATS1_locus0,6:149801509
6,149801509,6:149801509:G:A,6,149629690,6:149629690:C:T,0.936885,171819,6:149801509,chr6,149801509,149801509,rs9322223,LATS1,3,Zheng,LATS1_locus0,6:149801509
6,149801509,6:149801509:G:A,6,149630078,6:149630078:G:A,0.936885,171431,6:149801509,chr6,149801509,149801509,rs9322223,LATS1,3,Zheng,LATS1_locus0,6:149801509
6,149801509,6:149801509:G:A,6,149631564,6:149631564:C:CA,0.964397,169945,6:149801509,chr6,149801509,149801509,rs9322223,LATS1,3,Zheng,LATS1_locus0,6:149801509
6,149801509,6:149801509:G:A,6,149631585,6:149631585:C:A,0.936885,169924,6:149801509,chr6,149801509,149801509,rs9322223,LATS1,3,Zheng,LATS1_locus0,6:149801509
6,149801509,6:149801509:G:A,6,149631973,6:149631973:A:C,0.936885,169536,6:149801509,chr6,149801509,149801509,rs9322223,LATS1,3,Zheng,LATS1_locus0,6:149801509
6,149801509,6:149801509:G:A,6,149632121,6:149632121:C:T,0.936885,169388,6:149801509,chr6,149801509,149801509,rs9322223,LATS1,3,Zheng,LATS1_locus0,6:149801509
6,149801509,6:149801509:G:A,6,149632372,6:149632372:T:TA,0.936885,169137,6:149801509,chr6,149801509,149801509,rs9322223,LATS1,3,Zheng,LATS1_locus0,6:149801509
6,149801509,6:149801509:G:A,6,149632845,6:149632845:C:T,0.936885,168664,6:149801509,chr6,149801509,149801509,rs9322223,LATS1,3,Zheng,LATS1_locus0,6:149801509
6,149801509,6:149801509:G:A,6,149633100,6:149633100:A:AT,0.908732,168409,6:149801509,chr6,149801509,149801509,rs9322223,LATS1,3,Zheng,LATS1_locus0,6:149801509
6,149801509,6:149801509:G:A,6,149633142,6:149633142:C:T,0.936885,168367,6:149801509,chr6,149801509,149801509,rs9322223,LATS1,3,Zheng,LATS1_locus0,6:149801509
6,149801509,6:149801509:G:A,6,149633256,6:149633256:C:T,0.936885,168253,6:149801509,chr6,149801509,149801509,rs9322223,LATS1,3,Zheng,LATS1_locus0,6:149801509
6,149801509,6:149801509:G:A,6,149633501,6:149633501:T:C,0.936885,168008,6:149801509,chr6,149801509,149801509,rs9322223,LATS1,3,Zheng,LATS1_locus0,6:149801509
6,149801509,6:149801509:G:A,6,149633581,6:149633581:AAGTT:A,0.936885,167928,6:149801509,chr6,149801509,149801509,rs9322223,LATS1,3,Zheng,LATS1_locus0,6:149801509
6,149801509,6:149801509:G:A,6,149633663,6:149633663:A:G,0.936885,167846,6:149801509,chr6,149801509,149801509,rs9322223,LATS1,3,Zheng,LATS1_locus0,6:149801509
6,149801509,6:149801509:G:A,6,149633832,6:149633832:C:T,0.936885,167677,6:149801509,chr6,149801509,149801509,rs9322223,LATS1,3,Zheng,LATS1_locus0,6:149801509
6,149801509,6:149801509:G:A,6,149633912,6:149633912:A:G,0.936885,167597,6:149801509,chr6,149801509,149801509,rs9322223,LATS1,3,Zheng,LATS1_locus0,6:149801509
6,149801509,6:149801509:G:A,6,149634142,6:149634142:G:A,0.936885,167367,6:149801509,chr6,149801509,149801509,rs9322223,LATS1,3,Zheng,LATS1_locus0,6:149801509
6,149801509,6:149801509:G:A,6,149634204,6:149634204:C:T,0.936885,167305,6:149801509,chr6,149801509,149801509,rs9322223,LATS1,3,Zheng,LATS1_locus0,6:149801509
6,149801509,6:149801509:G:A,6,149634464,6:149634464:A:C,0.936885,167045,6:149801509,chr6,149801509,149801509,rs9322223,LATS1,3,Zheng,LATS1_locus0,6:149801509
6,149801509,6:149801509:G:A,6,149634941,6:149634942:C:CT,0.943831,166568,6:149801509,chr6,149801509,149801509,rs9322223,LATS1,3,Zheng,LATS1_locus0,6:149801509
6,149801509,6:149801509:G:A,6,149635330,6:149635330:T:C,0.943831,166179,6:149801509,chr6,149801509,149801509,rs9322223,LATS1,3,Zheng,LATS1_locus0,6:149801509
6,149801509,6:149801509:G:A,6,149635657,6:149635657:C:T,0.943831,165852,6:149801509,chr6,149801509,149801509,rs9322223,LATS1,3,Zheng,LATS1_locus0,6:149801509
6,149801509,6:149801509:G:A,6,149636047,6:149636047:A:C,0.943831,165462,6:149801509,chr6,149801509,149801509,rs9322223,LATS1,3,Zheng,LATS1_locus0,6:149801509
6,149801509,6:149801509:G:A,6,149636471,6:149636471:A:AT,0.936885,165038,6:149801509,chr6,149801509,149801509,rs9322223,LATS1,3,Zheng,LATS1_locus0,6:149801509
6,149801509,6:149801509:G:A,6,149636647,6:149636647:A:AT,0.936885,164862,6:149801509,chr6,149801509,149801509,rs9322223,LATS1,3,Zheng,LATS1_locus0,6:149801509
6,149801509,6:149801509:G:A,6,149636726,6:149636726:T:C,0.936885,164783,6:149801509,chr6,149801509,149801509,rs9322223,LATS1,3,Zheng,LATS1_locus0,6:149801509
6,149801509,6:149801509:G:A,6,149637048,6:149637048:T:C,0.936885,164461,6:149801509,chr6,149801509,149801509,rs9322223,LATS1,3,Zheng,LATS1_locus0,6:149801509
6,149801509,6:149801509:G:A,6,149637911,6:149637911:C:A,0.978444,163598,6:149801509,chr6,149801509,149801509,rs9322223,LATS1,3,Zheng,LATS1_locus0,6:149801509
6,149801509,6:149801509:G:A,6,149637924,6:149637924:G:T,0.943831,163585,6:149801509,chr6,149801509,149801509,rs9322223,LATS1,3,Zheng,LATS1_locus0,6:149801509
6,149801509,6:149801509:G:A,6,149638717,6:149638717:TA:T,0.93721,162792,6:149801509,chr6,149801509,149801509,rs9322223,LATS1,3,Zheng,LATS1_locus0,6:149801509
6,149801509,6:149801509:G:A,6,149638727,6:149638727:A:G,0.93721,162782,6:149801509,chr6,149801509,149801509,rs9322223,LATS1,3,Zheng,LATS1_locus0,6:149801509
6,149801509,6:149801509:G:A,6,149639034,6:149639034:T:C,0.943831,162475,6:149801509,chr6,149801509,149801509,rs9322223,LATS1,3,Zheng,LATS1_locus0,6:149801509
6,149801509,6:149801509:G:A,6,149639648,6:149639648:G:A,0.943831,161861,6:149801509,chr6,149801509,149801509,rs9322223,LATS1,3,Zheng,LATS1_locus0,6:149801509
6,149801509,6:149801509:G:A,6,149640116,6:149640116:C:T,0.943831,161393,6:149801509,chr6,149801509,149801509,rs9322223,LATS1,3,Zheng,LATS1_locus0,6:149801509
6,149801509,6:149801509:G:A,6,149640416,6:149640416:C:T,0.943831,161093,6:149801509,chr6,149801509,149801509,rs9322223,LATS1,3,Zheng,LATS1_locus0,6:149801509
6,149801509,6:149801509:G:A,6,149641179,6:149641180:GT:G,0.929824,160330,6:149801509,chr6,149801509,149801509,rs9322223,LATS1,3,Zheng,LATS1_locus0,6:149801509
6,149801509,6:149801509:G:A,6,149641317,6:149641317:C:T,0.943831,160192,6:149801509,chr6,149801509,149801509,rs9322223,LATS1,3,Zheng,LATS1_locus0,6:149801509
6,149801509,6:149801509:G:A,6,149641427,6:149641427:A:C,0.943831,160082,6:149801509,chr6,149801509,149801509,rs9322223,LATS1,3,Zheng,LATS1_locus0,6:149801509
6,149801509,6:149801509:G:A,6,149641481,6:149641481:T:C,0.978444,160028,6:149801509,chr6,149801509,149801509,rs9322223,LATS1,3,Zheng,LATS1_locus0,6:149801509
6,149801509,6:149801509:G:A,6,149641947,6:149641947:G:C,0.943831,159562,6:149801509,chr6,149801509,149801509,rs9322223,LATS1,3,Zheng,LATS1_locus0,6:149801509
6,149801509,6:149801509:G:A,6,149642969,6:149642969:T:A,0.943831,158540,6:149801509,chr6,149801509,149801509,rs9322223,LATS1,3,Zheng,LATS1_locus0,6:149801509
6,149801509,6:149801509:G:A,6,149644487,6:149644487:C:T,0.943831,157022,6:149801509,chr6,149801509,149801509,rs9322223,LATS1,3,Zheng,LATS1_locus0,6:149801509
6,149801509,6:149801509:G:A,6,149644540,6:149644540:A:G,0.943831,156969,6:149801509,chr6,149801509,149801509,rs9322223,LATS1,3,Zheng,LATS1_locus0,6:149801509
6,149801509,6:149801509:G:A,6,149644604,6:149644604:G:A,0.943831,156905,6:149801509,chr6,149801509,149801509,rs9322223,LATS1,3,Zheng,LATS1_locus0,6:149801509
6,149801509,6:149801509:G:A,6,149644992,6:149644992:C:G,0.943831,156517,6:149801509,chr6,149801509,149801509,rs9322223,LATS1,3,Zheng,LATS1_locus0,6:149801509
6,149801509,6:149801509:G:A,6,149645456,6:149645457:C:CA,0.929609,156053,6:149801509,chr6,149801509,149801509,rs9322223,LATS1,3,Zheng,LATS1_locus0,6:149801509
6,149801509,6:149801509:G:A,6,149645947,6:149645947:T:C,0.891394,155562,6:149801509,chr6,149801509,149801509,rs9322223,LATS1,3,Zheng,LATS1_locus0,6:149801509
6,149801509,6:149801509:G:A,6,149647022,6:149647022:T:C,0.891394,154487,6:149801509,chr6,149801509,149801509,rs9322223,LATS1,3,Zheng,LATS1_locus0,6:149801509
6,149801509,6:149801509:G:A,6,149650630,6:149650630:G:GTTGTT,0.943831,150879,6:149801509,chr6,149801509,149801509,rs9322223,LATS1,3,Zheng,LATS1_locus0,6:149801509
6,149801509,6:149801509:G:A,6,149650951,6:149650951:G:A,0.943831,150558,6:149801509,chr6,149801509,149801509,rs9322223,LATS1,3,Zheng,LATS1_locus0,6:149801509
6,149801509,6:149801509:G:A,6,149650996,6:149650996:G:A,0.943831,150513,6:149801509,chr6,149801509,149801509,rs9322223,LATS1,3,Zheng,LATS1_locus0,6:149801509
6,149801509,6:149801509:G:A,6,149652628,6:149652628:G:A,0.892341,148881,6:149801509,chr6,149801509,149801509,rs9322223,LATS1,3,Zheng,LATS1_locus0,6:149801509
6,149801509,6:149801509:G:A,6,149655662,6:149655662:G:A,0.950549,145847,6:149801509,chr6,149801509,149801509,rs9322223,LATS1,3,Zheng,LATS1_locus0,6:149801509
6,149801509,6:149801509:G:A,6,149655935,6:149655935:C:A,0.950549,145574,6:149801509,chr6,149801509,149801509,rs9322223,LATS1,3,Zheng,LATS1_locus0,6:149801509
6,149801509,6:149801509:G:A,6,149656666,6:149656666:G:A,0.950549,144843,6:149801509,chr6,149801509,149801509,rs9322223,LATS1,3,Zheng,LATS1_locus0,6:149801509
6,149801509,6:149801509:G:A,6,149657185,6:149657185:G:A,0.957611,144324,6:149801509,chr6,149801509,149801509,rs9322223,LATS1,3,Zheng,LATS1_locus0,6:149801509
6,149801509,6:149801509:G:A,6,149657419,6:149657419:A:T,0.957611,144090,6:149801509,chr6,149801509,149801509,rs9322223,LATS1,3,Zheng,LATS1_locus0,6:149801509
6,149801509,6:149801509:G:A,6,149657633,6:149657633:T:C,0.992825,143876,6:149801509,chr6,149801509,149801509,rs9322223,LATS1,3,Zheng,LATS1_locus0,6:149801509
6,149801509,6:149801509:G:A,6,149658280,6:149658280:G:A,0.923757,143229,6:149801509,chr6,149801509,149801509,rs9322223,LATS1,3,Zheng,LATS1_locus0,6:149801509
6,149801509,6:149801509:G:A,6,149658547,6:149658547:A:T,0.957611,142962,6:149801509,chr6,149801509,149801509,rs9322223,LATS1,3,Zheng,LATS1_locus0,6:149801509
6,149801509,6:149801509:G:A,6,149658764,6:149658764:G:A,0.950699,142745,6:149801509,chr6,149801509,149801509,rs9322223,LATS1,3,Zheng,LATS1_locus0,6:149801509
6,149801509,6:149801509:G:A,6,149659317,6:149659317:A:C,0.957611,142192,6:149801509,chr6,149801509,149801509,rs9322223,LATS1,3,Zheng,LATS1_locus0,6:149801509
6,149801509,6:149801509:G:A,6,149659591,6:149659591:A:G,0.91525,141918,6:149801509,chr6,149801509,149801509,rs9322223,LATS1,3,Zheng,LATS1_locus0,6:149801509
6,149801509,6:149801509:G:A,6,149660323,6:149660323:A:G,0.957611,141186,6:149801509,chr6,149801509,149801509,rs9322223,LATS1,3,Zheng,LATS1_locus0,6:149801509
6,149801509,6:149801509:G:A,6,149661115,6:149661115:T:TG,0.885864,140394,6:149801509,chr6,149801509,149801509,rs9322223,LATS1,3,Zheng,LATS1_locus0,6:149801509
6,149801509,6:149801509:G:A,6,149661281,6:149661281:A:G,0.957611,140228,6:149801509,chr6,149801509,149801509,rs9322223,LATS1,3,Zheng,LATS1_locus0,6:149801509
6,149801509,6:149801509:G:A,6,149662080,6:149662080:G:A,0.957611,139429,6:149801509,chr6,149801509,149801509,rs9322223,LATS1,3,Zheng,LATS1_locus0,6:149801509
6,149801509,6:149801509:G:A,6,149662966,6:149662966:CA:C,0.922803,138543,6:149801509,chr6,149801509,149801509,rs9322223,LATS1,3,Zheng,LATS1_locus0,6:149801509
6,149801509,6:149801509:G:A,6,149662982,6:149662982:A:G,0.950328,138527,6:149801509,chr6,149801509,149801509,rs9322223,LATS1,3,Zheng,LATS1_locus0,6:149801509
6,149801509,6:149801509:G:A,6,149664079,6:149664079:T:G,0.992825,137430,6:149801509,chr6,149801509,149801509,rs9322223,LATS1,3,Zheng,LATS1_locus0,6:149801509
6,149801509,6:149801509:G:A,6,149664161,6:149664161:CA:C,0.936885,137348,6:149801509,chr6,149801509,149801509,rs9322223,LATS1,3,Zheng,LATS1_locus0,6:149801509
6,149801509,6:149801509:G:A,6,149664340,6:149664340:T:TGAG,0.957611,137169,6:149801509,chr6,149801509,149801509,rs9322223,LATS1,3,Zheng,LATS1_locus0,6:149801509
6,149801509,6:149801509:G:A,6,149666139,6:149666141:C:CAA,0.871916,135370,6:149801509,chr6,149801509,149801509,rs9322223,LATS1,3,Zheng,LATS1_locus0,6:149801509
6,149801509,6:149801509:G:A,6,149667929,6:149667929:T:C,0.957611,133580,6:149801509,chr6,149801509,149801509,rs9322223,LATS1,3,Zheng,LATS1_locus0,6:149801509
6,149801509,6:149801509:G:A,6,149668443,6:149668443:A:AT,0.957611,133066,6:149801509,chr6,149801509,149801509,rs9322223,LATS1,3,Zheng,LATS1_locus0,6:149801509
6,149801509,6:149801509:G:A,6,149668608,6:149668608:AT:A,0.950328,132901,6:149801509,chr6,149801509,149801509,rs9322223,LATS1,3,Zheng,LATS1_locus0,6:149801509
6,149801509,6:149801509:G:A,6,149668635,6:149668635:T:C,0.957611,132874,6:149801509,chr6,149801509,149801509,rs9322223,LATS1,3,Zheng,LATS1_locus0,6:149801509
6,149801509,6:149801509:G:A,6,149669173,6:149669173:A:G,0.957611,132336,6:149801509,chr6,149801509,149801509,rs9322223,LATS1,3,Zheng,LATS1_locus0,6:149801509
6,149801509,6:149801509:G:A,6,149669447,6:149669447:A:G,0.957611,132062,6:149801509,chr6,149801509,149801509,rs9322223,LATS1,3,Zheng,LATS1_locus0,6:149801509
6,149801509,6:149801509:G:A,6,149670380,6:149670380:G:T,0.957611,131129,6:149801509,chr6,149801509,149801509,rs9322223,LATS1,3,Zheng,LATS1_locus0,6:149801509
6,149801509,6:149801509:G:A,6,149670625,6:149670625:T:C,0.992825,130884,6:149801509,chr6,149801509,149801509,rs9322223,LATS1,3,Zheng,LATS1_locus0,6:149801509
6,149801509,6:149801509:G:A,6,149671122,6:149671122:TTTTG:T,0.950549,130387,6:149801509,chr6,149801509,149801509,rs9322223,LATS1,3,Zheng,LATS1_locus0,6:149801509
6,149801509,6:149801509:G:A,6,149671172,6:149671172:A:G,0.957611,130337,6:149801509,chr6,149801509,149801509,rs9322223,LATS1,3,Zheng,LATS1_locus0,6:149801509
6,149801509,6:149801509:G:A,6,149671240,6:149671240:C:T,0.957611,130269,6:149801509,chr6,149801509,149801509,rs9322223,LATS1,3,Zheng,LATS1_locus0,6:149801509
6,149801509,6:149801509:G:A,6,149671572,6:149671572:C:G,0.957611,129937,6:149801509,chr6,149801509,149801509,rs9322223,LATS1,3,Zheng,LATS1_locus0,6:149801509
6,149801509,6:149801509:G:A,6,149671999,6:149671999:C:T,0.957611,129510,6:149801509,chr6,149801509,149801509,rs9322223,LATS1,3,Zheng,LATS1_locus0,6:149801509
6,149801509,6:149801509:G:A,6,149672905,6:149672905:T:C,0.957611,128604,6:149801509,chr6,149801509,149801509,rs9322223,LATS1,3,Zheng,LATS1_locus0,6:149801509
6,149801509,6:149801509:G:A,6,149673096,6:149673096:CTTT:C,0.817576,128413,6:149801509,chr6,149801509,149801509,rs9322223,LATS1,3,Zheng,LATS1_locus0,6:149801509
6,149801509,6:149801509:G:A,6,149674639,6:149674639:G:A,0.950865,126870,6:149801509,chr6,149801509,149801509,rs9322223,LATS1,3,Zheng,LATS1_locus0,6:149801509
6,149801509,6:149801509:G:A,6,149675215,6:149675215:CA:C,0.930682,126294,6:149801509,chr6,149801509,149801509,rs9322223,LATS1,3,Zheng,LATS1_locus0,6:149801509
6,149801509,6:149801509:G:A,6,149675588,6:149675588:G:A,0.957611,125921,6:149801509,chr6,149801509,149801509,rs9322223,LATS1,3,Zheng,LATS1_locus0,6:149801509
6,149801509,6:149801509:G:A,6,149675705,6:149675705:T:C,0.992825,125804,6:149801509,chr6,149801509,149801509,rs9322223,LATS1,3,Zheng,LATS1_locus0,6:149801509
6,149801509,6:149801509:G:A,6,149675847,6:149675847:G:A,0.957611,125662,6:149801509,chr6,149801509,149801509,rs9322223,LATS1,3,Zheng,LATS1_locus0,6:149801509
6,149801509,6:149801509:G:A,6,149676521,6:149676521:T:C,0.992825,124988,6:149801509,chr6,149801509,149801509,rs9322223,LATS1,3,Zheng,LATS1_locus0,6:149801509
6,149801509,6:149801509:G:A,6,149677147,6:149677147:A:AAAAC,0.992825,124362,6:149801509,chr6,149801509,149801509,rs9322223,LATS1,3,Zheng,LATS1_locus0,6:149801509
6,149801509,6:149801509:G:A,6,149677438,6:149677438:T:C,0.992825,124071,6:149801509,chr6,149801509,149801509,rs9322223,LATS1,3,Zheng,LATS1_locus0,6:149801509
6,149801509,6:149801509:G:A,6,149677587,6:149677587:A:G,0.957611,123922,6:149801509,chr6,149801509,149801509,rs9322223,LATS1,3,Zheng,LATS1_locus0,6:149801509
6,149801509,6:149801509:G:A,6,149678018,6:149678018:CA:C,0.93721,123491,6:149801509,chr6,149801509,149801509,rs9322223,LATS1,3,Zheng,LATS1_locus0,6:149801509
6,149801509,6:149801509:G:A,6,149678086,6:149678086:A:G,0.957611,123423,6:149801509,chr6,149801509,149801509,rs9322223,LATS1,3,Zheng,LATS1_locus0,6:149801509
6,149801509,6:149801509:G:A,6,149678345,6:149678345:A:AAAAC,0.950865,123164,6:149801509,chr6,149801509,149801509,rs9322223,LATS1,3,Zheng,LATS1_locus0,6:149801509
6,149801509,6:149801509:G:A,6,149679506,6:149679506:G:C,0.957611,122003,6:149801509,chr6,149801509,149801509,rs9322223,LATS1,3,Zheng,LATS1_locus0,6:149801509
6,149801509,6:149801509:G:A,6,149680743,6:149680743:G:GA,0.936775,120766,6:149801509,chr6,149801509,149801509,rs9322223,LATS1,3,Zheng,LATS1_locus0,6:149801509
6,149801509,6:149801509:G:A,6,149681766,6:149681766:T:C,0.957611,119743,6:149801509,chr6,149801509,149801509,rs9322223,LATS1,3,Zheng,LATS1_locus0,6:149801509
6,149801509,6:149801509:G:A,6,149682090,6:149682090:GAC:G,0.957611,119419,6:149801509,chr6,149801509,149801509,rs9322223,LATS1,3,Zheng,LATS1_locus0,6:149801509
6,149801509,6:149801509:G:A,6,149682110,6:149682110:C:CA,0.957611,119399,6:149801509,chr6,149801509,149801509,rs9322223,LATS1,3,Zheng,LATS1_locus0,6:149801509
6,149801509,6:149801509:G:A,6,149682891,6:149682891:A:C,0.957611,118618,6:149801509,chr6,149801509,149801509,rs9322223,LATS1,3,Zheng,LATS1_locus0,6:149801509
6,149801509,6:149801509:G:A,6,149683643,6:149683643:A:G,0.957611,117866,6:149801509,chr6,149801509,149801509,rs9322223,LATS1,3,Zheng,LATS1_locus0,6:149801509
6,149801509,6:149801509:G:A,6,149685803,6:149685803:CA:C,0.950549,115706,6:149801509,chr6,149801509,149801509,rs9322223,LATS1,3,Zheng,LATS1_locus0,6:149801509
6,149801509,6:149801509:G:A,6,149688122,6:149688122:G:C,0.957611,113387,6:149801509,chr6,149801509,149801509,rs9322223,LATS1,3,Zheng,LATS1_locus0,6:149801509
6,149801509,6:149801509:G:A,6,149688459,6:149688459:C:T,0.957611,113050,6:149801509,chr6,149801509,149801509,rs9322223,LATS1,3,Zheng,LATS1_locus0,6:149801509
6,149801509,6:149801509:G:A,6,149689418,6:149689418:C:CA,0.871501,112091,6:149801509,chr6,149801509,149801509,rs9322223,LATS1,3,Zheng,LATS1_locus0,6:149801509
6,149801509,6:149801509:G:A,6,149690150,6:149690150:C:T,0.992825,111359,6:149801509,chr6,149801509,149801509,rs9322223,LATS1,3,Zheng,LATS1_locus0,6:149801509
6,149801509,6:149801509:G:A,6,149690213,6:149690213:CT:C,0.93659,111296,6:149801509,chr6,149801509,149801509,rs9322223,LATS1,3,Zheng,LATS1_locus0,6:149801509
6,149801509,6:149801509:G:A,6,149691226,6:149691226:T:C,0.957611,110283,6:149801509,chr6,149801509,149801509,rs9322223,LATS1,3,Zheng,LATS1_locus0,6:149801509
6,149801509,6:149801509:G:A,6,149692821,6:149692821:C:T,0.957611,108688,6:149801509,chr6,149801509,149801509,rs9322223,LATS1,3,Zheng,LATS1_locus0,6:149801509
6,149801509,6:149801509:G:A,6,149693334,6:149693334:A:G,0.992825,108175,6:149801509,chr6,149801509,149801509,rs9322223,LATS1,3,Zheng,LATS1_locus0,6:149801509
6,149801509,6:149801509:G:A,6,149693611,6:149693611:AAAACAAAC:A,0.957611,107898,6:149801509,chr6,149801509,149801509,rs9322223,LATS1,3,Zheng,LATS1_locus0,6:149801509
6,149801509,6:149801509:G:A,6,149693894,6:149693894:A:T,0.957611,107615,6:149801509,chr6,149801509,149801509,rs9322223,LATS1,3,Zheng,LATS1_locus0,6:149801509
6,149801509,6:149801509:G:A,6,149694122,6:149694122:G:A,0.992825,107387,6:149801509,chr6,149801509,149801509,rs9322223,LATS1,3,Zheng,LATS1_locus0,6:149801509
6,149801509,6:149801509:G:A,6,149695440,6:149695440:G:A,0.957611,106069,6:149801509,chr6,149801509,149801509,rs9322223,LATS1,3,Zheng,LATS1_locus0,6:149801509
6,149801509,6:149801509:G:A,6,149696642,6:149696642:C:T,0.950865,104867,6:149801509,chr6,149801509,149801509,rs9322223,LATS1,3,Zheng,LATS1_locus0,6:149801509
6,149801509,6:149801509:G:A,6,149698239,6:149698239:CTT:C,0.957611,103270,6:149801509,chr6,149801509,149801509,rs9322223,LATS1,3,Zheng,LATS1_locus0,6:149801509
6,149801509,6:149801509:G:A,6,149699058,6:149699058:CA:C,0.950328,102451,6:149801509,chr6,149801509,149801509,rs9322223,LATS1,3,Zheng,LATS1_locus0,6:149801509
6,149801509,6:149801509:G:A,6,149699417,6:149699417:G:T,0.957611,102092,6:149801509,chr6,149801509,149801509,rs9322223,LATS1,3,Zheng,LATS1_locus0,6:149801509
6,149801509,6:149801509:G:A,6,149700161,6:149700161:C:T,0.957611,101348,6:149801509,chr6,149801509,149801509,rs9322223,LATS1,3,Zheng,LATS1_locus0,6:149801509
6,149801509,6:149801509:G:A,6,149700741,6:149700741:AT:A,0.957611,100768,6:149801509,chr6,149801509,149801509,rs9322223,LATS1,3,Zheng,LATS1_locus0,6:149801509
6,149801509,6:149801509:G:A,6,149702212,6:149702212:C:G,0.957611,99297,6:149801509,chr6,149801509,149801509,rs9322223,LATS1,3,Zheng,LATS1_locus0,6:149801509
6,149801509,6:149801509:G:A,6,149702517,6:149702517:C:T,0.957611,98992,6:149801509,chr6,149801509,149801509,rs9322223,LATS1,3,Zheng,LATS1_locus0,6:149801509
6,149801509,6:149801509:G:A,6,149702732,6:149702732:T:C,0.992825,98777,6:149801509,chr6,149801509,149801509,rs9322223,LATS1,3,Zheng,LATS1_locus0,6:149801509
6,149801509,6:149801509:G:A,6,149702964,6:149702964:T:C,0.957611,98545,6:149801509,chr6,149801509,149801509,rs9322223,LATS1,3,Zheng,LATS1_locus0,6:149801509
6,149801509,6:149801509:G:A,6,149703986,6:149703986:C:T,0.957611,97523,6:149801509,chr6,149801509,149801509,rs9322223,LATS1,3,Zheng,LATS1_locus0,6:149801509
6,149801509,6:149801509:G:A,6,149704493,6:149704493:G:GT,0.957953,97016,6:149801509,chr6,149801509,149801509,rs9322223,LATS1,3,Zheng,LATS1_locus0,6:149801509
6,149801509,6:149801509:G:A,6,149705060,6:149705060:T:C,0.957611,96449,6:149801509,chr6,149801509,149801509,rs9322223,LATS1,3,Zheng,LATS1_locus0,6:149801509
6,149801509,6:149801509:G:A,6,149707011,6:149707011:C:CT,0.889805,94498,6:149801509,chr6,149801509,149801509,rs9322223,LATS1,3,Zheng,LATS1_locus0,6:149801509
6,149801509,6:149801509:G:A,6,149708414,6:149708414:CA:C,0.943997,93095,6:149801509,chr6,149801509,149801509,rs9322223,LATS1,3,Zheng,LATS1_locus0,6:149801509
6,149801509,6:149801509:G:A,6,149711111,6:149711111:T:C,0.957611,90398,6:149801509,chr6,149801509,149801509,rs9322223,LATS1,3,Zheng,LATS1_locus0,6:149801509
6,149801509,6:149801509:G:A,6,149711896,6:149711896:T:C,0.957611,89613,6:149801509,chr6,149801509,149801509,rs9322223,LATS1,3,Zheng,LATS1_locus0,6:149801509
6,149801509,6:149801509:G:A,6,149712355,6:149712355:C:T,0.957611,89154,6:149801509,chr6,149801509,149801509,rs9322223,LATS1,3,Zheng,LATS1_locus0,6:149801509
6,149801509,6:149801509:G:A,6,149713919,6:149713919:C:T,0.957611,87590,6:149801509,chr6,149801509,149801509,rs9322223,LATS1,3,Zheng,LATS1_locus0,6:149801509
6,149801509,6:149801509:G:A,6,149714640,6:149714640:T:G,0.957611,86869,6:149801509,chr6,149801509,149801509,rs9322223,LATS1,3,Zheng,LATS1_locus0,6:149801509
6,149801509,6:149801509:G:A,6,149716268,6:149716268:T:C,0.957611,85241,6:149801509,chr6,149801509,149801509,rs9322223,LATS1,3,Zheng,LATS1_locus0,6:149801509
6,149801509,6:149801509:G:A,6,149716436,6:149716436:A:G,0.957611,85073,6:149801509,chr6,149801509,149801509,rs9322223,LATS1,3,Zheng,LATS1_locus0,6:149801509
6,149801509,6:149801509:G:A,6,149716807,6:149716807:A:G,0.957611,84702,6:149801509,chr6,149801509,149801509,rs9322223,LATS1,3,Zheng,LATS1_locus0,6:149801509
6,149801509,6:149801509:G:A,6,149718012,6:149718012:G:A,0.957611,83497,6:149801509,chr6,149801509,149801509,rs9322223,LATS1,3,Zheng,LATS1_locus0,6:149801509
6,149801509,6:149801509:G:A,6,149718157,6:149718157:T:C,0.957611,83352,6:149801509,chr6,149801509,149801509,rs9322223,LATS1,3,Zheng,LATS1_locus0,6:149801509
6,149801509,6:149801509:G:A,6,149718225,6:149718225:C:G,0.957611,83284,6:149801509,chr6,149801509,149801509,rs9322223,LATS1,3,Zheng,LATS1_locus0,6:149801509
6,149801509,6:149801509:G:A,6,149718360,6:149718360:T:C,0.957611,83149,6:149801509,chr6,149801509,149801509,rs9322223,LATS1,3,Zheng,LATS1_locus0,6:149801509
6,149801509,6:149801509:G:A,6,149718584,6:149718584:G:C,0.957611,82925,6:149801509,chr6,149801509,149801509,rs9322223,LATS1,3,Zheng,LATS1_locus0,6:149801509
6,149801509,6:149801509:G:A,6,149720309,6:149720309:G:A,0.957611,81200,6:149801509,chr6,149801509,149801509,rs9322223,LATS1,3,Zheng,LATS1_locus0,6:149801509
6,149801509,6:149801509:G:A,6,149721194,6:149721194:G:A,0.957611,80315,6:149801509,chr6,149801509,149801509,rs9322223,LATS1,3,Zheng,LATS1_locus0,6:149801509
6,149801509,6:149801509:G:A,6,149722119,6:149722119:C:CT,0.943656,79390,6:149801509,chr6,149801509,149801509,rs9322223,LATS1,3,Zheng,LATS1_locus0,6:149801509
6,149801509,6:149801509:G:A,6,149724357,6:149724357:TG:T,0.855102,77152,6:149801509,chr6,149801509,149801509,rs9322223,LATS1,3,Zheng,LATS1_locus0,6:149801509
6,149801509,6:149801509:G:A,6,149724442,6:149724442:T:TTAAC,0.855102,77067,6:149801509,chr6,149801509,149801509,rs9322223,LATS1,3,Zheng,LATS1_locus0,6:149801509
6,149801509,6:149801509:G:A,6,149725083,6:149725083:C:T,0.957611,76426,6:149801509,chr6,149801509,149801509,rs9322223,LATS1,3,Zheng,LATS1_locus0,6:149801509
6,149801509,6:149801509:G:A,6,149725375,6:149725375:T:C,0.992825,76134,6:149801509,chr6,149801509,149801509,rs9322223,LATS1,3,Zheng,LATS1_locus0,6:149801509
6,149801509,6:149801509:G:A,6,149726396,6:149726396:CA:C,0.902998,75113,6:149801509,chr6,149801509,149801509,rs9322223,LATS1,3,Zheng,LATS1_locus0,6:149801509
6,149801509,6:149801509:G:A,6,149729434,6:149729434:A:G,0.957611,72075,6:149801509,chr6,149801509,149801509,rs9322223,LATS1,3,Zheng,LATS1_locus0,6:149801509
6,149801509,6:149801509:G:A,6,149729540,6:149729540:C:A,0.957611,71969,6:149801509,chr6,149801509,149801509,rs9322223,LATS1,3,Zheng,LATS1_locus0,6:149801509
6,149801509,6:149801509:G:A,6,149730941,6:149730941:C:CA,0.957611,70568,6:149801509,chr6,149801509,149801509,rs9322223,LATS1,3,Zheng,LATS1_locus0,6:149801509
6,149801509,6:149801509:G:A,6,149730977,6:149730977:A:T,0.957611,70532,6:149801509,chr6,149801509,149801509,rs9322223,LATS1,3,Zheng,LATS1_locus0,6:149801509
6,149801509,6:149801509:G:A,6,149731562,6:149731562:T:TA,0.957611,69947,6:149801509,chr6,149801509,149801509,rs9322223,LATS1,3,Zheng,LATS1_locus0,6:149801509
6,149801509,6:149801509:G:A,6,149732183,6:149732183:G:GA,0.931198,69326,6:149801509,chr6,149801509,149801509,rs9322223,LATS1,3,Zheng,LATS1_locus0,6:149801509
6,149801509,6:149801509:G:A,6,149733680,6:149733680:A:G,0.957611,67829,6:149801509,chr6,149801509,149801509,rs9322223,LATS1,3,Zheng,LATS1_locus0,6:149801509
6,149801509,6:149801509:G:A,6,149734502,6:149734502:A:T,0.957611,67007,6:149801509,chr6,149801509,149801509,rs9322223,LATS1,3,Zheng,LATS1_locus0,6:149801509
6,149801509,6:149801509:G:A,6,149734797,6:149734797:C:CAA,0.916885,66712,6:149801509,chr6,149801509,149801509,rs9322223,LATS1,3,Zheng,LATS1_locus0,6:149801509
6,149801509,6:149801509:G:A,6,149735527,6:149735527:C:T,0.950699,65982,6:149801509,chr6,149801509,149801509,rs9322223,LATS1,3,Zheng,LATS1_locus0,6:149801509
6,149801509,6:149801509:G:A,6,149735975,6:149735976:TAA:T,0.944216,65534,6:149801509,chr6,149801509,149801509,rs9322223,LATS1,3,Zheng,LATS1_locus0,6:149801509
6,149801509,6:149801509:G:A,6,149737177,6:149737177:G:A,0.957611,64332,6:149801509,chr6,149801509,149801509,rs9322223,LATS1,3,Zheng,LATS1_locus0,6:149801509
6,149801509,6:149801509:G:A,6,149737690,6:149737690:A:G,0.957611,63819,6:149801509,chr6,149801509,149801509,rs9322223,LATS1,3,Zheng,LATS1_locus0,6:149801509
6,149801509,6:149801509:G:A,6,149739108,6:149739108:A:G,0.957611,62401,6:149801509,chr6,149801509,149801509,rs9322223,LATS1,3,Zheng,LATS1_locus0,6:149801509
6,149801509,6:149801509:G:A,6,149739347,6:149739347:C:T,0.957611,62162,6:149801509,chr6,149801509,149801509,rs9322223,LATS1,3,Zheng,LATS1_locus0,6:149801509
6,149801509,6:149801509:G:A,6,149739647,6:149739647:T:C,0.957611,61862,6:149801509,chr6,149801509,149801509,rs9322223,LATS1,3,Zheng,LATS1_locus0,6:149801509
6,149801509,6:149801509:G:A,6,149740350,6:149740350:G:T,0.957611,61159,6:149801509,chr6,149801509,149801509,rs9322223,LATS1,3,Zheng,LATS1_locus0,6:149801509
6,149801509,6:149801509:G:A,6,149740561,6:149740561:G:A,0.957611,60948,6:149801509,chr6,149801509,149801509,rs9322223,LATS1,3,Zheng,LATS1_locus0,6:149801509
6,149801509,6:149801509:G:A,6,149740655,6:149740655:T:C,0.957611,60854,6:149801509,chr6,149801509,149801509,rs9322223,LATS1,3,Zheng,LATS1_locus0,6:149801509
6,149801509,6:149801509:G:A,6,149740720,6:149740720:G:A,0.957611,60789,6:149801509,chr6,149801509,149801509,rs9322223,LATS1,3,Zheng,LATS1_locus0,6:149801509
6,149801509,6:149801509:G:A,6,149741819,6:149741819:T:C,0.957611,59690,6:149801509,chr6,149801509,149801509,rs9322223,LATS1,3,Zheng,LATS1_locus0,6:149801509
6,149801509,6:149801509:G:A,6,149742840,6:149742840:G:A,0.992825,58669,6:149801509,chr6,149801509,149801509,rs9322223,LATS1,3,Zheng,LATS1_locus0,6:149801509
6,149801509,6:149801509:G:A,6,149742883,6:149742883:T:C,0.923757,58626,6:149801509,chr6,149801509,149801509,rs9322223,LATS1,3,Zheng,LATS1_locus0,6:149801509
6,149801509,6:149801509:G:A,6,149743093,6:149743093:T:C,0.957611,58416,6:149801509,chr6,149801509,149801509,rs9322223,LATS1,3,Zheng,LATS1_locus0,6:149801509
6,149801509,6:149801509:G:A,6,149743597,6:149743597:CA:C,0.957611,57912,6:149801509,chr6,149801509,149801509,rs9322223,LATS1,3,Zheng,LATS1_locus0,6:149801509
6,149801509,6:149801509:G:A,6,149743841,6:149743841:T:A,0.957611,57668,6:149801509,chr6,149801509,149801509,rs9322223,LATS1,3,Zheng,LATS1_locus0,6:149801509
6,149801509,6:149801509:G:A,6,149744922,6:149744922:A:T,0.910504,56587,6:149801509,chr6,149801509,149801509,rs9322223,LATS1,3,Zheng,LATS1_locus0,6:149801509
6,149801509,6:149801509:G:A,6,149745206,6:149745206:G:C,0.992825,56303,6:149801509,chr6,149801509,149801509,rs9322223,LATS1,3,Zheng,LATS1_locus0,6:149801509
6,149801509,6:149801509:G:A,6,149745332,6:149745332:G:C,0.957611,56177,6:149801509,chr6,149801509,149801509,rs9322223,LATS1,3,Zheng,LATS1_locus0,6:149801509
6,149801509,6:149801509:G:A,6,149746539,6:149746539:A:G,0.96495,54970,6:149801509,chr6,149801509,149801509,rs9322223,LATS1,3,Zheng,LATS1_locus0,6:149801509
6,149801509,6:149801509:G:A,6,149748255,6:149748255:G:C,0.96495,53254,6:149801509,chr6,149801509,149801509,rs9322223,LATS1,3,Zheng,LATS1_locus0,6:149801509
6,149801509,6:149801509:G:A,6,149748808,6:149748810:CAAAAAAAAA:C,0.913586,52701,6:149801509,chr6,149801509,149801509,rs9322223,LATS1,3,Zheng,LATS1_locus0,6:149801509
6,149801509,6:149801509:G:A,6,149749393,6:149749393:C:G,0.96495,52116,6:149801509,chr6,149801509,149801509,rs9322223,LATS1,3,Zheng,LATS1_locus0,6:149801509
6,149801509,6:149801509:G:A,6,149750892,6:149750892:A:C,0.96495,50617,6:149801509,chr6,149801509,149801509,rs9322223,LATS1,3,Zheng,LATS1_locus0,6:149801509
6,149801509,6:149801509:G:A,6,149751328,6:149751328:A:T,0.96495,50181,6:149801509,chr6,149801509,149801509,rs9322223,LATS1,3,Zheng,LATS1_locus0,6:149801509
6,149801509,6:149801509:G:A,6,149751359,6:149751359:C:T,1.0,50150,6:149801509,chr6,149801509,149801509,rs9322223,LATS1,3,Zheng,LATS1_locus0,6:149801509
6,149801509,6:149801509:G:A,6,149751542,6:149751542:C:A,0.958229,49967,6:149801509,chr6,149801509,149801509,rs9322223,LATS1,3,Zheng,LATS1_locus0,6:149801509
6,149801509,6:149801509:G:A,6,149752399,6:149752399:A:C,0.96495,49110,6:149801509,chr6,149801509,149801509,rs9322223,LATS1,3,Zheng,LATS1_locus0,6:149801509
6,149801509,6:149801509:G:A,6,149752755,6:149752755:A:C,0.96495,48754,6:149801509,chr6,149801509,149801509,rs9322223,LATS1,3,Zheng,LATS1_locus0,6:149801509
6,149801509,6:149801509:G:A,6,149753369,6:149753369:AT:A,0.96495,48140,6:149801509,chr6,149801509,149801509,rs9322223,LATS1,3,Zheng,LATS1_locus0,6:149801509
6,149801509,6:149801509:G:A,6,149753911,6:149753911:T:C,0.96495,47598,6:149801509,chr6,149801509,149801509,rs9322223,LATS1,3,Zheng,LATS1_locus0,6:149801509
6,149801509,6:149801509:G:A,6,149754137,6:149754137:T:C,0.96495,47372,6:149801509,chr6,149801509,149801509,rs9322223,LATS1,3,Zheng,LATS1_locus0,6:149801509
6,149801509,6:149801509:G:A,6,149754363,6:149754363:C:T,0.96495,47146,6:149801509,chr6,149801509,149801509,rs9322223,LATS1,3,Zheng,LATS1_locus0,6:149801509
6,149801509,6:149801509:G:A,6,149755099,6:149755099:A:AAGGGAC,0.96495,46410,6:149801509,chr6,149801509,149801509,rs9322223,LATS1,3,Zheng,LATS1_locus0,6:149801509
6,149801509,6:149801509:G:A,6,149756283,6:149756283:T:TTTCTAA,1.0,45226,6:149801509,chr6,149801509,149801509,rs9322223,LATS1,3,Zheng,LATS1_locus0,6:149801509
6,149801509,6:149801509:G:A,6,149756353,6:149756353:C:CT,0.903525,45156,6:149801509,chr6,149801509,149801509,rs9322223,LATS1,3,Zheng,LATS1_locus0,6:149801509
6,149801509,6:149801509:G:A,6,149756518,6:149756518:T:A,0.860186,44991,6:149801509,chr6,149801509,149801509,rs9322223,LATS1,3,Zheng,LATS1_locus0,6:149801509
6,149801509,6:149801509:G:A,6,149756953,6:149756953:C:G,0.96495,44556,6:149801509,chr6,149801509,149801509,rs9322223,LATS1,3,Zheng,LATS1_locus0,6:149801509
6,149801509,6:149801509:G:A,6,149758385,6:149758385:AT:A,0.96495,43124,6:149801509,chr6,149801509,149801509,rs9322223,LATS1,3,Zheng,LATS1_locus0,6:149801509
6,149801509,6:149801509:G:A,6,149758502,6:149758502:A:G,0.96495,43007,6:149801509,chr6,149801509,149801509,rs9322223,LATS1,3,Zheng,LATS1_locus0,6:149801509
6,149801509,6:149801509:G:A,6,149758687,6:149758687:T:C,0.931278,42822,6:149801509,chr6,149801509,149801509,rs9322223,LATS1,3,Zheng,LATS1_locus0,6:149801509
6,149801509,6:149801509:G:A,6,149758699,6:149758699:A:G,0.931278,42810,6:149801509,chr6,149801509,149801509,rs9322223,LATS1,3,Zheng,LATS1_locus0,6:149801509
6,149801509,6:149801509:G:A,6,149758739,6:149758739:G:A,0.96495,42770,6:149801509,chr6,149801509,149801509,rs9322223,LATS1,3,Zheng,LATS1_locus0,6:149801509
6,149801509,6:149801509:G:A,6,149758875,6:149758875:A:C,0.96495,42634,6:149801509,chr6,149801509,149801509,rs9322223,LATS1,3,Zheng,LATS1_locus0,6:149801509
6,149801509,6:149801509:G:A,6,149758881,6:149758881:T:C,0.931278,42628,6:149801509,chr6,149801509,149801509,rs9322223,LATS1,3,Zheng,LATS1_locus0,6:149801509
6,149801509,6:149801509:G:A,6,149759454,6:149759454:T:G,0.96495,42055,6:149801509,chr6,149801509,149801509,rs9322223,LATS1,3,Zheng,LATS1_locus0,6:149801509
6,149801509,6:149801509:G:A,6,149759746,6:149759746:C:T,0.96495,41763,6:149801509,chr6,149801509,149801509,rs9322223,LATS1,3,Zheng,LATS1_locus0,6:149801509
6,149801509,6:149801509:G:A,6,149760331,6:149760331:A:G,0.96495,41178,6:149801509,chr6,149801509,149801509,rs9322223,LATS1,3,Zheng,LATS1_locus0,6:149801509
6,149801509,6:149801509:G:A,6,149760959,6:149760959:A:G,0.96495,40550,6:149801509,chr6,149801509,149801509,rs9322223,LATS1,3,Zheng,LATS1_locus0,6:149801509
6,149801509,6:149801509:G:A,6,149761026,6:149761026:AGTGTGTGT:A,0.892341,40483,6:149801509,chr6,149801509,149801509,rs9322223,LATS1,3,Zheng,LATS1_locus0,6:149801509
6,149801509,6:149801509:G:A,6,149761178,6:149761178:T:TAC,0.922232,40331,6:149801509,chr6,149801509,149801509,rs9322223,LATS1,3,Zheng,LATS1_locus0,6:149801509
6,149801509,6:149801509:G:A,6,149761257,6:149761257:ATGTG:A,0.958229,40252,6:149801509,chr6,149801509,149801509,rs9322223,LATS1,3,Zheng,LATS1_locus0,6:149801509
6,149801509,6:149801509:G:A,6,149761375,6:149761375:G:T,0.96495,40134,6:149801509,chr6,149801509,149801509,rs9322223,LATS1,3,Zheng,LATS1_locus0,6:149801509
6,149801509,6:149801509:G:A,6,149763714,6:149763714:A:G,1.0,37795,6:149801509,chr6,149801509,149801509,rs9322223,LATS1,3,Zheng,LATS1_locus0,6:149801509
6,149801509,6:149801509:G:A,6,149764529,6:149764529:A:C,1.0,36980,6:149801509,chr6,149801509,149801509,rs9322223,LATS1,3,Zheng,LATS1_locus0,6:149801509
6,149801509,6:149801509:G:A,6,149764913,6:149764913:T:C,1.0,36596,6:149801509,chr6,149801509,149801509,rs9322223,LATS1,3,Zheng,LATS1_locus0,6:149801509
6,149801509,6:149801509:G:A,6,149765359,6:149765360:C:CAAAA,0.827667,36150,6:149801509,chr6,149801509,149801509,rs9322223,LATS1,3,Zheng,LATS1_locus0,6:149801509
6,149801509,6:149801509:G:A,6,149765980,6:149765980:A:AT,0.944652,35529,6:149801509,chr6,149801509,149801509,rs9322223,LATS1,3,Zheng,LATS1_locus0,6:149801509
6,149801509,6:149801509:G:A,6,149766383,6:149766383:G:A,1.0,35126,6:149801509,chr6,149801509,149801509,rs9322223,LATS1,3,Zheng,LATS1_locus0,6:149801509
6,149801509,6:149801509:G:A,6,149766491,6:149766491:C:A,1.0,35018,6:149801509,chr6,149801509,149801509,rs9322223,LATS1,3,Zheng,LATS1_locus0,6:149801509
6,149801509,6:149801509:G:A,6,149767258,6:149767258:C:CT,0.971995,34251,6:149801509,chr6,149801509,149801509,rs9322223,LATS1,3,Zheng,LATS1_locus0,6:149801509
6,149801509,6:149801509:G:A,6,149767481,6:149767481:T:C,1.0,34028,6:149801509,chr6,149801509,149801509,rs9322223,LATS1,3,Zheng,LATS1_locus0,6:149801509
6,149801509,6:149801509:G:A,6,149767547,6:149767547:A:G,1.0,33962,6:149801509,chr6,149801509,149801509,rs9322223,LATS1,3,Zheng,LATS1_locus0,6:149801509
6,149801509,6:149801509:G:A,6,149767798,6:149767798:CGTTT:C,1.0,33711,6:149801509,chr6,149801509,149801509,rs9322223,LATS1,3,Zheng,LATS1_locus0,6:149801509
6,149801509,6:149801509:G:A,6,149767816,6:149767816:T:C,1.0,33693,6:149801509,chr6,149801509,149801509,rs9322223,LATS1,3,Zheng,LATS1_locus0,6:149801509
6,149801509,6:149801509:G:A,6,149768013,6:149768013:T:TA,1.0,33496,6:149801509,chr6,149801509,149801509,rs9322223,LATS1,3,Zheng,LATS1_locus0,6:149801509
6,149801509,6:149801509:G:A,6,149768273,6:149768273:A:T,0.96495,33236,6:149801509,chr6,149801509,149801509,rs9322223,LATS1,3,Zheng,LATS1_locus0,6:149801509
6,149801509,6:149801509:G:A,6,149769680,6:149769680:T:C,1.0,31829,6:149801509,chr6,149801509,149801509,rs9322223,LATS1,3,Zheng,LATS1_locus0,6:149801509
6,149801509,6:149801509:G:A,6,149770637,6:149770637:C:T,0.97842,30872,6:149801509,chr6,149801509,149801509,rs9322223,LATS1,3,Zheng,LATS1_locus0,6:149801509
6,149801509,6:149801509:G:A,6,149770776,6:149770776:A:G,1.0,30733,6:149801509,chr6,149801509,149801509,rs9322223,LATS1,3,Zheng,LATS1_locus0,6:149801509
6,149801509,6:149801509:G:A,6,149770854,6:149770854:C:CCCTG,0.99285,30655,6:149801509,chr6,149801509,149801509,rs9322223,LATS1,3,Zheng,LATS1_locus0,6:149801509
6,149801509,6:149801509:G:A,6,149771673,6:149771673:T:C,1.0,29836,6:149801509,chr6,149801509,149801509,rs9322223,LATS1,3,Zheng,LATS1_locus0,6:149801509
6,149801509,6:149801509:G:A,6,149772542,6:149772542:C:T,1.0,28967,6:149801509,chr6,149801509,149801509,rs9322223,LATS1,3,Zheng,LATS1_locus0,6:149801509
6,149801509,6:149801509:G:A,6,149772546,6:149772546:C:T,0.96495,28963,6:149801509,chr6,149801509,149801509,rs9322223,LATS1,3,Zheng,LATS1_locus0,6:149801509
6,149801509,6:149801509:G:A,6,149772832,6:149772832:G:A,1.0,28677,6:149801509,chr6,149801509,149801509,rs9322223,LATS1,3,Zheng,LATS1_locus0,6:149801509
6,149801509,6:149801509:G:A,6,149772845,6:149772845:G:A,1.0,28664,6:149801509,chr6,149801509,149801509,rs9322223,LATS1,3,Zheng,LATS1_locus0,6:149801509
6,149801509,6:149801509:G:A,6,149773350,6:149773351:AGTTTTGTTT:A,0.971768,28159,6:149801509,chr6,149801509,149801509,rs9322223,LATS1,3,Zheng,LATS1_locus0,6:149801509
6,149801509,6:149801509:G:A,6,149773519,6:149773519:C:T,1.0,27990,6:149801509,chr6,149801509,149801509,rs9322223,LATS1,3,Zheng,LATS1_locus0,6:149801509
6,149801509,6:149801509:G:A,6,149773578,6:149773578:T:C,1.0,27931,6:149801509,chr6,149801509,149801509,rs9322223,LATS1,3,Zheng,LATS1_locus0,6:149801509
6,149801509,6:149801509:G:A,6,149774257,6:149774257:T:C,1.0,27252,6:149801509,chr6,149801509,149801509,rs9322223,LATS1,3,Zheng,LATS1_locus0,6:149801509
6,149801509,6:149801509:G:A,6,149774301,6:149774301:G:A,1.0,27208,6:149801509,chr6,149801509,149801509,rs9322223,LATS1,3,Zheng,LATS1_locus0,6:149801509
6,149801509,6:149801509:G:A,6,149774538,6:149774538:CT:C,0.971298,26971,6:149801509,chr6,149801509,149801509,rs9322223,LATS1,3,Zheng,LATS1_locus0,6:149801509
6,149801509,6:149801509:G:A,6,149775136,6:149775136:G:C,1.0,26373,6:149801509,chr6,149801509,149801509,rs9322223,LATS1,3,Zheng,LATS1_locus0,6:149801509
6,149801509,6:149801509:G:A,6,149775216,6:149775216:T:A,1.0,26293,6:149801509,chr6,149801509,149801509,rs9322223,LATS1,3,Zheng,LATS1_locus0,6:149801509
6,149801509,6:149801509:G:A,6,149775255,6:149775255:A:C,0.96495,26254,6:149801509,chr6,149801509,149801509,rs9322223,LATS1,3,Zheng,LATS1_locus0,6:149801509
6,149801509,6:149801509:G:A,6,149775303,6:149775303:C:T,1.0,26206,6:149801509,chr6,149801509,149801509,rs9322223,LATS1,3,Zheng,LATS1_locus0,6:149801509
6,149801509,6:149801509:G:A,6,149775882,6:149775882:A:G,1.0,25627,6:149801509,chr6,149801509,149801509,rs9322223,LATS1,3,Zheng,LATS1_locus0,6:149801509
6,149801509,6:149801509:G:A,6,149776207,6:149776207:T:A,1.0,25302,6:149801509,chr6,149801509,149801509,rs9322223,LATS1,3,Zheng,LATS1_locus0,6:149801509
6,149801509,6:149801509:G:A,6,149776321,HGSV_102192,1.0,25188,6:149801509,chr6,149801509,149801509,rs9322223,LATS1,3,Zheng,LATS1_locus0,6:149801509
6,149801509,6:149801509:G:A,6,149776681,6:149776681:G:A,1.0,24828,6:149801509,chr6,149801509,149801509,rs9322223,LATS1,3,Zheng,LATS1_locus0,6:149801509
6,149801509,6:149801509:G:A,6,149777465,6:149777465:T:TAAATG,1.0,24044,6:149801509,chr6,149801509,149801509,rs9322223,LATS1,3,Zheng,LATS1_locus0,6:149801509
6,149801509,6:149801509:G:A,6,149777561,6:149777561:C:T,1.0,23948,6:149801509,chr6,149801509,149801509,rs9322223,LATS1,3,Zheng,LATS1_locus0,6:149801509
6,149801509,6:149801509:G:A,6,149777641,6:149777641:T:C,1.0,23868,6:149801509,chr6,149801509,149801509,rs9322223,LATS1,3,Zheng,LATS1_locus0,6:149801509
6,149801509,6:149801509:G:A,6,149777838,6:149777838:CTCCT:C,0.985802,23671,6:149801509,chr6,149801509,149801509,rs9322223,LATS1,3,Zheng,LATS1_locus0,6:149801509
6,149801509,6:149801509:G:A,6,149777876,6:149777876:CT:C,0.978999,23633,6:149801509,chr6,149801509,149801509,rs9322223,LATS1,3,Zheng,LATS1_locus0,6:149801509
6,149801509,6:149801509:G:A,6,149778389,6:149778389:C:T,0.99285,23120,6:149801509,chr6,149801509,149801509,rs9322223,LATS1,3,Zheng,LATS1_locus0,6:149801509
6,149801509,6:149801509:G:A,6,149778907,6:149778907:A:C,1.0,22602,6:149801509,chr6,149801509,149801509,rs9322223,LATS1,3,Zheng,LATS1_locus0,6:149801509
6,149801509,6:149801509:G:A,6,149779242,6:149779242:AT:A,0.931278,22267,6:149801509,chr6,149801509,149801509,rs9322223,LATS1,3,Zheng,LATS1_locus0,6:149801509
6,149801509,6:149801509:G:A,6,149779244,6:149779244:GTAAAACA:G,0.931278,22265,6:149801509,chr6,149801509,149801509,rs9322223,LATS1,3,Zheng,LATS1_locus0,6:149801509
6,149801509,6:149801509:G:A,6,149779294,6:149779294:C:T,1.0,22215,6:149801509,chr6,149801509,149801509,rs9322223,LATS1,3,Zheng,LATS1_locus0,6:149801509
6,149801509,6:149801509:G:A,6,149779341,6:149779341:T:C,1.0,22168,6:149801509,chr6,149801509,149801509,rs9322223,LATS1,3,Zheng,LATS1_locus0,6:149801509
6,149801509,6:149801509:G:A,6,149779576,6:149779576:G:A,1.0,21933,6:149801509,chr6,149801509,149801509,rs9322223,LATS1,3,Zheng,LATS1_locus0,6:149801509
6,149801509,6:149801509:G:A,6,149779669,6:149779669:G:A,1.0,21840,6:149801509,chr6,149801509,149801509,rs9322223,LATS1,3,Zheng,LATS1_locus0,6:149801509
6,149801509,6:149801509:G:A,6,149780563,6:149780563:T:C,1.0,20946,6:149801509,chr6,149801509,149801509,rs9322223,LATS1,3,Zheng,LATS1_locus0,6:149801509
6,149801509,6:149801509:G:A,6,149780867,6:149780867:G:A,1.0,20642,6:149801509,chr6,149801509,149801509,rs9322223,LATS1,3,Zheng,LATS1_locus0,6:149801509
6,149801509,6:149801509:G:A,6,149781191,6:149781191:TTTTTTTTTT:T,1.0,20318,6:149801509,chr6,149801509,149801509,rs9322223,LATS1,3,Zheng,LATS1_locus0,6:149801509
6,149801509,6:149801509:G:A,6,149781361,6:149781361:G:A,1.0,20148,6:149801509,chr6,149801509,149801509,rs9322223,LATS1,3,Zheng,LATS1_locus0,6:149801509
6,149801509,6:149801509:G:A,6,149781442,6:149781442:G:A,1.0,20067,6:149801509,chr6,149801509,149801509,rs9322223,LATS1,3,Zheng,LATS1_locus0,6:149801509
6,149801509,6:149801509:G:A,6,149781649,6:149781649:A:C,1.0,19860,6:149801509,chr6,149801509,149801509,rs9322223,LATS1,3,Zheng,LATS1_locus0,6:149801509
6,149801509,6:149801509:G:A,6,149782183,6:149782183:A:G,1.0,19326,6:149801509,chr6,149801509,149801509,rs9322223,LATS1,3,Zheng,LATS1_locus0,6:149801509
6,149801509,6:149801509:G:A,6,149782263,6:149782263:C:T,1.0,19246,6:149801509,chr6,149801509,149801509,rs9322223,LATS1,3,Zheng,LATS1_locus0,6:149801509
6,149801509,6:149801509:G:A,6,149782897,6:149782897:G:C,0.971768,18612,6:149801509,chr6,149801509,149801509,rs9322223,LATS1,3,Zheng,LATS1_locus0,6:149801509
6,149801509,6:149801509:G:A,6,149783124,6:149783124:A:G,0.971768,18385,6:149801509,chr6,149801509,149801509,rs9322223,LATS1,3,Zheng,LATS1_locus0,6:149801509
6,149801509,6:149801509:G:A,6,149783321,6:149783321:C:T,0.971768,18188,6:149801509,chr6,149801509,149801509,rs9322223,LATS1,3,Zheng,LATS1_locus0,6:149801509
6,149801509,6:149801509:G:A,6,149783553,6:149783553:T:G,0.971768,17956,6:149801509,chr6,149801509,149801509,rs9322223,LATS1,3,Zheng,LATS1_locus0,6:149801509
6,149801509,6:149801509:G:A,6,149783956,6:149783956:G:A,0.971768,17553,6:149801509,chr6,149801509,149801509,rs9322223,LATS1,3,Zheng,LATS1_locus0,6:149801509
6,149801509,6:149801509:G:A,6,149784836,6:149784836:T:G,0.971768,16673,6:149801509,chr6,149801509,149801509,rs9322223,LATS1,3,Zheng,LATS1_locus0,6:149801509
6,149801509,6:149801509:G:A,6,149785249,6:149785249:G:GTCA,0.853518,16260,6:149801509,chr6,149801509,149801509,rs9322223,LATS1,3,Zheng,LATS1_locus0,6:149801509
6,149801509,6:149801509:G:A,6,149785355,6:149785356:CTT:C,0.83289,16154,6:149801509,chr6,149801509,149801509,rs9322223,LATS1,3,Zheng,LATS1_locus0,6:149801509
6,149801509,6:149801509:G:A,6,149785433,6:149785433:C:T,0.884994,16076,6:149801509,chr6,149801509,149801509,rs9322223,LATS1,3,Zheng,LATS1_locus0,6:149801509
6,149801509,6:149801509:G:A,6,149786664,6:149786664:C:T,0.865764,14845,6:149801509,chr6,149801509,149801509,rs9322223,LATS1,3,Zheng,LATS1_locus0,6:149801509
6,149801509,6:149801509:G:A,6,149786687,6:149786687:C:T,0.847574,14822,6:149801509,chr6,149801509,149801509,rs9322223,LATS1,3,Zheng,LATS1_locus0,6:149801509
6,149801509,6:149801509:G:A,6,149786778,6:149786778:C:A,0.964733,14731,6:149801509,chr6,149801509,149801509,rs9322223,LATS1,3,Zheng,LATS1_locus0,6:149801509
6,149801509,6:149801509:G:A,6,149787005,6:149787005:G:A,0.873717,14504,6:149801509,chr6,149801509,149801509,rs9322223,LATS1,3,Zheng,LATS1_locus0,6:149801509
6,149801509,6:149801509:G:A,6,149787287,6:149787287:G:GGGAGAGGGA,0.925413,14222,6:149801509,chr6,149801509,149801509,rs9322223,LATS1,3,Zheng,LATS1_locus0,6:149801509
6,149801509,6:149801509:G:A,6,149787289,6:149787290:T:TGGGG,0.925413,14220,6:149801509,chr6,149801509,149801509,rs9322223,LATS1,3,Zheng,LATS1_locus0,6:149801509
6,149801509,6:149801509:G:A,6,149787615,6:149787615:G:A,0.971768,13894,6:149801509,chr6,149801509,149801509,rs9322223,LATS1,3,Zheng,LATS1_locus0,6:149801509
6,149801509,6:149801509:G:A,6,149787823,6:149787823:CTG:C,0.964455,13686,6:149801509,chr6,149801509,149801509,rs9322223,LATS1,3,Zheng,LATS1_locus0,6:149801509
6,149801509,6:149801509:G:A,6,149787920,6:149787920:C:T,0.971768,13589,6:149801509,chr6,149801509,149801509,rs9322223,LATS1,3,Zheng,LATS1_locus0,6:149801509
6,149801509,6:149801509:G:A,6,149787970,6:149787970:T:C,0.971768,13539,6:149801509,chr6,149801509,149801509,rs9322223,LATS1,3,Zheng,LATS1_locus0,6:149801509
6,149801509,6:149801509:G:A,6,149788074,6:149788074:C:T,0.971768,13435,6:149801509,chr6,149801509,149801509,rs9322223,LATS1,3,Zheng,LATS1_locus0,6:149801509
6,149801509,6:149801509:G:A,6,149788159,6:149788159:C:T,0.964727,13350,6:149801509,chr6,149801509,149801509,rs9322223,LATS1,3,Zheng,LATS1_locus0,6:149801509
6,149801509,6:149801509:G:A,6,149788479,6:149788479:T:A,0.971768,13030,6:149801509,chr6,149801509,149801509,rs9322223,LATS1,3,Zheng,LATS1_locus0,6:149801509
6,149801509,6:149801509:G:A,6,149788709,6:149788709:C:G,0.957198,12800,6:149801509,chr6,149801509,149801509,rs9322223,LATS1,3,Zheng,LATS1_locus0,6:149801509
6,149801509,6:149801509:G:A,6,149788941,6:149788941:G:A,0.971768,12568,6:149801509,chr6,149801509,149801509,rs9322223,LATS1,3,Zheng,LATS1_locus0,6:149801509
6,149801509,6:149801509:G:A,6,149788977,6:149788977:G:A,0.971768,12532,6:149801509,chr6,149801509,149801509,rs9322223,LATS1,3,Zheng,LATS1_locus0,6:149801509
6,149801509,6:149801509:G:A,6,149789350,6:149789350:T:A,1.0,12159,6:149801509,chr6,149801509,149801509,rs9322223,LATS1,3,Zheng,LATS1_locus0,6:149801509
6,149801509,6:149801509:G:A,6,149789486,6:149789486:C:T,1.0,12023,6:149801509,chr6,149801509,149801509,rs9322223,LATS1,3,Zheng,LATS1_locus0,6:149801509
6,149801509,6:149801509:G:A,6,149789721,6:149789721:TAA:T,1.0,11788,6:149801509,chr6,149801509,149801509,rs9322223,LATS1,3,Zheng,LATS1_locus0,6:149801509
6,149801509,6:149801509:G:A,6,149790516,6:149790516:C:CT,0.99285,10993,6:149801509,chr6,149801509,149801509,rs9322223,LATS1,3,Zheng,LATS1_locus0,6:149801509
6,149801509,6:149801509:G:A,6,149791033,6:149791033:C:G,1.0,10476,6:149801509,chr6,149801509,149801509,rs9322223,LATS1,3,Zheng,LATS1_locus0,6:149801509
6,149801509,6:149801509:G:A,6,149791063,6:149791063:C:T,1.0,10446,6:149801509,chr6,149801509,149801509,rs9322223,LATS1,3,Zheng,LATS1_locus0,6:149801509
6,149801509,6:149801509:G:A,6,149791065,6:149791065:G:A,1.0,10444,6:149801509,chr6,149801509,149801509,rs9322223,LATS1,3,Zheng,LATS1_locus0,6:149801509
6,149801509,6:149801509:G:A,6,149791193,6:149791193:G:A,1.0,10316,6:149801509,chr6,149801509,149801509,rs9322223,LATS1,3,Zheng,LATS1_locus0,6:149801509
6,149801509,6:149801509:G:A,6,149791861,6:149791861:G:A,1.0,9648,6:149801509,chr6,149801509,149801509,rs9322223,LATS1,3,Zheng,LATS1_locus0,6:149801509
6,149801509,6:149801509:G:A,6,149792658,6:149792658:G:A,1.0,8851,6:149801509,chr6,149801509,149801509,rs9322223,LATS1,3,Zheng,LATS1_locus0,6:149801509
6,149801509,6:149801509:G:A,6,149792666,6:149792666:T:C,1.0,8843,6:149801509,chr6,149801509,149801509,rs9322223,LATS1,3,Zheng,LATS1_locus0,6:149801509
6,149801509,6:149801509:G:A,6,149793162,6:149793162:CAA:C,0.898661,8347,6:149801509,chr6,149801509,149801509,rs9322223,LATS1,3,Zheng,LATS1_locus0,6:149801509
6,149801509,6:149801509:G:A,6,149793470,6:149793470:C:T,1.0,8039,6:149801509,chr6,149801509,149801509,rs9322223,LATS1,3,Zheng,LATS1_locus0,6:149801509
6,149801509,6:149801509:G:A,6,149793609,6:149793609:G:A,1.0,7900,6:149801509,chr6,149801509,149801509,rs9322223,LATS1,3,Zheng,LATS1_locus0,6:149801509
6,149801509,6:149801509:G:A,6,149794670,6:149794670:AT:A,1.0,6839,6:149801509,chr6,149801509,149801509,rs9322223,LATS1,3,Zheng,LATS1_locus0,6:149801509
6,149801509,6:149801509:G:A,6,149795193,6:149795193:CA:C,0.992825,6316,6:149801509,chr6,149801509,149801509,rs9322223,LATS1,3,Zheng,LATS1_locus0,6:149801509
6,149801509,6:149801509:G:A,6,149795490,6:149795490:C:T,0.96495,6019,6:149801509,chr6,149801509,149801509,rs9322223,LATS1,3,Zheng,LATS1_locus0,6:149801509
6,149801509,6:149801509:G:A,6,149795662,6:149795662:C:T,1.0,5847,6:149801509,chr6,149801509,149801509,rs9322223,LATS1,3,Zheng,LATS1_locus0,6:149801509
6,149801509,6:149801509:G:A,6,149796825,6:149796825:G:T,0.985802,4684,6:149801509,chr6,149801509,149801509,rs9322223,LATS1,3,Zheng,LATS1_locus0,6:149801509
6,149801509,6:149801509:G:A,6,149797517,6:149797517:T:TA,1.0,3992,6:149801509,chr6,149801509,149801509,rs9322223,LATS1,3,Zheng,LATS1_locus0,6:149801509
6,149801509,6:149801509:G:A,6,149798164,6:149798164:GTC:G,1.0,3345,6:149801509,chr6,149801509,149801509,rs9322223,LATS1,3,Zheng,LATS1_locus0,6:149801509
6,149801509,6:149801509:G:A,6,149798205,6:149798205:T:TA,1.0,3304,6:149801509,chr6,149801509,149801509,rs9322223,LATS1,3,Zheng,LATS1_locus0,6:149801509
6,149801509,6:149801509:G:A,6,149798774,6:149798774:A:T,1.0,2735,6:149801509,chr6,149801509,149801509,rs9322223,LATS1,3,Zheng,LATS1_locus0,6:149801509
6,149801509,6:149801509:G:A,6,149798900,6:149798900:T:C,1.0,2609,6:149801509,chr6,149801509,149801509,rs9322223,LATS1,3,Zheng,LATS1_locus0,6:149801509
6,149801509,6:149801509:G:A,6,149799444,6:149799444:A:C,1.0,2065,6:149801509,chr6,149801509,149801509,rs9322223,LATS1,3,Zheng,LATS1_locus0,6:149801509
6,149801509,6:149801509:G:A,6,149800557,6:149800557:C:T,0.911833,952,6:149801509,chr6,149801509,149801509,rs9322223,LATS1,3,Zheng,LATS1_locus0,6:149801509
6,149801509,6:149801509:G:A,6,149801253,6:149801253:C:G,1.0,256,6:149801509,chr6,149801509,149801509,rs9322223,LATS1,3,Zheng,LATS1_locus0,6:149801509
6,149801509,6:149801509:G:A,6,149801509,6:149801509:G:A,1.0,0,6:149801509,chr6,149801509,149801509,rs9322223,LATS1,3,Zheng,LATS1_locus0,6:149801509
6,149801509,6:149801509:G:A,6,149802180,6:149802180:CT:C,1.0,671,6:149801509,chr6,149801509,149801509,rs9322223,LATS1,3,Zheng,LATS1_locus0,6:149801509
6,149801509,6:149801509:G:A,6,149802614,6:149802614:TG:T,1.0,1105,6:149801509,chr6,149801509,149801509,rs9322223,LATS1,3,Zheng,LATS1_locus0,6:149801509
6,149801509,6:149801509:G:A,6,149802619,6:149802619:G:GT,1.0,1110,6:149801509,chr6,149801509,149801509,rs9322223,LATS1,3,Zheng,LATS1_locus0,6:149801509
6,149801509,6:149801509:G:A,6,149802627,6:149802627:G:T,1.0,1118,6:149801509,chr6,149801509,149801509,rs9322223,LATS1,3,Zheng,LATS1_locus0,6:149801509
6,149801509,6:149801509:G:A,6,149802628,6:149802628:T:G,1.0,1119,6:149801509,chr6,149801509,149801509,rs9322223,LATS1,3,Zheng,LATS1_locus0,6:149801509
6,149801509,6:149801509:G:A,6,149802883,6:149802883:G:A,1.0,1374,6:149801509,chr6,149801509,149801509,rs9322223,LATS1,3,Zheng,LATS1_locus0,6:149801509
6,149801509,6:149801509:G:A,6,149803077,6:149803077:A:C,0.946682,1568,6:149801509,chr6,149801509,149801509,rs9322223,LATS1,3,Zheng,LATS1_locus0,6:149801509
6,149801509,6:149801509:G:A,6,149803147,6:149803147:G:A,1.0,1638,6:149801509,chr6,149801509,149801509,rs9322223,LATS1,3,Zheng,LATS1_locus0,6:149801509
6,149801509,6:149801509:G:A,6,149803509,6:149803509:T:TTTCTC,0.95125,2000,6:149801509,chr6,149801509,149801509,rs9322223,LATS1,3,Zheng,LATS1_locus0,6:149801509
6,149801509,6:149801509:G:A,6,149803797,6:149803797:GA:G,0.97842,2288,6:149801509,chr6,149801509,149801509,rs9322223,LATS1,3,Zheng,LATS1_locus0,6:149801509
6,149801509,6:149801509:G:A,6,149804080,6:149804080:C:CA,0.845531,2571,6:149801509,chr6,149801509,149801509,rs9322223,LATS1,3,Zheng,LATS1_locus0,6:149801509
6,149801509,6:149801509:G:A,6,149805967,6:149805967:C:T,0.986012,4458,6:149801509,chr6,149801509,149801509,rs9322223,LATS1,3,Zheng,LATS1_locus0,6:149801509
6,149801509,6:149801509:G:A,6,149806304,6:149806304:G:A,1.0,4795,6:149801509,chr6,149801509,149801509,rs9322223,LATS1,3,Zheng,LATS1_locus0,6:149801509
6,149801509,6:149801509:G:A,6,149807037,6:149807037:C:A,0.99285,5528,6:149801509,chr6,149801509,149801509,rs9322223,LATS1,3,Zheng,LATS1_locus0,6:149801509
6,149801509,6:149801509:G:A,6,149808187,6:149808187:A:G,0.99285,6678,6:149801509,chr6,149801509,149801509,rs9322223,LATS1,3,Zheng,LATS1_locus0,6:149801509
6,149801509,6:149801509:G:A,6,149808470,6:149808470:T:C,0.99285,6961,6:149801509,chr6,149801509,149801509,rs9322223,LATS1,3,Zheng,LATS1_locus0,6:149801509
6,149801509,6:149801509:G:A,6,149809506,6:149809506:C:T,0.99285,7997,6:149801509,chr6,149801509,149801509,rs9322223,LATS1,3,Zheng,LATS1_locus0,6:149801509
6,149801509,6:149801509:G:A,6,149809537,6:149809537:G:A,0.99285,8028,6:149801509,chr6,149801509,149801509,rs9322223,LATS1,3,Zheng,LATS1_locus0,6:149801509
6,149801509,6:149801509:G:A,6,149809701,6:149809701:A:G,0.99285,8192,6:149801509,chr6,149801509,149801509,rs9322223,LATS1,3,Zheng,LATS1_locus0,6:149801509
6,149801509,6:149801509:G:A,6,149810072,6:149810072:T:C,0.99285,8563,6:149801509,chr6,149801509,149801509,rs9322223,LATS1,3,Zheng,LATS1_locus0,6:149801509
6,149801509,6:149801509:G:A,6,149810956,6:149810956:A:G,0.99285,9447,6:149801509,chr6,149801509,149801509,rs9322223,LATS1,3,Zheng,LATS1_locus0,6:149801509
6,149801509,6:149801509:G:A,6,149811183,6:149811183:A:T,0.99285,9674,6:149801509,chr6,149801509,149801509,rs9322223,LATS1,3,Zheng,LATS1_locus0,6:149801509
6,149801509,6:149801509:G:A,6,149812052,6:149812052:C:T,0.99285,10543,6:149801509,chr6,149801509,149801509,rs9322223,LATS1,3,Zheng,LATS1_locus0,6:149801509
6,149801509,6:149801509:G:A,6,149812465,6:149812465:G:A,0.99285,10956,6:149801509,chr6,149801509,149801509,rs9322223,LATS1,3,Zheng,LATS1_locus0,6:149801509
6,149801509,6:149801509:G:A,6,149812818,6:149812818:C:A,0.99285,11309,6:149801509,chr6,149801509,149801509,rs9322223,LATS1,3,Zheng,LATS1_locus0,6:149801509
6,149801509,6:149801509:G:A,6,149812859,6:149812859:A:G,0.99285,11350,6:149801509,chr6,149801509,149801509,rs9322223,LATS1,3,Zheng,LATS1_locus0,6:149801509
6,149801509,6:149801509:G:A,6,149813260,6:149813260:ATGTGTGTGT:A,0.99285,11751,6:149801509,chr6,149801509,149801509,rs9322223,LATS1,3,Zheng,LATS1_locus0,6:149801509
6,149801509,6:149801509:G:A,6,149813857,6:149813857:G:A,0.99285,12348,6:149801509,chr6,149801509,149801509,rs9322223,LATS1,3,Zheng,LATS1_locus0,6:149801509
6,149801509,6:149801509:G:A,6,149814388,6:149814388:C:T,0.99285,12879,6:149801509,chr6,149801509,149801509,rs9322223,LATS1,3,Zheng,LATS1_locus0,6:149801509
6,149801509,6:149801509:G:A,6,149814464,6:149814464:A:G,0.99285,12955,6:149801509,chr6,149801509,149801509,rs9322223,LATS1,3,Zheng,LATS1_locus0,6:149801509
6,149801509,6:149801509:G:A,6,149816095,6:149816095:A:G,0.958229,14586,6:149801509,chr6,149801509,149801509,rs9322223,LATS1,3,Zheng,LATS1_locus0,6:149801509
6,149801509,6:149801509:G:A,6,149816620,6:149816620:C:T,0.964368,15111,6:149801509,chr6,149801509,149801509,rs9322223,LATS1,3,Zheng,LATS1_locus0,6:149801509
6,149801509,6:149801509:G:A,6,149817267,6:149817267:A:G,0.958229,15758,6:149801509,chr6,149801509,149801509,rs9322223,LATS1,3,Zheng,LATS1_locus0,6:149801509
6,149801509,6:149801509:G:A,6,149817526,6:149817526:A:T,0.951603,16017,6:149801509,chr6,149801509,149801509,rs9322223,LATS1,3,Zheng,LATS1_locus0,6:149801509
6,149801509,6:149801509:G:A,6,149817598,6:149817598:A:G,0.99285,16089,6:149801509,chr6,149801509,149801509,rs9322223,LATS1,3,Zheng,LATS1_locus0,6:149801509
6,149801509,6:149801509:G:A,6,149817967,6:149817967:T:TA,0.99285,16458,6:149801509,chr6,149801509,149801509,rs9322223,LATS1,3,Zheng,LATS1_locus0,6:149801509
6,149801509,6:149801509:G:A,6,149818093,6:149818093:T:C,0.99285,16584,6:149801509,chr6,149801509,149801509,rs9322223,LATS1,3,Zheng,LATS1_locus0,6:149801509
6,149801509,6:149801509:G:A,6,149819674,6:149819674:C:T,0.99285,18165,6:149801509,chr6,149801509,149801509,rs9322223,LATS1,3,Zheng,LATS1_locus0,6:149801509
6,149801509,6:149801509:G:A,6,149819770,6:149819770:G:T,0.99285,18261,6:149801509,chr6,149801509,149801509,rs9322223,LATS1,3,Zheng,LATS1_locus0,6:149801509
6,149801509,6:149801509:G:A,6,149820395,6:149820395:A:C,0.99285,18886,6:149801509,chr6,149801509,149801509,rs9322223,LATS1,3,Zheng,LATS1_locus0,6:149801509
6,149801509,6:149801509:G:A,6,149820396,6:149820396:C:CT,0.99285,18887,6:149801509,chr6,149801509,149801509,rs9322223,LATS1,3,Zheng,LATS1_locus0,6:149801509
6,149801509,6:149801509:G:A,6,149821815,6:149821815:A:G,0.978953,20306,6:149801509,chr6,149801509,149801509,rs9322223,LATS1,3,Zheng,LATS1_locus0,6:149801509
6,149801509,6:149801509:G:A,6,149821978,6:149821978:C:T,0.978953,20469,6:149801509,chr6,149801509,149801509,rs9322223,LATS1,3,Zheng,LATS1_locus0,6:149801509
6,149801509,6:149801509:G:A,6,149822501,6:149822501:TAAAAAAAAA:T,0.978953,20992,6:149801509,chr6,149801509,149801509,rs9322223,LATS1,3,Zheng,LATS1_locus0,6:149801509
6,149801509,6:149801509:G:A,6,149822743,6:149822743:T:A,0.978953,21234,6:149801509,chr6,149801509,149801509,rs9322223,LATS1,3,Zheng,LATS1_locus0,6:149801509
6,149801509,6:149801509:G:A,6,149823074,6:149823074:CA:C,0.971995,21565,6:149801509,chr6,149801509,149801509,rs9322223,LATS1,3,Zheng,LATS1_locus0,6:149801509
6,149801509,6:149801509:G:A,6,149823865,6:149823865:C:T,0.909863,22356,6:149801509,chr6,149801509,149801509,rs9322223,LATS1,3,Zheng,LATS1_locus0,6:149801509
6,149801509,6:149801509:G:A,6,149825080,6:149825080:G:T,0.978953,23571,6:149801509,chr6,149801509,149801509,rs9322223,LATS1,3,Zheng,LATS1_locus0,6:149801509
6,149801509,6:149801509:G:A,6,149825485,6:149825485:C:G,0.978953,23976,6:149801509,chr6,149801509,149801509,rs9322223,LATS1,3,Zheng,LATS1_locus0,6:149801509
6,149801509,6:149801509:G:A,6,149825657,6:149825657:ATT:A,0.964721,24148,6:149801509,chr6,149801509,149801509,rs9322223,LATS1,3,Zheng,LATS1_locus0,6:149801509
6,149801509,6:149801509:G:A,6,149826604,6:149826604:C:CG,0.978953,25095,6:149801509,chr6,149801509,149801509,rs9322223,LATS1,3,Zheng,LATS1_locus0,6:149801509
6,149801509,6:149801509:G:A,6,149826974,6:149826974:C:CT,0.978953,25465,6:149801509,chr6,149801509,149801509,rs9322223,LATS1,3,Zheng,LATS1_locus0,6:149801509
6,149801509,6:149801509:G:A,6,149828494,6:149828494:C:CT,0.978953,26985,6:149801509,chr6,149801509,149801509,rs9322223,LATS1,3,Zheng,LATS1_locus0,6:149801509
6,149801509,6:149801509:G:A,6,149829332,6:149829332:A:G,0.978953,27823,6:149801509,chr6,149801509,149801509,rs9322223,LATS1,3,Zheng,LATS1_locus0,6:149801509
6,149801509,6:149801509:G:A,6,149831357,6:149831357:T:C,0.978953,29848,6:149801509,chr6,149801509,149801509,rs9322223,LATS1,3,Zheng,LATS1_locus0,6:149801509
6,149801509,6:149801509:G:A,6,149831720,6:149831720:G:A,0.978953,30211,6:149801509,chr6,149801509,149801509,rs9322223,LATS1,3,Zheng,LATS1_locus0,6:149801509
6,149801509,6:149801509:G:A,6,149831772,6:149831772:A:G,0.978953,30263,6:149801509,chr6,149801509,149801509,rs9322223,LATS1,3,Zheng,LATS1_locus0,6:149801509
6,149801509,6:149801509:G:A,6,149832090,6:149832090:T:C,0.924892,30581,6:149801509,chr6,149801509,149801509,rs9322223,LATS1,3,Zheng,LATS1_locus0,6:149801509
6,149801509,6:149801509:G:A,6,149832765,6:149832765:T:C,0.978953,31256,6:149801509,chr6,149801509,149801509,rs9322223,LATS1,3,Zheng,LATS1_locus0,6:149801509
6,149801509,6:149801509:G:A,6,149833364,6:149833364:C:T,0.958229,31855,6:149801509,chr6,149801509,149801509,rs9322223,LATS1,3,Zheng,LATS1_locus0,6:149801509
6,149801509,6:149801509:G:A,6,149834111,6:149834111:C:T,0.978953,32602,6:149801509,chr6,149801509,149801509,rs9322223,LATS1,3,Zheng,LATS1_locus0,6:149801509
6,149801509,6:149801509:G:A,6,149834324,6:149834324:A:G,0.978953,32815,6:149801509,chr6,149801509,149801509,rs9322223,LATS1,3,Zheng,LATS1_locus0,6:149801509
6,149801509,6:149801509:G:A,6,149835068,6:149835068:G:A,0.958229,33559,6:149801509,chr6,149801509,149801509,rs9322223,LATS1,3,Zheng,LATS1_locus0,6:149801509
6,149801509,6:149801509:G:A,6,149835865,6:149835865:A:G,0.978953,34356,6:149801509,chr6,149801509,149801509,rs9322223,LATS1,3,Zheng,LATS1_locus0,6:149801509
6,149801509,6:149801509:G:A,6,149836834,6:149836834:G:GAAAA,0.958229,35325,6:149801509,chr6,149801509,149801509,rs9322223,LATS1,3,Zheng,LATS1_locus0,6:149801509
6,149801509,6:149801509:G:A,6,149837058,6:149837058:G:T,0.958229,35549,6:149801509,chr6,149801509,149801509,rs9322223,LATS1,3,Zheng,LATS1_locus0,6:149801509
6,149801509,6:149801509:G:A,6,149838917,6:149838917:G:A,0.958229,37408,6:149801509,chr6,149801509,149801509,rs9322223,LATS1,3,Zheng,LATS1_locus0,6:149801509
6,149801509,6:149801509:G:A,6,149839298,6:149839298:A:G,0.958229,37789,6:149801509,chr6,149801509,149801509,rs9322223,LATS1,3,Zheng,LATS1_locus0,6:149801509
6,149801509,6:149801509:G:A,6,149839815,6:149839815:C:T,0.958229,38306,6:149801509,chr6,149801509,149801509,rs9322223,LATS1,3,Zheng,LATS1_locus0,6:149801509
6,149801509,6:149801509:G:A,6,149839978,6:149839978:G:A,0.958229,38469,6:149801509,chr6,149801509,149801509,rs9322223,LATS1,3,Zheng,LATS1_locus0,6:149801509
6,149801509,6:149801509:G:A,6,149840735,6:149840735:C:T,0.891875,39226,6:149801509,chr6,149801509,149801509,rs9322223,LATS1,3,Zheng,LATS1_locus0,6:149801509
6,149801509,6:149801509:G:A,6,149842179,6:149842179:CTTA:C,0.958229,40670,6:149801509,chr6,149801509,149801509,rs9322223,LATS1,3,Zheng,LATS1_locus0,6:149801509
6,149801509,6:149801509:G:A,6,149842775,6:149842775:T:C,0.958229,41266,6:149801509,chr6,149801509,149801509,rs9322223,LATS1,3,Zheng,LATS1_locus0,6:149801509
6,149801509,6:149801509:G:A,6,149843242,6:149843242:G:A,0.958229,41733,6:149801509,chr6,149801509,149801509,rs9322223,LATS1,3,Zheng,LATS1_locus0,6:149801509
6,149801509,6:149801509:G:A,6,149844905,6:149844905:T:A,0.86776,43396,6:149801509,chr6,149801509,149801509,rs9322223,LATS1,3,Zheng,LATS1_locus0,6:149801509
6,149801509,6:149801509:G:A,6,149845433,6:149845433:A:G,0.861495,43924,6:149801509,chr6,149801509,149801509,rs9322223,LATS1,3,Zheng,LATS1_locus0,6:149801509
6,149801509,6:149801509:G:A,6,149845758,6:149845758:TCAGGTCTTA:T,0.853735,44249,6:149801509,chr6,149801509,149801509,rs9322223,LATS1,3,Zheng,LATS1_locus0,6:149801509
6,149801509,6:149801509:G:A,6,149845972,6:149845972:G:A,0.861495,44463,6:149801509,chr6,149801509,149801509,rs9322223,LATS1,3,Zheng,LATS1_locus0,6:149801509
6,149801509,6:149801509:G:A,6,149846262,6:149846262:C:T,0.861495,44753,6:149801509,chr6,149801509,149801509,rs9322223,LATS1,3,Zheng,LATS1_locus0,6:149801509
6,149801509,6:149801509:G:A,6,149846735,6:149846735:T:C,0.87419,45226,6:149801509,chr6,149801509,149801509,rs9322223,LATS1,3,Zheng,LATS1_locus0,6:149801509
6,149801509,6:149801509:G:A,6,149848184,6:149848184:AAAAAC:A,0.861495,46675,6:149801509,chr6,149801509,149801509,rs9322223,LATS1,3,Zheng,LATS1_locus0,6:149801509
6,149801509,6:149801509:G:A,6,149848402,6:149848402:C:T,0.850444,46893,6:149801509,chr6,149801509,149801509,rs9322223,LATS1,3,Zheng,LATS1_locus0,6:149801509
6,149801509,6:149801509:G:A,6,149848433,6:149848433:C:T,0.87419,46924,6:149801509,chr6,149801509,149801509,rs9322223,LATS1,3,Zheng,LATS1_locus0,6:149801509
6,149801509,6:149801509:G:A,6,149848768,6:149848768:C:A,0.860677,47259,6:149801509,chr6,149801509,149801509,rs9322223,LATS1,3,Zheng,LATS1_locus0,6:149801509
6,149801509,6:149801509:G:A,6,149848796,6:149848796:C:T,0.867735,47287,6:149801509,chr6,149801509,149801509,rs9322223,LATS1,3,Zheng,LATS1_locus0,6:149801509
6,149801509,6:149801509:G:A,6,149848985,6:149848985:A:G,0.867735,47476,6:149801509,chr6,149801509,149801509,rs9322223,LATS1,3,Zheng,LATS1_locus0,6:149801509
6,149801509,6:149801509:G:A,6,149849308,6:149849308:T:C,0.867735,47799,6:149801509,chr6,149801509,149801509,rs9322223,LATS1,3,Zheng,LATS1_locus0,6:149801509
6,149801509,6:149801509:G:A,6,149849744,6:149849744:A:G,0.867735,48235,6:149801509,chr6,149801509,149801509,rs9322223,LATS1,3,Zheng,LATS1_locus0,6:149801509
6,149801509,6:149801509:G:A,6,149851787,6:149851787:C:T,0.867735,50278,6:149801509,chr6,149801509,149801509,rs9322223,LATS1,3,Zheng,LATS1_locus0,6:149801509
6,149801509,6:149801509:G:A,6,149851969,6:149851969:T:C,0.867735,50460,6:149801509,chr6,149801509,149801509,rs9322223,LATS1,3,Zheng,LATS1_locus0,6:149801509
6,149801509,6:149801509:G:A,6,149852043,6:149852043:A:G,0.867735,50534,6:149801509,chr6,149801509,149801509,rs9322223,LATS1,3,Zheng,LATS1_locus0,6:149801509
6,149801509,6:149801509:G:A,6,149852823,6:149852823:ACT:A,0.861495,51314,6:149801509,chr6,149801509,149801509,rs9322223,LATS1,3,Zheng,LATS1_locus0,6:149801509
6,149801509,6:149801509:G:A,6,149855697,6:149855697:CT:C,0.827971,54188,6:149801509,chr6,149801509,149801509,rs9322223,LATS1,3,Zheng,LATS1_locus0,6:149801509
6,149801509,6:149801509:G:A,6,149855996,6:149855996:C:T,0.87419,54487,6:149801509,chr6,149801509,149801509,rs9322223,LATS1,3,Zheng,LATS1_locus0,6:149801509
6,149801509,6:149801509:G:A,6,149858087,6:149858087:A:G,0.861495,56578,6:149801509,chr6,149801509,149801509,rs9322223,LATS1,3,Zheng,LATS1_locus0,6:149801509
6,149801509,6:149801509:G:A,6,149858423,6:149858423:A:G,0.861495,56914,6:149801509,chr6,149801509,149801509,rs9322223,LATS1,3,Zheng,LATS1_locus0,6:149801509
6,149801509,6:149801509:G:A,6,149858873,6:149858873:G:C,0.87419,57364,6:149801509,chr6,149801509,149801509,rs9322223,LATS1,3,Zheng,LATS1_locus0,6:149801509
6,149801509,6:149801509:G:A,6,149859123,6:149859123:T:C,0.861495,57614,6:149801509,chr6,149801509,149801509,rs9322223,LATS1,3,Zheng,LATS1_locus0,6:149801509
7,46590756,7:46590756:A:C,7,46573483,7:46573483:G:C,0.854954,17273,7:46590756,chr7,46590756,46590756,rs11769224,IGFBP3,2,Jurgens,IGFBP3_locus0,7:46590756
7,46590756,7:46590756:A:C,7,46577178,7:46577178:G:A,0.86725,13578,7:46590756,chr7,46590756,46590756,rs11769224,IGFBP3,2,Jurgens,IGFBP3_locus0,7:46590756
7,46590756,7:46590756:A:C,7,46577928,7:46577928:G:A,0.86725,12828,7:46590756,chr7,46590756,46590756,rs11769224,IGFBP3,2,Jurgens,IGFBP3_locus0,7:46590756
7,46590756,7:46590756:A:C,7,46578017,7:46578017:G:A,0.86725,12739,7:46590756,chr7,46590756,46590756,rs11769224,IGFBP3,2,Jurgens,IGFBP3_locus0,7:46590756
7,46590756,7:46590756:A:C,7,46580547,7:46580547:A:G,0.86725,10209,7:46590756,chr7,46590756,46590756,rs11769224,IGFBP3,2,Jurgens,IGFBP3_locus0,7:46590756
7,46590756,7:46590756:A:C,7,46584189,7:46584189:T:TCCCC,0.865914,6567,7:46590756,chr7,46590756,46590756,rs11769224,IGFBP3,2,Jurgens,IGFBP3_locus0,7:46590756
7,46590756,7:46590756:A:C,7,46584639,7:46584639:A:G,0.835362,6117,7:46590756,chr7,46590756,46590756,rs11769224,IGFBP3,2,Jurgens,IGFBP3_locus0,7:46590756
7,46590756,7:46590756:A:C,7,46590756,7:46590756:A:C,1.0,0,7:46590756,chr7,46590756,46590756,rs11769224,IGFBP3,2,Jurgens,IGFBP3_locus0,7:46590756
7,46590756,7:46590756:A:C,7,46591004,7:46591004:G:C,1.0,248,7:46590756,chr7,46590756,46590756,rs11769224,IGFBP3,2,Jurgens,IGFBP3_locus0,7:46590756
7,46590756,7:46590756:A:C,7,46592679,7:46592679:C:T,1.0,1923,7:46590756,chr7,46590756,46590756,rs11769224,IGFBP3,2,Jurgens,IGFBP3_locus0,7:46590756
7,46590756,7:46590756:A:C,7,46593971,7:46593971:G:A,1.0,3215,7:46590756,chr7,46590756,46590756,rs11769224,IGFBP3,2,Jurgens,IGFBP3_locus0,7:46590756
7,46590756,7:46590756:A:C,7,46594303,7:46594303:G:T,1.0,3547,7:46590756,chr7,46590756,46590756,rs11769224,IGFBP3,2,Jurgens,IGFBP3_locus0,7:46590756
7,46590756,7:46590756:A:C,7,46594908,7:46594908:G:C,0.814245,4152,7:46590756,chr7,46590756,46590756,rs11769224,IGFBP3,2,Jurgens,IGFBP3_locus0,7:46590756
7,46590756,7:46590756:A:C,7,46595000,7:46595000:C:G,0.871045,4244,7:46590756,chr7,46590756,46590756,rs11769224,IGFBP3,2,Jurgens,IGFBP3_locus0,7:46590756
7,46590756,7:46590756:A:C,7,46597651,7:46597651:T:C,0.922125,6895,7:46590756,chr7,46590756,46590756,rs11769224,IGFBP3,2,Jurgens,IGFBP3_locus0,7:46590756
7,46590756,7:46590756:A:C,7,46601302,7:46601302:C:T,0.993201,10546,7:46590756,chr7,46590756,46590756,rs11769224,IGFBP3,2,Jurgens,IGFBP3_locus0,7:46590756
7,46590756,7:46590756:A:C,7,46601975,7:46601975:A:C,0.972824,11219,7:46590756,chr7,46590756,46590756,rs11769224,IGFBP3,2,Jurgens,IGFBP3_locus0,7:46590756
7,46590756,7:46590756:A:C,7,46603136,7:46603136:A:G,0.820867,12380,7:46590756,chr7,46590756,46590756,rs11769224,IGFBP3,2,Jurgens,IGFBP3_locus0,7:46590756
7,46590756,7:46590756:A:C,7,46605746,7:46605746:A:G,0.805842,14990,7:46590756,chr7,46590756,46590756,rs11769224,IGFBP3,2,Jurgens,IGFBP3_locus0,7:46590756
7,46590756,7:46590756:A:C,7,46605748,7:46605748:C:CCAG,0.805842,14992,7:46590756,chr7,46590756,46590756,rs11769224,IGFBP3,2,Jurgens,IGFBP3_locus0,7:46590756
7,46590756,7:46590756:A:C,7,46605753,7:46605753:T:G,0.805842,14997,7:46590756,chr7,46590756,46590756,rs11769224,IGFBP3,2,Jurgens,IGFBP3_locus0,7:46590756
7,46590756,7:46590756:A:C,7,46605754,7:46605754:CT:C,0.805842,14998,7:46590756,chr7,46590756,46590756,rs11769224,IGFBP3,2,Jurgens,IGFBP3_locus0,7:46590756
7,46590756,7:46590756:A:C,7,46605757,7:46605757:T:A,0.805842,15001,7:46590756,chr7,46590756,46590756,rs11769224,IGFBP3,2,Jurgens,IGFBP3_locus0,7:46590756
7,46590756,7:46590756:A:C,7,46605940,7:46605940:C:T,0.805842,15184,7:46590756,chr7,46590756,46590756,rs11769224,IGFBP3,2,Jurgens,IGFBP3_locus0,7:46590756
7,107993072,7:107993072:T:C,7,107972934,7:107972934:G:A,0.827033,20138,7:107993072,chr7,107993072,107993072,rs12705437,LAMB1,4,Jurgens,LAMB1_locus0,7:107993072
7,107993072,7:107993072:T:C,7,107974579,7:107974579:G:A,0.819471,18493,7:107993072,chr7,107993072,107993072,rs12705437,LAMB1,4,Jurgens,LAMB1_locus0,7:107993072
7,107993072,7:107993072:T:C,7,107977194,7:107977194:C:CCT,0.836205,15878,7:107993072,chr7,107993072,107993072,rs12705437,LAMB1,4,Jurgens,LAMB1_locus0,7:107993072
7,107993072,7:107993072:T:C,7,107977195,7:107977195:AG:A,0.836205,15877,7:107993072,chr7,107993072,107993072,rs12705437,LAMB1,4,Jurgens,LAMB1_locus0,7:107993072
7,107993072,7:107993072:T:C,7,107978647,7:107978647:G:GT,0.874572,14425,7:107993072,chr7,107993072,107993072,rs12705437,LAMB1,4,Jurgens,LAMB1_locus0,7:107993072
7,107993072,7:107993072:T:C,7,107981409,7:107981409:T:C,0.867637,11663,7:107993072,chr7,107993072,107993072,rs12705437,LAMB1,4,Jurgens,LAMB1_locus0,7:107993072
7,107993072,7:107993072:T:C,7,107981979,7:107981979:G:A,0.867231,11093,7:107993072,chr7,107993072,107993072,rs12705437,LAMB1,4,Jurgens,LAMB1_locus0,7:107993072
7,107993072,7:107993072:T:C,7,107983051,7:107983051:T:C,0.86146,10021,7:107993072,chr7,107993072,107993072,rs12705437,LAMB1,4,Jurgens,LAMB1_locus0,7:107993072
7,107993072,7:107993072:T:C,7,107984491,7:107984491:G:A,0.867231,8581,7:107993072,chr7,107993072,107993072,rs12705437,LAMB1,4,Jurgens,LAMB1_locus0,7:107993072
7,107993072,7:107993072:T:C,7,107990028,7:107990029:T:C,0.848786,3044,7:107993072,chr7,107993072,107993072,rs12705437,LAMB1,4,Jurgens,LAMB1_locus0,7:107993072
7,107993072,7:107993072:T:C,7,107991323,7:107991323:C:T,0.893353,1749,7:107993072,chr7,107993072,107993072,rs12705437,LAMB1,4,Jurgens,LAMB1_locus0,7:107993072
7,107993072,7:107993072:T:C,7,107993072,7:107993072:T:C,1.0,0,7:107993072,chr7,107993072,107993072,rs12705437,LAMB1,4,Jurgens,LAMB1_locus0,7:107993072
7,128809302,7:128809302:A:C,7,128792054,7:128792054:C:T,0.960833,17248,7:128809302,chr7,128809302,128809302,rs2307038,FLNC,4,Zheng,FLNC_locus0,7:128809302
7,128809302,7:128809302:A:C,7,128793755,7:128793755:G:A,0.940745,15547,7:128809302,chr7,128809302,128809302,rs2307038,FLNC,4,Zheng,FLNC_locus0,7:128809302
7,128809302,7:128809302:A:C,7,128795542,7:128795542:G:C,0.941981,13760,7:128809302,chr7,128809302,128809302,rs2307038,FLNC,4,Zheng,FLNC_locus0,7:128809302
7,128809302,7:128809302:A:C,7,128797460,7:128797460:G:A,0.960833,11842,7:128809302,chr7,128809302,128809302,rs2307038,FLNC,4,Zheng,FLNC_locus0,7:128809302
7,128809302,7:128809302:A:C,7,128797677,7:128797677:G:A,0.960833,11625,7:128809302,chr7,128809302,128809302,rs2307038,FLNC,4,Zheng,FLNC_locus0,7:128809302
7,128809302,7:128809302:A:C,7,128799112,7:128799112:G:A,0.980303,10190,7:128809302,chr7,128809302,128809302,rs2307038,FLNC,4,Zheng,FLNC_locus0,7:128809302
7,128809302,7:128809302:A:C,7,128800131,7:128800131:T:C,0.980303,9171,7:128809302,chr7,128809302,128809302,rs2307038,FLNC,4,Zheng,FLNC_locus0,7:128809302
7,128809302,7:128809302:A:C,7,128800458,7:128800458:C:CT,0.92427,8844,7:128809302,chr7,128809302,128809302,rs2307038,FLNC,4,Zheng,FLNC_locus0,7:128809302
7,128809302,7:128809302:A:C,7,128802843,7:128802843:G:A,1.0,6459,7:128809302,chr7,128809302,128809302,rs2307038,FLNC,4,Zheng,FLNC_locus0,7:128809302
7,128809302,7:128809302:A:C,7,128803438,7:128803438:C:G,0.980303,5864,7:128809302,chr7,128809302,128809302,rs2307038,FLNC,4,Zheng,FLNC_locus0,7:128809302
7,128809302,7:128809302:A:C,7,128809301,7:128809301:A:G,1.0,1,7:128809302,chr7,128809302,128809302,rs2307038,FLNC,4,Zheng,FLNC_locus0,7:128809302
7,128809302,7:128809302:A:C,7,128809302,7:128809302:A:C,1.0,0,7:128809302,chr7,128809302,128809302,rs2307038,FLNC,4,Zheng,FLNC_locus0,7:128809302
7,128809302,7:128809302:A:C,7,128809351,7:128809351:G:A,1.0,49,7:128809302,chr7,128809302,128809302,rs2307038,FLNC,4,Zheng,FLNC_locus0,7:128809302
7,128809302,7:128809302:A:C,7,128810538,7:128810538:T:C,0.980303,1236,7:128809302,chr7,128809302,128809302,rs2307038,FLNC,4,Zheng,FLNC_locus0,7:128809302
7,128809302,7:128809302:A:C,7,128812502,7:128812502:T:G,1.0,3200,7:128809302,chr7,128809302,128809302,rs2307038,FLNC,4,Zheng,FLNC_locus0,7:128809302
7,128809302,7:128809302:A:C,7,128813572,7:128813572:C:G,0.980303,4270,7:128809302,chr7,128809302,128809302,rs2307038,FLNC,4,Zheng,FLNC_locus0,7:128809302
7,128809302,7:128809302:A:C,7,128814148,7:128814148:C:T,0.980303,4846,7:128809302,chr7,128809302,128809302,rs2307038,FLNC,4,Zheng,FLNC_locus0,7:128809302
7,128809302,7:128809302:A:C,7,128814483,7:128814483:C:A,0.980535,5181,7:128809302,chr7,128809302,128809302,rs2307038,FLNC,4,Zheng,FLNC_locus0,7:128809302
7,128809302,7:128809302:A:C,7,128816180,7:128816180:C:T,0.980303,6878,7:128809302,chr7,128809302,128809302,rs2307038,FLNC,4,Zheng,FLNC_locus0,7:128809302
7,128809302,7:128809302:A:C,7,128818595,7:128818595:C:A,0.980535,9293,7:128809302,chr7,128809302,128809302,rs2307038,FLNC,4,Zheng,FLNC_locus0,7:128809302
7,128809302,7:128809302:A:C,7,128820691,7:128820691:C:T,1.0,11389,7:128809302,chr7,128809302,128809302,rs2307038,FLNC,4,Zheng,FLNC_locus0,7:128809302
7,128809302,7:128809302:A:C,7,128821666,7:128821666:G:A,0.980303,12364,7:128809302,chr7,128809302,128809302,rs2307038,FLNC,4,Zheng,FLNC_locus0,7:128809302
7,128809302,7:128809302:A:C,7,128822219,7:128822219:C:G,0.980303,12917,7:128809302,chr7,128809302,128809302,rs2307038,FLNC,4,Zheng,FLNC_locus0,7:128809302
7,128809302,7:128809302:A:C,7,128822789,7:128822789:T:A,0.980303,13487,7:128809302,chr7,128809302,128809302,rs2307038,FLNC,4,Zheng,FLNC_locus0,7:128809302
7,128809302,7:128809302:A:C,7,128823094,7:128823094:C:CTT,0.980303,13792,7:128809302,chr7,128809302,128809302,rs2307038,FLNC,4,Zheng,FLNC_locus0,7:128809302
7,128809302,7:128809302:A:C,7,128823810,7:128823810:G:A,1.0,14508,7:128809302,chr7,128809302,128809302,rs2307038,FLNC,4,Zheng,FLNC_locus0,7:128809302
7,128809302,7:128809302:A:C,7,128823917,7:128823917:C:T,0.980303,14615,7:128809302,chr7,128809302,128809302,rs2307038,FLNC,4,Zheng,FLNC_locus0,7:128809302
7,128809302,7:128809302:A:C,7,128825192,7:128825192:C:A,0.980303,15890,7:128809302,chr7,128809302,128809302,rs2307038,FLNC,4,Zheng,FLNC_locus0,7:128809302
7,128809302,7:128809302:A:C,7,128825396,7:128825396:A:G,1.0,16094,7:128809302,chr7,128809302,128809302,rs2307038,FLNC,4,Zheng,FLNC_locus0,7:128809302
7,128809302,7:128809302:A:C,7,128825592,7:128825592:A:G,0.980535,16290,7:128809302,chr7,128809302,128809302,rs2307038,FLNC,4,Zheng,FLNC_locus0,7:128809302
7,128809302,7:128809302:A:C,7,128825701,7:128825701:G:A,0.980303,16399,7:128809302,chr7,128809302,128809302,rs2307038,FLNC,4,Zheng,FLNC_locus0,7:128809302
7,128809302,7:128809302:A:C,7,128826182,7:128826182:T:TA,1.0,16880,7:128809302,chr7,128809302,128809302,rs2307038,FLNC,4,Zheng,FLNC_locus0,7:128809302
7,128809302,7:128809302:A:C,7,128826581,7:128826581:G:A,0.980303,17279,7:128809302,chr7,128809302,128809302,rs2307038,FLNC,4,Zheng,FLNC_locus0,7:128809302
7,128809302,7:128809302:A:C,7,128828051,7:128828051:A:G,1.0,18749,7:128809302,chr7,128809302,128809302,rs2307038,FLNC,4,Zheng,FLNC_locus0,7:128809302
7,128809302,7:128809302:A:C,7,128828358,7:128828358:G:A,0.980303,19056,7:128809302,chr7,128809302,128809302,rs2307038,FLNC,4,Zheng,FLNC_locus0,7:128809302
7,128809302,7:128809302:A:C,7,128828827,7:128828827:G:A,0.980303,19525,7:128809302,chr7,128809302,128809302,rs2307038,FLNC,4,Zheng,FLNC_locus0,7:128809302
7,128809302,7:128809302:A:C,7,128829308,7:128829308:G:A,1.0,20006,7:128809302,chr7,128809302,128809302,rs2307038,FLNC,4,Zheng,FLNC_locus0,7:128809302
7,128809302,7:128809302:A:C,7,128829327,7:128829327:G:A,0.980303,20025,7:128809302,chr7,128809302,128809302,rs2307038,FLNC,4,Zheng,FLNC_locus0,7:128809302
7,128809302,7:128809302:A:C,7,128829430,7:128829430:T:C,1.0,20128,7:128809302,chr7,128809302,128809302,rs2307038,FLNC,4,Zheng,FLNC_locus0,7:128809302
7,128809302,7:128809302:A:C,7,128829706,7:128829706:G:A,1.0,20404,7:128809302,chr7,128809302,128809302,rs2307038,FLNC,4,Zheng,FLNC_locus0,7:128809302
7,128809302,7:128809302:A:C,7,128830322,7:128830322:C:T,0.980303,21020,7:128809302,chr7,128809302,128809302,rs2307038,FLNC,4,Zheng,FLNC_locus0,7:128809302
7,128809351,7:128809351:G:A,7,128792054,7:128792054:C:T,0.960833,17297,7:128809351,chr7,128809351,128809351,rs2307037,FLNC,4,Zheng,FLNC_locus0,7:128809351
7,128809351,7:128809351:G:A,7,128793755,7:128793755:G:A,0.940745,15596,7:128809351,chr7,128809351,128809351,rs2307037,FLNC,4,Zheng,FLNC_locus0,7:128809351
7,128809351,7:128809351:G:A,7,128795542,7:128795542:G:C,0.941981,13809,7:128809351,chr7,128809351,128809351,rs2307037,FLNC,4,Zheng,FLNC_locus0,7:128809351
7,128809351,7:128809351:G:A,7,128797460,7:128797460:G:A,0.960833,11891,7:128809351,chr7,128809351,128809351,rs2307037,FLNC,4,Zheng,FLNC_locus0,7:128809351
7,128809351,7:128809351:G:A,7,128797677,7:128797677:G:A,0.960833,11674,7:128809351,chr7,128809351,128809351,rs2307037,FLNC,4,Zheng,FLNC_locus0,7:128809351
7,128809351,7:128809351:G:A,7,128799112,7:128799112:G:A,0.980303,10239,7:128809351,chr7,128809351,128809351,rs2307037,FLNC,4,Zheng,FLNC_locus0,7:128809351
7,128809351,7:128809351:G:A,7,128800131,7:128800131:T:C,0.980303,9220,7:128809351,chr7,128809351,128809351,rs2307037,FLNC,4,Zheng,FLNC_locus0,7:128809351
7,128809351,7:128809351:G:A,7,128800458,7:128800458:C:CT,0.92427,8893,7:128809351,chr7,128809351,128809351,rs2307037,FLNC,4,Zheng,FLNC_locus0,7:128809351
7,128809351,7:128809351:G:A,7,128802843,7:128802843:G:A,1.0,6508,7:128809351,chr7,128809351,128809351,rs2307037,FLNC,4,Zheng,FLNC_locus0,7:128809351
7,128809351,7:128809351:G:A,7,128803438,7:128803438:C:G,0.980303,5913,7:128809351,chr7,128809351,128809351,rs2307037,FLNC,4,Zheng,FLNC_locus0,7:128809351
7,128809351,7:128809351:G:A,7,128809301,7:128809301:A:G,1.0,50,7:128809351,chr7,128809351,128809351,rs2307037,FLNC,4,Zheng,FLNC_locus0,7:128809351
7,128809351,7:128809351:G:A,7,128809302,7:128809302:A:C,1.0,49,7:128809351,chr7,128809351,128809351,rs2307037,FLNC,4,Zheng,FLNC_locus0,7:128809351
7,128809351,7:128809351:G:A,7,128809351,7:128809351:G:A,1.0,0,7:128809351,chr7,128809351,128809351,rs2307037,FLNC,4,Zheng,FLNC_locus0,7:128809351
7,128809351,7:128809351:G:A,7,128810538,7:128810538:T:C,0.980303,1187,7:128809351,chr7,128809351,128809351,rs2307037,FLNC,4,Zheng,FLNC_locus0,7:128809351
7,128809351,7:128809351:G:A,7,128812502,7:128812502:T:G,1.0,3151,7:128809351,chr7,128809351,128809351,rs2307037,FLNC,4,Zheng,FLNC_locus0,7:128809351
7,128809351,7:128809351:G:A,7,128813572,7:128813572:C:G,0.980303,4221,7:128809351,chr7,128809351,128809351,rs2307037,FLNC,4,Zheng,FLNC_locus0,7:128809351
7,128809351,7:128809351:G:A,7,128814148,7:128814148:C:T,0.980303,4797,7:128809351,chr7,128809351,128809351,rs2307037,FLNC,4,Zheng,FLNC_locus0,7:128809351
7,128809351,7:128809351:G:A,7,128814483,7:128814483:C:A,0.980535,5132,7:128809351,chr7,128809351,128809351,rs2307037,FLNC,4,Zheng,FLNC_locus0,7:128809351
7,128809351,7:128809351:G:A,7,128816180,7:128816180:C:T,0.980303,6829,7:128809351,chr7,128809351,128809351,rs2307037,FLNC,4,Zheng,FLNC_locus0,7:128809351
7,128809351,7:128809351:G:A,7,128818595,7:128818595:C:A,0.980535,9244,7:128809351,chr7,128809351,128809351,rs2307037,FLNC,4,Zheng,FLNC_locus0,7:128809351
7,128809351,7:128809351:G:A,7,128820691,7:128820691:C:T,1.0,11340,7:128809351,chr7,128809351,128809351,rs2307037,FLNC,4,Zheng,FLNC_locus0,7:128809351
7,128809351,7:128809351:G:A,7,128821666,7:128821666:G:A,0.980303,12315,7:128809351,chr7,128809351,128809351,rs2307037,FLNC,4,Zheng,FLNC_locus0,7:128809351
7,128809351,7:128809351:G:A,7,128822219,7:128822219:C:G,0.980303,12868,7:128809351,chr7,128809351,128809351,rs2307037,FLNC,4,Zheng,FLNC_locus0,7:128809351
7,128809351,7:128809351:G:A,7,128822789,7:128822789:T:A,0.980303,13438,7:128809351,chr7,128809351,128809351,rs2307037,FLNC,4,Zheng,FLNC_locus0,7:128809351
7,128809351,7:128809351:G:A,7,128823094,7:128823094:C:CTT,0.980303,13743,7:128809351,chr7,128809351,128809351,rs2307037,FLNC,4,Zheng,FLNC_locus0,7:128809351
7,128809351,7:128809351:G:A,7,128823810,7:128823810:G:A,1.0,14459,7:128809351,chr7,128809351,128809351,rs2307037,FLNC,4,Zheng,FLNC_locus0,7:128809351
7,128809351,7:128809351:G:A,7,128823917,7:128823917:C:T,0.980303,14566,7:128809351,chr7,128809351,128809351,rs2307037,FLNC,4,Zheng,FLNC_locus0,7:128809351
7,128809351,7:128809351:G:A,7,128825192,7:128825192:C:A,0.980303,15841,7:128809351,chr7,128809351,128809351,rs2307037,FLNC,4,Zheng,FLNC_locus0,7:128809351
7,128809351,7:128809351:G:A,7,128825396,7:128825396:A:G,1.0,16045,7:128809351,chr7,128809351,128809351,rs2307037,FLNC,4,Zheng,FLNC_locus0,7:128809351
7,128809351,7:128809351:G:A,7,128825592,7:128825592:A:G,0.980535,16241,7:128809351,chr7,128809351,128809351,rs2307037,FLNC,4,Zheng,FLNC_locus0,7:128809351
7,128809351,7:128809351:G:A,7,128825701,7:128825701:G:A,0.980303,16350,7:128809351,chr7,128809351,128809351,rs2307037,FLNC,4,Zheng,FLNC_locus0,7:128809351
7,128809351,7:128809351:G:A,7,128826182,7:128826182:T:TA,1.0,16831,7:128809351,chr7,128809351,128809351,rs2307037,FLNC,4,Zheng,FLNC_locus0,7:128809351
7,128809351,7:128809351:G:A,7,128826581,7:128826581:G:A,0.980303,17230,7:128809351,chr7,128809351,128809351,rs2307037,FLNC,4,Zheng,FLNC_locus0,7:128809351
7,128809351,7:128809351:G:A,7,128828051,7:128828051:A:G,1.0,18700,7:128809351,chr7,128809351,128809351,rs2307037,FLNC,4,Zheng,FLNC_locus0,7:128809351
7,128809351,7:128809351:G:A,7,128828358,7:128828358:G:A,0.980303,19007,7:128809351,chr7,128809351,128809351,rs2307037,FLNC,4,Zheng,FLNC_locus0,7:128809351
7,128809351,7:128809351:G:A,7,128828827,7:128828827:G:A,0.980303,19476,7:128809351,chr7,128809351,128809351,rs2307037,FLNC,4,Zheng,FLNC_locus0,7:128809351
7,128809351,7:128809351:G:A,7,128829308,7:128829308:G:A,1.0,19957,7:128809351,chr7,128809351,128809351,rs2307037,FLNC,4,Zheng,FLNC_locus0,7:128809351
7,128809351,7:128809351:G:A,7,128829327,7:128829327:G:A,0.980303,19976,7:128809351,chr7,128809351,128809351,rs2307037,FLNC,4,Zheng,FLNC_locus0,7:128809351
7,128809351,7:128809351:G:A,7,128829430,7:128829430:T:C,1.0,20079,7:128809351,chr7,128809351,128809351,rs2307037,FLNC,4,Zheng,FLNC_locus0,7:128809351
7,128809351,7:128809351:G:A,7,128829706,7:128829706:G:A,1.0,20355,7:128809351,chr7,128809351,128809351,rs2307037,FLNC,4,Zheng,FLNC_locus0,7:128809351
7,128809351,7:128809351:G:A,7,128830322,7:128830322:C:T,0.980303,20971,7:128809351,chr7,128809351,128809351,rs2307037,FLNC,4,Zheng,FLNC_locus0,7:128809351
7,128818595,7:128818595:C:A,7,128792054,7:128792054:C:T,0.941981,26541,7:128818595,chr7,128818595,128818595,rs4731517,FLNC,3,Jurgens,FLNC_locus0,7:128818595
7,128818595,7:128818595:C:A,7,128793755,7:128793755:G:A,0.922141,24840,7:128818595,chr7,128818595,128818595,rs4731517,FLNC,3,Jurgens,FLNC_locus0,7:128818595
7,128818595,7:128818595:C:A,7,128795542,7:128795542:G:C,0.923342,23053,7:128818595,chr7,128818595,128818595,rs4731517,FLNC,3,Jurgens,FLNC_locus0,7:128818595
7,128818595,7:128818595:C:A,7,128797460,7:128797460:G:A,0.941981,21135,7:128818595,chr7,128818595,128818595,rs4731517,FLNC,3,Jurgens,FLNC_locus0,7:128818595
7,128818595,7:128818595:C:A,7,128797677,7:128797677:G:A,0.941981,20918,7:128818595,chr7,128818595,128818595,rs4731517,FLNC,3,Jurgens,FLNC_locus0,7:128818595
7,128818595,7:128818595:C:A,7,128799112,7:128799112:G:A,0.961232,19483,7:128818595,chr7,128818595,128818595,rs4731517,FLNC,3,Jurgens,FLNC_locus0,7:128818595
7,128818595,7:128818595:C:A,7,128800131,7:128800131:T:C,0.961232,18464,7:128818595,chr7,128818595,128818595,rs4731517,FLNC,3,Jurgens,FLNC_locus0,7:128818595
7,128818595,7:128818595:C:A,7,128800458,7:128800458:C:CT,0.906135,18137,7:128818595,chr7,128818595,128818595,rs4731517,FLNC,3,Jurgens,FLNC_locus0,7:128818595
7,128818595,7:128818595:C:A,7,128802843,7:128802843:G:A,0.980535,15752,7:128818595,chr7,128818595,128818595,rs4731517,FLNC,3,Jurgens,FLNC_locus0,7:128818595
7,128818595,7:128818595:C:A,7,128803438,7:128803438:C:G,0.961232,15157,7:128818595,chr7,128818595,128818595,rs4731517,FLNC,3,Jurgens,FLNC_locus0,7:128818595
7,128818595,7:128818595:C:A,7,128809301,7:128809301:A:G,0.980535,9294,7:128818595,chr7,128818595,128818595,rs4731517,FLNC,3,Jurgens,FLNC_locus0,7:128818595
7,128818595,7:128818595:C:A,7,128809302,7:128809302:A:C,0.980535,9293,7:128818595,chr7,128818595,128818595,rs4731517,FLNC,3,Jurgens,FLNC_locus0,7:128818595
7,128818595,7:128818595:C:A,7,128809351,7:128809351:G:A,0.980535,9244,7:128818595,chr7,128818595,128818595,rs4731517,FLNC,3,Jurgens,FLNC_locus0,7:128818595
7,128818595,7:128818595:C:A,7,128810538,7:128810538:T:C,0.961232,8057,7:128818595,chr7,128818595,128818595,rs4731517,FLNC,3,Jurgens,FLNC_locus0,7:128818595
7,128818595,7:128818595:C:A,7,128812502,7:128812502:T:G,0.980535,6093,7:128818595,chr7,128818595,128818595,rs4731517,FLNC,3,Jurgens,FLNC_locus0,7:128818595
7,128818595,7:128818595:C:A,7,128813572,7:128813572:C:G,0.961232,5023,7:128818595,chr7,128818595,128818595,rs4731517,FLNC,3,Jurgens,FLNC_locus0,7:128818595
7,128818595,7:128818595:C:A,7,128814148,7:128814148:C:T,0.961232,4447,7:128818595,chr7,128818595,128818595,rs4731517,FLNC,3,Jurgens,FLNC_locus0,7:128818595
7,128818595,7:128818595:C:A,7,128814483,7:128814483:C:A,1.0,4112,7:128818595,chr7,128818595,128818595,rs4731517,FLNC,3,Jurgens,FLNC_locus0,7:128818595
7,128818595,7:128818595:C:A,7,128816180,7:128816180:C:T,0.961232,2415,7:128818595,chr7,128818595,128818595,rs4731517,FLNC,3,Jurgens,FLNC_locus0,7:128818595
7,128818595,7:128818595:C:A,7,128818595,7:128818595:C:A,1.0,0,7:128818595,chr7,128818595,128818595,rs4731517,FLNC,3,Jurgens,FLNC_locus0,7:128818595
7,128818595,7:128818595:C:A,7,128820691,7:128820691:C:T,0.980535,2096,7:128818595,chr7,128818595,128818595,rs4731517,FLNC,3,Jurgens,FLNC_locus0,7:128818595
7,128818595,7:128818595:C:A,7,128821666,7:128821666:G:A,0.961232,3071,7:128818595,chr7,128818595,128818595,rs4731517,FLNC,3,Jurgens,FLNC_locus0,7:128818595
7,128818595,7:128818595:C:A,7,128822219,7:128822219:C:G,0.961232,3624,7:128818595,chr7,128818595,128818595,rs4731517,FLNC,3,Jurgens,FLNC_locus0,7:128818595
7,128818595,7:128818595:C:A,7,128822789,7:128822789:T:A,0.961232,4194,7:128818595,chr7,128818595,128818595,rs4731517,FLNC,3,Jurgens,FLNC_locus0,7:128818595
7,128818595,7:128818595:C:A,7,128823094,7:128823094:C:CTT,0.961232,4499,7:128818595,chr7,128818595,128818595,rs4731517,FLNC,3,Jurgens,FLNC_locus0,7:128818595
7,128818595,7:128818595:C:A,7,128823810,7:128823810:G:A,0.980535,5215,7:128818595,chr7,128818595,128818595,rs4731517,FLNC,3,Jurgens,FLNC_locus0,7:128818595
7,128818595,7:128818595:C:A,7,128823917,7:128823917:C:T,0.961232,5322,7:128818595,chr7,128818595,128818595,rs4731517,FLNC,3,Jurgens,FLNC_locus0,7:128818595
7,128818595,7:128818595:C:A,7,128825192,7:128825192:C:A,0.961232,6597,7:128818595,chr7,128818595,128818595,rs4731517,FLNC,3,Jurgens,FLNC_locus0,7:128818595
7,128818595,7:128818595:C:A,7,128825396,7:128825396:A:G,0.980535,6801,7:128818595,chr7,128818595,128818595,rs4731517,FLNC,3,Jurgens,FLNC_locus0,7:128818595
7,128818595,7:128818595:C:A,7,128825592,7:128825592:A:G,1.0,6997,7:128818595,chr7,128818595,128818595,rs4731517,FLNC,3,Jurgens,FLNC_locus0,7:128818595
7,128818595,7:128818595:C:A,7,128825701,7:128825701:G:A,0.961232,7106,7:128818595,chr7,128818595,128818595,rs4731517,FLNC,3,Jurgens,FLNC_locus0,7:128818595
7,128818595,7:128818595:C:A,7,128826182,7:128826182:T:TA,0.980535,7587,7:128818595,chr7,128818595,128818595,rs4731517,FLNC,3,Jurgens,FLNC_locus0,7:128818595
7,128818595,7:128818595:C:A,7,128826581,7:128826581:G:A,0.961232,7986,7:128818595,chr7,128818595,128818595,rs4731517,FLNC,3,Jurgens,FLNC_locus0,7:128818595
7,128818595,7:128818595:C:A,7,128828051,7:128828051:A:G,0.980535,9456,7:128818595,chr7,128818595,128818595,rs4731517,FLNC,3,Jurgens,FLNC_locus0,7:128818595
7,128818595,7:128818595:C:A,7,128828358,7:128828358:G:A,0.961232,9763,7:128818595,chr7,128818595,128818595,rs4731517,FLNC,3,Jurgens,FLNC_locus0,7:128818595
7,128818595,7:128818595:C:A,7,128828827,7:128828827:G:A,0.961232,10232,7:128818595,chr7,128818595,128818595,rs4731517,FLNC,3,Jurgens,FLNC_locus0,7:128818595
7,128818595,7:128818595:C:A,7,128829308,7:128829308:G:A,0.980535,10713,7:128818595,chr7,128818595,128818595,rs4731517,FLNC,3,Jurgens,FLNC_locus0,7:128818595
7,128818595,7:128818595:C:A,7,128829327,7:128829327:G:A,0.961232,10732,7:128818595,chr7,128818595,128818595,rs4731517,FLNC,3,Jurgens,FLNC_locus0,7:128818595
7,128818595,7:128818595:C:A,7,128829430,7:128829430:T:C,0.980535,10835,7:128818595,chr7,128818595,128818595,rs4731517,FLNC,3,Jurgens,FLNC_locus0,7:128818595
7,128818595,7:128818595:C:A,7,128829706,7:128829706:G:A,0.980535,11111,7:128818595,chr7,128818595,128818595,rs4731517,FLNC,3,Jurgens,FLNC_locus0,7:128818595
7,128818595,7:128818595:C:A,7,128830322,7:128830322:C:T,0.961232,11727,7:128818595,chr7,128818595,128818595,rs4731517,FLNC,3,Jurgens,FLNC_locus0,7:128818595
8,11924924,8:11924924:A:G,8,11919897,8:11919897:C:T,0.950116,5027,8:11924924,chr8,11924924,11924924,rs67146188,GATA4,2,Jurgens,GATA4_locus0,8:11924924
8,11924924,8:11924924:A:G,8,11920786,8:11920786:AG:A,0.943827,4138,8:11924924,chr8,11924924,11924924,rs67146188,GATA4,2,Jurgens,GATA4_locus0,8:11924924
8,11924924,8:11924924:A:G,8,11922671,8:11922671:A:G,0.950116,2253,8:11924924,chr8,11924924,11924924,rs67146188,GATA4,2,Jurgens,GATA4_locus0,8:11924924
8,11924924,8:11924924:A:G,8,11923084,8:11923084:G:A,0.956295,1840,8:11924924,chr8,11924924,11924924,rs67146188,GATA4,2,Jurgens,GATA4_locus0,8:11924924
8,11924924,8:11924924:A:G,8,11923146,8:11923146:T:A,0.801304,1778,8:11924924,chr8,11924924,11924924,rs67146188,GATA4,2,Jurgens,GATA4_locus0,8:11924924
8,11924924,8:11924924:A:G,8,11923378,8:11923378:A:G,0.956295,1546,8:11924924,chr8,11924924,11924924,rs67146188,GATA4,2,Jurgens,GATA4_locus0,8:11924924
8,11924924,8:11924924:A:G,8,11923435,8:11923435:G:C,0.950025,1489,8:11924924,chr8,11924924,11924924,rs67146188,GATA4,2,Jurgens,GATA4_locus0,8:11924924
8,11924924,8:11924924:A:G,8,11923543,8:11923543:G:C,0.956295,1381,8:11924924,chr8,11924924,11924924,rs67146188,GATA4,2,Jurgens,GATA4_locus0,8:11924924
8,11924924,8:11924924:A:G,8,11923955,8:11923955:T:C,0.956295,969,8:11924924,chr8,11924924,11924924,rs67146188,GATA4,2,Jurgens,GATA4_locus0,8:11924924
8,11924924,8:11924924:A:G,8,11924026,8:11924026:G:T,0.956295,898,8:11924924,chr8,11924924,11924924,rs67146188,GATA4,2,Jurgens,GATA4_locus0,8:11924924
8,11924924,8:11924924:A:G,8,11924031,8:11924031:A:C,0.801304,893,8:11924924,chr8,11924924,11924924,rs67146188,GATA4,2,Jurgens,GATA4_locus0,8:11924924
8,11924924,8:11924924:A:G,8,11924058,8:11924058:T:C,0.801304,866,8:11924924,chr8,11924924,11924924,rs67146188,GATA4,2,Jurgens,GATA4_locus0,8:11924924
8,11924924,8:11924924:A:G,8,11924159,8:11924159:C:T,0.956295,765,8:11924924,chr8,11924924,11924924,rs67146188,GATA4,2,Jurgens,GATA4_locus0,8:11924924
8,11924924,8:11924924:A:G,8,11924183,8:11924183:C:A,0.956295,741,8:11924924,chr8,11924924,11924924,rs67146188,GATA4,2,Jurgens,GATA4_locus0,8:11924924
8,11924924,8:11924924:A:G,8,11924185,8:11924185:T:C,0.956295,739,8:11924924,chr8,11924924,11924924,rs67146188,GATA4,2,Jurgens,GATA4_locus0,8:11924924
8,11924924,8:11924924:A:G,8,11924371,8:11924371:T:C,0.956295,553,8:11924924,chr8,11924924,11924924,rs67146188,GATA4,2,Jurgens,GATA4_locus0,8:11924924
8,11924924,8:11924924:A:G,8,11924479,8:11924479:G:A,0.956295,445,8:11924924,chr8,11924924,11924924,rs67146188,GATA4,2,Jurgens,GATA4_locus0,8:11924924
8,11924924,8:11924924:A:G,8,11924488,8:11924488:C:A,0.801304,436,8:11924924,chr8,11924924,11924924,rs67146188,GATA4,2,Jurgens,GATA4_locus0,8:11924924
8,11924924,8:11924924:A:G,8,11924518,8:11924518:G:C,0.956295,406,8:11924924,chr8,11924924,11924924,rs67146188,GATA4,2,Jurgens,GATA4_locus0,8:11924924
8,11924924,8:11924924:A:G,8,11924554,8:11924554:G:A,0.956295,370,8:11924924,chr8,11924924,11924924,rs67146188,GATA4,2,Jurgens,GATA4_locus0,8:11924924
8,11924924,8:11924924:A:G,8,11924705,8:11924705:G:A,0.956295,219,8:11924924,chr8,11924924,11924924,rs67146188,GATA4,2,Jurgens,GATA4_locus0,8:11924924
8,11924924,8:11924924:A:G,8,11924736,8:11924736:GT:G,0.956295,188,8:11924924,chr8,11924924,11924924,rs67146188,GATA4,2,Jurgens,GATA4_locus0,8:11924924
8,11924924,8:11924924:A:G,8,11924747,8:11924747:CTT:C,0.950116,177,8:11924924,chr8,11924924,11924924,rs67146188,GATA4,2,Jurgens,GATA4_locus0,8:11924924
8,11924924,8:11924924:A:G,8,11924802,8:11924802:G:A,0.932178,122,8:11924924,chr8,11924924,11924924,rs67146188,GATA4,2,Jurgens,GATA4_locus0,8:11924924
8,11924924,8:11924924:A:G,8,11924817,8:11924817:T:C,0.932178,107,8:11924924,chr8,11924924,11924924,rs67146188,GATA4,2,Jurgens,GATA4_locus0,8:11924924
8,11924924,8:11924924:A:G,8,11924840,8:11924840:G:T,0.926086,84,8:11924924,chr8,11924924,11924924,rs67146188,GATA4,2,Jurgens,GATA4_locus0,8:11924924
8,11924924,8:11924924:A:G,8,11924850,8:11924850:C:T,0.920144,74,8:11924924,chr8,11924924,11924924,rs67146188,GATA4,2,Jurgens,GATA4_locus0,8:11924924
8,11924924,8:11924924:A:G,8,11924908,8:11924908:A:C,0.835638,16,8:11924924,chr8,11924924,11924924,rs67146188,GATA4,2,Jurgens,GATA4_locus0,8:11924924
8,11924924,8:11924924:A:G,8,11924924,8:11924924:A:G,1.0,0,8:11924924,chr8,11924924,11924924,rs67146188,GATA4,2,Jurgens,GATA4_locus0,8:11924924
8,11924924,8:11924924:A:G,8,11925025,8:11925025:C:A,0.920315,101,8:11924924,chr8,11924924,11924924,rs67146188,GATA4,2,Jurgens,GATA4_locus0,8:11924924
8,11924924,8:11924924:A:G,8,11925061,8:11925061:A:C,0.920659,137,8:11924924,chr8,11924924,11924924,rs67146188,GATA4,2,Jurgens,GATA4_locus0,8:11924924
8,11924924,8:11924924:A:G,8,11925100,8:11925100:T:A,0.956295,176,8:11924924,chr8,11924924,11924924,rs67146188,GATA4,2,Jurgens,GATA4_locus0,8:11924924
8,11924924,8:11924924:A:G,8,11925250,8:11925250:G:A,0.956295,326,8:11924924,chr8,11924924,11924924,rs67146188,GATA4,2,Jurgens,GATA4_locus0,8:11924924
8,11924924,8:11924924:A:G,8,11925306,8:11925306:T:C,0.956295,382,8:11924924,chr8,11924924,11924924,rs67146188,GATA4,2,Jurgens,GATA4_locus0,8:11924924
8,11924924,8:11924924:A:G,8,11925377,8:11925377:C:T,0.956295,453,8:11924924,chr8,11924924,11924924,rs67146188,GATA4,2,Jurgens,GATA4_locus0,8:11924924
8,11924924,8:11924924:A:G,8,11925410,8:11925410:A:T,0.956295,486,8:11924924,chr8,11924924,11924924,rs67146188,GATA4,2,Jurgens,GATA4_locus0,8:11924924
8,11924924,8:11924924:A:G,8,11925527,8:11925527:T:C,0.801304,603,8:11924924,chr8,11924924,11924924,rs67146188,GATA4,2,Jurgens,GATA4_locus0,8:11924924
8,11924924,8:11924924:A:G,8,11925564,8:11925564:C:T,0.801304,640,8:11924924,chr8,11924924,11924924,rs67146188,GATA4,2,Jurgens,GATA4_locus0,8:11924924
8,11924924,8:11924924:A:G,8,11925609,8:11925609:C:T,0.956295,685,8:11924924,chr8,11924924,11924924,rs67146188,GATA4,2,Jurgens,GATA4_locus0,8:11924924
8,11924924,8:11924924:A:G,8,11925725,8:11925725:A:G,0.956295,801,8:11924924,chr8,11924924,11924924,rs67146188,GATA4,2,Jurgens,GATA4_locus0,8:11924924
8,11924924,8:11924924:A:G,8,11926015,8:11926015:A:G,0.956295,1091,8:11924924,chr8,11924924,11924924,rs67146188,GATA4,2,Jurgens,GATA4_locus0,8:11924924
8,11924924,8:11924924:A:G,8,11926076,8:11926076:C:A,0.956295,1152,8:11924924,chr8,11924924,11924924,rs67146188,GATA4,2,Jurgens,GATA4_locus0,8:11924924
8,11924924,8:11924924:A:G,8,11926105,8:11926105:C:T,0.956295,1181,8:11924924,chr8,11924924,11924924,rs67146188,GATA4,2,Jurgens,GATA4_locus0,8:11924924
8,11924924,8:11924924:A:G,8,11926106,8:11926106:A:G,0.956295,1182,8:11924924,chr8,11924924,11924924,rs67146188,GATA4,2,Jurgens,GATA4_locus0,8:11924924
8,11924924,8:11924924:A:G,8,11926109,8:11926109:T:C,0.956295,1185,8:11924924,chr8,11924924,11924924,rs67146188,GATA4,2,Jurgens,GATA4_locus0,8:11924924
8,11924924,8:11924924:A:G,8,11926181,8:11926181:C:T,0.956295,1257,8:11924924,chr8,11924924,11924924,rs67146188,GATA4,2,Jurgens,GATA4_locus0,8:11924924
8,11924924,8:11924924:A:G,8,11926319,8:11926319:G:A,0.801304,1395,8:11924924,chr8,11924924,11924924,rs67146188,GATA4,2,Jurgens,GATA4_locus0,8:11924924
8,11924924,8:11924924:A:G,8,11926536,8:11926536:T:C,0.956295,1612,8:11924924,chr8,11924924,11924924,rs67146188,GATA4,2,Jurgens,GATA4_locus0,8:11924924
8,11924924,8:11924924:A:G,8,11926725,8:11926725:C:T,0.956295,1801,8:11924924,chr8,11924924,11924924,rs67146188,GATA4,2,Jurgens,GATA4_locus0,8:11924924
8,11924924,8:11924924:A:G,8,11926731,8:11926731:C:T,0.956295,1807,8:11924924,chr8,11924924,11924924,rs67146188,GATA4,2,Jurgens,GATA4_locus0,8:11924924
8,11924924,8:11924924:A:G,8,11926817,8:11926817:T:C,0.956295,1893,8:11924924,chr8,11924924,11924924,rs67146188,GATA4,2,Jurgens,GATA4_locus0,8:11924924
8,11924924,8:11924924:A:G,8,11926818,8:11926818:G:A,0.801304,1894,8:11924924,chr8,11924924,11924924,rs67146188,GATA4,2,Jurgens,GATA4_locus0,8:11924924
8,11924924,8:11924924:A:G,8,11926837,8:11926837:ATTGT:A,0.801304,1913,8:11924924,chr8,11924924,11924924,rs67146188,GATA4,2,Jurgens,GATA4_locus0,8:11924924
8,11924924,8:11924924:A:G,8,11926894,8:11926894:A:T,0.956295,1970,8:11924924,chr8,11924924,11924924,rs67146188,GATA4,2,Jurgens,GATA4_locus0,8:11924924
8,11924924,8:11924924:A:G,8,11927020,8:11927020:G:T,0.801304,2096,8:11924924,chr8,11924924,11924924,rs67146188,GATA4,2,Jurgens,GATA4_locus0,8:11924924
8,11924924,8:11924924:A:G,8,11927032,8:11927032:C:T,0.956295,2108,8:11924924,chr8,11924924,11924924,rs67146188,GATA4,2,Jurgens,GATA4_locus0,8:11924924
8,11924924,8:11924924:A:G,8,11927352,8:11927352:T:C,0.956295,2428,8:11924924,chr8,11924924,11924924,rs67146188,GATA4,2,Jurgens,GATA4_locus0,8:11924924
8,11924924,8:11924924:A:G,8,11927416,8:11927416:A:C,0.956295,2492,8:11924924,chr8,11924924,11924924,rs67146188,GATA4,2,Jurgens,GATA4_locus0,8:11924924
8,11924924,8:11924924:A:G,8,11927447,8:11927447:A:G,0.956295,2523,8:11924924,chr8,11924924,11924924,rs67146188,GATA4,2,Jurgens,GATA4_locus0,8:11924924
8,11924924,8:11924924:A:G,8,11927476,8:11927476:A:T,0.801304,2552,8:11924924,chr8,11924924,11924924,rs67146188,GATA4,2,Jurgens,GATA4_locus0,8:11924924
8,11924924,8:11924924:A:G,8,11927480,8:11927480:T:A,0.956295,2556,8:11924924,chr8,11924924,11924924,rs67146188,GATA4,2,Jurgens,GATA4_locus0,8:11924924
8,11924924,8:11924924:A:G,8,11927482,8:11927482:A:T,0.956295,2558,8:11924924,chr8,11924924,11924924,rs67146188,GATA4,2,Jurgens,GATA4_locus0,8:11924924
8,11924924,8:11924924:A:G,8,11927571,8:11927571:T:C,0.950066,2647,8:11924924,chr8,11924924,11924924,rs67146188,GATA4,2,Jurgens,GATA4_locus0,8:11924924
8,11924924,8:11924924:A:G,8,11927572,8:11927572:A:G,0.950066,2648,8:11924924,chr8,11924924,11924924,rs67146188,GATA4,2,Jurgens,GATA4_locus0,8:11924924
8,11924924,8:11924924:A:G,8,11927663,8:11927665:GA:G,0.943984,2739,8:11924924,chr8,11924924,11924924,rs67146188,GATA4,2,Jurgens,GATA4_locus0,8:11924924
8,11924924,8:11924924:A:G,8,11927982,8:11927982:T:A,0.801304,3058,8:11924924,chr8,11924924,11924924,rs67146188,GATA4,2,Jurgens,GATA4_locus0,8:11924924
8,11924924,8:11924924:A:G,8,11928040,8:11928040:C:A,0.956295,3116,8:11924924,chr8,11924924,11924924,rs67146188,GATA4,2,Jurgens,GATA4_locus0,8:11924924
8,11924924,8:11924924:A:G,8,11928146,8:11928146:G:A,0.956295,3222,8:11924924,chr8,11924924,11924924,rs67146188,GATA4,2,Jurgens,GATA4_locus0,8:11924924
8,11924924,8:11924924:A:G,8,11928620,8:11928620:A:G,0.801304,3696,8:11924924,chr8,11924924,11924924,rs67146188,GATA4,2,Jurgens,GATA4_locus0,8:11924924
8,11924924,8:11924924:A:G,8,11928746,8:11928746:G:A,0.801304,3822,8:11924924,chr8,11924924,11924924,rs67146188,GATA4,2,Jurgens,GATA4_locus0,8:11924924
8,11924924,8:11924924:A:G,8,11929272,8:11929272:G:A,0.801304,4348,8:11924924,chr8,11924924,11924924,rs67146188,GATA4,2,Jurgens,GATA4_locus0,8:11924924
8,11924924,8:11924924:A:G,8,11929368,8:11929368:GC:G,0.801304,4444,8:11924924,chr8,11924924,11924924,rs67146188,GATA4,2,Jurgens,GATA4_locus0,8:11924924
8,11924924,8:11924924:A:G,8,11929384,8:11929384:A:G,0.801304,4460,8:11924924,chr8,11924924,11924924,rs67146188,GATA4,2,Jurgens,GATA4_locus0,8:11924924
8,11924924,8:11924924:A:G,8,11929393,8:11929393:A:G,0.801304,4469,8:11924924,chr8,11924924,11924924,rs67146188,GATA4,2,Jurgens,GATA4_locus0,8:11924924
8,11924924,8:11924924:A:G,8,11929416,8:11929416:C:T,0.801304,4492,8:11924924,chr8,11924924,11924924,rs67146188,GATA4,2,Jurgens,GATA4_locus0,8:11924924
8,11924924,8:11924924:A:G,8,11929423,8:11929423:C:A,0.801304,4499,8:11924924,chr8,11924924,11924924,rs67146188,GATA4,2,Jurgens,GATA4_locus0,8:11924924
8,11924924,8:11924924:A:G,8,11929501,8:11929501:A:G,0.950066,4577,8:11924924,chr8,11924924,11924924,rs67146188,GATA4,2,Jurgens,GATA4_locus0,8:11924924
8,11924924,8:11924924:A:G,8,11929694,8:11929694:C:T,0.956295,4770,8:11924924,chr8,11924924,11924924,rs67146188,GATA4,2,Jurgens,GATA4_locus0,8:11924924
8,11924924,8:11924924:A:G,8,11929710,8:11929710:T:C,0.801304,4786,8:11924924,chr8,11924924,11924924,rs67146188,GATA4,2,Jurgens,GATA4_locus0,8:11924924
8,11924924,8:11924924:A:G,8,11929878,8:11929878:A:C,0.801304,4954,8:11924924,chr8,11924924,11924924,rs67146188,GATA4,2,Jurgens,GATA4_locus0,8:11924924
8,11924924,8:11924924:A:G,8,11929886,8:11929886:T:G,0.801304,4962,8:11924924,chr8,11924924,11924924,rs67146188,GATA4,2,Jurgens,GATA4_locus0,8:11924924
8,11924924,8:11924924:A:G,8,11929996,8:11929996:A:G,0.801304,5072,8:11924924,chr8,11924924,11924924,rs67146188,GATA4,2,Jurgens,GATA4_locus0,8:11924924
8,11924924,8:11924924:A:G,8,11930054,8:11930054:C:T,0.801304,5130,8:11924924,chr8,11924924,11924924,rs67146188,GATA4,2,Jurgens,GATA4_locus0,8:11924924
8,11924924,8:11924924:A:G,8,11930063,8:11930063:C:T,0.801304,5139,8:11924924,chr8,11924924,11924924,rs67146188,GATA4,2,Jurgens,GATA4_locus0,8:11924924
8,11924924,8:11924924:A:G,8,11930198,8:11930198:T:G,0.801304,5274,8:11924924,chr8,11924924,11924924,rs67146188,GATA4,2,Jurgens,GATA4_locus0,8:11924924
8,11924924,8:11924924:A:G,8,11930338,8:11930338:C:CG,0.801304,5414,8:11924924,chr8,11924924,11924924,rs67146188,GATA4,2,Jurgens,GATA4_locus0,8:11924924
8,11924924,8:11924924:A:G,8,11930798,8:11930798:C:T,0.801304,5874,8:11924924,chr8,11924924,11924924,rs67146188,GATA4,2,Jurgens,GATA4_locus0,8:11924924
8,11924924,8:11924924:A:G,8,11930986,8:11930986:C:T,0.801304,6062,8:11924924,chr8,11924924,11924924,rs67146188,GATA4,2,Jurgens,GATA4_locus0,8:11924924
8,11924924,8:11924924:A:G,8,11931039,8:11931039:G:T,0.801304,6115,8:11924924,chr8,11924924,11924924,rs67146188,GATA4,2,Jurgens,GATA4_locus0,8:11924924
8,11924924,8:11924924:A:G,8,11931046,8:11931046:AT:A,0.801304,6122,8:11924924,chr8,11924924,11924924,rs67146188,GATA4,2,Jurgens,GATA4_locus0,8:11924924
8,11924924,8:11924924:A:G,8,11931154,8:11931154:G:A,0.801304,6230,8:11924924,chr8,11924924,11924924,rs67146188,GATA4,2,Jurgens,GATA4_locus0,8:11924924
8,11924924,8:11924924:A:G,8,11931185,8:11931185:T:C,0.801304,6261,8:11924924,chr8,11924924,11924924,rs67146188,GATA4,2,Jurgens,GATA4_locus0,8:11924924
8,11924924,8:11924924:A:G,8,11931518,8:11931518:C:A,0.801304,6594,8:11924924,chr8,11924924,11924924,rs67146188,GATA4,2,Jurgens,GATA4_locus0,8:11924924
8,11924924,8:11924924:A:G,8,11931528,8:11931528:G:A,0.801304,6604,8:11924924,chr8,11924924,11924924,rs67146188,GATA4,2,Jurgens,GATA4_locus0,8:11924924
8,11924924,8:11924924:A:G,8,11931773,8:11931773:A:G,0.801304,6849,8:11924924,chr8,11924924,11924924,rs67146188,GATA4,2,Jurgens,GATA4_locus0,8:11924924
8,11924924,8:11924924:A:G,8,11931788,8:11931788:A:G,0.801304,6864,8:11924924,chr8,11924924,11924924,rs67146188,GATA4,2,Jurgens,GATA4_locus0,8:11924924
8,11924924,8:11924924:A:G,8,11932385,8:11932385:C:T,0.943857,7461,8:11924924,chr8,11924924,11924924,rs67146188,GATA4,2,Jurgens,GATA4_locus0,8:11924924
8,11924924,8:11924924:A:G,8,11932785,8:11932785:CG:C,0.950025,7861,8:11924924,chr8,11924924,11924924,rs67146188,GATA4,2,Jurgens,GATA4_locus0,8:11924924
8,11924924,8:11924924:A:G,8,11933707,8:11933707:A:G,0.800121,8783,8:11924924,chr8,11924924,11924924,rs67146188,GATA4,2,Jurgens,GATA4_locus0,8:11924924
8,11924924,8:11924924:A:G,8,11933829,8:11933829:C:T,0.800121,8905,8:11924924,chr8,11924924,11924924,rs67146188,GATA4,2,Jurgens,GATA4_locus0,8:11924924
8,11924924,8:11924924:A:G,8,11933847,8:11933847:C:T,0.800121,8923,8:11924924,chr8,11924924,11924924,rs67146188,GATA4,2,Jurgens,GATA4_locus0,8:11924924
8,11924924,8:11924924:A:G,8,11933874,8:11933874:G:T,0.800121,8950,8:11924924,chr8,11924924,11924924,rs67146188,GATA4,2,Jurgens,GATA4_locus0,8:11924924
8,11924924,8:11924924:A:G,8,11933953,8:11933953:G:A,0.800121,9029,8:11924924,chr8,11924924,11924924,rs67146188,GATA4,2,Jurgens,GATA4_locus0,8:11924924
8,11924924,8:11924924:A:G,8,11934016,8:11934016:A:G,0.800121,9092,8:11924924,chr8,11924924,11924924,rs67146188,GATA4,2,Jurgens,GATA4_locus0,8:11924924
8,11924924,8:11924924:A:G,8,11934120,8:11934120:C:T,0.800121,9196,8:11924924,chr8,11924924,11924924,rs67146188,GATA4,2,Jurgens,GATA4_locus0,8:11924924
8,11924924,8:11924924:A:G,8,11934144,8:11934144:A:T,0.800121,9220,8:11924924,chr8,11924924,11924924,rs67146188,GATA4,2,Jurgens,GATA4_locus0,8:11924924
8,11924924,8:11924924:A:G,8,11934163,8:11934163:C:G,0.800121,9239,8:11924924,chr8,11924924,11924924,rs67146188,GATA4,2,Jurgens,GATA4_locus0,8:11924924
8,11924924,8:11924924:A:G,8,11934453,8:11934453:C:T,0.800121,9529,8:11924924,chr8,11924924,11924924,rs67146188,GATA4,2,Jurgens,GATA4_locus0,8:11924924
8,11924924,8:11924924:A:G,8,11934539,8:11934539:C:G,0.800121,9615,8:11924924,chr8,11924924,11924924,rs67146188,GATA4,2,Jurgens,GATA4_locus0,8:11924924
8,11924924,8:11924924:A:G,8,11934553,8:11934553:C:G,0.800121,9629,8:11924924,chr8,11924924,11924924,rs67146188,GATA4,2,Jurgens,GATA4_locus0,8:11924924
8,11924924,8:11924924:A:G,8,11934620,8:11934620:A:G,0.800121,9696,8:11924924,chr8,11924924,11924924,rs67146188,GATA4,2,Jurgens,GATA4_locus0,8:11924924
8,11924924,8:11924924:A:G,8,11934790,8:11934790:C:T,0.800121,9866,8:11924924,chr8,11924924,11924924,rs67146188,GATA4,2,Jurgens,GATA4_locus0,8:11924924
8,11924924,8:11924924:A:G,8,11934842,8:11934842:C:A,0.800121,9918,8:11924924,chr8,11924924,11924924,rs67146188,GATA4,2,Jurgens,GATA4_locus0,8:11924924
8,11924924,8:11924924:A:G,8,11935192,8:11935192:C:T,0.800121,10268,8:11924924,chr8,11924924,11924924,rs67146188,GATA4,2,Jurgens,GATA4_locus0,8:11924924
8,11924924,8:11924924:A:G,8,11935225,8:11935225:T:C,0.800121,10301,8:11924924,chr8,11924924,11924924,rs67146188,GATA4,2,Jurgens,GATA4_locus0,8:11924924
8,11924924,8:11924924:A:G,8,11935249,8:11935249:G:T,0.800121,10325,8:11924924,chr8,11924924,11924924,rs67146188,GATA4,2,Jurgens,GATA4_locus0,8:11924924
8,11924924,8:11924924:A:G,8,11935307,8:11935307:A:G,0.800121,10383,8:11924924,chr8,11924924,11924924,rs67146188,GATA4,2,Jurgens,GATA4_locus0,8:11924924
8,11924924,8:11924924:A:G,8,11935393,8:11935393:C:T,0.950025,10469,8:11924924,chr8,11924924,11924924,rs67146188,GATA4,2,Jurgens,GATA4_locus0,8:11924924
8,11924924,8:11924924:A:G,8,11935465,8:11935465:T:C,0.800121,10541,8:11924924,chr8,11924924,11924924,rs67146188,GATA4,2,Jurgens,GATA4_locus0,8:11924924
8,11924924,8:11924924:A:G,8,11935469,8:11935469:T:A,0.800121,10545,8:11924924,chr8,11924924,11924924,rs67146188,GATA4,2,Jurgens,GATA4_locus0,8:11924924
8,11924924,8:11924924:A:G,8,11935587,8:11935587:C:G,0.800121,10663,8:11924924,chr8,11924924,11924924,rs67146188,GATA4,2,Jurgens,GATA4_locus0,8:11924924
8,11924924,8:11924924:A:G,8,11935631,8:11935631:A:G,0.800121,10707,8:11924924,chr8,11924924,11924924,rs67146188,GATA4,2,Jurgens,GATA4_locus0,8:11924924
8,11924924,8:11924924:A:G,8,11935669,8:11935669:A:G,0.800121,10745,8:11924924,chr8,11924924,11924924,rs67146188,GATA4,2,Jurgens,GATA4_locus0,8:11924924
8,11924924,8:11924924:A:G,8,11935740,8:11935740:A:G,0.800121,10816,8:11924924,chr8,11924924,11924924,rs67146188,GATA4,2,Jurgens,GATA4_locus0,8:11924924
8,11924924,8:11924924:A:G,8,11935786,8:11935786:A:G,0.800121,10862,8:11924924,chr8,11924924,11924924,rs67146188,GATA4,2,Jurgens,GATA4_locus0,8:11924924
8,11924924,8:11924924:A:G,8,11936020,8:11936020:C:T,0.800121,11096,8:11924924,chr8,11924924,11924924,rs67146188,GATA4,2,Jurgens,GATA4_locus0,8:11924924
8,11924924,8:11924924:A:G,8,11936097,8:11936097:G:A,0.800121,11173,8:11924924,chr8,11924924,11924924,rs67146188,GATA4,2,Jurgens,GATA4_locus0,8:11924924
8,11924924,8:11924924:A:G,8,11936145,8:11936145:T:G,0.950025,11221,8:11924924,chr8,11924924,11924924,rs67146188,GATA4,2,Jurgens,GATA4_locus0,8:11924924
8,11924924,8:11924924:A:G,8,11936171,8:11936171:G:A,0.800121,11247,8:11924924,chr8,11924924,11924924,rs67146188,GATA4,2,Jurgens,GATA4_locus0,8:11924924
8,11924924,8:11924924:A:G,8,11936416,8:11936416:G:A,0.800121,11492,8:11924924,chr8,11924924,11924924,rs67146188,GATA4,2,Jurgens,GATA4_locus0,8:11924924
8,11924924,8:11924924:A:G,8,11936446,8:11936446:C:T,0.800121,11522,8:11924924,chr8,11924924,11924924,rs67146188,GATA4,2,Jurgens,GATA4_locus0,8:11924924
8,11924924,8:11924924:A:G,8,11936540,8:11936540:T:A,0.950025,11616,8:11924924,chr8,11924924,11924924,rs67146188,GATA4,2,Jurgens,GATA4_locus0,8:11924924
8,11924924,8:11924924:A:G,8,11936541,8:11936541:A:C,0.950025,11617,8:11924924,chr8,11924924,11924924,rs67146188,GATA4,2,Jurgens,GATA4_locus0,8:11924924
8,11924924,8:11924924:A:G,8,11936620,8:11936620:AC:A,0.800121,11696,8:11924924,chr8,11924924,11924924,rs67146188,GATA4,2,Jurgens,GATA4_locus0,8:11924924
8,11924924,8:11924924:A:G,8,11936654,8:11936654:A:G,0.800121,11730,8:11924924,chr8,11924924,11924924,rs67146188,GATA4,2,Jurgens,GATA4_locus0,8:11924924
8,11924924,8:11924924:A:G,8,11936770,8:11936770:G:T,0.800121,11846,8:11924924,chr8,11924924,11924924,rs67146188,GATA4,2,Jurgens,GATA4_locus0,8:11924924
8,11924924,8:11924924:A:G,8,11936935,8:11936935:C:T,0.800121,12011,8:11924924,chr8,11924924,11924924,rs67146188,GATA4,2,Jurgens,GATA4_locus0,8:11924924
8,11924924,8:11924924:A:G,8,11936979,8:11936979:T:G,0.800121,12055,8:11924924,chr8,11924924,11924924,rs67146188,GATA4,2,Jurgens,GATA4_locus0,8:11924924
8,11924924,8:11924924:A:G,8,11937236,8:11937236:C:A,0.800121,12312,8:11924924,chr8,11924924,11924924,rs67146188,GATA4,2,Jurgens,GATA4_locus0,8:11924924
8,11924924,8:11924924:A:G,8,11937305,8:11937305:C:T,0.800121,12381,8:11924924,chr8,11924924,11924924,rs67146188,GATA4,2,Jurgens,GATA4_locus0,8:11924924
8,11924924,8:11924924:A:G,8,11937346,8:11937346:C:G,0.800121,12422,8:11924924,chr8,11924924,11924924,rs67146188,GATA4,2,Jurgens,GATA4_locus0,8:11924924
8,11924924,8:11924924:A:G,8,11937392,8:11937392:A:G,0.818551,12468,8:11924924,chr8,11924924,11924924,rs67146188,GATA4,2,Jurgens,GATA4_locus0,8:11924924
8,11924924,8:11924924:A:G,8,11937453,8:11937453:T:C,0.818551,12529,8:11924924,chr8,11924924,11924924,rs67146188,GATA4,2,Jurgens,GATA4_locus0,8:11924924
8,11924924,8:11924924:A:G,8,11937460,8:11937460:A:G,0.818551,12536,8:11924924,chr8,11924924,11924924,rs67146188,GATA4,2,Jurgens,GATA4_locus0,8:11924924
8,11924924,8:11924924:A:G,8,11937799,8:11937799:G:A,0.800121,12875,8:11924924,chr8,11924924,11924924,rs67146188,GATA4,2,Jurgens,GATA4_locus0,8:11924924
8,11924924,8:11924924:A:G,8,11937826,8:11937826:T:C,0.800121,12902,8:11924924,chr8,11924924,11924924,rs67146188,GATA4,2,Jurgens,GATA4_locus0,8:11924924
8,11924924,8:11924924:A:G,8,11937840,8:11937840:C:T,0.950025,12916,8:11924924,chr8,11924924,11924924,rs67146188,GATA4,2,Jurgens,GATA4_locus0,8:11924924
8,11924924,8:11924924:A:G,8,11937864,8:11937864:A:G,0.800121,12940,8:11924924,chr8,11924924,11924924,rs67146188,GATA4,2,Jurgens,GATA4_locus0,8:11924924
8,11924924,8:11924924:A:G,8,11937923,8:11937923:T:TTAA,0.800121,12999,8:11924924,chr8,11924924,11924924,rs67146188,GATA4,2,Jurgens,GATA4_locus0,8:11924924
8,11924924,8:11924924:A:G,8,11938039,8:11938039:A:AT,0.800121,13115,8:11924924,chr8,11924924,11924924,rs67146188,GATA4,2,Jurgens,GATA4_locus0,8:11924924
8,11924924,8:11924924:A:G,8,11938076,8:11938076:TTAAA:T,0.800121,13152,8:11924924,chr8,11924924,11924924,rs67146188,GATA4,2,Jurgens,GATA4_locus0,8:11924924
8,11924924,8:11924924:A:G,8,11938113,8:11938113:TATTG:T,0.800121,13189,8:11924924,chr8,11924924,11924924,rs67146188,GATA4,2,Jurgens,GATA4_locus0,8:11924924
8,11924924,8:11924924:A:G,8,11938127,8:11938127:A:G,0.800121,13203,8:11924924,chr8,11924924,11924924,rs67146188,GATA4,2,Jurgens,GATA4_locus0,8:11924924
8,11924924,8:11924924:A:G,8,11938130,8:11938130:C:T,0.800121,13206,8:11924924,chr8,11924924,11924924,rs67146188,GATA4,2,Jurgens,GATA4_locus0,8:11924924
8,11924924,8:11924924:A:G,8,11938187,8:11938187:A:ATAAT,0.800121,13263,8:11924924,chr8,11924924,11924924,rs67146188,GATA4,2,Jurgens,GATA4_locus0,8:11924924
8,11924924,8:11924924:A:G,8,11938514,8:11938514:T:C,0.800121,13590,8:11924924,chr8,11924924,11924924,rs67146188,GATA4,2,Jurgens,GATA4_locus0,8:11924924
8,11924924,8:11924924:A:G,8,11938559,8:11938559:A:C,0.800121,13635,8:11924924,chr8,11924924,11924924,rs67146188,GATA4,2,Jurgens,GATA4_locus0,8:11924924
8,11924924,8:11924924:A:G,8,11938584,8:11938584:A:T,0.800121,13660,8:11924924,chr8,11924924,11924924,rs67146188,GATA4,2,Jurgens,GATA4_locus0,8:11924924
8,11924924,8:11924924:A:G,8,11939559,8:11939559:T:C,0.937633,14635,8:11924924,chr8,11924924,11924924,rs67146188,GATA4,2,Jurgens,GATA4_locus0,8:11924924
8,11924924,8:11924924:A:G,8,11939912,8:11939912:T:A,0.937633,14988,8:11924924,chr8,11924924,11924924,rs67146188,GATA4,2,Jurgens,GATA4_locus0,8:11924924
8,11924924,8:11924924:A:G,8,11939921,8:11939921:A:T,0.931441,14997,8:11924924,chr8,11924924,11924924,rs67146188,GATA4,2,Jurgens,GATA4_locus0,8:11924924
8,11924924,8:11924924:A:G,8,11939961,8:11939961:G:A,0.937633,15037,8:11924924,chr8,11924924,11924924,rs67146188,GATA4,2,Jurgens,GATA4_locus0,8:11924924
8,11924924,8:11924924:A:G,8,11939976,8:11939976:G:A,0.937633,15052,8:11924924,chr8,11924924,11924924,rs67146188,GATA4,2,Jurgens,GATA4_locus0,8:11924924
8,11924924,8:11924924:A:G,8,11940825,8:11940825:C:T,0.937633,15901,8:11924924,chr8,11924924,11924924,rs67146188,GATA4,2,Jurgens,GATA4_locus0,8:11924924
8,11924924,8:11924924:A:G,8,11940924,8:11940924:A:C,0.937633,16000,8:11924924,chr8,11924924,11924924,rs67146188,GATA4,2,Jurgens,GATA4_locus0,8:11924924
8,11924924,8:11924924:A:G,8,11941175,8:11941175:T:G,0.937633,16251,8:11924924,chr8,11924924,11924924,rs67146188,GATA4,2,Jurgens,GATA4_locus0,8:11924924
8,11924924,8:11924924:A:G,8,11941198,8:11941198:C:G,0.937633,16274,8:11924924,chr8,11924924,11924924,rs67146188,GATA4,2,Jurgens,GATA4_locus0,8:11924924
8,11924924,8:11924924:A:G,8,11941287,8:11941287:A:T,0.937633,16363,8:11924924,chr8,11924924,11924924,rs67146188,GATA4,2,Jurgens,GATA4_locus0,8:11924924
8,11924924,8:11924924:A:G,8,11941639,8:11941639:A:G,0.937633,16715,8:11924924,chr8,11924924,11924924,rs67146188,GATA4,2,Jurgens,GATA4_locus0,8:11924924
8,11924924,8:11924924:A:G,8,11943309,8:11943309:G:A,0.937633,18385,8:11924924,chr8,11924924,11924924,rs67146188,GATA4,2,Jurgens,GATA4_locus0,8:11924924
8,11924924,8:11924924:A:G,8,11944917,8:11944917:C:T,0.950025,19993,8:11924924,chr8,11924924,11924924,rs67146188,GATA4,2,Jurgens,GATA4_locus0,8:11924924
8,11924924,8:11924924:A:G,8,11945092,8:11945092:T:C,0.800121,20168,8:11924924,chr8,11924924,11924924,rs67146188,GATA4,2,Jurgens,GATA4_locus0,8:11924924
8,11924924,8:11924924:A:G,8,11945466,8:11945466:CA:C,0.800121,20542,8:11924924,chr8,11924924,11924924,rs67146188,GATA4,2,Jurgens,GATA4_locus0,8:11924924
8,11924924,8:11924924:A:G,8,11945753,8:11945753:C:G,0.800121,20829,8:11924924,chr8,11924924,11924924,rs67146188,GATA4,2,Jurgens,GATA4_locus0,8:11924924
8,11924924,8:11924924:A:G,8,11946880,8:11946880:G:T,0.800121,21956,8:11924924,chr8,11924924,11924924,rs67146188,GATA4,2,Jurgens,GATA4_locus0,8:11924924
8,11924924,8:11924924:A:G,8,11946893,8:11946893:G:A,0.950025,21969,8:11924924,chr8,11924924,11924924,rs67146188,GATA4,2,Jurgens,GATA4_locus0,8:11924924
8,11924924,8:11924924:A:G,8,11947473,8:11947473:A:G,0.800121,22549,8:11924924,chr8,11924924,11924924,rs67146188,GATA4,2,Jurgens,GATA4_locus0,8:11924924
8,11924924,8:11924924:A:G,8,11947664,8:11947664:T:C,0.800121,22740,8:11924924,chr8,11924924,11924924,rs67146188,GATA4,2,Jurgens,GATA4_locus0,8:11924924
8,11924924,8:11924924:A:G,8,11947871,8:11947871:T:C,0.800121,22947,8:11924924,chr8,11924924,11924924,rs67146188,GATA4,2,Jurgens,GATA4_locus0,8:11924924
8,11924924,8:11924924:A:G,8,11948947,8:11948947:T:C,0.950025,24023,8:11924924,chr8,11924924,11924924,rs67146188,GATA4,2,Jurgens,GATA4_locus0,8:11924924
8,11924924,8:11924924:A:G,8,11949712,8:11949712:T:C,0.800121,24788,8:11924924,chr8,11924924,11924924,rs67146188,GATA4,2,Jurgens,GATA4_locus0,8:11924924
8,11924924,8:11924924:A:G,8,11950067,8:11950067:T:A,0.950025,25143,8:11924924,chr8,11924924,11924924,rs67146188,GATA4,2,Jurgens,GATA4_locus0,8:11924924
8,11924924,8:11924924:A:G,8,11951912,8:11951912:C:T,0.937532,26988,8:11924924,chr8,11924924,11924924,rs67146188,GATA4,2,Jurgens,GATA4_locus0,8:11924924
8,11924924,8:11924924:A:G,8,11951971,8:11951971:G:C,0.937532,27047,8:11924924,chr8,11924924,11924924,rs67146188,GATA4,2,Jurgens,GATA4_locus0,8:11924924
8,11924924,8:11924924:A:G,8,11952138,8:11952138:G:C,0.925231,27214,8:11924924,chr8,11924924,11924924,rs67146188,GATA4,2,Jurgens,GATA4_locus0,8:11924924
8,11924924,8:11924924:A:G,8,11952153,8:11952153:A:G,0.925139,27229,8:11924924,chr8,11924924,11924924,rs67146188,GATA4,2,Jurgens,GATA4_locus0,8:11924924
8,11928146,8:11928146:G:A,8,11919395,8:11919395:C:T,0.831223,8751,8:11928146,chr8,11928146,11928146,rs35010200,BLK,1,Zheng,BLK_locus0,8:11928146
8,11928146,8:11928146:G:A,8,11919897,8:11919897:C:T,0.993476,8249,8:11928146,chr8,11928146,11928146,rs35010200,BLK,1,Zheng,BLK_locus0,8:11928146
8,11928146,8:11928146:G:A,8,11920340,8:11920340:C:T,0.831223,7806,8:11928146,chr8,11928146,11928146,rs35010200,BLK,1,Zheng,BLK_locus0,8:11928146
8,11928146,8:11928146:G:A,8,11920375,8:11920375:A:C,0.831223,7771,8:11928146,chr8,11928146,11928146,rs35010200,BLK,1,Zheng,BLK_locus0,8:11928146
8,11928146,8:11928146:G:A,8,11920392,8:11920392:T:C,0.831223,7754,8:11928146,chr8,11928146,11928146,rs35010200,BLK,1,Zheng,BLK_locus0,8:11928146
8,11928146,8:11928146:G:A,8,11920468,8:11920468:C:G,0.831223,7678,8:11928146,chr8,11928146,11928146,rs35010200,BLK,1,Zheng,BLK_locus0,8:11928146
8,11928146,8:11928146:G:A,8,11920786,8:11920786:AG:A,0.986946,7360,8:11928146,chr8,11928146,11928146,rs35010200,BLK,1,Zheng,BLK_locus0,8:11928146
8,11928146,8:11928146:G:A,8,11921485,8:11921485:C:T,0.831223,6661,8:11928146,chr8,11928146,11928146,rs35010200,BLK,1,Zheng,BLK_locus0,8:11928146
8,11928146,8:11928146:G:A,8,11922649,8:11922649:A:G,0.831223,5497,8:11928146,chr8,11928146,11928146,rs35010200,BLK,1,Zheng,BLK_locus0,8:11928146
8,11928146,8:11928146:G:A,8,11922671,8:11922671:A:G,0.993476,5475,8:11928146,chr8,11928146,11928146,rs35010200,BLK,1,Zheng,BLK_locus0,8:11928146
8,11928146,8:11928146:G:A,8,11923084,8:11923084:G:A,1.0,5062,8:11928146,chr8,11928146,11928146,rs35010200,BLK,1,Zheng,BLK_locus0,8:11928146
8,11928146,8:11928146:G:A,8,11923146,8:11923146:T:A,0.838868,5000,8:11928146,chr8,11928146,11928146,rs35010200,BLK,1,Zheng,BLK_locus0,8:11928146
8,11928146,8:11928146:G:A,8,11923378,8:11923378:A:G,1.0,4768,8:11928146,chr8,11928146,11928146,rs35010200,BLK,1,Zheng,BLK_locus0,8:11928146
8,11928146,8:11928146:G:A,8,11923435,8:11923435:G:C,0.993475,4711,8:11928146,chr8,11928146,11928146,rs35010200,BLK,1,Zheng,BLK_locus0,8:11928146
8,11928146,8:11928146:G:A,8,11923543,8:11923543:G:C,1.0,4603,8:11928146,chr8,11928146,11928146,rs35010200,BLK,1,Zheng,BLK_locus0,8:11928146
8,11928146,8:11928146:G:A,8,11923714,8:11923714:C:T,0.833608,4432,8:11928146,chr8,11928146,11928146,rs35010200,BLK,1,Zheng,BLK_locus0,8:11928146
8,11928146,8:11928146:G:A,8,11923955,8:11923955:T:C,1.0,4191,8:11928146,chr8,11928146,11928146,rs35010200,BLK,1,Zheng,BLK_locus0,8:11928146
8,11928146,8:11928146:G:A,8,11924026,8:11924026:G:T,1.0,4120,8:11928146,chr8,11928146,11928146,rs35010200,BLK,1,Zheng,BLK_locus0,8:11928146
8,11928146,8:11928146:G:A,8,11924031,8:11924031:A:C,0.838868,4115,8:11928146,chr8,11928146,11928146,rs35010200,BLK,1,Zheng,BLK_locus0,8:11928146
8,11928146,8:11928146:G:A,8,11924058,8:11924058:T:C,0.838868,4088,8:11928146,chr8,11928146,11928146,rs35010200,BLK,1,Zheng,BLK_locus0,8:11928146
8,11928146,8:11928146:G:A,8,11924159,8:11924159:C:T,1.0,3987,8:11928146,chr8,11928146,11928146,rs35010200,BLK,1,Zheng,BLK_locus0,8:11928146
8,11928146,8:11928146:G:A,8,11924183,8:11924183:C:A,1.0,3963,8:11928146,chr8,11928146,11928146,rs35010200,BLK,1,Zheng,BLK_locus0,8:11928146
8,11928146,8:11928146:G:A,8,11924185,8:11924185:T:C,1.0,3961,8:11928146,chr8,11928146,11928146,rs35010200,BLK,1,Zheng,BLK_locus0,8:11928146
8,11928146,8:11928146:G:A,8,11924371,8:11924371:T:C,1.0,3775,8:11928146,chr8,11928146,11928146,rs35010200,BLK,1,Zheng,BLK_locus0,8:11928146
8,11928146,8:11928146:G:A,8,11924479,8:11924479:G:A,1.0,3667,8:11928146,chr8,11928146,11928146,rs35010200,BLK,1,Zheng,BLK_locus0,8:11928146
8,11928146,8:11928146:G:A,8,11924488,8:11924488:C:A,0.838868,3658,8:11928146,chr8,11928146,11928146,rs35010200,BLK,1,Zheng,BLK_locus0,8:11928146
8,11928146,8:11928146:G:A,8,11924518,8:11924518:G:C,1.0,3628,8:11928146,chr8,11928146,11928146,rs35010200,BLK,1,Zheng,BLK_locus0,8:11928146
8,11928146,8:11928146:G:A,8,11924554,8:11924554:G:A,1.0,3592,8:11928146,chr8,11928146,11928146,rs35010200,BLK,1,Zheng,BLK_locus0,8:11928146
8,11928146,8:11928146:G:A,8,11924705,8:11924705:G:A,1.0,3441,8:11928146,chr8,11928146,11928146,rs35010200,BLK,1,Zheng,BLK_locus0,8:11928146
8,11928146,8:11928146:G:A,8,11924736,8:11924736:GT:G,1.0,3410,8:11928146,chr8,11928146,11928146,rs35010200,BLK,1,Zheng,BLK_locus0,8:11928146
8,11928146,8:11928146:G:A,8,11924747,8:11924747:CTT:C,0.993476,3399,8:11928146,chr8,11928146,11928146,rs35010200,BLK,1,Zheng,BLK_locus0,8:11928146
8,11928146,8:11928146:G:A,8,11924802,8:11924802:G:A,0.974595,3344,8:11928146,chr8,11928146,11928146,rs35010200,BLK,1,Zheng,BLK_locus0,8:11928146
8,11928146,8:11928146:G:A,8,11924817,8:11924817:T:C,0.974595,3329,8:11928146,chr8,11928146,11928146,rs35010200,BLK,1,Zheng,BLK_locus0,8:11928146
8,11928146,8:11928146:G:A,8,11924840,8:11924840:G:T,0.968272,3306,8:11928146,chr8,11928146,11928146,rs35010200,BLK,1,Zheng,BLK_locus0,8:11928146
8,11928146,8:11928146:G:A,8,11924850,8:11924850:C:T,0.962105,3296,8:11928146,chr8,11928146,11928146,rs35010200,BLK,1,Zheng,BLK_locus0,8:11928146
8,11928146,8:11928146:G:A,8,11924908,8:11924908:A:C,0.817359,3238,8:11928146,chr8,11928146,11928146,rs35010200,BLK,1,Zheng,BLK_locus0,8:11928146
8,11928146,8:11928146:G:A,8,11924924,8:11924924:A:G,0.956295,3222,8:11928146,chr8,11928146,11928146,rs35010200,BLK,1,Zheng,BLK_locus0,8:11928146
8,11928146,8:11928146:G:A,8,11924987,8:11924987:T:C,0.800839,3159,8:11928146,chr8,11928146,11928146,rs35010200,BLK,1,Zheng,BLK_locus0,8:11928146
8,11928146,8:11928146:G:A,8,11925025,8:11925025:C:A,0.962192,3121,8:11928146,chr8,11928146,11928146,rs35010200,BLK,1,Zheng,BLK_locus0,8:11928146
8,11928146,8:11928146:G:A,8,11925061,8:11925061:A:C,0.962459,3085,8:11928146,chr8,11928146,11928146,rs35010200,BLK,1,Zheng,BLK_locus0,8:11928146
8,11928146,8:11928146:G:A,8,11925100,8:11925100:T:A,1.0,3046,8:11928146,chr8,11928146,11928146,rs35010200,BLK,1,Zheng,BLK_locus0,8:11928146
8,11928146,8:11928146:G:A,8,11925250,8:11925250:G:A,1.0,2896,8:11928146,chr8,11928146,11928146,rs35010200,BLK,1,Zheng,BLK_locus0,8:11928146
8,11928146,8:11928146:G:A,8,11925306,8:11925306:T:C,1.0,2840,8:11928146,chr8,11928146,11928146,rs35010200,BLK,1,Zheng,BLK_locus0,8:11928146
8,11928146,8:11928146:G:A,8,11925377,8:11925377:C:T,1.0,2769,8:11928146,chr8,11928146,11928146,rs35010200,BLK,1,Zheng,BLK_locus0,8:11928146
8,11928146,8:11928146:G:A,8,11925410,8:11925410:A:T,1.0,2736,8:11928146,chr8,11928146,11928146,rs35010200,BLK,1,Zheng,BLK_locus0,8:11928146
8,11928146,8:11928146:G:A,8,11925527,8:11925527:T:C,0.838868,2619,8:11928146,chr8,11928146,11928146,rs35010200,BLK,1,Zheng,BLK_locus0,8:11928146
8,11928146,8:11928146:G:A,8,11925564,8:11925564:C:T,0.838868,2582,8:11928146,chr8,11928146,11928146,rs35010200,BLK,1,Zheng,BLK_locus0,8:11928146
8,11928146,8:11928146:G:A,8,11925609,8:11925609:C:T,1.0,2537,8:11928146,chr8,11928146,11928146,rs35010200,BLK,1,Zheng,BLK_locus0,8:11928146
8,11928146,8:11928146:G:A,8,11925725,8:11925725:A:G,1.0,2421,8:11928146,chr8,11928146,11928146,rs35010200,BLK,1,Zheng,BLK_locus0,8:11928146
8,11928146,8:11928146:G:A,8,11926015,8:11926015:A:G,1.0,2131,8:11928146,chr8,11928146,11928146,rs35010200,BLK,1,Zheng,BLK_locus0,8:11928146
8,11928146,8:11928146:G:A,8,11926076,8:11926076:C:A,1.0,2070,8:11928146,chr8,11928146,11928146,rs35010200,BLK,1,Zheng,BLK_locus0,8:11928146
8,11928146,8:11928146:G:A,8,11926105,8:11926105:C:T,1.0,2041,8:11928146,chr8,11928146,11928146,rs35010200,BLK,1,Zheng,BLK_locus0,8:11928146
8,11928146,8:11928146:G:A,8,11926106,8:11926106:A:G,1.0,2040,8:11928146,chr8,11928146,11928146,rs35010200,BLK,1,Zheng,BLK_locus0,8:11928146
8,11928146,8:11928146:G:A,8,11926109,8:11926109:T:C,1.0,2037,8:11928146,chr8,11928146,11928146,rs35010200,BLK,1,Zheng,BLK_locus0,8:11928146
8,11928146,8:11928146:G:A,8,11926181,8:11926181:C:T,1.0,1965,8:11928146,chr8,11928146,11928146,rs35010200,BLK,1,Zheng,BLK_locus0,8:11928146
8,11928146,8:11928146:G:A,8,11926319,8:11926319:G:A,0.838868,1827,8:11928146,chr8,11928146,11928146,rs35010200,BLK,1,Zheng,BLK_locus0,8:11928146
8,11928146,8:11928146:G:A,8,11926536,8:11926536:T:C,1.0,1610,8:11928146,chr8,11928146,11928146,rs35010200,BLK,1,Zheng,BLK_locus0,8:11928146
8,11928146,8:11928146:G:A,8,11926725,8:11926725:C:T,1.0,1421,8:11928146,chr8,11928146,11928146,rs35010200,BLK,1,Zheng,BLK_locus0,8:11928146
8,11928146,8:11928146:G:A,8,11926731,8:11926731:C:T,1.0,1415,8:11928146,chr8,11928146,11928146,rs35010200,BLK,1,Zheng,BLK_locus0,8:11928146
8,11928146,8:11928146:G:A,8,11926817,8:11926817:T:C,1.0,1329,8:11928146,chr8,11928146,11928146,rs35010200,BLK,1,Zheng,BLK_locus0,8:11928146
8,11928146,8:11928146:G:A,8,11926818,8:11926818:G:A,0.838868,1328,8:11928146,chr8,11928146,11928146,rs35010200,BLK,1,Zheng,BLK_locus0,8:11928146
8,11928146,8:11928146:G:A,8,11926837,8:11926837:ATTGT:A,0.838868,1309,8:11928146,chr8,11928146,11928146,rs35010200,BLK,1,Zheng,BLK_locus0,8:11928146
8,11928146,8:11928146:G:A,8,11926894,8:11926894:A:T,1.0,1252,8:11928146,chr8,11928146,11928146,rs35010200,BLK,1,Zheng,BLK_locus0,8:11928146
8,11928146,8:11928146:G:A,8,11927020,8:11927020:G:T,0.838868,1126,8:11928146,chr8,11928146,11928146,rs35010200,BLK,1,Zheng,BLK_locus0,8:11928146
8,11928146,8:11928146:G:A,8,11927032,8:11927032:C:T,1.0,1114,8:11928146,chr8,11928146,11928146,rs35010200,BLK,1,Zheng,BLK_locus0,8:11928146
8,11928146,8:11928146:G:A,8,11927352,8:11927352:T:C,1.0,794,8:11928146,chr8,11928146,11928146,rs35010200,BLK,1,Zheng,BLK_locus0,8:11928146
8,11928146,8:11928146:G:A,8,11927416,8:11927416:A:C,1.0,730,8:11928146,chr8,11928146,11928146,rs35010200,BLK,1,Zheng,BLK_locus0,8:11928146
8,11928146,8:11928146:G:A,8,11927447,8:11927447:A:G,1.0,699,8:11928146,chr8,11928146,11928146,rs35010200,BLK,1,Zheng,BLK_locus0,8:11928146
8,11928146,8:11928146:G:A,8,11927476,8:11927476:A:T,0.838868,670,8:11928146,chr8,11928146,11928146,rs35010200,BLK,1,Zheng,BLK_locus0,8:11928146
8,11928146,8:11928146:G:A,8,11927480,8:11927480:T:A,1.0,666,8:11928146,chr8,11928146,11928146,rs35010200,BLK,1,Zheng,BLK_locus0,8:11928146
8,11928146,8:11928146:G:A,8,11927482,8:11927482:A:T,1.0,664,8:11928146,chr8,11928146,11928146,rs35010200,BLK,1,Zheng,BLK_locus0,8:11928146
8,11928146,8:11928146:G:A,8,11927571,8:11927571:T:C,0.993533,575,8:11928146,chr8,11928146,11928146,rs35010200,BLK,1,Zheng,BLK_locus0,8:11928146
8,11928146,8:11928146:G:A,8,11927572,8:11927572:A:G,0.993533,574,8:11928146,chr8,11928146,11928146,rs35010200,BLK,1,Zheng,BLK_locus0,8:11928146
8,11928146,8:11928146:G:A,8,11927663,8:11927664:G:GA,0.807846,483,8:11928146,chr8,11928146,11928146,rs35010200,BLK,1,Zheng,BLK_locus0,8:11928146
8,11928146,8:11928146:G:A,8,11927663,8:11927665:GA:G,0.986999,483,8:11928146,chr8,11928146,11928146,rs35010200,BLK,1,Zheng,BLK_locus0,8:11928146
8,11928146,8:11928146:G:A,8,11927982,8:11927982:T:A,0.838868,164,8:11928146,chr8,11928146,11928146,rs35010200,BLK,1,Zheng,BLK_locus0,8:11928146
8,11928146,8:11928146:G:A,8,11928040,8:11928040:C:A,1.0,106,8:11928146,chr8,11928146,11928146,rs35010200,BLK,1,Zheng,BLK_locus0,8:11928146
8,11928146,8:11928146:G:A,8,11928146,8:11928146:G:A,1.0,0,8:11928146,chr8,11928146,11928146,rs35010200,BLK,1,Zheng,BLK_locus0,8:11928146
8,11928146,8:11928146:G:A,8,11928620,8:11928620:A:G,0.838868,474,8:11928146,chr8,11928146,11928146,rs35010200,BLK,1,Zheng,BLK_locus0,8:11928146
8,11928146,8:11928146:G:A,8,11928746,8:11928746:G:A,0.838868,600,8:11928146,chr8,11928146,11928146,rs35010200,BLK,1,Zheng,BLK_locus0,8:11928146
8,11928146,8:11928146:G:A,8,11929272,8:11929272:G:A,0.838868,1126,8:11928146,chr8,11928146,11928146,rs35010200,BLK,1,Zheng,BLK_locus0,8:11928146
8,11928146,8:11928146:G:A,8,11929368,8:11929368:GC:G,0.838868,1222,8:11928146,chr8,11928146,11928146,rs35010200,BLK,1,Zheng,BLK_locus0,8:11928146
8,11928146,8:11928146:G:A,8,11929384,8:11929384:A:G,0.838868,1238,8:11928146,chr8,11928146,11928146,rs35010200,BLK,1,Zheng,BLK_locus0,8:11928146
8,11928146,8:11928146:G:A,8,11929393,8:11929393:A:G,0.838868,1247,8:11928146,chr8,11928146,11928146,rs35010200,BLK,1,Zheng,BLK_locus0,8:11928146
8,11928146,8:11928146:G:A,8,11929416,8:11929416:C:T,0.838868,1270,8:11928146,chr8,11928146,11928146,rs35010200,BLK,1,Zheng,BLK_locus0,8:11928146
8,11928146,8:11928146:G:A,8,11929423,8:11929423:C:A,0.838868,1277,8:11928146,chr8,11928146,11928146,rs35010200,BLK,1,Zheng,BLK_locus0,8:11928146
8,11928146,8:11928146:G:A,8,11929501,8:11929501:A:G,0.993533,1355,8:11928146,chr8,11928146,11928146,rs35010200,BLK,1,Zheng,BLK_locus0,8:11928146
8,11928146,8:11928146:G:A,8,11929694,8:11929694:C:T,1.0,1548,8:11928146,chr8,11928146,11928146,rs35010200,BLK,1,Zheng,BLK_locus0,8:11928146
8,11928146,8:11928146:G:A,8,11929710,8:11929710:T:C,0.838868,1564,8:11928146,chr8,11928146,11928146,rs35010200,BLK,1,Zheng,BLK_locus0,8:11928146
8,11928146,8:11928146:G:A,8,11929878,8:11929878:A:C,0.838868,1732,8:11928146,chr8,11928146,11928146,rs35010200,BLK,1,Zheng,BLK_locus0,8:11928146
8,11928146,8:11928146:G:A,8,11929886,8:11929886:T:G,0.838868,1740,8:11928146,chr8,11928146,11928146,rs35010200,BLK,1,Zheng,BLK_locus0,8:11928146
8,11928146,8:11928146:G:A,8,11929996,8:11929996:A:G,0.838868,1850,8:11928146,chr8,11928146,11928146,rs35010200,BLK,1,Zheng,BLK_locus0,8:11928146
8,11928146,8:11928146:G:A,8,11930054,8:11930054:C:T,0.838868,1908,8:11928146,chr8,11928146,11928146,rs35010200,BLK,1,Zheng,BLK_locus0,8:11928146
8,11928146,8:11928146:G:A,8,11930063,8:11930063:C:T,0.838868,1917,8:11928146,chr8,11928146,11928146,rs35010200,BLK,1,Zheng,BLK_locus0,8:11928146
8,11928146,8:11928146:G:A,8,11930198,8:11930198:T:G,0.838868,2052,8:11928146,chr8,11928146,11928146,rs35010200,BLK,1,Zheng,BLK_locus0,8:11928146
8,11928146,8:11928146:G:A,8,11930338,8:11930338:C:CG,0.838868,2192,8:11928146,chr8,11928146,11928146,rs35010200,BLK,1,Zheng,BLK_locus0,8:11928146
8,11928146,8:11928146:G:A,8,11930798,8:11930798:C:T,0.838868,2652,8:11928146,chr8,11928146,11928146,rs35010200,BLK,1,Zheng,BLK_locus0,8:11928146
8,11928146,8:11928146:G:A,8,11930986,8:11930986:C:T,0.838868,2840,8:11928146,chr8,11928146,11928146,rs35010200,BLK,1,Zheng,BLK_locus0,8:11928146
8,11928146,8:11928146:G:A,8,11931039,8:11931039:G:T,0.838868,2893,8:11928146,chr8,11928146,11928146,rs35010200,BLK,1,Zheng,BLK_locus0,8:11928146
8,11928146,8:11928146:G:A,8,11931046,8:11931046:AT:A,0.838868,2900,8:11928146,chr8,11928146,11928146,rs35010200,BLK,1,Zheng,BLK_locus0,8:11928146
8,11928146,8:11928146:G:A,8,11931154,8:11931154:G:A,0.838868,3008,8:11928146,chr8,11928146,11928146,rs35010200,BLK,1,Zheng,BLK_locus0,8:11928146
8,11928146,8:11928146:G:A,8,11931185,8:11931185:T:C,0.838868,3039,8:11928146,chr8,11928146,11928146,rs35010200,BLK,1,Zheng,BLK_locus0,8:11928146
8,11928146,8:11928146:G:A,8,11931516,8:11931516:C:A,0.831223,3370,8:11928146,chr8,11928146,11928146,rs35010200,BLK,1,Zheng,BLK_locus0,8:11928146
8,11928146,8:11928146:G:A,8,11931518,8:11931518:C:A,0.838868,3372,8:11928146,chr8,11928146,11928146,rs35010200,BLK,1,Zheng,BLK_locus0,8:11928146
8,11928146,8:11928146:G:A,8,11931528,8:11931528:G:A,0.838868,3382,8:11928146,chr8,11928146,11928146,rs35010200,BLK,1,Zheng,BLK_locus0,8:11928146
8,11928146,8:11928146:G:A,8,11931773,8:11931773:A:G,0.838868,3627,8:11928146,chr8,11928146,11928146,rs35010200,BLK,1,Zheng,BLK_locus0,8:11928146
8,11928146,8:11928146:G:A,8,11931788,8:11931788:A:G,0.838868,3642,8:11928146,chr8,11928146,11928146,rs35010200,BLK,1,Zheng,BLK_locus0,8:11928146
8,11928146,8:11928146:G:A,8,11932012,8:11932012:T:A,0.833608,3866,8:11928146,chr8,11928146,11928146,rs35010200,BLK,1,Zheng,BLK_locus0,8:11928146
8,11928146,8:11928146:G:A,8,11932045,8:11932045:C:G,0.833608,3899,8:11928146,chr8,11928146,11928146,rs35010200,BLK,1,Zheng,BLK_locus0,8:11928146
8,11928146,8:11928146:G:A,8,11932155,8:11932155:A:G,0.833608,4009,8:11928146,chr8,11928146,11928146,rs35010200,BLK,1,Zheng,BLK_locus0,8:11928146
8,11928146,8:11928146:G:A,8,11932174,8:11932174:C:G,0.833608,4028,8:11928146,chr8,11928146,11928146,rs35010200,BLK,1,Zheng,BLK_locus0,8:11928146
8,11928146,8:11928146:G:A,8,11932240,8:11932240:C:A,0.833608,4094,8:11928146,chr8,11928146,11928146,rs35010200,BLK,1,Zheng,BLK_locus0,8:11928146
8,11928146,8:11928146:G:A,8,11932259,8:11932259:C:A,0.833608,4113,8:11928146,chr8,11928146,11928146,rs35010200,BLK,1,Zheng,BLK_locus0,8:11928146
8,11928146,8:11928146:G:A,8,11932260,8:11932260:A:G,0.833608,4114,8:11928146,chr8,11928146,11928146,rs35010200,BLK,1,Zheng,BLK_locus0,8:11928146
8,11928146,8:11928146:G:A,8,11932349,8:11932349:G:C,0.833608,4203,8:11928146,chr8,11928146,11928146,rs35010200,BLK,1,Zheng,BLK_locus0,8:11928146
8,11928146,8:11928146:G:A,8,11932354,8:11932354:C:T,0.833608,4208,8:11928146,chr8,11928146,11928146,rs35010200,BLK,1,Zheng,BLK_locus0,8:11928146
8,11928146,8:11928146:G:A,8,11932385,8:11932385:C:T,0.987071,4239,8:11928146,chr8,11928146,11928146,rs35010200,BLK,1,Zheng,BLK_locus0,8:11928146
8,11928146,8:11928146:G:A,8,11932424,8:11932424:C:A,0.833608,4278,8:11928146,chr8,11928146,11928146,rs35010200,BLK,1,Zheng,BLK_locus0,8:11928146
8,11928146,8:11928146:G:A,8,11932454,8:11932454:A:G,0.833608,4308,8:11928146,chr8,11928146,11928146,rs35010200,BLK,1,Zheng,BLK_locus0,8:11928146
8,11928146,8:11928146:G:A,8,11932559,8:11932559:G:T,0.833608,4413,8:11928146,chr8,11928146,11928146,rs35010200,BLK,1,Zheng,BLK_locus0,8:11928146
8,11928146,8:11928146:G:A,8,11932743,8:11932743:A:G,0.833608,4597,8:11928146,chr8,11928146,11928146,rs35010200,BLK,1,Zheng,BLK_locus0,8:11928146
8,11928146,8:11928146:G:A,8,11932785,8:11932785:CG:C,0.993475,4639,8:11928146,chr8,11928146,11928146,rs35010200,BLK,1,Zheng,BLK_locus0,8:11928146
8,11928146,8:11928146:G:A,8,11932811,8:11932811:G:A,0.833608,4665,8:11928146,chr8,11928146,11928146,rs35010200,BLK,1,Zheng,BLK_locus0,8:11928146
8,11928146,8:11928146:G:A,8,11932861,8:11932861:G:A,0.833608,4715,8:11928146,chr8,11928146,11928146,rs35010200,BLK,1,Zheng,BLK_locus0,8:11928146
8,11928146,8:11928146:G:A,8,11932902,8:11932902:C:T,0.833608,4756,8:11928146,chr8,11928146,11928146,rs35010200,BLK,1,Zheng,BLK_locus0,8:11928146
8,11928146,8:11928146:G:A,8,11932942,8:11932942:T:G,0.833608,4796,8:11928146,chr8,11928146,11928146,rs35010200,BLK,1,Zheng,BLK_locus0,8:11928146
8,11928146,8:11928146:G:A,8,11933017,8:11933017:C:G,0.833608,4871,8:11928146,chr8,11928146,11928146,rs35010200,BLK,1,Zheng,BLK_locus0,8:11928146
8,11928146,8:11928146:G:A,8,11933018,8:11933018:T:C,0.833608,4872,8:11928146,chr8,11928146,11928146,rs35010200,BLK,1,Zheng,BLK_locus0,8:11928146
8,11928146,8:11928146:G:A,8,11933060,8:11933060:G:A,0.829691,4914,8:11928146,chr8,11928146,11928146,rs35010200,BLK,1,Zheng,BLK_locus0,8:11928146
8,11928146,8:11928146:G:A,8,11933067,8:11933067:C:A,0.829691,4921,8:11928146,chr8,11928146,11928146,rs35010200,BLK,1,Zheng,BLK_locus0,8:11928146
8,11928146,8:11928146:G:A,8,11933072,8:11933072:T:C,0.833608,4926,8:11928146,chr8,11928146,11928146,rs35010200,BLK,1,Zheng,BLK_locus0,8:11928146
8,11928146,8:11928146:G:A,8,11933255,8:11933255:A:G,0.833608,5109,8:11928146,chr8,11928146,11928146,rs35010200,BLK,1,Zheng,BLK_locus0,8:11928146
8,11928146,8:11928146:G:A,8,11933302,8:11933302:C:A,0.829691,5156,8:11928146,chr8,11928146,11928146,rs35010200,BLK,1,Zheng,BLK_locus0,8:11928146
8,11928146,8:11928146:G:A,8,11933306,8:11933306:A:C,0.829691,5160,8:11928146,chr8,11928146,11928146,rs35010200,BLK,1,Zheng,BLK_locus0,8:11928146
8,11928146,8:11928146:G:A,8,11933309,8:11933309:A:G,0.829691,5163,8:11928146,chr8,11928146,11928146,rs35010200,BLK,1,Zheng,BLK_locus0,8:11928146
8,11928146,8:11928146:G:A,8,11933515,8:11933515:A:G,0.818494,5369,8:11928146,chr8,11928146,11928146,rs35010200,BLK,1,Zheng,BLK_locus0,8:11928146
8,11928146,8:11928146:G:A,8,11933707,8:11933707:A:G,0.837622,5561,8:11928146,chr8,11928146,11928146,rs35010200,BLK,1,Zheng,BLK_locus0,8:11928146
8,11928146,8:11928146:G:A,8,11933829,8:11933829:C:T,0.837622,5683,8:11928146,chr8,11928146,11928146,rs35010200,BLK,1,Zheng,BLK_locus0,8:11928146
8,11928146,8:11928146:G:A,8,11933847,8:11933847:C:T,0.837622,5701,8:11928146,chr8,11928146,11928146,rs35010200,BLK,1,Zheng,BLK_locus0,8:11928146
8,11928146,8:11928146:G:A,8,11933874,8:11933874:G:T,0.837622,5728,8:11928146,chr8,11928146,11928146,rs35010200,BLK,1,Zheng,BLK_locus0,8:11928146
8,11928146,8:11928146:G:A,8,11933953,8:11933953:G:A,0.837622,5807,8:11928146,chr8,11928146,11928146,rs35010200,BLK,1,Zheng,BLK_locus0,8:11928146
8,11928146,8:11928146:G:A,8,11934016,8:11934016:A:G,0.837622,5870,8:11928146,chr8,11928146,11928146,rs35010200,BLK,1,Zheng,BLK_locus0,8:11928146
8,11928146,8:11928146:G:A,8,11934048,8:11934048:A:C,0.829969,5902,8:11928146,chr8,11928146,11928146,rs35010200,BLK,1,Zheng,BLK_locus0,8:11928146
8,11928146,8:11928146:G:A,8,11934108,8:11934108:G:C,0.832357,5962,8:11928146,chr8,11928146,11928146,rs35010200,BLK,1,Zheng,BLK_locus0,8:11928146
8,11928146,8:11928146:G:A,8,11934120,8:11934120:C:T,0.837622,5974,8:11928146,chr8,11928146,11928146,rs35010200,BLK,1,Zheng,BLK_locus0,8:11928146
8,11928146,8:11928146:G:A,8,11934144,8:11934144:A:T,0.837622,5998,8:11928146,chr8,11928146,11928146,rs35010200,BLK,1,Zheng,BLK_locus0,8:11928146
8,11928146,8:11928146:G:A,8,11934163,8:11934163:C:G,0.837622,6017,8:11928146,chr8,11928146,11928146,rs35010200,BLK,1,Zheng,BLK_locus0,8:11928146
8,11928146,8:11928146:G:A,8,11934169,8:11934169:C:T,0.822136,6023,8:11928146,chr8,11928146,11928146,rs35010200,BLK,1,Zheng,BLK_locus0,8:11928146
8,11928146,8:11928146:G:A,8,11934453,8:11934453:C:T,0.837622,6307,8:11928146,chr8,11928146,11928146,rs35010200,BLK,1,Zheng,BLK_locus0,8:11928146
8,11928146,8:11928146:G:A,8,11934539,8:11934539:C:G,0.837622,6393,8:11928146,chr8,11928146,11928146,rs35010200,BLK,1,Zheng,BLK_locus0,8:11928146
8,11928146,8:11928146:G:A,8,11934553,8:11934553:C:G,0.837622,6407,8:11928146,chr8,11928146,11928146,rs35010200,BLK,1,Zheng,BLK_locus0,8:11928146
8,11928146,8:11928146:G:A,8,11934620,8:11934620:A:G,0.837622,6474,8:11928146,chr8,11928146,11928146,rs35010200,BLK,1,Zheng,BLK_locus0,8:11928146
8,11928146,8:11928146:G:A,8,11934790,8:11934790:C:T,0.837622,6644,8:11928146,chr8,11928146,11928146,rs35010200,BLK,1,Zheng,BLK_locus0,8:11928146
8,11928146,8:11928146:G:A,8,11934842,8:11934842:C:A,0.837622,6696,8:11928146,chr8,11928146,11928146,rs35010200,BLK,1,Zheng,BLK_locus0,8:11928146
8,11928146,8:11928146:G:A,8,11935026,8:11935026:A:G,0.829691,6880,8:11928146,chr8,11928146,11928146,rs35010200,BLK,1,Zheng,BLK_locus0,8:11928146
8,11928146,8:11928146:G:A,8,11935192,8:11935192:C:T,0.837622,7046,8:11928146,chr8,11928146,11928146,rs35010200,BLK,1,Zheng,BLK_locus0,8:11928146
8,11928146,8:11928146:G:A,8,11935225,8:11935225:T:C,0.837622,7079,8:11928146,chr8,11928146,11928146,rs35010200,BLK,1,Zheng,BLK_locus0,8:11928146
8,11928146,8:11928146:G:A,8,11935249,8:11935249:G:T,0.837622,7103,8:11928146,chr8,11928146,11928146,rs35010200,BLK,1,Zheng,BLK_locus0,8:11928146
8,11928146,8:11928146:G:A,8,11935307,8:11935307:A:G,0.837622,7161,8:11928146,chr8,11928146,11928146,rs35010200,BLK,1,Zheng,BLK_locus0,8:11928146
8,11928146,8:11928146:G:A,8,11935393,8:11935393:C:T,0.993475,7247,8:11928146,chr8,11928146,11928146,rs35010200,BLK,1,Zheng,BLK_locus0,8:11928146
8,11928146,8:11928146:G:A,8,11935465,8:11935465:T:C,0.837622,7319,8:11928146,chr8,11928146,11928146,rs35010200,BLK,1,Zheng,BLK_locus0,8:11928146
8,11928146,8:11928146:G:A,8,11935469,8:11935469:T:A,0.837622,7323,8:11928146,chr8,11928146,11928146,rs35010200,BLK,1,Zheng,BLK_locus0,8:11928146
8,11928146,8:11928146:G:A,8,11935587,8:11935587:C:G,0.837622,7441,8:11928146,chr8,11928146,11928146,rs35010200,BLK,1,Zheng,BLK_locus0,8:11928146
8,11928146,8:11928146:G:A,8,11935631,8:11935631:A:G,0.837622,7485,8:11928146,chr8,11928146,11928146,rs35010200,BLK,1,Zheng,BLK_locus0,8:11928146
8,11928146,8:11928146:G:A,8,11935669,8:11935669:A:G,0.837622,7523,8:11928146,chr8,11928146,11928146,rs35010200,BLK,1,Zheng,BLK_locus0,8:11928146
8,11928146,8:11928146:G:A,8,11935740,8:11935740:A:G,0.837622,7594,8:11928146,chr8,11928146,11928146,rs35010200,BLK,1,Zheng,BLK_locus0,8:11928146
8,11928146,8:11928146:G:A,8,11935786,8:11935786:A:G,0.837622,7640,8:11928146,chr8,11928146,11928146,rs35010200,BLK,1,Zheng,BLK_locus0,8:11928146
8,11928146,8:11928146:G:A,8,11936020,8:11936020:C:T,0.837622,7874,8:11928146,chr8,11928146,11928146,rs35010200,BLK,1,Zheng,BLK_locus0,8:11928146
8,11928146,8:11928146:G:A,8,11936097,8:11936097:G:A,0.837622,7951,8:11928146,chr8,11928146,11928146,rs35010200,BLK,1,Zheng,BLK_locus0,8:11928146
8,11928146,8:11928146:G:A,8,11936145,8:11936145:T:G,0.993475,7999,8:11928146,chr8,11928146,11928146,rs35010200,BLK,1,Zheng,BLK_locus0,8:11928146
8,11928146,8:11928146:G:A,8,11936171,8:11936171:G:A,0.837622,8025,8:11928146,chr8,11928146,11928146,rs35010200,BLK,1,Zheng,BLK_locus0,8:11928146
8,11928146,8:11928146:G:A,8,11936416,8:11936416:G:A,0.837622,8270,8:11928146,chr8,11928146,11928146,rs35010200,BLK,1,Zheng,BLK_locus0,8:11928146
8,11928146,8:11928146:G:A,8,11936446,8:11936446:C:T,0.837622,8300,8:11928146,chr8,11928146,11928146,rs35010200,BLK,1,Zheng,BLK_locus0,8:11928146
8,11928146,8:11928146:G:A,8,11936540,8:11936540:T:A,0.993475,8394,8:11928146,chr8,11928146,11928146,rs35010200,BLK,1,Zheng,BLK_locus0,8:11928146
8,11928146,8:11928146:G:A,8,11936541,8:11936541:A:C,0.993475,8395,8:11928146,chr8,11928146,11928146,rs35010200,BLK,1,Zheng,BLK_locus0,8:11928146
8,11928146,8:11928146:G:A,8,11936620,8:11936620:AC:A,0.837622,8474,8:11928146,chr8,11928146,11928146,rs35010200,BLK,1,Zheng,BLK_locus0,8:11928146
8,11928146,8:11928146:G:A,8,11936654,8:11936654:A:G,0.837622,8508,8:11928146,chr8,11928146,11928146,rs35010200,BLK,1,Zheng,BLK_locus0,8:11928146
8,11928146,8:11928146:G:A,8,11936770,8:11936770:G:T,0.837622,8624,8:11928146,chr8,11928146,11928146,rs35010200,BLK,1,Zheng,BLK_locus0,8:11928146
8,11928146,8:11928146:G:A,8,11936935,8:11936935:C:T,0.837622,8789,8:11928146,chr8,11928146,11928146,rs35010200,BLK,1,Zheng,BLK_locus0,8:11928146
8,11928146,8:11928146:G:A,8,11936979,8:11936979:T:G,0.837622,8833,8:11928146,chr8,11928146,11928146,rs35010200,BLK,1,Zheng,BLK_locus0,8:11928146
8,11928146,8:11928146:G:A,8,11937236,8:11937236:C:A,0.837622,9090,8:11928146,chr8,11928146,11928146,rs35010200,BLK,1,Zheng,BLK_locus0,8:11928146
8,11928146,8:11928146:G:A,8,11937305,8:11937305:C:T,0.837622,9159,8:11928146,chr8,11928146,11928146,rs35010200,BLK,1,Zheng,BLK_locus0,8:11928146
8,11928146,8:11928146:G:A,8,11937346,8:11937346:C:G,0.837622,9200,8:11928146,chr8,11928146,11928146,rs35010200,BLK,1,Zheng,BLK_locus0,8:11928146
8,11928146,8:11928146:G:A,8,11937392,8:11937392:A:G,0.856764,9246,8:11928146,chr8,11928146,11928146,rs35010200,BLK,1,Zheng,BLK_locus0,8:11928146
8,11928146,8:11928146:G:A,8,11937453,8:11937453:T:C,0.856764,9307,8:11928146,chr8,11928146,11928146,rs35010200,BLK,1,Zheng,BLK_locus0,8:11928146
8,11928146,8:11928146:G:A,8,11937460,8:11937460:A:G,0.856764,9314,8:11928146,chr8,11928146,11928146,rs35010200,BLK,1,Zheng,BLK_locus0,8:11928146
8,11928146,8:11928146:G:A,8,11937799,8:11937799:G:A,0.837622,9653,8:11928146,chr8,11928146,11928146,rs35010200,BLK,1,Zheng,BLK_locus0,8:11928146
8,11928146,8:11928146:G:A,8,11937826,8:11937826:T:C,0.837622,9680,8:11928146,chr8,11928146,11928146,rs35010200,BLK,1,Zheng,BLK_locus0,8:11928146
8,11928146,8:11928146:G:A,8,11937840,8:11937840:C:T,0.993475,9694,8:11928146,chr8,11928146,11928146,rs35010200,BLK,1,Zheng,BLK_locus0,8:11928146
8,11928146,8:11928146:G:A,8,11937864,8:11937864:A:G,0.837622,9718,8:11928146,chr8,11928146,11928146,rs35010200,BLK,1,Zheng,BLK_locus0,8:11928146
8,11928146,8:11928146:G:A,8,11937923,8:11937923:T:TTAA,0.837622,9777,8:11928146,chr8,11928146,11928146,rs35010200,BLK,1,Zheng,BLK_locus0,8:11928146
8,11928146,8:11928146:G:A,8,11937944,8:11937944:T:TA,0.832357,9798,8:11928146,chr8,11928146,11928146,rs35010200,BLK,1,Zheng,BLK_locus0,8:11928146
8,11928146,8:11928146:G:A,8,11937946,8:11937946:T:TAC,0.832357,9800,8:11928146,chr8,11928146,11928146,rs35010200,BLK,1,Zheng,BLK_locus0,8:11928146
8,11928146,8:11928146:G:A,8,11938039,8:11938039:A:AT,0.837622,9893,8:11928146,chr8,11928146,11928146,rs35010200,BLK,1,Zheng,BLK_locus0,8:11928146
8,11928146,8:11928146:G:A,8,11938076,8:11938076:TTAAA:T,0.837622,9930,8:11928146,chr8,11928146,11928146,rs35010200,BLK,1,Zheng,BLK_locus0,8:11928146
8,11928146,8:11928146:G:A,8,11938113,8:11938113:TATTG:T,0.837622,9967,8:11928146,chr8,11928146,11928146,rs35010200,BLK,1,Zheng,BLK_locus0,8:11928146
8,11928146,8:11928146:G:A,8,11938127,8:11938127:A:G,0.837622,9981,8:11928146,chr8,11928146,11928146,rs35010200,BLK,1,Zheng,BLK_locus0,8:11928146
8,11928146,8:11928146:G:A,8,11938130,8:11938130:C:T,0.837622,9984,8:11928146,chr8,11928146,11928146,rs35010200,BLK,1,Zheng,BLK_locus0,8:11928146
8,11928146,8:11928146:G:A,8,11938187,8:11938187:A:ATAAT,0.837622,10041,8:11928146,chr8,11928146,11928146,rs35010200,BLK,1,Zheng,BLK_locus0,8:11928146
8,11928146,8:11928146:G:A,8,11938514,8:11938514:T:C,0.837622,10368,8:11928146,chr8,11928146,11928146,rs35010200,BLK,1,Zheng,BLK_locus0,8:11928146
8,11928146,8:11928146:G:A,8,11938559,8:11938559:A:C,0.837622,10413,8:11928146,chr8,11928146,11928146,rs35010200,BLK,1,Zheng,BLK_locus0,8:11928146
8,11928146,8:11928146:G:A,8,11938584,8:11938584:A:T,0.837622,10438,8:11928146,chr8,11928146,11928146,rs35010200,BLK,1,Zheng,BLK_locus0,8:11928146
8,11928146,8:11928146:G:A,8,11939165,8:11939165:T:C,0.823614,11019,8:11928146,chr8,11928146,11928146,rs35010200,BLK,1,Zheng,BLK_locus0,8:11928146
8,11928146,8:11928146:G:A,8,11939166,8:11939166:G:A,0.823614,11020,8:11928146,chr8,11928146,11928146,rs35010200,BLK,1,Zheng,BLK_locus0,8:11928146
8,11928146,8:11928146:G:A,8,11939219,8:11939219:A:C,0.823614,11073,8:11928146,chr8,11928146,11928146,rs35010200,BLK,1,Zheng,BLK_locus0,8:11928146
8,11928146,8:11928146:G:A,8,11939559,8:11939559:T:C,0.980406,11413,8:11928146,chr8,11928146,11928146,rs35010200,BLK,1,Zheng,BLK_locus0,8:11928146
8,11928146,8:11928146:G:A,8,11939586,8:11939586:G:C,0.823614,11440,8:11928146,chr8,11928146,11928146,rs35010200,BLK,1,Zheng,BLK_locus0,8:11928146
8,11928146,8:11928146:G:A,8,11939671,8:11939671:G:A,0.823614,11525,8:11928146,chr8,11928146,11928146,rs35010200,BLK,1,Zheng,BLK_locus0,8:11928146
8,11928146,8:11928146:G:A,8,11939912,8:11939912:T:A,0.980406,11766,8:11928146,chr8,11928146,11928146,rs35010200,BLK,1,Zheng,BLK_locus0,8:11928146
8,11928146,8:11928146:G:A,8,11939921,8:11939921:A:T,0.973978,11775,8:11928146,chr8,11928146,11928146,rs35010200,BLK,1,Zheng,BLK_locus0,8:11928146
8,11928146,8:11928146:G:A,8,11939961,8:11939961:G:A,0.980406,11815,8:11928146,chr8,11928146,11928146,rs35010200,BLK,1,Zheng,BLK_locus0,8:11928146
8,11928146,8:11928146:G:A,8,11939976,8:11939976:G:A,0.980406,11830,8:11928146,chr8,11928146,11928146,rs35010200,BLK,1,Zheng,BLK_locus0,8:11928146
8,11928146,8:11928146:G:A,8,11940718,8:11940718:G:A,0.823614,12572,8:11928146,chr8,11928146,11928146,rs35010200,BLK,1,Zheng,BLK_locus0,8:11928146
8,11928146,8:11928146:G:A,8,11940825,8:11940825:C:T,0.980406,12679,8:11928146,chr8,11928146,11928146,rs35010200,BLK,1,Zheng,BLK_locus0,8:11928146
8,11928146,8:11928146:G:A,8,11940924,8:11940924:A:C,0.980406,12778,8:11928146,chr8,11928146,11928146,rs35010200,BLK,1,Zheng,BLK_locus0,8:11928146
8,11928146,8:11928146:G:A,8,11941175,8:11941175:T:G,0.980406,13029,8:11928146,chr8,11928146,11928146,rs35010200,BLK,1,Zheng,BLK_locus0,8:11928146
8,11928146,8:11928146:G:A,8,11941198,8:11941198:C:G,0.980406,13052,8:11928146,chr8,11928146,11928146,rs35010200,BLK,1,Zheng,BLK_locus0,8:11928146
8,11928146,8:11928146:G:A,8,11941287,8:11941287:A:T,0.980406,13141,8:11928146,chr8,11928146,11928146,rs35010200,BLK,1,Zheng,BLK_locus0,8:11928146
8,11928146,8:11928146:G:A,8,11941590,8:11941590:G:A,0.823614,13444,8:11928146,chr8,11928146,11928146,rs35010200,BLK,1,Zheng,BLK_locus0,8:11928146
8,11928146,8:11928146:G:A,8,11941639,8:11941639:A:G,0.980406,13493,8:11928146,chr8,11928146,11928146,rs35010200,BLK,1,Zheng,BLK_locus0,8:11928146
8,11928146,8:11928146:G:A,8,11942522,8:11942522:G:A,0.823614,14376,8:11928146,chr8,11928146,11928146,rs35010200,BLK,1,Zheng,BLK_locus0,8:11928146
8,11928146,8:11928146:G:A,8,11942725,8:11942725:A:C,0.823614,14579,8:11928146,chr8,11928146,11928146,rs35010200,BLK,1,Zheng,BLK_locus0,8:11928146
8,11928146,8:11928146:G:A,8,11942823,8:11942823:C:T,0.823614,14677,8:11928146,chr8,11928146,11928146,rs35010200,BLK,1,Zheng,BLK_locus0,8:11928146
8,11928146,8:11928146:G:A,8,11943309,8:11943309:G:A,0.980406,15163,8:11928146,chr8,11928146,11928146,rs35010200,BLK,1,Zheng,BLK_locus0,8:11928146
8,11928146,8:11928146:G:A,8,11944917,8:11944917:C:T,0.993475,16771,8:11928146,chr8,11928146,11928146,rs35010200,BLK,1,Zheng,BLK_locus0,8:11928146
8,11928146,8:11928146:G:A,8,11945092,8:11945092:T:C,0.837622,16946,8:11928146,chr8,11928146,11928146,rs35010200,BLK,1,Zheng,BLK_locus0,8:11928146
8,11928146,8:11928146:G:A,8,11945466,8:11945466:CA:C,0.837622,17320,8:11928146,chr8,11928146,11928146,rs35010200,BLK,1,Zheng,BLK_locus0,8:11928146
8,11928146,8:11928146:G:A,8,11945753,8:11945753:C:G,0.837622,17607,8:11928146,chr8,11928146,11928146,rs35010200,BLK,1,Zheng,BLK_locus0,8:11928146
8,11928146,8:11928146:G:A,8,11946880,8:11946880:G:T,0.837622,18734,8:11928146,chr8,11928146,11928146,rs35010200,BLK,1,Zheng,BLK_locus0,8:11928146
8,11928146,8:11928146:G:A,8,11946893,8:11946893:G:A,0.993475,18747,8:11928146,chr8,11928146,11928146,rs35010200,BLK,1,Zheng,BLK_locus0,8:11928146
8,11928146,8:11928146:G:A,8,11947473,8:11947473:A:G,0.837622,19327,8:11928146,chr8,11928146,11928146,rs35010200,BLK,1,Zheng,BLK_locus0,8:11928146
8,11928146,8:11928146:G:A,8,11947664,8:11947664:T:C,0.837622,19518,8:11928146,chr8,11928146,11928146,rs35010200,BLK,1,Zheng,BLK_locus0,8:11928146
8,11928146,8:11928146:G:A,8,11947871,8:11947871:T:C,0.837622,19725,8:11928146,chr8,11928146,11928146,rs35010200,BLK,1,Zheng,BLK_locus0,8:11928146
8,11928146,8:11928146:G:A,8,11948947,8:11948947:T:C,0.993475,20801,8:11928146,chr8,11928146,11928146,rs35010200,BLK,1,Zheng,BLK_locus0,8:11928146
8,11928146,8:11928146:G:A,8,11949712,8:11949712:T:C,0.837622,21566,8:11928146,chr8,11928146,11928146,rs35010200,BLK,1,Zheng,BLK_locus0,8:11928146
8,11928146,8:11928146:G:A,8,11950067,8:11950067:T:A,0.993475,21921,8:11928146,chr8,11928146,11928146,rs35010200,BLK,1,Zheng,BLK_locus0,8:11928146
8,11928146,8:11928146:G:A,8,11951614,8:11951614:CCACG:C,0.824669,23468,8:11928146,chr8,11928146,11928146,rs35010200,BLK,1,Zheng,BLK_locus0,8:11928146
8,11928146,8:11928146:G:A,8,11951754,8:11951754:T:C,0.824669,23608,8:11928146,chr8,11928146,11928146,rs35010200,BLK,1,Zheng,BLK_locus0,8:11928146
8,11928146,8:11928146:G:A,8,11951912,8:11951912:C:T,0.980379,23766,8:11928146,chr8,11928146,11928146,rs35010200,BLK,1,Zheng,BLK_locus0,8:11928146
8,11928146,8:11928146:G:A,8,11951971,8:11951971:G:C,0.980379,23825,8:11928146,chr8,11928146,11928146,rs35010200,BLK,1,Zheng,BLK_locus0,8:11928146
8,11928146,8:11928146:G:A,8,11952138,8:11952138:G:C,0.967422,23992,8:11928146,chr8,11928146,11928146,rs35010200,BLK,1,Zheng,BLK_locus0,8:11928146
8,11928146,8:11928146:G:A,8,11952153,8:11952153:A:G,0.967309,24007,8:11928146,chr8,11928146,11928146,rs35010200,BLK,1,Zheng,BLK_locus0,8:11928146
8,94235602,8:94235602:A:G,8,94218559,8:94218559:C:CTCT,0.925232,17043,8:94235602,chr8,94235602,94235602,rs2613208,GEM,3,Jurgens,GEM_locus0,8:94235602
8,94235602,8:94235602:A:G,8,94219582,8:94219582:G:GC,0.811091,16020,8:94235602,chr8,94235602,94235602,rs2613208,GEM,3,Jurgens,GEM_locus0,8:94235602
8,94235602,8:94235602:A:G,8,94220221,8:94220221:G:T,0.808111,15381,8:94235602,chr8,94235602,94235602,rs2613208,GEM,3,Jurgens,GEM_locus0,8:94235602
8,94235602,8:94235602:A:G,8,94221703,8:94221703:G:T,0.821517,13899,8:94235602,chr8,94235602,94235602,rs2613208,GEM,3,Jurgens,GEM_locus0,8:94235602
8,94235602,8:94235602:A:G,8,94222045,8:94222045:G:A,0.821517,13557,8:94235602,chr8,94235602,94235602,rs2613208,GEM,3,Jurgens,GEM_locus0,8:94235602
8,94235602,8:94235602:A:G,8,94222402,8:94222402:A:G,0.821517,13200,8:94235602,chr8,94235602,94235602,rs2613208,GEM,3,Jurgens,GEM_locus0,8:94235602
8,94235602,8:94235602:A:G,8,94223089,8:94223089:AAG:A,0.821517,12513,8:94235602,chr8,94235602,94235602,rs2613208,GEM,3,Jurgens,GEM_locus0,8:94235602
8,94235602,8:94235602:A:G,8,94223898,8:94223898:T:C,0.821517,11704,8:94235602,chr8,94235602,94235602,rs2613208,GEM,3,Jurgens,GEM_locus0,8:94235602
8,94235602,8:94235602:A:G,8,94224561,8:94224561:G:A,0.821517,11041,8:94235602,chr8,94235602,94235602,rs2613208,GEM,3,Jurgens,GEM_locus0,8:94235602
8,94235602,8:94235602:A:G,8,94224770,8:94224770:C:G,0.821517,10832,8:94235602,chr8,94235602,94235602,rs2613208,GEM,3,Jurgens,GEM_locus0,8:94235602
8,94235602,8:94235602:A:G,8,94224797,8:94224797:G:C,0.821517,10805,8:94235602,chr8,94235602,94235602,rs2613208,GEM,3,Jurgens,GEM_locus0,8:94235602
8,94235602,8:94235602:A:G,8,94227272,8:94227272:G:C,0.821517,8330,8:94235602,chr8,94235602,94235602,rs2613208,GEM,3,Jurgens,GEM_locus0,8:94235602
8,94235602,8:94235602:A:G,8,94227545,8:94227545:C:T,0.815436,8057,8:94235602,chr8,94235602,94235602,rs2613208,GEM,3,Jurgens,GEM_locus0,8:94235602
8,94235602,8:94235602:A:G,8,94228043,8:94228043:T:G,0.85046,7559,8:94235602,chr8,94235602,94235602,rs2613208,GEM,3,Jurgens,GEM_locus0,8:94235602
8,94235602,8:94235602:A:G,8,94229773,8:94229773:T:C,0.827634,5829,8:94235602,chr8,94235602,94235602,rs2613208,GEM,3,Jurgens,GEM_locus0,8:94235602
8,94235602,8:94235602:A:G,8,94231846,8:94231846:C:T,0.830539,3756,8:94235602,chr8,94235602,94235602,rs2613208,GEM,3,Jurgens,GEM_locus0,8:94235602
8,94235602,8:94235602:A:G,8,94232307,8:94232307:G:C,0.804843,3295,8:94235602,chr8,94235602,94235602,rs2613208,GEM,3,Jurgens,GEM_locus0,8:94235602
8,94235602,8:94235602:A:G,8,94232871,8:94232871:A:T,0.827634,2731,8:94235602,chr8,94235602,94235602,rs2613208,GEM,3,Jurgens,GEM_locus0,8:94235602
8,94235602,8:94235602:A:G,8,94233593,8:94233593:C:T,0.841231,2009,8:94235602,chr8,94235602,94235602,rs2613208,GEM,3,Jurgens,GEM_locus0,8:94235602
8,94235602,8:94235602:A:G,8,94235602,8:94235602:A:G,1.0,0,8:94235602,chr8,94235602,94235602,rs2613208,GEM,3,Jurgens,GEM_locus0,8:94235602
8,123540063,8:123540063:G:A,8,123539539,8:123539539:G:A,0.987298,524,8:123540063,chr8,123540063,123540063,rs7835298,FBXO32,5,both,FBXO32_locus0,8:123540063
8,123540063,8:123540063:G:A,8,123540063,8:123540063:G:A,1.0,0,8:123540063,chr8,123540063,123540063,rs7835298,FBXO32,5,both,FBXO32_locus0,8:123540063
8,124847608,8:124847608:G:A,8,124837372,8:124837372:C:G,0.921809,10236,8:124847608,chr8,124847608,124847608,rs34866937,MTSS1,4,Zheng,MTSS1_locus0,8:124847608
8,124847608,8:124847608:G:A,8,124838774,8:124838774:T:A,0.937153,8834,8:124847608,chr8,124847608,124847608,rs34866937,MTSS1,4,Zheng,MTSS1_locus0,8:124847608
8,124847608,8:124847608:G:A,8,124839268,8:124839268:C:T,0.937153,8340,8:124847608,chr8,124847608,124847608,rs34866937,MTSS1,4,Zheng,MTSS1_locus0,8:124847608
8,124847608,8:124847608:G:A,8,124840111,8:124840111:C:T,0.846447,7497,8:124847608,chr8,124847608,124847608,rs34866937,MTSS1,4,Zheng,MTSS1_locus0,8:124847608
8,124847608,8:124847608:G:A,8,124840274,8:124840274:A:G,0.937153,7334,8:124847608,chr8,124847608,124847608,rs34866937,MTSS1,4,Zheng,MTSS1_locus0,8:124847608
8,124847608,8:124847608:G:A,8,124840288,8:124840288:T:C,0.937153,7320,8:124847608,chr8,124847608,124847608,rs34866937,MTSS1,4,Zheng,MTSS1_locus0,8:124847608
8,124847608,8:124847608:G:A,8,124842273,8:124842273:G:T,0.846447,5335,8:124847608,chr8,124847608,124847608,rs34866937,MTSS1,4,Zheng,MTSS1_locus0,8:124847608
8,124847608,8:124847608:G:A,8,124845117,8:124845117:G:T,0.985594,2491,8:124847608,chr8,124847608,124847608,rs34866937,MTSS1,4,Zheng,MTSS1_locus0,8:124847608
8,124847608,8:124847608:G:A,8,124845216,8:124845216:T:C,0.846447,2392,8:124847608,chr8,124847608,124847608,rs34866937,MTSS1,4,Zheng,MTSS1_locus0,8:124847608
8,124847608,8:124847608:G:A,8,124846279,8:124846279:G:A,0.985594,1329,8:124847608,chr8,124847608,124847608,rs34866937,MTSS1,4,Zheng,MTSS1_locus0,8:124847608
8,124847608,8:124847608:G:A,8,124846296,8:124846296:GA:G,0.985594,1312,8:124847608,chr8,124847608,124847608,rs34866937,MTSS1,4,Zheng,MTSS1_locus0,8:124847608
8,124847608,8:124847608:G:A,8,124847575,8:124847575:C:A,1.0,33,8:124847608,chr8,124847608,124847608,rs34866937,MTSS1,4,Zheng,MTSS1_locus0,8:124847608
8,124847608,8:124847608:G:A,8,124847608,8:124847608:G:A,1.0,0,8:124847608,chr8,124847608,124847608,rs34866937,MTSS1,4,Zheng,MTSS1_locus0,8:124847608
8,124847608,8:124847608:G:A,8,124849132,8:124849132:C:T,1.0,1524,8:124847608,chr8,124847608,124847608,rs34866937,MTSS1,4,Zheng,MTSS1_locus0,8:124847608
8,124847608,8:124847608:G:A,8,124855592,8:124855592:A:T,1.0,7984,8:124847608,chr8,124847608,124847608,rs34866937,MTSS1,4,Zheng,MTSS1_locus0,8:124847608
8,124847608,8:124847608:G:A,8,124864202,8:124864202:A:G,0.889607,16594,8:124847608,chr8,124847608,124847608,rs34866937,MTSS1,4,Zheng,MTSS1_locus0,8:124847608
8,124847608,8:124847608:G:A,8,124881909,8:124881909:C:T,0.864191,34301,8:124847608,chr8,124847608,124847608,rs34866937,MTSS1,4,Zheng,MTSS1_locus0,8:124847608
8,124847608,8:124847608:G:A,8,124886015,8:124886015:T:C,0.809354,38407,8:124847608,chr8,124847608,124847608,rs34866937,MTSS1,4,Zheng,MTSS1_locus0,8:124847608
8,124849132,8:124849132:C:T,8,124837372,8:124837372:C:G,0.921809,11760,8:124849132,chr8,124849132,124849132,rs7461129,MTSS1,3,Jurgens,MTSS1_locus0,8:124849132
8,124849132,8:124849132:C:T,8,124838774,8:124838774:T:A,0.937153,10358,8:124849132,chr8,124849132,124849132,rs7461129,MTSS1,3,Jurgens,MTSS1_locus0,8:124849132
8,124849132,8:124849132:C:T,8,124839268,8:124839268:C:T,0.937153,9864,8:124849132,chr8,124849132,124849132,rs7461129,MTSS1,3,Jurgens,MTSS1_locus0,8:124849132
8,124849132,8:124849132:C:T,8,124840111,8:124840111:C:T,0.846447,9021,8:124849132,chr8,124849132,124849132,rs7461129,MTSS1,3,Jurgens,MTSS1_locus0,8:124849132
8,124849132,8:124849132:C:T,8,124840274,8:124840274:A:G,0.937153,8858,8:124849132,chr8,124849132,124849132,rs7461129,MTSS1,3,Jurgens,MTSS1_locus0,8:124849132
8,124849132,8:124849132:C:T,8,124840288,8:124840288:T:C,0.937153,8844,8:124849132,chr8,124849132,124849132,rs7461129,MTSS1,3,Jurgens,MTSS1_locus0,8:124849132
8,124849132,8:124849132:C:T,8,124842273,8:124842273:G:T,0.846447,6859,8:124849132,chr8,124849132,124849132,rs7461129,MTSS1,3,Jurgens,MTSS1_locus0,8:124849132
8,124849132,8:124849132:C:T,8,124845117,8:124845117:G:T,0.985594,4015,8:124849132,chr8,124849132,124849132,rs7461129,MTSS1,3,Jurgens,MTSS1_locus0,8:124849132
8,124849132,8:124849132:C:T,8,124845216,8:124845216:T:C,0.846447,3916,8:124849132,chr8,124849132,124849132,rs7461129,MTSS1,3,Jurgens,MTSS1_locus0,8:124849132
8,124849132,8:124849132:C:T,8,124846279,8:124846279:G:A,0.985594,2853,8:124849132,chr8,124849132,124849132,rs7461129,MTSS1,3,Jurgens,MTSS1_locus0,8:124849132
8,124849132,8:124849132:C:T,8,124846296,8:124846296:GA:G,0.985594,2836,8:124849132,chr8,124849132,124849132,rs7461129,MTSS1,3,Jurgens,MTSS1_locus0,8:124849132
8,124849132,8:124849132:C:T,8,124847575,8:124847575:C:A,1.0,1557,8:124849132,chr8,124849132,124849132,rs7461129,MTSS1,3,Jurgens,MTSS1_locus0,8:124849132
8,124849132,8:124849132:C:T,8,124847608,8:124847608:G:A,1.0,1524,8:124849132,chr8,124849132,124849132,rs7461129,MTSS1,3,Jurgens,MTSS1_locus0,8:124849132
8,124849132,8:124849132:C:T,8,124849132,8:124849132:C:T,1.0,0,8:124849132,chr8,124849132,124849132,rs7461129,MTSS1,3,Jurgens,MTSS1_locus0,8:124849132
8,124849132,8:124849132:C:T,8,124855592,8:124855592:A:T,1.0,6460,8:124849132,chr8,124849132,124849132,rs7461129,MTSS1,3,Jurgens,MTSS1_locus0,8:124849132
8,124849132,8:124849132:C:T,8,124864202,8:124864202:A:G,0.889607,15070,8:124849132,chr8,124849132,124849132,rs7461129,MTSS1,3,Jurgens,MTSS1_locus0,8:124849132
8,124849132,8:124849132:C:T,8,124881909,8:124881909:C:T,0.864191,32777,8:124849132,chr8,124849132,124849132,rs7461129,MTSS1,3,Jurgens,MTSS1_locus0,8:124849132
8,124849132,8:124849132:C:T,8,124886015,8:124886015:T:C,0.809354,36883,8:124849132,chr8,124849132,124849132,rs7461129,MTSS1,3,Jurgens,MTSS1_locus0,8:124849132
8,140614946,8:140614946:G:A,8,140600042,8:140600042:A:AAT,0.818705,14904,8:140614946,chr8,140614946,140614946,rs10087629,AGO2,2,Zheng,AGO2_locus0,8:140614946
8,140614946,8:140614946:G:A,8,140610939,8:140610939:G:A,0.911293,4007,8:140614946,chr8,140614946,140614946,rs10087629,AGO2,2,Zheng,AGO2_locus0,8:140614946
8,140614946,8:140614946:G:A,8,140611772,8:140611772:C:G,0.83626,3174,8:140614946,chr8,140614946,140614946,rs10087629,AGO2,2,Zheng,AGO2_locus0,8:140614946
8,140614946,8:140614946:G:A,8,140612791,8:140612791:T:C,0.823863,2155,8:140614946,chr8,140614946,140614946,rs10087629,AGO2,2,Zheng,AGO2_locus0,8:140614946
8,140614946,8:140614946:G:A,8,140613859,8:140613859:A:AC,0.928968,1087,8:140614946,chr8,140614946,140614946,rs10087629,AGO2,2,Zheng,AGO2_locus0,8:140614946
8,140614946,8:140614946:G:A,8,140614946,8:140614946:G:A,1.0,0,8:140614946,chr8,140614946,140614946,rs10087629,AGO2,2,Zheng,AGO2_locus0,8:140614946
8,140614946,8:140614946:G:A,8,140619207,8:140619207:C:T,0.812792,4261,8:140614946,chr8,140614946,140614946,rs10087629,AGO2,2,Zheng,AGO2_locus0,8:140614946
8,140614946,8:140614946:G:A,8,140621294,8:140621294:G:A,0.825711,6348,8:140614946,chr8,140614946,140614946,rs10087629,AGO2,2,Zheng,AGO2_locus0,8:140614946
8,140614946,8:140614946:G:A,8,140624006,8:140624006:C:CAGG,0.882909,9060,8:140614946,chr8,140614946,140614946,rs10087629,AGO2,2,Zheng,AGO2_locus0,8:140614946
8,140614946,8:140614946:G:A,8,140629404,8:140629404:G:GT,0.83697,14458,8:140614946,chr8,140614946,140614946,rs10087629,AGO2,2,Zheng,AGO2_locus0,8:140614946
8,140614946,8:140614946:G:A,8,140630283,8:140630283:G:T,0.822717,15337,8:140614946,chr8,140614946,140614946,rs10087629,AGO2,2,Zheng,AGO2_locus0,8:140614946
9,35776422,9:35776422:G:A,9,35776422,9:35776422:G:A,1.0,0,9:35776422,chr9,35776422,35776422,rs2381400,NPR2,2,Zheng,NPR2_locus0,9:35776422
9,35776422,9:35776422:G:A,9,35776994,9:35776994:CA:C,0.976244,572,9:35776422,chr9,35776422,35776422,rs2381400,NPR2,2,Zheng,NPR2_locus0,9:35776422
9,36361306,9:36361306:C:A,9,36329303,9:36329303:G:A,0.903002,32003,9:36361306,chr9,36361306,36361306,rs4879988,RNF38,2,Zheng,RNF38_locus0,9:36361306
9,36361306,9:36361306:C:A,9,36332102,9:36332102:C:G,0.923212,29204,9:36361306,chr9,36361306,36361306,rs4879988,RNF38,2,Zheng,RNF38_locus0,9:36361306
9,36361306,9:36361306:C:A,9,36341807,9:36341807:TATATATATA:T,0.861404,19499,9:36361306,chr9,36361306,36361306,rs4879988,RNF38,2,Zheng,RNF38_locus0,9:36361306
9,36361306,9:36361306:C:A,9,36342668,9:36342668:T:C,0.880946,18638,9:36361306,chr9,36361306,36361306,rs4879988,RNF38,2,Zheng,RNF38_locus0,9:36361306
9,36361306,9:36361306:C:A,9,36343167,9:36343167:T:C,0.880946,18139,9:36361306,chr9,36361306,36361306,rs4879988,RNF38,2,Zheng,RNF38_locus0,9:36361306
9,36361306,9:36361306:C:A,9,36345154,9:36345154:C:T,0.99324,16152,9:36361306,chr9,36361306,36361306,rs4879988,RNF38,2,Zheng,RNF38_locus0,9:36361306
9,36361306,9:36361306:C:A,9,36346308,9:36346308:C:T,0.99324,14998,9:36361306,chr9,36361306,36361306,rs4879988,RNF38,2,Zheng,RNF38_locus0,9:36361306
9,36361306,9:36361306:C:A,9,36351697,9:36351697:G:A,0.923212,9609,9:36361306,chr9,36361306,36361306,rs4879988,RNF38,2,Zheng,RNF38_locus0,9:36361306
9,36361306,9:36361306:C:A,9,36351803,9:36351803:C:T,0.923212,9503,9:36361306,chr9,36361306,36361306,rs4879988,RNF38,2,Zheng,RNF38_locus0,9:36361306
9,36361306,9:36361306:C:A,9,36354116,9:36354116:T:C,1.0,7190,9:36361306,chr9,36361306,36361306,rs4879988,RNF38,2,Zheng,RNF38_locus0,9:36361306
9,36361306,9:36361306:C:A,9,36354616,9:36354616:A:G,0.917039,6690,9:36361306,chr9,36361306,36361306,rs4879988,RNF38,2,Zheng,RNF38_locus0,9:36361306
9,36361306,9:36361306:C:A,9,36358632,9:36358632:A:C,0.917039,2674,9:36361306,chr9,36361306,36361306,rs4879988,RNF38,2,Zheng,RNF38_locus0,9:36361306
9,36361306,9:36361306:C:A,9,36358867,9:36358867:T:A,1.0,2439,9:36361306,chr9,36361306,36361306,rs4879988,RNF38,2,Zheng,RNF38_locus0,9:36361306
9,36361306,9:36361306:C:A,9,36360153,9:36360153:GA:G,0.923212,1153,9:36361306,chr9,36361306,36361306,rs4879988,RNF38,2,Zheng,RNF38_locus0,9:36361306
9,36361306,9:36361306:C:A,9,36361306,9:36361306:C:A,1.0,0,9:36361306,chr9,36361306,36361306,rs4879988,RNF38,2,Zheng,RNF38_locus0,9:36361306
9,36361306,9:36361306:C:A,9,36364164,9:36364164:C:T,1.0,2858,9:36361306,chr9,36361306,36361306,rs4879988,RNF38,2,Zheng,RNF38_locus0,9:36361306
9,36361306,9:36361306:C:A,9,36367125,9:36367125:C:T,1.0,5819,9:36361306,chr9,36361306,36361306,rs4879988,RNF38,2,Zheng,RNF38_locus0,9:36361306
9,36361306,9:36361306:C:A,9,36371971,9:36371971:G:C,1.0,10665,9:36361306,chr9,36361306,36361306,rs4879988,RNF38,2,Zheng,RNF38_locus0,9:36361306
9,36361306,9:36361306:C:A,9,36372740,9:36372740:C:A,0.917039,11434,9:36361306,chr9,36361306,36361306,rs4879988,RNF38,2,Zheng,RNF38_locus0,9:36361306
9,36361306,9:36361306:C:A,9,36373332,9:36373332:T:C,0.923212,12026,9:36361306,chr9,36361306,36361306,rs4879988,RNF38,2,Zheng,RNF38_locus0,9:36361306
9,36361306,9:36361306:C:A,9,36373489,9:36373489:C:A,0.917039,12183,9:36361306,chr9,36361306,36361306,rs4879988,RNF38,2,Zheng,RNF38_locus0,9:36361306
9,36361306,9:36361306:C:A,9,36374207,9:36374207:A:G,0.917039,12901,9:36361306,chr9,36361306,36361306,rs4879988,RNF38,2,Zheng,RNF38_locus0,9:36361306
9,36361306,9:36361306:C:A,9,36376335,9:36376335:G:C,1.0,15029,9:36361306,chr9,36361306,36361306,rs4879988,RNF38,2,Zheng,RNF38_locus0,9:36361306
9,36361306,9:36361306:C:A,9,36378904,9:36378904:C:CT,0.917039,17598,9:36361306,chr9,36361306,36361306,rs4879988,RNF38,2,Zheng,RNF38_locus0,9:36361306
9,36361306,9:36361306:C:A,9,36384565,9:36384565:A:G,1.0,23259,9:36361306,chr9,36361306,36361306,rs4879988,RNF38,2,Zheng,RNF38_locus0,9:36361306
9,36361306,9:36361306:C:A,9,36385145,9:36385145:T:A,0.911599,23839,9:36361306,chr9,36361306,36361306,rs4879988,RNF38,2,Zheng,RNF38_locus0,9:36361306
9,36361306,9:36361306:C:A,9,36386590,9:36386590:C:A,0.923212,25284,9:36361306,chr9,36361306,36361306,rs4879988,RNF38,2,Zheng,RNF38_locus0,9:36361306
9,36361306,9:36361306:C:A,9,36387018,9:36387018:A:G,0.923212,25712,9:36361306,chr9,36361306,36361306,rs4879988,RNF38,2,Zheng,RNF38_locus0,9:36361306
9,36361306,9:36361306:C:A,9,36388353,9:36388353:A:G,0.993263,27047,9:36361306,chr9,36361306,36361306,rs4879988,RNF38,2,Zheng,RNF38_locus0,9:36361306
9,36361306,9:36361306:C:A,9,36389344,9:36389344:CA:C,1.0,28038,9:36361306,chr9,36361306,36361306,rs4879988,RNF38,2,Zheng,RNF38_locus0,9:36361306
9,36361306,9:36361306:C:A,9,36394971,9:36394971:G:C,0.917039,33665,9:36361306,chr9,36361306,36361306,rs4879988,RNF38,2,Zheng,RNF38_locus0,9:36361306
9,36361306,9:36361306:C:A,9,36395949,9:36395949:G:A,1.0,34643,9:36361306,chr9,36361306,36361306,rs4879988,RNF38,2,Zheng,RNF38_locus0,9:36361306
9,36361306,9:36361306:C:A,9,36396772,9:36396772:T:C,0.923212,35466,9:36361306,chr9,36361306,36361306,rs4879988,RNF38,2,Zheng,RNF38_locus0,9:36361306
9,36361306,9:36361306:C:A,9,36396919,9:36396919:G:A,1.0,35613,9:36361306,chr9,36361306,36361306,rs4879988,RNF38,2,Zheng,RNF38_locus0,9:36361306
9,36361306,9:36361306:C:A,9,36397461,9:36397461:A:G,0.917039,36155,9:36361306,chr9,36361306,36361306,rs4879988,RNF38,2,Zheng,RNF38_locus0,9:36361306
9,36361306,9:36361306:C:A,9,36399493,9:36399493:A:AAT,0.979988,38187,9:36361306,chr9,36361306,36361306,rs4879988,RNF38,2,Zheng,RNF38_locus0,9:36361306
9,36361306,9:36361306:C:A,9,36401355,9:36401355:G:A,0.979988,40049,9:36361306,chr9,36361306,36361306,rs4879988,RNF38,2,Zheng,RNF38_locus0,9:36361306
9,36361306,9:36361306:C:A,9,36401871,9:36401871:A:G,0.923212,40565,9:36361306,chr9,36361306,36361306,rs4879988,RNF38,2,Zheng,RNF38_locus0,9:36361306
9,36361306,9:36361306:C:A,9,36402494,9:36402494:TA:T,0.892792,41188,9:36361306,chr9,36361306,36361306,rs4879988,RNF38,2,Zheng,RNF38_locus0,9:36361306
9,36361306,9:36361306:C:A,9,36404915,9:36404915:G:GT,0.923212,43609,9:36361306,chr9,36361306,36361306,rs4879988,RNF38,2,Zheng,RNF38_locus0,9:36361306
9,36361306,9:36361306:C:A,9,36405268,9:36405268:T:TA,0.973403,43962,9:36361306,chr9,36361306,36361306,rs4879988,RNF38,2,Zheng,RNF38_locus0,9:36361306
9,36361306,9:36361306:C:A,9,36407328,9:36407328:T:C,1.0,46022,9:36361306,chr9,36361306,36361306,rs4879988,RNF38,2,Zheng,RNF38_locus0,9:36361306
9,36361306,9:36361306:C:A,9,36409392,9:36409392:T:C,0.923212,48086,9:36361306,chr9,36361306,36361306,rs4879988,RNF38,2,Zheng,RNF38_locus0,9:36361306
9,36361306,9:36361306:C:A,9,36411112,9:36411112:G:A,0.923212,49806,9:36361306,chr9,36361306,36361306,rs4879988,RNF38,2,Zheng,RNF38_locus0,9:36361306
9,36361306,9:36361306:C:A,9,36412026,9:36412026:CAG:C,0.917039,50720,9:36361306,chr9,36361306,36361306,rs4879988,RNF38,2,Zheng,RNF38_locus0,9:36361306
9,36361306,9:36361306:C:A,9,36415389,9:36415389:T:C,1.0,54083,9:36361306,chr9,36361306,36361306,rs4879988,RNF38,2,Zheng,RNF38_locus0,9:36361306
9,36361306,9:36361306:C:A,9,36418283,9:36418283:A:G,0.923212,56977,9:36361306,chr9,36361306,36361306,rs4879988,RNF38,2,Zheng,RNF38_locus0,9:36361306
9,36361306,9:36361306:C:A,9,36422433,9:36422433:A:C,0.917039,61127,9:36361306,chr9,36361306,36361306,rs4879988,RNF38,2,Zheng,RNF38_locus0,9:36361306
9,36361306,9:36361306:C:A,9,36423154,9:36423154:T:A,0.917039,61848,9:36361306,chr9,36361306,36361306,rs4879988,RNF38,2,Zheng,RNF38_locus0,9:36361306
9,36361306,9:36361306:C:A,9,36423667,HGSV_136383,0.829275,62361,9:36361306,chr9,36361306,36361306,rs4879988,RNF38,2,Zheng,RNF38_locus0,9:36361306
9,36361306,9:36361306:C:A,9,36435008,9:36435008:C:T,0.88266,73702,9:36361306,chr9,36361306,36361306,rs4879988,RNF38,2,Zheng,RNF38_locus0,9:36361306
9,36361306,9:36361306:C:A,9,36436818,9:36436818:CA:C,0.839591,75512,9:36361306,chr9,36361306,36361306,rs4879988,RNF38,2,Zheng,RNF38_locus0,9:36361306
9,36361306,9:36361306:C:A,9,36442935,9:36442935:G:C,0.916507,81629,9:36361306,chr9,36361306,36361306,rs4879988,RNF38,2,Zheng,RNF38_locus0,9:36361306
9,36361306,9:36361306:C:A,9,36448948,9:36448948:T:C,0.916507,87642,9:36361306,chr9,36361306,36361306,rs4879988,RNF38,2,Zheng,RNF38_locus0,9:36361306
9,36361306,9:36361306:C:A,9,36451339,9:36451339:T:C,0.916507,90033,9:36361306,chr9,36361306,36361306,rs4879988,RNF38,2,Zheng,RNF38_locus0,9:36361306
9,36361306,9:36361306:C:A,9,36459681,9:36459681:A:G,0.916507,98375,9:36361306,chr9,36361306,36361306,rs4879988,RNF38,2,Zheng,RNF38_locus0,9:36361306
9,36361306,9:36361306:C:A,9,36460942,9:36460942:A:G,0.916507,99636,9:36361306,chr9,36361306,36361306,rs4879988,RNF38,2,Zheng,RNF38_locus0,9:36361306
9,36361306,9:36361306:C:A,9,36463747,9:36463747:T:C,0.91062,102441,9:36361306,chr9,36361306,36361306,rs4879988,RNF38,2,Zheng,RNF38_locus0,9:36361306
9,36361306,9:36361306:C:A,9,36469329,9:36469329:C:CT,0.916507,108023,9:36361306,chr9,36361306,36361306,rs4879988,RNF38,2,Zheng,RNF38_locus0,9:36361306
9,36361306,9:36361306:C:A,9,36473562,9:36473562:C:T,0.916507,112256,9:36361306,chr9,36361306,36361306,rs4879988,RNF38,2,Zheng,RNF38_locus0,9:36361306
9,36361306,9:36361306:C:A,9,36476009,9:36476009:CA:C,0.861619,114703,9:36361306,chr9,36361306,36361306,rs4879988,RNF38,2,Zheng,RNF38_locus0,9:36361306
9,36361306,9:36361306:C:A,9,36478040,9:36478040:C:CCAATAA,0.887261,116734,9:36361306,chr9,36361306,36361306,rs4879988,RNF38,2,Zheng,RNF38_locus0,9:36361306
9,36361306,9:36361306:C:A,9,36481990,9:36481990:C:A,0.916507,120684,9:36361306,chr9,36361306,36361306,rs4879988,RNF38,2,Zheng,RNF38_locus0,9:36361306
10,28812260,10:28812260:C:T,10,28795384,10:28795388:T:TAA,0.902153,16876,10:28812260,chr10,28812260,28812260,rs1495677,BAMBI,2,Zheng,BAMBI_locus0,10:28812260
10,28812260,10:28812260:C:T,10,28795855,10:28795855:G:A,0.915729,16405,10:28812260,chr10,28812260,28812260,rs1495677,BAMBI,2,Zheng,BAMBI_locus0,10:28812260
10,28812260,10:28812260:C:T,10,28797441,10:28797442:A:AAAAT,0.91495,14819,10:28812260,chr10,28812260,28812260,rs1495677,BAMBI,2,Zheng,BAMBI_locus0,10:28812260
10,28812260,10:28812260:C:T,10,28797565,10:28797566:T:TA,0.931914,14695,10:28812260,chr10,28812260,28812260,rs1495677,BAMBI,2,Zheng,BAMBI_locus0,10:28812260
10,28812260,10:28812260:C:T,10,28806019,10:28806020:A:AT,0.917533,6241,10:28812260,chr10,28812260,28812260,rs1495677,BAMBI,2,Zheng,BAMBI_locus0,10:28812260
10,28812260,10:28812260:C:T,10,28809167,10:28809167:C:G,0.982913,3093,10:28812260,chr10,28812260,28812260,rs1495677,BAMBI,2,Zheng,BAMBI_locus0,10:28812260
10,28812260,10:28812260:C:T,10,28809203,10:28809203:G:C,0.982913,3057,10:28812260,chr10,28812260,28812260,rs1495677,BAMBI,2,Zheng,BAMBI_locus0,10:28812260
10,28812260,10:28812260:C:T,10,28809232,10:28809232:T:C,0.982913,3028,10:28812260,chr10,28812260,28812260,rs1495677,BAMBI,2,Zheng,BAMBI_locus0,10:28812260
10,28812260,10:28812260:C:T,10,28809457,10:28809457:A:G,0.982913,2803,10:28812260,chr10,28812260,28812260,rs1495677,BAMBI,2,Zheng,BAMBI_locus0,10:28812260
10,28812260,10:28812260:C:T,10,28809548,10:28809548:T:C,0.982913,2712,10:28812260,chr10,28812260,28812260,rs1495677,BAMBI,2,Zheng,BAMBI_locus0,10:28812260
10,28812260,10:28812260:C:T,10,28809905,10:28809905:G:A,0.967417,2355,10:28812260,chr10,28812260,28812260,rs1495677,BAMBI,2,Zheng,BAMBI_locus0,10:28812260
10,28812260,10:28812260:C:T,10,28810726,10:28810726:G:T,1.0,1534,10:28812260,chr10,28812260,28812260,rs1495677,BAMBI,2,Zheng,BAMBI_locus0,10:28812260
10,28812260,10:28812260:C:T,10,28811125,10:28811125:A:T,1.0,1135,10:28812260,chr10,28812260,28812260,rs1495677,BAMBI,2,Zheng,BAMBI_locus0,10:28812260
10,28812260,10:28812260:C:T,10,28811658,10:28811658:G:T,1.0,602,10:28812260,chr10,28812260,28812260,rs1495677,BAMBI,2,Zheng,BAMBI_locus0,10:28812260
10,28812260,10:28812260:C:T,10,28812260,10:28812260:C:T,1.0,0,10:28812260,chr10,28812260,28812260,rs1495677,BAMBI,2,Zheng,BAMBI_locus0,10:28812260
10,28812260,10:28812260:C:T,10,28815117,10:28815117:G:T,1.0,2857,10:28812260,chr10,28812260,28812260,rs1495677,BAMBI,2,Zheng,BAMBI_locus0,10:28812260
10,28812260,10:28812260:C:T,10,28816130,10:28816130:AGCGCTGG:A,0.965652,3870,10:28812260,chr10,28812260,28812260,rs1495677,BAMBI,2,Zheng,BAMBI_locus0,10:28812260
10,28812260,10:28812260:C:T,10,28816875,10:28816875:A:AC,0.801176,4615,10:28812260,chr10,28812260,28812260,rs1495677,BAMBI,2,Zheng,BAMBI_locus0,10:28812260
10,28812260,10:28812260:C:T,10,28816881,10:28816882:A:AAAC,0.833929,4621,10:28812260,chr10,28812260,28812260,rs1495677,BAMBI,2,Zheng,BAMBI_locus0,10:28812260
10,28812260,10:28812260:C:T,10,28821168,10:28821168:T:C,0.818072,8908,10:28812260,chr10,28812260,28812260,rs1495677,BAMBI,2,Zheng,BAMBI_locus0,10:28812260
10,28812260,10:28812260:C:T,10,28822328,10:28822328:T:C,0.800912,10068,10:28812260,chr10,28812260,28812260,rs1495677,BAMBI,2,Zheng,BAMBI_locus0,10:28812260
10,28812260,10:28812260:C:T,10,28823049,10:28823049:G:A,0.800912,10789,10:28812260,chr10,28812260,28812260,rs1495677,BAMBI,2,Zheng,BAMBI_locus0,10:28812260
10,28812260,10:28812260:C:T,10,28823086,10:28823086:A:G,0.800912,10826,10:28812260,chr10,28812260,28812260,rs1495677,BAMBI,2,Zheng,BAMBI_locus0,10:28812260
10,28812260,10:28812260:C:T,10,28823381,10:28823381:AC:A,0.800912,11121,10:28812260,chr10,28812260,28812260,rs1495677,BAMBI,2,Zheng,BAMBI_locus0,10:28812260
10,28812260,10:28812260:C:T,10,28823384,10:28823384:C:T,0.800912,11124,10:28812260,chr10,28812260,28812260,rs1495677,BAMBI,2,Zheng,BAMBI_locus0,10:28812260
10,29428910,10:29428910:A:G,10,29390250,10:29390250:T:C,0.967547,38660,10:29428910,chr10,29428910,29428910,rs4749423,SVIL,3,Jurgens,SVIL_locus0,10:29428910
10,29428910,10:29428910:A:G,10,29390763,10:29390763:G:A,0.967547,38147,10:29428910,chr10,29428910,29428910,rs4749423,SVIL,3,Jurgens,SVIL_locus0,10:29428910
10,29428910,10:29428910:A:G,10,29394736,10:29394736:T:C,0.943627,34174,10:29428910,chr10,29428910,29428910,rs4749423,SVIL,3,Jurgens,SVIL_locus0,10:29428910
10,29428910,10:29428910:A:G,10,29397309,10:29397309:C:T,0.975619,31601,10:29428910,chr10,29428910,29428910,rs4749423,SVIL,3,Jurgens,SVIL_locus0,10:29428910
10,29428910,10:29428910:A:G,10,29398046,10:29398046:T:TA,0.975619,30864,10:29428910,chr10,29428910,29428910,rs4749423,SVIL,3,Jurgens,SVIL_locus0,10:29428910
10,29428910,10:29428910:A:G,10,29406437,10:29406437:T:C,0.975619,22473,10:29428910,chr10,29428910,29428910,rs4749423,SVIL,3,Jurgens,SVIL_locus0,10:29428910
10,29428910,10:29428910:A:G,10,29407943,10:29407943:T:C,0.975619,20967,10:29428910,chr10,29428910,29428910,rs4749423,SVIL,3,Jurgens,SVIL_locus0,10:29428910
10,29428910,10:29428910:A:G,10,29408298,10:29408298:C:A,0.975619,20612,10:29428910,chr10,29428910,29428910,rs4749423,SVIL,3,Jurgens,SVIL_locus0,10:29428910
10,29428910,10:29428910:A:G,10,29408310,10:29408310:A:G,0.975619,20600,10:29428910,chr10,29428910,29428910,rs4749423,SVIL,3,Jurgens,SVIL_locus0,10:29428910
10,29428910,10:29428910:A:G,10,29411463,10:29411463:C:T,1.0,17447,10:29428910,chr10,29428910,29428910,rs4749423,SVIL,3,Jurgens,SVIL_locus0,10:29428910
10,29428910,10:29428910:A:G,10,29412286,10:29412286:G:C,1.0,16624,10:29428910,chr10,29428910,29428910,rs4749423,SVIL,3,Jurgens,SVIL_locus0,10:29428910
10,29428910,10:29428910:A:G,10,29414321,10:29414321:TC:T,1.0,14589,10:29428910,chr10,29428910,29428910,rs4749423,SVIL,3,Jurgens,SVIL_locus0,10:29428910
10,29428910,10:29428910:A:G,10,29415106,10:29415106:TAGG:T,1.0,13804,10:29428910,chr10,29428910,29428910,rs4749423,SVIL,3,Jurgens,SVIL_locus0,10:29428910
10,29428910,10:29428910:A:G,10,29418622,10:29418622:A:G,0.960648,10288,10:29428910,chr10,29428910,29428910,rs4749423,SVIL,3,Jurgens,SVIL_locus0,10:29428910
10,29428910,10:29428910:A:G,10,29419780,10:29419781:C:CAA,0.991906,9130,10:29428910,chr10,29428910,29428910,rs4749423,SVIL,3,Jurgens,SVIL_locus0,10:29428910
10,29428910,10:29428910:A:G,10,29419956,10:29419956:A:AT,0.975996,8954,10:29428910,chr10,29428910,29428910,rs4749423,SVIL,3,Jurgens,SVIL_locus0,10:29428910
10,29428910,10:29428910:A:G,10,29422591,10:29422591:C:T,1.0,6319,10:29428910,chr10,29428910,29428910,rs4749423,SVIL,3,Jurgens,SVIL_locus0,10:29428910
10,29428910,10:29428910:A:G,10,29424562,10:29424562:T:A,1.0,4348,10:29428910,chr10,29428910,29428910,rs4749423,SVIL,3,Jurgens,SVIL_locus0,10:29428910
10,29428910,10:29428910:A:G,10,29425002,10:29425002:G:A,1.0,3908,10:29428910,chr10,29428910,29428910,rs4749423,SVIL,3,Jurgens,SVIL_locus0,10:29428910
10,29428910,10:29428910:A:G,10,29425580,10:29425580:C:T,1.0,3330,10:29428910,chr10,29428910,29428910,rs4749423,SVIL,3,Jurgens,SVIL_locus0,10:29428910
10,29428910,10:29428910:A:G,10,29426150,10:29426150:T:G,1.0,2760,10:29428910,chr10,29428910,29428910,rs4749423,SVIL,3,Jurgens,SVIL_locus0,10:29428910
10,29428910,10:29428910:A:G,10,29426265,10:29426265:GAC:G,1.0,2645,10:29428910,chr10,29428910,29428910,rs4749423,SVIL,3,Jurgens,SVIL_locus0,10:29428910
10,29428910,10:29428910:A:G,10,29427243,10:29427243:C:T,0.983886,1667,10:29428910,chr10,29428910,29428910,rs4749423,SVIL,3,Jurgens,SVIL_locus0,10:29428910
10,29428910,10:29428910:A:G,10,29427995,10:29427995:C:T,1.0,915,10:29428910,chr10,29428910,29428910,rs4749423,SVIL,3,Jurgens,SVIL_locus0,10:29428910
10,29428910,10:29428910:A:G,10,29428443,10:29428443:G:A,1.0,467,10:29428910,chr10,29428910,29428910,rs4749423,SVIL,3,Jurgens,SVIL_locus0,10:29428910
10,29428910,10:29428910:A:G,10,29428575,10:29428575:C:T,1.0,335,10:29428910,chr10,29428910,29428910,rs4749423,SVIL,3,Jurgens,SVIL_locus0,10:29428910
10,29428910,10:29428910:A:G,10,29428910,10:29428910:A:G,1.0,0,10:29428910,chr10,29428910,29428910,rs4749423,SVIL,3,Jurgens,SVIL_locus0,10:29428910
10,29428910,10:29428910:A:G,10,29430943,10:29430943:G:A,0.862986,2033,10:29428910,chr10,29428910,29428910,rs4749423,SVIL,3,Jurgens,SVIL_locus0,10:29428910
10,29428910,10:29428910:A:G,10,29431400,10:29431400:TA:T,0.991901,2490,10:29428910,chr10,29428910,29428910,rs4749423,SVIL,3,Jurgens,SVIL_locus0,10:29428910
10,29428910,10:29428910:A:G,10,29431744,10:29431744:T:C,1.0,2834,10:29428910,chr10,29428910,29428910,rs4749423,SVIL,3,Jurgens,SVIL_locus0,10:29428910
10,29428910,10:29428910:A:G,10,29434241,10:29434241:C:A,1.0,5331,10:29428910,chr10,29428910,29428910,rs4749423,SVIL,3,Jurgens,SVIL_locus0,10:29428910
10,29428910,10:29428910:A:G,10,29435874,10:29435874:G:A,1.0,6964,10:29428910,chr10,29428910,29428910,rs4749423,SVIL,3,Jurgens,SVIL_locus0,10:29428910
10,29428910,10:29428910:A:G,10,29436184,10:29436184:A:T,1.0,7274,10:29428910,chr10,29428910,29428910,rs4749423,SVIL,3,Jurgens,SVIL_locus0,10:29428910
10,29428910,10:29428910:A:G,10,29436413,10:29436413:A:G,1.0,7503,10:29428910,chr10,29428910,29428910,rs4749423,SVIL,3,Jurgens,SVIL_locus0,10:29428910
10,29428910,10:29428910:A:G,10,29436594,10:29436594:T:C,1.0,7684,10:29428910,chr10,29428910,29428910,rs4749423,SVIL,3,Jurgens,SVIL_locus0,10:29428910
10,29428910,10:29428910:A:G,10,29437189,10:29437189:A:G,1.0,8279,10:29428910,chr10,29428910,29428910,rs4749423,SVIL,3,Jurgens,SVIL_locus0,10:29428910
10,29428910,10:29428910:A:G,10,29439570,10:29439570:G:GAA,1.0,10660,10:29428910,chr10,29428910,29428910,rs4749423,SVIL,3,Jurgens,SVIL_locus0,10:29428910
10,29428910,10:29428910:A:G,10,29444287,10:29444287:A:C,1.0,15377,10:29428910,chr10,29428910,29428910,rs4749423,SVIL,3,Jurgens,SVIL_locus0,10:29428910
10,29428910,10:29428910:A:G,10,29444780,10:29444780:C:G,1.0,15870,10:29428910,chr10,29428910,29428910,rs4749423,SVIL,3,Jurgens,SVIL_locus0,10:29428910
10,29428910,10:29428910:A:G,10,29447370,10:29447370:G:A,1.0,18460,10:29428910,chr10,29428910,29428910,rs4749423,SVIL,3,Jurgens,SVIL_locus0,10:29428910
10,29428910,10:29428910:A:G,10,29447371,10:29447371:C:T,1.0,18461,10:29428910,chr10,29428910,29428910,rs4749423,SVIL,3,Jurgens,SVIL_locus0,10:29428910
10,29428910,10:29428910:A:G,10,29449039,10:29449039:G:T,1.0,20129,10:29428910,chr10,29428910,29428910,rs4749423,SVIL,3,Jurgens,SVIL_locus0,10:29428910
10,29428910,10:29428910:A:G,10,29449266,10:29449266:C:A,1.0,20356,10:29428910,chr10,29428910,29428910,rs4749423,SVIL,3,Jurgens,SVIL_locus0,10:29428910
10,29428910,10:29428910:A:G,10,29449441,10:29449441:G:A,1.0,20531,10:29428910,chr10,29428910,29428910,rs4749423,SVIL,3,Jurgens,SVIL_locus0,10:29428910
10,29428910,10:29428910:A:G,10,29452059,10:29452059:TC:T,1.0,23149,10:29428910,chr10,29428910,29428910,rs4749423,SVIL,3,Jurgens,SVIL_locus0,10:29428910
10,29428910,10:29428910:A:G,10,29452102,10:29452102:G:A,1.0,23192,10:29428910,chr10,29428910,29428910,rs4749423,SVIL,3,Jurgens,SVIL_locus0,10:29428910
10,29428910,10:29428910:A:G,10,29453090,10:29453090:C:CTT,0.869555,24180,10:29428910,chr10,29428910,29428910,rs4749423,SVIL,3,Jurgens,SVIL_locus0,10:29428910
10,29428910,10:29428910:A:G,10,29454708,10:29454708:C:T,1.0,25798,10:29428910,chr10,29428910,29428910,rs4749423,SVIL,3,Jurgens,SVIL_locus0,10:29428910
10,29428910,10:29428910:A:G,10,29455702,10:29455702:GCTCACTGCA:G,1.0,26792,10:29428910,chr10,29428910,29428910,rs4749423,SVIL,3,Jurgens,SVIL_locus0,10:29428910
10,29428910,10:29428910:A:G,10,29457299,10:29457299:CA:C,0.920776,28389,10:29428910,chr10,29428910,29428910,rs4749423,SVIL,3,Jurgens,SVIL_locus0,10:29428910
10,29428910,10:29428910:A:G,10,29457417,10:29457417:C:CTGTT,0.991906,28507,10:29428910,chr10,29428910,29428910,rs4749423,SVIL,3,Jurgens,SVIL_locus0,10:29428910
10,29428910,10:29428910:A:G,10,29458488,10:29458488:C:T,1.0,29578,10:29428910,chr10,29428910,29428910,rs4749423,SVIL,3,Jurgens,SVIL_locus0,10:29428910
10,29428910,10:29428910:A:G,10,29460801,10:29460801:G:T,1.0,31891,10:29428910,chr10,29428910,29428910,rs4749423,SVIL,3,Jurgens,SVIL_locus0,10:29428910
10,29428910,10:29428910:A:G,10,29461937,10:29461937:C:T,1.0,33027,10:29428910,chr10,29428910,29428910,rs4749423,SVIL,3,Jurgens,SVIL_locus0,10:29428910
10,29428910,10:29428910:A:G,10,29462539,10:29462539:C:T,1.0,33629,10:29428910,chr10,29428910,29428910,rs4749423,SVIL,3,Jurgens,SVIL_locus0,10:29428910
10,29428910,10:29428910:A:G,10,29463186,10:29463186:G:A,1.0,34276,10:29428910,chr10,29428910,29428910,rs4749423,SVIL,3,Jurgens,SVIL_locus0,10:29428910
10,29428910,10:29428910:A:G,10,29463282,10:29463282:T:G,1.0,34372,10:29428910,chr10,29428910,29428910,rs4749423,SVIL,3,Jurgens,SVIL_locus0,10:29428910
10,29428910,10:29428910:A:G,10,29464240,10:29464240:C:T,1.0,35330,10:29428910,chr10,29428910,29428910,rs4749423,SVIL,3,Jurgens,SVIL_locus0,10:29428910
10,29428910,10:29428910:A:G,10,29466791,10:29466791:T:C,1.0,37881,10:29428910,chr10,29428910,29428910,rs4749423,SVIL,3,Jurgens,SVIL_locus0,10:29428910
10,29428910,10:29428910:A:G,10,29468107,10:29468107:C:T,0.983886,39197,10:29428910,chr10,29428910,29428910,rs4749423,SVIL,3,Jurgens,SVIL_locus0,10:29428910
10,29428910,10:29428910:A:G,10,29469236,10:29469236:G:A,1.0,40326,10:29428910,chr10,29428910,29428910,rs4749423,SVIL,3,Jurgens,SVIL_locus0,10:29428910
10,29428910,10:29428910:A:G,10,29469856,10:29469856:G:A,1.0,40946,10:29428910,chr10,29428910,29428910,rs4749423,SVIL,3,Jurgens,SVIL_locus0,10:29428910
10,29428910,10:29428910:A:G,10,29471722,10:29471722:T:G,1.0,42812,10:29428910,chr10,29428910,29428910,rs4749423,SVIL,3,Jurgens,SVIL_locus0,10:29428910
10,29428910,10:29428910:A:G,10,29472385,10:29472385:T:C,0.991906,43475,10:29428910,chr10,29428910,29428910,rs4749423,SVIL,3,Jurgens,SVIL_locus0,10:29428910
10,29428910,10:29428910:A:G,10,29475646,10:29475646:T:C,1.0,46736,10:29428910,chr10,29428910,29428910,rs4749423,SVIL,3,Jurgens,SVIL_locus0,10:29428910
10,29428910,10:29428910:A:G,10,29475715,10:29475715:A:G,1.0,46805,10:29428910,chr10,29428910,29428910,rs4749423,SVIL,3,Jurgens,SVIL_locus0,10:29428910
10,29428910,10:29428910:A:G,10,29482230,10:29482230:C:T,0.9919,53320,10:29428910,chr10,29428910,29428910,rs4749423,SVIL,3,Jurgens,SVIL_locus0,10:29428910
10,29428910,10:29428910:A:G,10,29482615,10:29482615:TTTC:T,1.0,53705,10:29428910,chr10,29428910,29428910,rs4749423,SVIL,3,Jurgens,SVIL_locus0,10:29428910
10,29428910,10:29428910:A:G,10,29483592,10:29483592:A:G,0.9919,54682,10:29428910,chr10,29428910,29428910,rs4749423,SVIL,3,Jurgens,SVIL_locus0,10:29428910
10,29428910,10:29428910:A:G,10,29485029,10:29485029:C:T,0.9919,56119,10:29428910,chr10,29428910,29428910,rs4749423,SVIL,3,Jurgens,SVIL_locus0,10:29428910
10,29428910,10:29428910:A:G,10,29487396,10:29487396:TAA:T,0.9919,58486,10:29428910,chr10,29428910,29428910,rs4749423,SVIL,3,Jurgens,SVIL_locus0,10:29428910
10,29428910,10:29428910:A:G,10,29487480,10:29487480:C:T,0.9919,58570,10:29428910,chr10,29428910,29428910,rs4749423,SVIL,3,Jurgens,SVIL_locus0,10:29428910
10,29428910,10:29428910:A:G,10,29488377,10:29488377:C:T,0.983881,59467,10:29428910,chr10,29428910,29428910,rs4749423,SVIL,3,Jurgens,SVIL_locus0,10:29428910
10,29428910,10:29428910:A:G,10,29490616,10:29490616:A:G,0.983881,61706,10:29428910,chr10,29428910,29428910,rs4749423,SVIL,3,Jurgens,SVIL_locus0,10:29428910
10,29428910,10:29428910:A:G,10,29491338,10:29491338:TC:T,0.975943,62428,10:29428910,chr10,29428910,29428910,rs4749423,SVIL,3,Jurgens,SVIL_locus0,10:29428910
10,29428910,10:29428910:A:G,10,29491362,10:29491362:C:A,0.983881,62452,10:29428910,chr10,29428910,29428910,rs4749423,SVIL,3,Jurgens,SVIL_locus0,10:29428910
10,29428910,10:29428910:A:G,10,29491940,10:29491940:C:T,0.904693,63030,10:29428910,chr10,29428910,29428910,rs4749423,SVIL,3,Jurgens,SVIL_locus0,10:29428910
10,68153446,10:68153446:T:C,10,68152521,10:68152521:G:A,0.829189,925,10:68153446,chr10,68153446,68153446,rs7095238,MYPN,7,Zheng,MYPN_locus0,10:68153446
10,68153446,10:68153446:T:C,10,68152530,10:68152530:G:A,0.993516,916,10:68153446,chr10,68153446,68153446,rs7095238,MYPN,7,Zheng,MYPN_locus0,10:68153446
10,68153446,10:68153446:T:C,10,68152977,10:68152977:ATTTAT:A,0.807825,469,10:68153446,chr10,68153446,68153446,rs7095238,MYPN,7,Zheng,MYPN_locus0,10:68153446
10,68153446,10:68153446:T:C,10,68153446,10:68153446:T:C,1.0,0,10:68153446,chr10,68153446,68153446,rs7095238,MYPN,7,Zheng,MYPN_locus0,10:68153446
10,68153446,10:68153446:T:C,10,68154252,10:68154252:C:T,0.823876,806,10:68153446,chr10,68153446,68153446,rs7095238,MYPN,7,Zheng,MYPN_locus0,10:68153446
10,68153446,10:68153446:T:C,10,68154907,10:68154907:C:T,0.993516,1461,10:68153446,chr10,68153446,68153446,rs7095238,MYPN,7,Zheng,MYPN_locus0,10:68153446
10,68153446,10:68153446:T:C,10,68156684,10:68156684:G:A,0.822668,3238,10:68153446,chr10,68153446,68153446,rs7095238,MYPN,7,Zheng,MYPN_locus0,10:68153446
10,68153446,10:68153446:T:C,10,68157152,10:68157152:G:C,0.816269,3706,10:68153446,chr10,68153446,68153446,rs7095238,MYPN,7,Zheng,MYPN_locus0,10:68153446
10,68153446,10:68153446:T:C,10,68157156,10:68157156:T:A,0.816269,3710,10:68153446,chr10,68153446,68153446,rs7095238,MYPN,7,Zheng,MYPN_locus0,10:68153446
10,68153446,10:68153446:T:C,10,68159665,10:68159665:A:T,0.816269,6219,10:68153446,chr10,68153446,68153446,rs7095238,MYPN,7,Zheng,MYPN_locus0,10:68153446
10,68153446,10:68153446:T:C,10,68160148,10:68160148:C:A,0.810881,6702,10:68153446,chr10,68153446,68153446,rs7095238,MYPN,7,Zheng,MYPN_locus0,10:68153446
10,68153446,10:68153446:T:C,10,68160274,10:68160274:C:A,0.810881,6828,10:68153446,chr10,68153446,68153446,rs7095238,MYPN,7,Zheng,MYPN_locus0,10:68153446
10,68153446,10:68153446:T:C,10,68160691,10:68160691:C:T,0.816269,7245,10:68153446,chr10,68153446,68153446,rs7095238,MYPN,7,Zheng,MYPN_locus0,10:68153446
10,68153446,10:68153446:T:C,10,68160771,10:68160771:G:T,0.816269,7325,10:68153446,chr10,68153446,68153446,rs7095238,MYPN,7,Zheng,MYPN_locus0,10:68153446
10,68153446,10:68153446:T:C,10,68161167,10:68161167:C:A,0.810881,7721,10:68153446,chr10,68153446,68153446,rs7095238,MYPN,7,Zheng,MYPN_locus0,10:68153446
10,68153446,10:68153446:T:C,10,68175639,10:68175639:G:T,0.811054,22193,10:68153446,chr10,68153446,68153446,rs7095238,MYPN,7,Zheng,MYPN_locus0,10:68153446
10,68153446,10:68153446:T:C,10,68184437,10:68184437:A:AT,0.804865,30991,10:68153446,chr10,68153446,68153446,rs7095238,MYPN,7,Zheng,MYPN_locus0,10:68153446
10,68156684,10:68156684:G:A,10,68152521,10:68152521:G:A,0.993486,4163,10:68156684,chr10,68156684,68156684,rs10997957,MYPN,7,Zheng,MYPN_locus0,10:68156684
10,68156684,10:68156684:G:A,10,68152530,10:68152530:G:A,0.827075,4154,10:68156684,chr10,68156684,68156684,rs10997957,MYPN,7,Zheng,MYPN_locus0,10:68156684
10,68156684,10:68156684:G:A,10,68152977,10:68152977:ATTTAT:A,0.967685,3707,10:68156684,chr10,68156684,68156684,rs10997957,MYPN,7,Zheng,MYPN_locus0,10:68156684
10,68156684,10:68156684:G:A,10,68153446,10:68153446:T:C,0.822668,3238,10:68156684,chr10,68156684,68156684,rs10997957,MYPN,7,Zheng,MYPN_locus0,10:68156684
10,68156684,10:68156684:G:A,10,68154252,10:68154252:C:T,0.987017,2432,10:68156684,chr10,68156684,68156684,rs10997957,MYPN,7,Zheng,MYPN_locus0,10:68156684
10,68156684,10:68156684:G:A,10,68154907,10:68154907:C:T,0.815225,1777,10:68156684,chr10,68156684,68156684,rs10997957,MYPN,7,Zheng,MYPN_locus0,10:68156684
10,68156684,10:68156684:G:A,10,68156684,10:68156684:G:A,1.0,0,10:68156684,chr10,68156684,68156684,rs10997957,MYPN,7,Zheng,MYPN_locus0,10:68156684
10,68156684,10:68156684:G:A,10,68157152,10:68157152:G:C,0.993529,468,10:68156684,chr10,68156684,68156684,rs10997957,MYPN,7,Zheng,MYPN_locus0,10:68156684
10,68156684,10:68156684:G:A,10,68157156,10:68157156:T:A,0.993529,472,10:68156684,chr10,68156684,68156684,rs10997957,MYPN,7,Zheng,MYPN_locus0,10:68156684
10,68156684,10:68156684:G:A,10,68158905,10:68158905:CT:C,0.962225,2221,10:68156684,chr10,68156684,68156684,rs10997957,MYPN,7,Zheng,MYPN_locus0,10:68156684
10,68156684,10:68156684:G:A,10,68159665,10:68159665:A:T,0.993529,2981,10:68156684,chr10,68156684,68156684,rs10997957,MYPN,7,Zheng,MYPN_locus0,10:68156684
10,68156684,10:68156684:G:A,10,68160148,10:68160148:C:A,0.986971,3464,10:68156684,chr10,68156684,68156684,rs10997957,MYPN,7,Zheng,MYPN_locus0,10:68156684
10,68156684,10:68156684:G:A,10,68160274,10:68160274:C:A,0.986971,3590,10:68156684,chr10,68156684,68156684,rs10997957,MYPN,7,Zheng,MYPN_locus0,10:68156684
10,68156684,10:68156684:G:A,10,68160691,10:68160691:C:T,0.993529,4007,10:68156684,chr10,68156684,68156684,rs10997957,MYPN,7,Zheng,MYPN_locus0,10:68156684
10,68156684,10:68156684:G:A,10,68160771,10:68160771:G:T,0.993529,4087,10:68156684,chr10,68156684,68156684,rs10997957,MYPN,7,Zheng,MYPN_locus0,10:68156684
10,68156684,10:68156684:G:A,10,68161167,10:68161167:C:A,0.986971,4483,10:68156684,chr10,68156684,68156684,rs10997957,MYPN,7,Zheng,MYPN_locus0,10:68156684
10,68156684,10:68156684:G:A,10,68161578,10:68161578:T:A,0.929541,4894,10:68156684,chr10,68156684,68156684,rs10997957,MYPN,7,Zheng,MYPN_locus0,10:68156684
10,68156684,10:68156684:G:A,10,68162146,10:68162146:G:A,0.929541,5462,10:68156684,chr10,68156684,68156684,rs10997957,MYPN,7,Zheng,MYPN_locus0,10:68156684
10,68156684,10:68156684:G:A,10,68162689,10:68162689:T:C,0.929541,6005,10:68156684,chr10,68156684,68156684,rs10997957,MYPN,7,Zheng,MYPN_locus0,10:68156684
10,68156684,10:68156684:G:A,10,68163086,10:68163086:T:C,0.929541,6402,10:68156684,chr10,68156684,68156684,rs10997957,MYPN,7,Zheng,MYPN_locus0,10:68156684
10,68156684,10:68156684:G:A,10,68163230,10:68163230:G:A,0.929541,6546,10:68156684,chr10,68156684,68156684,rs10997957,MYPN,7,Zheng,MYPN_locus0,10:68156684
10,68156684,10:68156684:G:A,10,68163402,10:68163402:G:A,0.929541,6718,10:68156684,chr10,68156684,68156684,rs10997957,MYPN,7,Zheng,MYPN_locus0,10:68156684
10,68156684,10:68156684:G:A,10,68163588,10:68163588:C:A,0.929541,6904,10:68156684,chr10,68156684,68156684,rs10997957,MYPN,7,Zheng,MYPN_locus0,10:68156684
10,68156684,10:68156684:G:A,10,68164078,10:68164078:A:G,0.929541,7394,10:68156684,chr10,68156684,68156684,rs10997957,MYPN,7,Zheng,MYPN_locus0,10:68156684
10,68156684,10:68156684:G:A,10,68164343,10:68164343:A:G,0.929541,7659,10:68156684,chr10,68156684,68156684,rs10997957,MYPN,7,Zheng,MYPN_locus0,10:68156684
10,68156684,10:68156684:G:A,10,68164389,10:68164389:A:G,0.929541,7705,10:68156684,chr10,68156684,68156684,rs10997957,MYPN,7,Zheng,MYPN_locus0,10:68156684
10,68156684,10:68156684:G:A,10,68165146,10:68165146:T:A,0.929541,8462,10:68156684,chr10,68156684,68156684,rs10997957,MYPN,7,Zheng,MYPN_locus0,10:68156684
10,68156684,10:68156684:G:A,10,68165280,10:68165280:T:C,0.929541,8596,10:68156684,chr10,68156684,68156684,rs10997957,MYPN,7,Zheng,MYPN_locus0,10:68156684
10,68156684,10:68156684:G:A,10,68165309,10:68165309:G:A,0.929541,8625,10:68156684,chr10,68156684,68156684,rs10997957,MYPN,7,Zheng,MYPN_locus0,10:68156684
10,68156684,10:68156684:G:A,10,68165366,10:68165366:C:T,0.929541,8682,10:68156684,chr10,68156684,68156684,rs10997957,MYPN,7,Zheng,MYPN_locus0,10:68156684
10,68156684,10:68156684:G:A,10,68165419,10:68165419:T:C,0.929541,8735,10:68156684,chr10,68156684,68156684,rs10997957,MYPN,7,Zheng,MYPN_locus0,10:68156684
10,68156684,10:68156684:G:A,10,68166577,10:68166577:C:G,0.929541,9893,10:68156684,chr10,68156684,68156684,rs10997957,MYPN,7,Zheng,MYPN_locus0,10:68156684
10,68156684,10:68156684:G:A,10,68166837,10:68166837:G:T,0.929541,10153,10:68156684,chr10,68156684,68156684,rs10997957,MYPN,7,Zheng,MYPN_locus0,10:68156684
10,68156684,10:68156684:G:A,10,68166853,10:68166853:A:C,0.929541,10169,10:68156684,chr10,68156684,68156684,rs10997957,MYPN,7,Zheng,MYPN_locus0,10:68156684
10,68156684,10:68156684:G:A,10,68167583,10:68167583:TA:T,0.929541,10899,10:68156684,chr10,68156684,68156684,rs10997957,MYPN,7,Zheng,MYPN_locus0,10:68156684
10,68156684,10:68156684:G:A,10,68167761,10:68167761:T:C,0.929541,11077,10:68156684,chr10,68156684,68156684,rs10997957,MYPN,7,Zheng,MYPN_locus0,10:68156684
10,68156684,10:68156684:G:A,10,68168175,10:68168175:G:A,0.929541,11491,10:68156684,chr10,68156684,68156684,rs10997957,MYPN,7,Zheng,MYPN_locus0,10:68156684
10,68156684,10:68156684:G:A,10,68168922,10:68168922:A:G,0.929541,12238,10:68156684,chr10,68156684,68156684,rs10997957,MYPN,7,Zheng,MYPN_locus0,10:68156684
10,68156684,10:68156684:G:A,10,68169181,10:68169181:TAAAAAAAAA:T,0.855575,12497,10:68156684,chr10,68156684,68156684,rs10997957,MYPN,7,Zheng,MYPN_locus0,10:68156684
10,68156684,10:68156684:G:A,10,68169215,10:68169215:A:C,0.929541,12531,10:68156684,chr10,68156684,68156684,rs10997957,MYPN,7,Zheng,MYPN_locus0,10:68156684
10,68156684,10:68156684:G:A,10,68169301,10:68169301:T:C,0.929541,12617,10:68156684,chr10,68156684,68156684,rs10997957,MYPN,7,Zheng,MYPN_locus0,10:68156684
10,68156684,10:68156684:G:A,10,68169362,10:68169362:TA:T,0.911304,12678,10:68156684,chr10,68156684,68156684,rs10997957,MYPN,7,Zheng,MYPN_locus0,10:68156684
10,68156684,10:68156684:G:A,10,68169796,10:68169796:C:G,0.929541,13112,10:68156684,chr10,68156684,68156684,rs10997957,MYPN,7,Zheng,MYPN_locus0,10:68156684
10,68156684,10:68156684:G:A,10,68170297,10:68170297:T:C,0.929541,13613,10:68156684,chr10,68156684,68156684,rs10997957,MYPN,7,Zheng,MYPN_locus0,10:68156684
10,68156684,10:68156684:G:A,10,68171146,10:68171146:C:CAAAAA,0.911304,14462,10:68156684,chr10,68156684,68156684,rs10997957,MYPN,7,Zheng,MYPN_locus0,10:68156684
10,68156684,10:68156684:G:A,10,68171387,10:68171387:T:G,0.929541,14703,10:68156684,chr10,68156684,68156684,rs10997957,MYPN,7,Zheng,MYPN_locus0,10:68156684
10,68156684,10:68156684:G:A,10,68171399,10:68171399:C:A,0.929541,14715,10:68156684,chr10,68156684,68156684,rs10997957,MYPN,7,Zheng,MYPN_locus0,10:68156684
10,68156684,10:68156684:G:A,10,68171917,10:68171917:A:G,0.929541,15233,10:68156684,chr10,68156684,68156684,rs10997957,MYPN,7,Zheng,MYPN_locus0,10:68156684
10,68156684,10:68156684:G:A,10,68171963,10:68171963:G:T,0.929541,15279,10:68156684,chr10,68156684,68156684,rs10997957,MYPN,7,Zheng,MYPN_locus0,10:68156684
10,68156684,10:68156684:G:A,10,68172083,10:68172083:A:C,0.929541,15399,10:68156684,chr10,68156684,68156684,rs10997957,MYPN,7,Zheng,MYPN_locus0,10:68156684
10,68156684,10:68156684:G:A,10,68172124,10:68172124:C:T,0.929541,15440,10:68156684,chr10,68156684,68156684,rs10997957,MYPN,7,Zheng,MYPN_locus0,10:68156684
10,68156684,10:68156684:G:A,10,68172800,10:68172800:C:T,0.929541,16116,10:68156684,chr10,68156684,68156684,rs10997957,MYPN,7,Zheng,MYPN_locus0,10:68156684
10,68156684,10:68156684:G:A,10,68173121,10:68173121:T:G,0.929541,16437,10:68156684,chr10,68156684,68156684,rs10997957,MYPN,7,Zheng,MYPN_locus0,10:68156684
10,68156684,10:68156684:G:A,10,68173375,10:68173375:G:C,0.929541,16691,10:68156684,chr10,68156684,68156684,rs10997957,MYPN,7,Zheng,MYPN_locus0,10:68156684
10,68156684,10:68156684:G:A,10,68173481,10:68173481:C:A,0.929541,16797,10:68156684,chr10,68156684,68156684,rs10997957,MYPN,7,Zheng,MYPN_locus0,10:68156684
10,68156684,10:68156684:G:A,10,68173664,10:68173664:A:T,0.929541,16980,10:68156684,chr10,68156684,68156684,rs10997957,MYPN,7,Zheng,MYPN_locus0,10:68156684
10,68156684,10:68156684:G:A,10,68174164,10:68174164:G:A,0.83942,17480,10:68156684,chr10,68156684,68156684,rs10997957,MYPN,7,Zheng,MYPN_locus0,10:68156684
10,68156684,10:68156684:G:A,10,68174212,10:68174212:G:A,0.83942,17528,10:68156684,chr10,68156684,68156684,rs10997957,MYPN,7,Zheng,MYPN_locus0,10:68156684
10,68156684,10:68156684:G:A,10,68177435,10:68177435:A:G,0.827742,20751,10:68156684,chr10,68156684,68156684,rs10997957,MYPN,7,Zheng,MYPN_locus0,10:68156684
10,68156684,10:68156684:G:A,10,68178230,10:68178230:G:A,0.827742,21546,10:68156684,chr10,68156684,68156684,rs10997957,MYPN,7,Zheng,MYPN_locus0,10:68156684
10,68156684,10:68156684:G:A,10,68178908,10:68178908:C:T,0.827742,22224,10:68156684,chr10,68156684,68156684,rs10997957,MYPN,7,Zheng,MYPN_locus0,10:68156684
10,68156684,10:68156684:G:A,10,68179791,10:68179791:G:A,0.827742,23107,10:68156684,chr10,68156684,68156684,rs10997957,MYPN,7,Zheng,MYPN_locus0,10:68156684
10,68156684,10:68156684:G:A,10,68180149,10:68180149:C:A,0.827742,23465,10:68156684,chr10,68156684,68156684,rs10997957,MYPN,7,Zheng,MYPN_locus0,10:68156684
10,68156684,10:68156684:G:A,10,68180481,10:68180481:C:T,0.827742,23797,10:68156684,chr10,68156684,68156684,rs10997957,MYPN,7,Zheng,MYPN_locus0,10:68156684
10,68156684,10:68156684:G:A,10,68181377,10:68181377:C:T,0.827742,24693,10:68156684,chr10,68156684,68156684,rs10997957,MYPN,7,Zheng,MYPN_locus0,10:68156684
10,68156684,10:68156684:G:A,10,68181561,10:68181561:A:T,0.827742,24877,10:68156684,chr10,68156684,68156684,rs10997957,MYPN,7,Zheng,MYPN_locus0,10:68156684
10,68156684,10:68156684:G:A,10,68184190,10:68184190:C:A,0.827742,27506,10:68156684,chr10,68156684,68156684,rs10997957,MYPN,7,Zheng,MYPN_locus0,10:68156684
10,68156684,10:68156684:G:A,10,68184570,10:68184570:A:G,0.827742,27886,10:68156684,chr10,68156684,68156684,rs10997957,MYPN,7,Zheng,MYPN_locus0,10:68156684
10,68156684,10:68156684:G:A,10,68187306,10:68187306:C:CA,0.827742,30622,10:68156684,chr10,68156684,68156684,rs10997957,MYPN,7,Zheng,MYPN_locus0,10:68156684
10,68156684,10:68156684:G:A,10,68190439,10:68190439:G:A,0.827742,33755,10:68156684,chr10,68156684,68156684,rs10997957,MYPN,7,Zheng,MYPN_locus0,10:68156684
10,68156684,10:68156684:G:A,10,68190720,10:68190720:T:A,0.827742,34036,10:68156684,chr10,68156684,68156684,rs10997957,MYPN,7,Zheng,MYPN_locus0,10:68156684
10,68156684,10:68156684:G:A,10,68192824,10:68192824:T:C,0.827742,36140,10:68156684,chr10,68156684,68156684,rs10997957,MYPN,7,Zheng,MYPN_locus0,10:68156684
10,68156684,10:68156684:G:A,10,68193285,10:68193285:G:A,0.827742,36601,10:68156684,chr10,68156684,68156684,rs10997957,MYPN,7,Zheng,MYPN_locus0,10:68156684
10,68156684,10:68156684:G:A,10,68193659,10:68193659:A:G,0.827742,36975,10:68156684,chr10,68156684,68156684,rs10997957,MYPN,7,Zheng,MYPN_locus0,10:68156684
10,68156684,10:68156684:G:A,10,68194060,10:68194060:T:C,0.827742,37376,10:68156684,chr10,68156684,68156684,rs10997957,MYPN,7,Zheng,MYPN_locus0,10:68156684
10,68156684,10:68156684:G:A,10,68194533,10:68194533:G:A,0.827742,37849,10:68156684,chr10,68156684,68156684,rs10997957,MYPN,7,Zheng,MYPN_locus0,10:68156684
10,68156684,10:68156684:G:A,10,68197155,10:68197155:A:G,0.82055,40471,10:68156684,chr10,68156684,68156684,rs10997957,MYPN,7,Zheng,MYPN_locus0,10:68156684
10,68156684,10:68156684:G:A,10,68197242,10:68197242:C:CA,0.82055,40558,10:68156684,chr10,68156684,68156684,rs10997957,MYPN,7,Zheng,MYPN_locus0,10:68156684
10,68156684,10:68156684:G:A,10,68197583,10:68197583:G:A,0.82055,40899,10:68156684,chr10,68156684,68156684,rs10997957,MYPN,7,Zheng,MYPN_locus0,10:68156684
10,68156684,10:68156684:G:A,10,68197593,10:68197593:G:A,0.82055,40909,10:68156684,chr10,68156684,68156684,rs10997957,MYPN,7,Zheng,MYPN_locus0,10:68156684
10,68156684,10:68156684:G:A,10,68198874,10:68198874:G:A,0.826418,42190,10:68156684,chr10,68156684,68156684,rs10997957,MYPN,7,Zheng,MYPN_locus0,10:68156684
10,68156684,10:68156684:G:A,10,68198906,10:68198906:T:C,0.82055,42222,10:68156684,chr10,68156684,68156684,rs10997957,MYPN,7,Zheng,MYPN_locus0,10:68156684
10,68156684,10:68156684:G:A,10,68198992,10:68198992:C:T,0.82055,42308,10:68156684,chr10,68156684,68156684,rs10997957,MYPN,7,Zheng,MYPN_locus0,10:68156684
10,68156684,10:68156684:G:A,10,68199485,10:68199485:C:A,0.82055,42801,10:68156684,chr10,68156684,68156684,rs10997957,MYPN,7,Zheng,MYPN_locus0,10:68156684
10,68156684,10:68156684:G:A,10,68199588,10:68199588:GCTGGGA:G,0.82055,42904,10:68156684,chr10,68156684,68156684,rs10997957,MYPN,7,Zheng,MYPN_locus0,10:68156684
10,68156684,10:68156684:G:A,10,68199640,10:68199640:G:A,0.82055,42956,10:68156684,chr10,68156684,68156684,rs10997957,MYPN,7,Zheng,MYPN_locus0,10:68156684
10,68156684,10:68156684:G:A,10,68200673,10:68200673:G:A,0.82055,43989,10:68156684,chr10,68156684,68156684,rs10997957,MYPN,7,Zheng,MYPN_locus0,10:68156684
10,68156684,10:68156684:G:A,10,68201242,10:68201242:C:T,0.82055,44558,10:68156684,chr10,68156684,68156684,rs10997957,MYPN,7,Zheng,MYPN_locus0,10:68156684
10,68156684,10:68156684:G:A,10,68203197,10:68203197:G:A,0.814215,46513,10:68156684,chr10,68156684,68156684,rs10997957,MYPN,7,Zheng,MYPN_locus0,10:68156684
10,68156684,10:68156684:G:A,10,68203706,10:68203706:C:CAT,0.803387,47022,10:68156684,chr10,68156684,68156684,rs10997957,MYPN,7,Zheng,MYPN_locus0,10:68156684
10,68156684,10:68156684:G:A,10,68204384,10:68204384:C:T,0.814215,47700,10:68156684,chr10,68156684,68156684,rs10997957,MYPN,7,Zheng,MYPN_locus0,10:68156684
10,68156684,10:68156684:G:A,10,68204917,10:68204917:G:A,0.814215,48233,10:68156684,chr10,68156684,68156684,rs10997957,MYPN,7,Zheng,MYPN_locus0,10:68156684
10,68156684,10:68156684:G:A,10,68205037,10:68205037:C:T,0.814215,48353,10:68156684,chr10,68156684,68156684,rs10997957,MYPN,7,Zheng,MYPN_locus0,10:68156684
10,68156684,10:68156684:G:A,10,68205104,10:68205104:T:C,0.814215,48420,10:68156684,chr10,68156684,68156684,rs10997957,MYPN,7,Zheng,MYPN_locus0,10:68156684
10,68156684,10:68156684:G:A,10,68205420,10:68205420:C:T,0.808016,48736,10:68156684,chr10,68156684,68156684,rs10997957,MYPN,7,Zheng,MYPN_locus0,10:68156684
10,73650119,10:73650119:C:T,10,73644542,10:73644542:C:G,0.842034,5577,10:73650119,chr10,73650119,73650119,rs2177843,SYNPO2L,3,Zheng,SYNPO2L_locus0,10:73650119
10,73650119,10:73650119:C:T,10,73645877,10:73645877:T:G,0.854483,4242,10:73650119,chr10,73650119,73650119,rs2177843,SYNPO2L,3,Zheng,SYNPO2L_locus0,10:73650119
10,73650119,10:73650119:C:T,10,73646383,10:73646383:A:C,0.854483,3736,10:73650119,chr10,73650119,73650119,rs2177843,SYNPO2L,3,Zheng,SYNPO2L_locus0,10:73650119
10,73650119,10:73650119:C:T,10,73647154,10:73647154:G:T,0.854483,2965,10:73650119,chr10,73650119,73650119,rs2177843,SYNPO2L,3,Zheng,SYNPO2L_locus0,10:73650119
10,73650119,10:73650119:C:T,10,73647532,10:73647532:G:A,0.854483,2587,10:73650119,chr10,73650119,73650119,rs2177843,SYNPO2L,3,Zheng,SYNPO2L_locus0,10:73650119
10,73650119,10:73650119:C:T,10,73647891,10:73647891:A:C,0.854483,2228,10:73650119,chr10,73650119,73650119,rs2177843,SYNPO2L,3,Zheng,SYNPO2L_locus0,10:73650119
10,73650119,10:73650119:C:T,10,73650119,10:73650119:C:T,1.0,0,10:73650119,chr10,73650119,73650119,rs2177843,SYNPO2L,3,Zheng,SYNPO2L_locus0,10:73650119
10,73650119,10:73650119:C:T,10,73654586,10:73654586:G:C,0.876156,4467,10:73650119,chr10,73650119,73650119,rs2177843,SYNPO2L,3,Zheng,SYNPO2L_locus0,10:73650119
10,73650119,10:73650119:C:T,10,73655919,10:73655919:C:T,0.865463,5800,10:73650119,chr10,73650119,73650119,rs2177843,SYNPO2L,3,Zheng,SYNPO2L_locus0,10:73650119
10,73650119,10:73650119:C:T,10,73660422,10:73660422:C:T,0.82953,10303,10:73650119,chr10,73650119,73650119,rs2177843,SYNPO2L,3,Zheng,SYNPO2L_locus0,10:73650119
10,73650119,10:73650119:C:T,10,73660812,10:73660812:T:C,0.82953,10693,10:73650119,chr10,73650119,73650119,rs2177843,SYNPO2L,3,Zheng,SYNPO2L_locus0,10:73650119
10,73650119,10:73650119:C:T,10,73661688,10:73661688:C:T,0.82953,11569,10:73650119,chr10,73650119,73650119,rs2177843,SYNPO2L,3,Zheng,SYNPO2L_locus0,10:73650119
10,73650119,10:73650119:C:T,10,73661822,10:73661822:G:A,0.82953,11703,10:73650119,chr10,73650119,73650119,rs2177843,SYNPO2L,3,Zheng,SYNPO2L_locus0,10:73650119
10,73650119,10:73650119:C:T,10,73662556,10:73662556:C:T,0.82953,12437,10:73650119,chr10,73650119,73650119,rs2177843,SYNPO2L,3,Zheng,SYNPO2L_locus0,10:73650119
10,73650119,10:73650119:C:T,10,73668538,10:73668538:A:T,0.818892,18419,10:73650119,chr10,73650119,73650119,rs2177843,SYNPO2L,3,Zheng,SYNPO2L_locus0,10:73650119
10,73661450,10:73661450:G:A,10,73654586,10:73654586:G:C,0.811142,6864,10:73661450,chr10,73661450,73661450,rs10824026,SYNPO2L,3,Jurgens,SYNPO2L_locus0,10:73661450
10,73661450,10:73661450:G:A,10,73655919,10:73655919:C:T,0.823276,5531,10:73661450,chr10,73661450,73661450,rs10824026,SYNPO2L,3,Jurgens,SYNPO2L_locus0,10:73661450
10,73661450,10:73661450:G:A,10,73657031,10:73657031:A:G,0.988283,4419,10:73661450,chr10,73661450,73661450,rs10824026,SYNPO2L,3,Jurgens,SYNPO2L_locus0,10:73661450
10,73661450,10:73661450:G:A,10,73657491,10:73657491:G:C,1.0,3959,10:73661450,chr10,73661450,73661450,rs10824026,SYNPO2L,3,Jurgens,SYNPO2L_locus0,10:73661450
10,73661450,10:73661450:G:A,10,73657921,10:73657921:A:C,0.95427,3529,10:73661450,chr10,73661450,73661450,rs10824026,SYNPO2L,3,Jurgens,SYNPO2L_locus0,10:73661450
10,73661450,10:73661450:G:A,10,73659905,10:73659905:T:G,0.988283,1545,10:73661450,chr10,73661450,73661450,rs10824026,SYNPO2L,3,Jurgens,SYNPO2L_locus0,10:73661450
10,73661450,10:73661450:G:A,10,73659953,HGSV_150235,0.988283,1497,10:73661450,chr10,73661450,73661450,rs10824026,SYNPO2L,3,Jurgens,SYNPO2L_locus0,10:73661450
10,73661450,10:73661450:G:A,10,73660356,10:73660356:C:A,1.0,1094,10:73661450,chr10,73661450,73661450,rs10824026,SYNPO2L,3,Jurgens,SYNPO2L_locus0,10:73661450
10,73661450,10:73661450:G:A,10,73660422,10:73660422:C:T,0.854456,1028,10:73661450,chr10,73661450,73661450,rs10824026,SYNPO2L,3,Jurgens,SYNPO2L_locus0,10:73661450
10,73661450,10:73661450:G:A,10,73660812,10:73660812:T:C,0.854456,638,10:73661450,chr10,73661450,73661450,rs10824026,SYNPO2L,3,Jurgens,SYNPO2L_locus0,10:73661450
10,73661450,10:73661450:G:A,10,73660951,10:73660953:C:CAA,0.843968,499,10:73661450,chr10,73661450,73661450,rs10824026,SYNPO2L,3,Jurgens,SYNPO2L_locus0,10:73661450
10,73661450,10:73661450:G:A,10,73661450,10:73661450:G:A,1.0,0,10:73661450,chr10,73661450,73661450,rs10824026,SYNPO2L,3,Jurgens,SYNPO2L_locus0,10:73661450
10,73661450,10:73661450:G:A,10,73661688,10:73661688:C:T,0.854456,238,10:73661450,chr10,73661450,73661450,rs10824026,SYNPO2L,3,Jurgens,SYNPO2L_locus0,10:73661450
10,73661450,10:73661450:G:A,10,73661822,10:73661822:G:A,0.854456,372,10:73661450,chr10,73661450,73661450,rs10824026,SYNPO2L,3,Jurgens,SYNPO2L_locus0,10:73661450
10,73661450,10:73661450:G:A,10,73661890,10:73661890:G:A,0.95427,440,10:73661450,chr10,73661450,73661450,rs10824026,SYNPO2L,3,Jurgens,SYNPO2L_locus0,10:73661450
10,73661450,10:73661450:G:A,10,73662556,10:73662556:C:T,0.854456,1106,10:73661450,chr10,73661450,73661450,rs10824026,SYNPO2L,3,Jurgens,SYNPO2L_locus0,10:73661450
10,73661450,10:73661450:G:A,10,73668538,10:73668538:A:T,0.843968,7088,10:73661450,chr10,73661450,73661450,rs10824026,SYNPO2L,3,Jurgens,SYNPO2L_locus0,10:73661450
10,73661450,10:73661450:G:A,10,73670243,10:73670243:A:G,0.976502,8793,10:73661450,chr10,73661450,73661450,rs10824026,SYNPO2L,3,Jurgens,SYNPO2L_locus0,10:73661450
10,73661450,10:73661450:G:A,10,73671320,10:73671320:C:A,0.81205,9870,10:73661450,chr10,73661450,73661450,rs10824026,SYNPO2L,3,Jurgens,SYNPO2L_locus0,10:73661450
10,73661450,10:73661450:G:A,10,73682785,10:73682785:C:T,0.801043,21335,10:73661450,chr10,73661450,73661450,rs10824026,SYNPO2L,3,Jurgens,SYNPO2L_locus0,10:73661450
10,73661450,10:73661450:G:A,10,73690605,10:73690605:TTA:T,0.800925,29155,10:73661450,chr10,73661450,73661450,rs10824026,SYNPO2L,3,Jurgens,SYNPO2L_locus0,10:73661450
10,73661450,10:73661450:G:A,10,73691143,10:73691143:C:G,0.81205,29693,10:73661450,chr10,73661450,73661450,rs10824026,SYNPO2L,3,Jurgens,SYNPO2L_locus0,10:73661450
10,73661450,10:73661450:G:A,10,73700294,10:73700294:CT:C,0.801043,38844,10:73661450,chr10,73661450,73661450,rs10824026,SYNPO2L,3,Jurgens,SYNPO2L_locus0,10:73661450
10,73661450,10:73661450:G:A,10,73702752,10:73702752:T:C,0.801043,41302,10:73661450,chr10,73661450,73661450,rs10824026,SYNPO2L,3,Jurgens,SYNPO2L_locus0,10:73661450
10,73661450,10:73661450:G:A,10,73704829,10:73704829:C:A,0.801043,43379,10:73661450,chr10,73661450,73661450,rs10824026,SYNPO2L,3,Jurgens,SYNPO2L_locus0,10:73661450
10,86751607,10:86751607:A:G,10,86696967,10:86696967:T:C,0.822982,54640,10:86751607,chr10,86751607,86751607,rs113493405,BMPR1A,2,Zheng,BMPR1A_locus0,10:86751607
10,86751607,10:86751607:A:G,10,86698602,10:86698602:G:A,0.828178,53005,10:86751607,chr10,86751607,86751607,rs113493405,BMPR1A,2,Zheng,BMPR1A_locus0,10:86751607
10,86751607,10:86751607:A:G,10,86698614,10:86698614:C:T,0.801746,52993,10:86751607,chr10,86751607,86751607,rs113493405,BMPR1A,2,Zheng,BMPR1A_locus0,10:86751607
10,86751607,10:86751607:A:G,10,86699239,10:86699241:TTCTC:T,0.814782,52368,10:86751607,chr10,86751607,86751607,rs113493405,BMPR1A,2,Zheng,BMPR1A_locus0,10:86751607
10,86751607,10:86751607:A:G,10,86700069,10:86700069:G:A,0.801746,51538,10:86751607,chr10,86751607,86751607,rs113493405,BMPR1A,2,Zheng,BMPR1A_locus0,10:86751607
10,86751607,10:86751607:A:G,10,86700327,10:86700327:G:A,0.828178,51280,10:86751607,chr10,86751607,86751607,rs113493405,BMPR1A,2,Zheng,BMPR1A_locus0,10:86751607
10,86751607,10:86751607:A:G,10,86701028,10:86701028:C:T,0.828178,50579,10:86751607,chr10,86751607,86751607,rs113493405,BMPR1A,2,Zheng,BMPR1A_locus0,10:86751607
10,86751607,10:86751607:A:G,10,86704127,10:86704127:GA:G,0.828178,47480,10:86751607,chr10,86751607,86751607,rs113493405,BMPR1A,2,Zheng,BMPR1A_locus0,10:86751607
10,86751607,10:86751607:A:G,10,86704691,10:86704691:C:T,0.828178,46916,10:86751607,chr10,86751607,86751607,rs113493405,BMPR1A,2,Zheng,BMPR1A_locus0,10:86751607
10,86751607,10:86751607:A:G,10,86705881,10:86705881:T:C,0.828178,45726,10:86751607,chr10,86751607,86751607,rs113493405,BMPR1A,2,Zheng,BMPR1A_locus0,10:86751607
10,86751607,10:86751607:A:G,10,86707047,10:86707047:T:TAAAGTTAGA,0.828178,44560,10:86751607,chr10,86751607,86751607,rs113493405,BMPR1A,2,Zheng,BMPR1A_locus0,10:86751607
10,86751607,10:86751607:A:G,10,86708437,10:86708437:C:T,0.828178,43170,10:86751607,chr10,86751607,86751607,rs113493405,BMPR1A,2,Zheng,BMPR1A_locus0,10:86751607
10,86751607,10:86751607:A:G,10,86712857,10:86712857:G:A,0.828178,38750,10:86751607,chr10,86751607,86751607,rs113493405,BMPR1A,2,Zheng,BMPR1A_locus0,10:86751607
10,86751607,10:86751607:A:G,10,86719930,10:86719930:G:A,0.84195,31677,10:86751607,chr10,86751607,86751607,rs113493405,BMPR1A,2,Zheng,BMPR1A_locus0,10:86751607
10,86751607,10:86751607:A:G,10,86720957,10:86720957:C:G,0.84195,30650,10:86751607,chr10,86751607,86751607,rs113493405,BMPR1A,2,Zheng,BMPR1A_locus0,10:86751607
10,86751607,10:86751607:A:G,10,86721235,10:86721235:G:A,0.828178,30372,10:86751607,chr10,86751607,86751607,rs113493405,BMPR1A,2,Zheng,BMPR1A_locus0,10:86751607
10,86751607,10:86751607:A:G,10,86726617,10:86726617:A:G,0.84195,24990,10:86751607,chr10,86751607,86751607,rs113493405,BMPR1A,2,Zheng,BMPR1A_locus0,10:86751607
10,86751607,10:86751607:A:G,10,86727844,10:86727844:A:T,0.84195,23763,10:86751607,chr10,86751607,86751607,rs113493405,BMPR1A,2,Zheng,BMPR1A_locus0,10:86751607
10,86751607,10:86751607:A:G,10,86727997,10:86727997:A:G,0.84195,23610,10:86751607,chr10,86751607,86751607,rs113493405,BMPR1A,2,Zheng,BMPR1A_locus0,10:86751607
10,86751607,10:86751607:A:G,10,86729818,10:86729818:C:T,0.84195,21789,10:86751607,chr10,86751607,86751607,rs113493405,BMPR1A,2,Zheng,BMPR1A_locus0,10:86751607
10,86751607,10:86751607:A:G,10,86734717,10:86734717:G:A,0.84195,16890,10:86751607,chr10,86751607,86751607,rs113493405,BMPR1A,2,Zheng,BMPR1A_locus0,10:86751607
10,86751607,10:86751607:A:G,10,86735779,10:86735781:C:CAAA,0.823032,15828,10:86751607,chr10,86751607,86751607,rs113493405,BMPR1A,2,Zheng,BMPR1A_locus0,10:86751607
10,86751607,10:86751607:A:G,10,86740608,10:86740608:A:G,0.84195,10999,10:86751607,chr10,86751607,86751607,rs113493405,BMPR1A,2,Zheng,BMPR1A_locus0,10:86751607
10,86751607,10:86751607:A:G,10,86746485,10:86746485:GAT:G,0.84195,5122,10:86751607,chr10,86751607,86751607,rs113493405,BMPR1A,2,Zheng,BMPR1A_locus0,10:86751607
10,86751607,10:86751607:A:G,10,86747146,10:86747146:T:C,0.84195,4461,10:86751607,chr10,86751607,86751607,rs113493405,BMPR1A,2,Zheng,BMPR1A_locus0,10:86751607
10,86751607,10:86751607:A:G,10,86749331,10:86749331:T:A,0.84195,2276,10:86751607,chr10,86751607,86751607,rs113493405,BMPR1A,2,Zheng,BMPR1A_locus0,10:86751607
10,86751607,10:86751607:A:G,10,86751607,10:86751607:A:G,1.0,0,10:86751607,chr10,86751607,86751607,rs113493405,BMPR1A,2,Zheng,BMPR1A_locus0,10:86751607
10,86751607,10:86751607:A:G,10,86751633,10:86751633:GTGCACATAT:G,0.828117,26,10:86751607,chr10,86751607,86751607,rs113493405,BMPR1A,2,Zheng,BMPR1A_locus0,10:86751607
10,86751607,10:86751607:A:G,10,86755275,10:86755275:C:CA,0.84195,3668,10:86751607,chr10,86751607,86751607,rs113493405,BMPR1A,2,Zheng,BMPR1A_locus0,10:86751607
10,86751607,10:86751607:A:G,10,86756333,10:86756333:G:C,0.84195,4726,10:86751607,chr10,86751607,86751607,rs113493405,BMPR1A,2,Zheng,BMPR1A_locus0,10:86751607
10,86751607,10:86751607:A:G,10,86759239,10:86759239:C:T,0.814782,7632,10:86751607,chr10,86751607,86751607,rs113493405,BMPR1A,2,Zheng,BMPR1A_locus0,10:86751607
10,86751607,10:86751607:A:G,10,86763381,10:86763381:G:A,0.84195,11774,10:86751607,chr10,86751607,86751607,rs113493405,BMPR1A,2,Zheng,BMPR1A_locus0,10:86751607
10,86751607,10:86751607:A:G,10,86763882,10:86763882:C:G,0.84195,12275,10:86751607,chr10,86751607,86751607,rs113493405,BMPR1A,2,Zheng,BMPR1A_locus0,10:86751607
10,86751607,10:86751607:A:G,10,86764053,10:86764053:A:G,0.814782,12446,10:86751607,chr10,86751607,86751607,rs113493405,BMPR1A,2,Zheng,BMPR1A_locus0,10:86751607
10,86751607,10:86751607:A:G,10,86765483,10:86765485:CA:C,0.828178,13876,10:86751607,chr10,86751607,86751607,rs113493405,BMPR1A,2,Zheng,BMPR1A_locus0,10:86751607
10,86751607,10:86751607:A:G,10,86765989,10:86765992:C:CTT,0.828178,14382,10:86751607,chr10,86751607,86751607,rs113493405,BMPR1A,2,Zheng,BMPR1A_locus0,10:86751607
10,86751607,10:86751607:A:G,10,86766755,10:86766755:G:A,0.822982,15148,10:86751607,chr10,86751607,86751607,rs113493405,BMPR1A,2,Zheng,BMPR1A_locus0,10:86751607
10,86751607,10:86751607:A:G,10,86767164,10:86767164:A:C,0.814782,15557,10:86751607,chr10,86751607,86751607,rs113493405,BMPR1A,2,Zheng,BMPR1A_locus0,10:86751607
10,86751607,10:86751607:A:G,10,86771383,10:86771383:A:C,0.814782,19776,10:86751607,chr10,86751607,86751607,rs113493405,BMPR1A,2,Zheng,BMPR1A_locus0,10:86751607
10,86751607,10:86751607:A:G,10,86772419,10:86772419:C:T,0.814782,20812,10:86751607,chr10,86751607,86751607,rs113493405,BMPR1A,2,Zheng,BMPR1A_locus0,10:86751607
10,86751607,10:86751607:A:G,10,86775737,10:86775737:CTT:C,0.814782,24130,10:86751607,chr10,86751607,86751607,rs113493405,BMPR1A,2,Zheng,BMPR1A_locus0,10:86751607
10,86751607,10:86751607:A:G,10,86777198,10:86777198:A:G,0.814782,25591,10:86751607,chr10,86751607,86751607,rs113493405,BMPR1A,2,Zheng,BMPR1A_locus0,10:86751607
10,86751607,10:86751607:A:G,10,86779196,10:86779196:C:A,0.814782,27589,10:86751607,chr10,86751607,86751607,rs113493405,BMPR1A,2,Zheng,BMPR1A_locus0,10:86751607
10,86751607,10:86751607:A:G,10,86785564,10:86785564:A:G,0.814782,33957,10:86751607,chr10,86751607,86751607,rs113493405,BMPR1A,2,Zheng,BMPR1A_locus0,10:86751607
10,86751607,10:86751607:A:G,10,86787262,10:86787262:G:GA,0.814782,35655,10:86751607,chr10,86751607,86751607,rs113493405,BMPR1A,2,Zheng,BMPR1A_locus0,10:86751607
10,86751607,10:86751607:A:G,10,86789166,10:86789166:T:C,0.814782,37559,10:86751607,chr10,86751607,86751607,rs113493405,BMPR1A,2,Zheng,BMPR1A_locus0,10:86751607
10,86751607,10:86751607:A:G,10,86791841,10:86791841:C:G,0.814782,40234,10:86751607,chr10,86751607,86751607,rs113493405,BMPR1A,2,Zheng,BMPR1A_locus0,10:86751607
10,86751607,10:86751607:A:G,10,86792122,10:86792122:C:T,0.814782,40515,10:86751607,chr10,86751607,86751607,rs113493405,BMPR1A,2,Zheng,BMPR1A_locus0,10:86751607
10,86751607,10:86751607:A:G,10,86821676,10:86821676:A:G,0.801746,70069,10:86751607,chr10,86751607,86751607,rs113493405,BMPR1A,2,Zheng,BMPR1A_locus0,10:86751607
10,86751607,10:86751607:A:G,10,86853298,10:86853298:G:GA,0.801746,101691,10:86751607,chr10,86751607,86751607,rs113493405,BMPR1A,2,Zheng,BMPR1A_locus0,10:86751607
10,86751607,10:86751607:A:G,10,86872002,10:86872002:A:G,0.801746,120395,10:86751607,chr10,86751607,86751607,rs113493405,BMPR1A,2,Zheng,BMPR1A_locus0,10:86751607
10,86751607,10:86751607:A:G,10,86914873,10:86914873:A:G,0.801746,163266,10:86751607,chr10,86751607,86751607,rs113493405,BMPR1A,2,Zheng,BMPR1A_locus0,10:86751607
10,86751607,10:86751607:A:G,10,86925918,10:86925918:G:A,0.801746,174311,10:86751607,chr10,86751607,86751607,rs113493405,BMPR1A,2,Zheng,BMPR1A_locus0,10:86751607
10,102082373,10:102082373:C:T,10,102082373,10:102082373:C:T,1.0,0,10:102082373,chr10,102082373,102082373,rs191216969,GBF1,1,Zheng,GBF1_locus0,10:102082373
10,119656173,10:119656173:G:A,10,119656173,10:119656173:G:A,1.0,0,10:119656173,chr10,119656173,119656173,rs72840788,BAG3,5,both,BAG3_locus0,10:119656173
10,119656173,10:119656173:G:A,10,119659975,10:119659975:C:G,0.83894,3802,10:119656173,chr10,119656173,119656173,rs72840788,BAG3,5,both,BAG3_locus0,10:119656173
10,119656173,10:119656173:G:A,10,119663324,10:119663324:G:C,1.0,7151,10:119656173,chr10,119656173,119656173,rs72840788,BAG3,5,both,BAG3_locus0,10:119656173
10,119656173,10:119656173:G:A,10,119665303,10:119665303:A:AT,0.960675,9130,10:119656173,chr10,119656173,119656173,rs72840788,BAG3,5,both,BAG3_locus0,10:119656173
10,119656173,10:119656173:G:A,10,119665450,10:119665450:A:T,1.0,9277,10:119656173,chr10,119656173,119656173,rs72840788,BAG3,5,both,BAG3_locus0,10:119656173
10,119656173,10:119656173:G:A,10,119666800,10:119666800:G:A,0.83894,10627,10:119656173,chr10,119656173,119656173,rs72840788,BAG3,5,both,BAG3_locus0,10:119656173
10,119656173,10:119656173:G:A,10,119667372,10:119667372:C:T,0.989988,11199,10:119656173,chr10,119656173,119656173,rs72840788,BAG3,5,both,BAG3_locus0,10:119656173
10,119656173,10:119656173:G:A,10,119670121,10:119670121:T:C,1.0,13948,10:119656173,chr10,119656173,119656173,rs72840788,BAG3,5,both,BAG3_locus0,10:119656173
10,119656173,10:119656173:G:A,10,119674163,10:119674163:C:T,0.989988,17990,10:119656173,chr10,119656173,119656173,rs72840788,BAG3,5,both,BAG3_locus0,10:119656173
10,119659975,10:119659975:C:G,10,119656173,10:119656173:G:A,0.83894,3802,10:119659975,chr10,119659975,119659975,rs17099139,BAG3,5,Zheng,BAG3_locus0,10:119659975
10,119659975,10:119659975:C:G,10,119659975,10:119659975:C:G,1.0,0,10:119659975,chr10,119659975,119659975,rs17099139,BAG3,5,Zheng,BAG3_locus0,10:119659975
10,119659975,10:119659975:C:G,10,119663324,10:119663324:G:C,0.83894,3349,10:119659975,chr10,119659975,119659975,rs17099139,BAG3,5,Zheng,BAG3_locus0,10:119659975
10,119659975,10:119659975:C:G,10,119665303,10:119665303:A:AT,0.824336,5328,10:119659975,chr10,119659975,119659975,rs17099139,BAG3,5,Zheng,BAG3_locus0,10:119659975
10,119659975,10:119659975:C:G,10,119665450,10:119665450:A:T,0.83894,5475,10:119659975,chr10,119659975,119659975,rs17099139,BAG3,5,Zheng,BAG3_locus0,10:119659975
10,119659975,10:119659975:C:G,10,119666800,10:119666800:G:A,1.0,6825,10:119659975,chr10,119659975,119659975,rs17099139,BAG3,5,Zheng,BAG3_locus0,10:119659975
10,119659975,10:119659975:C:G,10,119667372,10:119667372:C:T,0.831232,7397,10:119659975,chr10,119659975,119659975,rs17099139,BAG3,5,Zheng,BAG3_locus0,10:119659975
10,119659975,10:119659975:C:G,10,119670121,10:119670121:T:C,0.83894,10146,10:119659975,chr10,119659975,119659975,rs17099139,BAG3,5,Zheng,BAG3_locus0,10:119659975
10,119659975,10:119659975:C:G,10,119674163,10:119674163:C:T,0.831232,14188,10:119659975,chr10,119659975,119659975,rs17099139,BAG3,5,Zheng,BAG3_locus0,10:119659975
11,14017074,11:14017074:A:G,11,13990788,11:13990788:A:G,0.816261,26286,11:14017074,chr11,14017074,14017074,rs1969539,SPON1,3,Jurgens,SPON1_locus0,11:14017074
11,14017074,11:14017074:A:G,11,13990977,11:13990977:T:C,0.816261,26097,11:14017074,chr11,14017074,14017074,rs1969539,SPON1,3,Jurgens,SPON1_locus0,11:14017074
11,14017074,11:14017074:A:G,11,14001115,11:14001115:C:T,0.806431,15959,11:14017074,chr11,14017074,14017074,rs1969539,SPON1,3,Jurgens,SPON1_locus0,11:14017074
11,14017074,11:14017074:A:G,11,14008307,11:14008307:T:C,0.816261,8767,11:14017074,chr11,14017074,14017074,rs1969539,SPON1,3,Jurgens,SPON1_locus0,11:14017074
11,14017074,11:14017074:A:G,11,14017074,11:14017074:A:G,1.0,0,11:14017074,chr11,14017074,14017074,rs1969539,SPON1,3,Jurgens,SPON1_locus0,11:14017074
11,14017074,11:14017074:A:G,11,14026933,11:14026933:C:T,1.0,9859,11:14017074,chr11,14017074,14017074,rs1969539,SPON1,3,Jurgens,SPON1_locus0,11:14017074
11,14017074,11:14017074:A:G,11,14029124,11:14029124:TAC:T,0.993771,12050,11:14017074,chr11,14017074,14017074,rs1969539,SPON1,3,Jurgens,SPON1_locus0,11:14017074
11,14017074,11:14017074:A:G,11,14030572,11:14030572:A:G,1.0,13498,11:14017074,chr11,14017074,14017074,rs1969539,SPON1,3,Jurgens,SPON1_locus0,11:14017074
11,14017074,11:14017074:A:G,11,14030801,11:14030801:T:C,1.0,13727,11:14017074,chr11,14017074,14017074,rs1969539,SPON1,3,Jurgens,SPON1_locus0,11:14017074
11,14017074,11:14017074:A:G,11,14041892,11:14041892:C:T,0.987507,24818,11:14017074,chr11,14017074,14017074,rs1969539,SPON1,3,Jurgens,SPON1_locus0,11:14017074
11,14017074,11:14017074:A:G,11,14042394,11:14042394:G:GA,0.975332,25320,11:14017074,chr11,14017074,14017074,rs1969539,SPON1,3,Jurgens,SPON1_locus0,11:14017074
11,14017074,11:14017074:A:G,11,14042845,11:14042845:A:G,0.987507,25771,11:14017074,chr11,14017074,14017074,rs1969539,SPON1,3,Jurgens,SPON1_locus0,11:14017074
11,14017074,11:14017074:A:G,11,14043384,11:14043384:T:G,0.987507,26310,11:14017074,chr11,14017074,14017074,rs1969539,SPON1,3,Jurgens,SPON1_locus0,11:14017074
11,14017074,11:14017074:A:G,11,14044051,11:14044051:C:T,0.987507,26977,11:14017074,chr11,14017074,14017074,rs1969539,SPON1,3,Jurgens,SPON1_locus0,11:14017074
11,14017074,11:14017074:A:G,11,14044117,11:14044117:A:ATCCATGTAA,0.987507,27043,11:14017074,chr11,14017074,14017074,rs1969539,SPON1,3,Jurgens,SPON1_locus0,11:14017074
11,14017074,11:14017074:A:G,11,14044336,11:14044336:A:G,0.987507,27262,11:14017074,chr11,14017074,14017074,rs1969539,SPON1,3,Jurgens,SPON1_locus0,11:14017074
11,14017074,11:14017074:A:G,11,14044939,11:14044939:G:A,0.987507,27865,11:14017074,chr11,14017074,14017074,rs1969539,SPON1,3,Jurgens,SPON1_locus0,11:14017074
11,14017074,11:14017074:A:G,11,14045002,11:14045002:A:T,0.987507,27928,11:14017074,chr11,14017074,14017074,rs1969539,SPON1,3,Jurgens,SPON1_locus0,11:14017074
11,14017074,11:14017074:A:G,11,14045627,11:14045627:T:TATAA,0.810064,28553,11:14017074,chr11,14017074,14017074,rs1969539,SPON1,3,Jurgens,SPON1_locus0,11:14017074
11,14017074,11:14017074:A:G,11,14046347,11:14046347:C:T,0.987507,29273,11:14017074,chr11,14017074,14017074,rs1969539,SPON1,3,Jurgens,SPON1_locus0,11:14017074
11,14017074,11:14017074:A:G,11,14047024,11:14047024:T:C,0.981361,29950,11:14017074,chr11,14017074,14017074,rs1969539,SPON1,3,Jurgens,SPON1_locus0,11:14017074
11,14017074,11:14017074:A:G,11,14047182,11:14047182:C:G,0.987507,30108,11:14017074,chr11,14017074,14017074,rs1969539,SPON1,3,Jurgens,SPON1_locus0,11:14017074
11,14017074,11:14017074:A:G,11,14048912,11:14048912:G:C,0.987507,31838,11:14017074,chr11,14017074,14017074,rs1969539,SPON1,3,Jurgens,SPON1_locus0,11:14017074
11,14017074,11:14017074:A:G,11,14049281,11:14049281:A:G,0.987507,32207,11:14017074,chr11,14017074,14017074,rs1969539,SPON1,3,Jurgens,SPON1_locus0,11:14017074
11,14017074,11:14017074:A:G,11,14050012,11:14050012:G:GCATCACT,0.987507,32938,11:14017074,chr11,14017074,14017074,rs1969539,SPON1,3,Jurgens,SPON1_locus0,11:14017074
11,14017074,11:14017074:A:G,11,14050187,11:14050187:A:G,0.987507,33113,11:14017074,chr11,14017074,14017074,rs1969539,SPON1,3,Jurgens,SPON1_locus0,11:14017074
11,14017074,11:14017074:A:G,11,14050863,11:14050863:T:C,0.987507,33789,11:14017074,chr11,14017074,14017074,rs1969539,SPON1,3,Jurgens,SPON1_locus0,11:14017074
11,14017074,11:14017074:A:G,11,14050991,11:14050991:C:T,0.987507,33917,11:14017074,chr11,14017074,14017074,rs1969539,SPON1,3,Jurgens,SPON1_locus0,11:14017074
11,14017074,11:14017074:A:G,11,14051447,11:14051447:G:A,0.987507,34373,11:14017074,chr11,14017074,14017074,rs1969539,SPON1,3,Jurgens,SPON1_locus0,11:14017074
11,14017074,11:14017074:A:G,11,14051609,11:14051609:C:T,0.987507,34535,11:14017074,chr11,14017074,14017074,rs1969539,SPON1,3,Jurgens,SPON1_locus0,11:14017074
11,14017074,11:14017074:A:G,11,14054400,11:14054400:A:G,0.884337,37326,11:14017074,chr11,14017074,14017074,rs1969539,SPON1,3,Jurgens,SPON1_locus0,11:14017074
11,14017074,11:14017074:A:G,11,14055495,11:14055495:A:T,0.981192,38421,11:14017074,chr11,14017074,14017074,rs1969539,SPON1,3,Jurgens,SPON1_locus0,11:14017074
11,14017074,11:14017074:A:G,11,14055964,11:14055964:T:A,0.981192,38890,11:14017074,chr11,14017074,14017074,rs1969539,SPON1,3,Jurgens,SPON1_locus0,11:14017074
11,14017074,11:14017074:A:G,11,14056604,11:14056604:A:G,0.981192,39530,11:14017074,chr11,14017074,14017074,rs1969539,SPON1,3,Jurgens,SPON1_locus0,11:14017074
11,14017074,11:14017074:A:G,11,14057811,11:14057811:G:A,0.981192,40737,11:14017074,chr11,14017074,14017074,rs1969539,SPON1,3,Jurgens,SPON1_locus0,11:14017074
11,14017074,11:14017074:A:G,11,14060987,11:14060987:G:A,0.861839,43913,11:14017074,chr11,14017074,14017074,rs1969539,SPON1,3,Jurgens,SPON1_locus0,11:14017074
11,14017074,11:14017074:A:G,11,14063044,11:14063044:C:T,0.861839,45970,11:14017074,chr11,14017074,14017074,rs1969539,SPON1,3,Jurgens,SPON1_locus0,11:14017074
11,14017074,11:14017074:A:G,11,14064002,11:14064002:C:T,0.861839,46928,11:14017074,chr11,14017074,14017074,rs1969539,SPON1,3,Jurgens,SPON1_locus0,11:14017074
11,14017074,11:14017074:A:G,11,14064911,11:14064911:A:T,0.861839,47837,11:14017074,chr11,14017074,14017074,rs1969539,SPON1,3,Jurgens,SPON1_locus0,11:14017074
11,14017074,11:14017074:A:G,11,14066896,11:14066896:G:C,0.861839,49822,11:14017074,chr11,14017074,14017074,rs1969539,SPON1,3,Jurgens,SPON1_locus0,11:14017074
11,14017074,11:14017074:A:G,11,14068914,11:14068914:G:T,0.861839,51840,11:14017074,chr11,14017074,14017074,rs1969539,SPON1,3,Jurgens,SPON1_locus0,11:14017074
11,14017074,11:14017074:A:G,11,14069375,11:14069375:C:T,0.861839,52301,11:14017074,chr11,14017074,14017074,rs1969539,SPON1,3,Jurgens,SPON1_locus0,11:14017074
11,14017074,11:14017074:A:G,11,14069831,11:14069831:CTCTATCTAC:C,0.861839,52757,11:14017074,chr11,14017074,14017074,rs1969539,SPON1,3,Jurgens,SPON1_locus0,11:14017074
11,14017074,11:14017074:A:G,11,14091014,11:14091014:C:T,0.813355,73940,11:14017074,chr11,14017074,14017074,rs1969539,SPON1,3,Jurgens,SPON1_locus0,11:14017074
11,14017074,11:14017074:A:G,11,14091112,11:14091112:A:G,0.813355,74038,11:14017074,chr11,14017074,14017074,rs1969539,SPON1,3,Jurgens,SPON1_locus0,11:14017074
11,14017074,11:14017074:A:G,11,14092213,11:14092213:T:C,0.813355,75139,11:14017074,chr11,14017074,14017074,rs1969539,SPON1,3,Jurgens,SPON1_locus0,11:14017074
11,14017074,11:14017074:A:G,11,14093200,11:14093200:G:T,0.808431,76126,11:14017074,chr11,14017074,14017074,rs1969539,SPON1,3,Jurgens,SPON1_locus0,11:14017074
11,14017074,11:14017074:A:G,11,14097555,11:14097555:T:C,0.813355,80481,11:14017074,chr11,14017074,14017074,rs1969539,SPON1,3,Jurgens,SPON1_locus0,11:14017074
11,14017074,11:14017074:A:G,11,14099493,11:14099493:G:T,0.813355,82419,11:14017074,chr11,14017074,14017074,rs1969539,SPON1,3,Jurgens,SPON1_locus0,11:14017074
11,14030801,11:14030801:T:C,11,13990788,11:13990788:A:G,0.816261,40013,11:14030801,chr11,14030801,14030801,rs61884835,COPB1,3,Zheng,COPB1_locus0,11:14030801
11,14030801,11:14030801:T:C,11,13990977,11:13990977:T:C,0.816261,39824,11:14030801,chr11,14030801,14030801,rs61884835,COPB1,3,Zheng,COPB1_locus0,11:14030801
11,14030801,11:14030801:T:C,11,14001115,11:14001115:C:T,0.806431,29686,11:14030801,chr11,14030801,14030801,rs61884835,COPB1,3,Zheng,COPB1_locus0,11:14030801
11,14030801,11:14030801:T:C,11,14008307,11:14008307:T:C,0.816261,22494,11:14030801,chr11,14030801,14030801,rs61884835,COPB1,3,Zheng,COPB1_locus0,11:14030801
11,14030801,11:14030801:T:C,11,14017074,11:14017074:A:G,1.0,13727,11:14030801,chr11,14030801,14030801,rs61884835,COPB1,3,Zheng,COPB1_locus0,11:14030801
11,14030801,11:14030801:T:C,11,14026933,11:14026933:C:T,1.0,3868,11:14030801,chr11,14030801,14030801,rs61884835,COPB1,3,Zheng,COPB1_locus0,11:14030801
11,14030801,11:14030801:T:C,11,14029124,11:14029124:TAC:T,0.993771,1677,11:14030801,chr11,14030801,14030801,rs61884835,COPB1,3,Zheng,COPB1_locus0,11:14030801
11,14030801,11:14030801:T:C,11,14030572,11:14030572:A:G,1.0,229,11:14030801,chr11,14030801,14030801,rs61884835,COPB1,3,Zheng,COPB1_locus0,11:14030801
11,14030801,11:14030801:T:C,11,14030801,11:14030801:T:C,1.0,0,11:14030801,chr11,14030801,14030801,rs61884835,COPB1,3,Zheng,COPB1_locus0,11:14030801
11,14030801,11:14030801:T:C,11,14041892,11:14041892:C:T,0.987507,11091,11:14030801,chr11,14030801,14030801,rs61884835,COPB1,3,Zheng,COPB1_locus0,11:14030801
11,14030801,11:14030801:T:C,11,14042394,11:14042394:G:GA,0.975332,11593,11:14030801,chr11,14030801,14030801,rs61884835,COPB1,3,Zheng,COPB1_locus0,11:14030801
11,14030801,11:14030801:T:C,11,14042845,11:14042845:A:G,0.987507,12044,11:14030801,chr11,14030801,14030801,rs61884835,COPB1,3,Zheng,COPB1_locus0,11:14030801
11,14030801,11:14030801:T:C,11,14043384,11:14043384:T:G,0.987507,12583,11:14030801,chr11,14030801,14030801,rs61884835,COPB1,3,Zheng,COPB1_locus0,11:14030801
11,14030801,11:14030801:T:C,11,14044051,11:14044051:C:T,0.987507,13250,11:14030801,chr11,14030801,14030801,rs61884835,COPB1,3,Zheng,COPB1_locus0,11:14030801
11,14030801,11:14030801:T:C,11,14044117,11:14044117:A:ATCCATGTAA,0.987507,13316,11:14030801,chr11,14030801,14030801,rs61884835,COPB1,3,Zheng,COPB1_locus0,11:14030801
11,14030801,11:14030801:T:C,11,14044336,11:14044336:A:G,0.987507,13535,11:14030801,chr11,14030801,14030801,rs61884835,COPB1,3,Zheng,COPB1_locus0,11:14030801
11,14030801,11:14030801:T:C,11,14044939,11:14044939:G:A,0.987507,14138,11:14030801,chr11,14030801,14030801,rs61884835,COPB1,3,Zheng,COPB1_locus0,11:14030801
11,14030801,11:14030801:T:C,11,14045002,11:14045002:A:T,0.987507,14201,11:14030801,chr11,14030801,14030801,rs61884835,COPB1,3,Zheng,COPB1_locus0,11:14030801
11,14030801,11:14030801:T:C,11,14045627,11:14045627:T:TATAA,0.810064,14826,11:14030801,chr11,14030801,14030801,rs61884835,COPB1,3,Zheng,COPB1_locus0,11:14030801
11,14030801,11:14030801:T:C,11,14046347,11:14046347:C:T,0.987507,15546,11:14030801,chr11,14030801,14030801,rs61884835,COPB1,3,Zheng,COPB1_locus0,11:14030801
11,14030801,11:14030801:T:C,11,14047024,11:14047024:T:C,0.981361,16223,11:14030801,chr11,14030801,14030801,rs61884835,COPB1,3,Zheng,COPB1_locus0,11:14030801
11,14030801,11:14030801:T:C,11,14047182,11:14047182:C:G,0.987507,16381,11:14030801,chr11,14030801,14030801,rs61884835,COPB1,3,Zheng,COPB1_locus0,11:14030801
11,14030801,11:14030801:T:C,11,14048912,11:14048912:G:C,0.987507,18111,11:14030801,chr11,14030801,14030801,rs61884835,COPB1,3,Zheng,COPB1_locus0,11:14030801
11,14030801,11:14030801:T:C,11,14049281,11:14049281:A:G,0.987507,18480,11:14030801,chr11,14030801,14030801,rs61884835,COPB1,3,Zheng,COPB1_locus0,11:14030801
11,14030801,11:14030801:T:C,11,14050012,11:14050012:G:GCATCACT,0.987507,19211,11:14030801,chr11,14030801,14030801,rs61884835,COPB1,3,Zheng,COPB1_locus0,11:14030801
11,14030801,11:14030801:T:C,11,14050187,11:14050187:A:G,0.987507,19386,11:14030801,chr11,14030801,14030801,rs61884835,COPB1,3,Zheng,COPB1_locus0,11:14030801
11,14030801,11:14030801:T:C,11,14050863,11:14050863:T:C,0.987507,20062,11:14030801,chr11,14030801,14030801,rs61884835,COPB1,3,Zheng,COPB1_locus0,11:14030801
11,14030801,11:14030801:T:C,11,14050991,11:14050991:C:T,0.987507,20190,11:14030801,chr11,14030801,14030801,rs61884835,COPB1,3,Zheng,COPB1_locus0,11:14030801
11,14030801,11:14030801:T:C,11,14051447,11:14051447:G:A,0.987507,20646,11:14030801,chr11,14030801,14030801,rs61884835,COPB1,3,Zheng,COPB1_locus0,11:14030801
11,14030801,11:14030801:T:C,11,14051609,11:14051609:C:T,0.987507,20808,11:14030801,chr11,14030801,14030801,rs61884835,COPB1,3,Zheng,COPB1_locus0,11:14030801
11,14030801,11:14030801:T:C,11,14054400,11:14054400:A:G,0.884337,23599,11:14030801,chr11,14030801,14030801,rs61884835,COPB1,3,Zheng,COPB1_locus0,11:14030801
11,14030801,11:14030801:T:C,11,14055495,11:14055495:A:T,0.981192,24694,11:14030801,chr11,14030801,14030801,rs61884835,COPB1,3,Zheng,COPB1_locus0,11:14030801
11,14030801,11:14030801:T:C,11,14055964,11:14055964:T:A,0.981192,25163,11:14030801,chr11,14030801,14030801,rs61884835,COPB1,3,Zheng,COPB1_locus0,11:14030801
11,14030801,11:14030801:T:C,11,14056604,11:14056604:A:G,0.981192,25803,11:14030801,chr11,14030801,14030801,rs61884835,COPB1,3,Zheng,COPB1_locus0,11:14030801
11,14030801,11:14030801:T:C,11,14057811,11:14057811:G:A,0.981192,27010,11:14030801,chr11,14030801,14030801,rs61884835,COPB1,3,Zheng,COPB1_locus0,11:14030801
11,14030801,11:14030801:T:C,11,14060987,11:14060987:G:A,0.861839,30186,11:14030801,chr11,14030801,14030801,rs61884835,COPB1,3,Zheng,COPB1_locus0,11:14030801
11,14030801,11:14030801:T:C,11,14063044,11:14063044:C:T,0.861839,32243,11:14030801,chr11,14030801,14030801,rs61884835,COPB1,3,Zheng,COPB1_locus0,11:14030801
11,14030801,11:14030801:T:C,11,14064002,11:14064002:C:T,0.861839,33201,11:14030801,chr11,14030801,14030801,rs61884835,COPB1,3,Zheng,COPB1_locus0,11:14030801
11,14030801,11:14030801:T:C,11,14064911,11:14064911:A:T,0.861839,34110,11:14030801,chr11,14030801,14030801,rs61884835,COPB1,3,Zheng,COPB1_locus0,11:14030801
11,14030801,11:14030801:T:C,11,14066896,11:14066896:G:C,0.861839,36095,11:14030801,chr11,14030801,14030801,rs61884835,COPB1,3,Zheng,COPB1_locus0,11:14030801
11,14030801,11:14030801:T:C,11,14068914,11:14068914:G:T,0.861839,38113,11:14030801,chr11,14030801,14030801,rs61884835,COPB1,3,Zheng,COPB1_locus0,11:14030801
11,14030801,11:14030801:T:C,11,14069375,11:14069375:C:T,0.861839,38574,11:14030801,chr11,14030801,14030801,rs61884835,COPB1,3,Zheng,COPB1_locus0,11:14030801
11,14030801,11:14030801:T:C,11,14069831,11:14069831:CTCTATCTAC:C,0.861839,39030,11:14030801,chr11,14030801,14030801,rs61884835,COPB1,3,Zheng,COPB1_locus0,11:14030801
11,14030801,11:14030801:T:C,11,14091014,11:14091014:C:T,0.813355,60213,11:14030801,chr11,14030801,14030801,rs61884835,COPB1,3,Zheng,COPB1_locus0,11:14030801
11,14030801,11:14030801:T:C,11,14091112,11:14091112:A:G,0.813355,60311,11:14030801,chr11,14030801,14030801,rs61884835,COPB1,3,Zheng,COPB1_locus0,11:14030801
11,14030801,11:14030801:T:C,11,14092213,11:14092213:T:C,0.813355,61412,11:14030801,chr11,14030801,14030801,rs61884835,COPB1,3,Zheng,COPB1_locus0,11:14030801
11,14030801,11:14030801:T:C,11,14093200,11:14093200:G:T,0.808431,62399,11:14030801,chr11,14030801,14030801,rs61884835,COPB1,3,Zheng,COPB1_locus0,11:14030801
11,14030801,11:14030801:T:C,11,14097555,11:14097555:T:C,0.813355,66754,11:14030801,chr11,14030801,14030801,rs61884835,COPB1,3,Zheng,COPB1_locus0,11:14030801
11,14030801,11:14030801:T:C,11,14099493,11:14099493:G:T,0.813355,68692,11:14030801,chr11,14030801,14030801,rs61884835,COPB1,3,Zheng,COPB1_locus0,11:14030801
11,14401216,11:14401216:G:A,11,14378018,11:14378018:T:TTG,0.81519,23198,11:14401216,chr11,14401216,14401216,rs11023210,COPB1,3,Zheng,COPB1_locus1,11:14401216
11,14401216,11:14401216:G:A,11,14383437,11:14383437:T:C,0.880631,17779,11:14401216,chr11,14401216,14401216,rs11023210,COPB1,3,Zheng,COPB1_locus1,11:14401216
11,14401216,11:14401216:G:A,11,14384210,11:14384210:C:T,0.880631,17006,11:14401216,chr11,14401216,14401216,rs11023210,COPB1,3,Zheng,COPB1_locus1,11:14401216
11,14401216,11:14401216:G:A,11,14384552,11:14384552:C:CA,0.880631,16664,11:14401216,chr11,14401216,14401216,rs11023210,COPB1,3,Zheng,COPB1_locus1,11:14401216
11,14401216,11:14401216:G:A,11,14384554,11:14384554:G:A,0.880631,16662,11:14401216,chr11,14401216,14401216,rs11023210,COPB1,3,Zheng,COPB1_locus1,11:14401216
11,14401216,11:14401216:G:A,11,14388269,11:14388269:G:A,0.880631,12947,11:14401216,chr11,14401216,14401216,rs11023210,COPB1,3,Zheng,COPB1_locus1,11:14401216
11,14401216,11:14401216:G:A,11,14391541,11:14391541:G:A,0.880631,9675,11:14401216,chr11,14401216,14401216,rs11023210,COPB1,3,Zheng,COPB1_locus1,11:14401216
11,14401216,11:14401216:G:A,11,14392271,11:14392271:G:A,0.880631,8945,11:14401216,chr11,14401216,14401216,rs11023210,COPB1,3,Zheng,COPB1_locus1,11:14401216
11,14401216,11:14401216:G:A,11,14393088,11:14393088:A:C,0.880631,8128,11:14401216,chr11,14401216,14401216,rs11023210,COPB1,3,Zheng,COPB1_locus1,11:14401216
11,14401216,11:14401216:G:A,11,14395618,11:14395618:GTATA:G,1.0,5598,11:14401216,chr11,14401216,14401216,rs11023210,COPB1,3,Zheng,COPB1_locus1,11:14401216
11,14401216,11:14401216:G:A,11,14396749,11:14396749:G:A,0.992558,4467,11:14401216,chr11,14401216,14401216,rs11023210,COPB1,3,Zheng,COPB1_locus1,11:14401216
11,14401216,11:14401216:G:A,11,14399555,11:14399555:A:G,1.0,1661,11:14401216,chr11,14401216,14401216,rs11023210,COPB1,3,Zheng,COPB1_locus1,11:14401216
11,14401216,11:14401216:G:A,11,14400862,11:14400862:CA:C,0.809545,354,11:14401216,chr11,14401216,14401216,rs11023210,COPB1,3,Zheng,COPB1_locus1,11:14401216
11,14401216,11:14401216:G:A,11,14401054,11:14401054:T:C,1.0,162,11:14401216,chr11,14401216,14401216,rs11023210,COPB1,3,Zheng,COPB1_locus1,11:14401216
11,14401216,11:14401216:G:A,11,14401216,11:14401216:G:A,1.0,0,11:14401216,chr11,14401216,14401216,rs11023210,COPB1,3,Zheng,COPB1_locus1,11:14401216
11,14401216,11:14401216:G:A,11,14404916,11:14404916:C:T,1.0,3700,11:14401216,chr11,14401216,14401216,rs11023210,COPB1,3,Zheng,COPB1_locus1,11:14401216
11,14401216,11:14401216:G:A,11,14404937,11:14404937:AT:A,1.0,3721,11:14401216,chr11,14401216,14401216,rs11023210,COPB1,3,Zheng,COPB1_locus1,11:14401216
11,14401216,11:14401216:G:A,11,14404942,11:14404942:T:A,0.992573,3726,11:14401216,chr11,14401216,14401216,rs11023210,COPB1,3,Zheng,COPB1_locus1,11:14401216
11,14401216,11:14401216:G:A,11,14405226,11:14405226:CA:C,0.871503,4010,11:14401216,chr11,14401216,14401216,rs11023210,COPB1,3,Zheng,COPB1_locus1,11:14401216
11,14401216,11:14401216:G:A,11,14410163,11:14410163:G:A,0.843821,8947,11:14401216,chr11,14401216,14401216,rs11023210,COPB1,3,Zheng,COPB1_locus1,11:14401216
11,19213250,11:19213250:G:A,11,19211855,11:19211855:C:T,1.0,1395,11:19213250,chr11,19213250,19213250,rs11025059,CSRP3,4,Jurgens,CSRP3_locus0,11:19213250
11,19213250,11:19213250:G:A,11,19212627,11:19212627:C:T,1.0,623,11:19213250,chr11,19213250,19213250,rs11025059,CSRP3,4,Jurgens,CSRP3_locus0,11:19213250
11,19213250,11:19213250:G:A,11,19213250,11:19213250:G:A,1.0,0,11:19213250,chr11,19213250,19213250,rs11025059,CSRP3,4,Jurgens,CSRP3_locus0,11:19213250
11,19213250,11:19213250:G:A,11,19214743,11:19214743:G:A,1.0,1493,11:19213250,chr11,19213250,19213250,rs11025059,CSRP3,4,Jurgens,CSRP3_locus0,11:19213250
11,19213250,11:19213250:G:A,11,19215129,11:19215129:C:T,1.0,1879,11:19213250,chr11,19213250,19213250,rs11025059,CSRP3,4,Jurgens,CSRP3_locus0,11:19213250
11,19213250,11:19213250:G:A,11,19215192,11:19215192:A:G,1.0,1942,11:19213250,chr11,19213250,19213250,rs11025059,CSRP3,4,Jurgens,CSRP3_locus0,11:19213250
11,101072061,11:101072061:T:G,11,101072061,11:101072061:T:G,1.0,0,11:101072061,chr11,101072061,101072061,rs658286,PGR,4,Jurgens,PGR_locus0,11:101072061
11,101072061,11:101072061:T:G,11,101113427,11:101113427:A:ATT,0.971739,41366,11:101072061,chr11,101072061,101072061,rs658286,PGR,4,Jurgens,PGR_locus0,11:101072061
11,111947190,11:111947190:T:C,11,111938152,11:111938152:C:G,0.98478,9038,11:111947190,chr11,111947190,111947190,rs35440570,CRYAB,2,Zheng,CRYAB_locus0,11:111947190
11,111947190,11:111947190:T:C,11,111938765,11:111938765:C:T,0.98478,8425,11:111947190,chr11,111947190,111947190,rs35440570,CRYAB,2,Zheng,CRYAB_locus0,11:111947190
11,111947190,11:111947190:T:C,11,111943534,11:111943534:C:G,0.977054,3656,11:111947190,chr11,111947190,111947190,rs35440570,CRYAB,2,Zheng,CRYAB_locus0,11:111947190
11,111947190,11:111947190:T:C,11,111944207,11:111944207:A:C,0.977054,2983,11:111947190,chr11,111947190,111947190,rs35440570,CRYAB,2,Zheng,CRYAB_locus0,11:111947190
11,111947190,11:111947190:T:C,11,111945419,11:111945419:A:G,0.977054,1771,11:111947190,chr11,111947190,111947190,rs35440570,CRYAB,2,Zheng,CRYAB_locus0,11:111947190
11,111947190,11:111947190:T:C,11,111946958,11:111946958:C:T,0.992364,232,11:111947190,chr11,111947190,111947190,rs35440570,CRYAB,2,Zheng,CRYAB_locus0,11:111947190
11,111947190,11:111947190:T:C,11,111947190,11:111947190:T:C,1.0,0,11:111947190,chr11,111947190,111947190,rs35440570,CRYAB,2,Zheng,CRYAB_locus0,11:111947190
11,111947190,11:111947190:T:C,11,111949758,11:111949758:G:C,0.992364,2568,11:111947190,chr11,111947190,111947190,rs35440570,CRYAB,2,Zheng,CRYAB_locus0,11:111947190
11,111947190,11:111947190:T:C,11,111954529,11:111954529:G:T,0.977054,7339,11:111947190,chr11,111947190,111947190,rs35440570,CRYAB,2,Zheng,CRYAB_locus0,11:111947190
11,111947190,11:111947190:T:C,11,111955787,11:111955787:T:G,0.977054,8597,11:111947190,chr11,111947190,111947190,rs35440570,CRYAB,2,Zheng,CRYAB_locus0,11:111947190
11,111947190,11:111947190:T:C,11,111960594,11:111960594:TA:T,0.969391,13404,11:111947190,chr11,111947190,111947190,rs35440570,CRYAB,2,Zheng,CRYAB_locus0,11:111947190
11,111947190,11:111947190:T:C,11,111962485,11:111962485:G:A,0.984789,15295,11:111947190,chr11,111947190,111947190,rs35440570,CRYAB,2,Zheng,CRYAB_locus0,11:111947190
11,111947190,11:111947190:T:C,11,111975209,11:111975209:C:A,0.977054,28019,11:111947190,chr11,111947190,111947190,rs35440570,CRYAB,2,Zheng,CRYAB_locus0,11:111947190
11,111947190,11:111947190:T:C,11,111975991,11:111975991:G:A,0.977054,28801,11:111947190,chr11,111947190,111947190,rs35440570,CRYAB,2,Zheng,CRYAB_locus0,11:111947190
11,111947190,11:111947190:T:C,11,111977806,11:111977806:C:T,0.977054,30616,11:111947190,chr11,111947190,111947190,rs35440570,CRYAB,2,Zheng,CRYAB_locus0,11:111947190
11,111947190,11:111947190:T:C,11,111983141,11:111983141:G:C,0.992364,35951,11:111947190,chr11,111947190,111947190,rs35440570,CRYAB,2,Zheng,CRYAB_locus0,11:111947190
11,111947190,11:111947190:T:C,11,111985688,11:111985688:A:C,0.977122,38498,11:111947190,chr11,111947190,111947190,rs35440570,CRYAB,2,Zheng,CRYAB_locus0,11:111947190
11,111947190,11:111947190:T:C,11,111986493,11:111986493:C:T,0.977122,39303,11:111947190,chr11,111947190,111947190,rs35440570,CRYAB,2,Zheng,CRYAB_locus0,11:111947190
11,111947190,11:111947190:T:C,11,111990432,11:111990432:C:T,0.984789,43242,11:111947190,chr11,111947190,111947190,rs35440570,CRYAB,2,Zheng,CRYAB_locus0,11:111947190
11,111947190,11:111947190:T:C,11,111990466,11:111990466:A:G,0.984789,43276,11:111947190,chr11,111947190,111947190,rs35440570,CRYAB,2,Zheng,CRYAB_locus0,11:111947190
11,111947190,11:111947190:T:C,11,111995291,11:111995291:C:G,0.977054,48101,11:111947190,chr11,111947190,111947190,rs35440570,CRYAB,2,Zheng,CRYAB_locus0,11:111947190
11,111947190,11:111947190:T:C,11,111995718,11:111995718:GAC:G,0.977054,48528,11:111947190,chr11,111947190,111947190,rs35440570,CRYAB,2,Zheng,CRYAB_locus0,11:111947190
11,111947190,11:111947190:T:C,11,111998826,11:111998826:G:C,0.95449,51636,11:111947190,chr11,111947190,111947190,rs35440570,CRYAB,2,Zheng,CRYAB_locus0,11:111947190
11,111947190,11:111947190:T:C,11,112003207,11:112003207:G:A,0.977054,56017,11:111947190,chr11,111947190,111947190,rs35440570,CRYAB,2,Zheng,CRYAB_locus0,11:111947190
11,111947190,11:111947190:T:C,11,112003690,11:112003690:C:T,0.977054,56500,11:111947190,chr11,111947190,111947190,rs35440570,CRYAB,2,Zheng,CRYAB_locus0,11:111947190
11,111947190,11:111947190:T:C,11,112005049,11:112005049:C:T,0.977054,57859,11:111947190,chr11,111947190,111947190,rs35440570,CRYAB,2,Zheng,CRYAB_locus0,11:111947190
11,111947190,11:111947190:T:C,11,112006093,11:112006093:C:T,0.977054,58903,11:111947190,chr11,111947190,111947190,rs35440570,CRYAB,2,Zheng,CRYAB_locus0,11:111947190
11,111947190,11:111947190:T:C,11,112007120,11:112007120:A:G,0.977054,59930,11:111947190,chr11,111947190,111947190,rs35440570,CRYAB,2,Zheng,CRYAB_locus0,11:111947190
11,111947190,11:111947190:T:C,11,112007493,11:112007493:GAC:G,0.977054,60303,11:111947190,chr11,111947190,111947190,rs35440570,CRYAB,2,Zheng,CRYAB_locus0,11:111947190
11,111947190,11:111947190:T:C,11,112010083,11:112010083:C:CCTT,0.984789,62893,11:111947190,chr11,111947190,111947190,rs35440570,CRYAB,2,Zheng,CRYAB_locus0,11:111947190
11,111947190,11:111947190:T:C,11,112018911,11:112018911:C:G,0.984789,71721,11:111947190,chr11,111947190,111947190,rs35440570,CRYAB,2,Zheng,CRYAB_locus0,11:111947190
11,111947190,11:111947190:T:C,11,112021335,11:112021335:A:C,0.992364,74145,11:111947190,chr11,111947190,111947190,rs35440570,CRYAB,2,Zheng,CRYAB_locus0,11:111947190
11,111947190,11:111947190:T:C,11,112021522,11:112021522:G:C,0.977054,74332,11:111947190,chr11,111947190,111947190,rs35440570,CRYAB,2,Zheng,CRYAB_locus0,11:111947190
11,111947190,11:111947190:T:C,11,112021791,11:112021791:G:A,0.984789,74601,11:111947190,chr11,111947190,111947190,rs35440570,CRYAB,2,Zheng,CRYAB_locus0,11:111947190
11,111947190,11:111947190:T:C,11,112021803,11:112021803:C:T,0.977054,74613,11:111947190,chr11,111947190,111947190,rs35440570,CRYAB,2,Zheng,CRYAB_locus0,11:111947190
11,111947190,11:111947190:T:C,11,112021979,11:112021979:C:CA,0.940067,74789,11:111947190,chr11,111947190,111947190,rs35440570,CRYAB,2,Zheng,CRYAB_locus0,11:111947190
11,111947190,11:111947190:T:C,11,112023119,11:112023119:G:C,0.992364,75929,11:111947190,chr11,111947190,111947190,rs35440570,CRYAB,2,Zheng,CRYAB_locus0,11:111947190
11,111947190,11:111947190:T:C,11,112024135,11:112024135:A:ATT,0.969445,76945,11:111947190,chr11,111947190,111947190,rs35440570,CRYAB,2,Zheng,CRYAB_locus0,11:111947190
11,111947190,11:111947190:T:C,11,112024529,11:112024529:A:T,0.977054,77339,11:111947190,chr11,111947190,111947190,rs35440570,CRYAB,2,Zheng,CRYAB_locus0,11:111947190
11,111947190,11:111947190:T:C,11,112024530,11:112024530:G:T,0.977054,77340,11:111947190,chr11,111947190,111947190,rs35440570,CRYAB,2,Zheng,CRYAB_locus0,11:111947190
11,111947190,11:111947190:T:C,11,112025600,11:112025600:C:T,0.977054,78410,11:111947190,chr11,111947190,111947190,rs35440570,CRYAB,2,Zheng,CRYAB_locus0,11:111947190
11,111947190,11:111947190:T:C,11,112026326,11:112026326:A:T,0.884222,79136,11:111947190,chr11,111947190,111947190,rs35440570,CRYAB,2,Zheng,CRYAB_locus0,11:111947190
11,111947190,11:111947190:T:C,11,112026934,11:112026934:A:G,0.954452,79744,11:111947190,chr11,111947190,111947190,rs35440570,CRYAB,2,Zheng,CRYAB_locus0,11:111947190
11,111947190,11:111947190:T:C,11,112027017,11:112027017:C:T,0.977054,79827,11:111947190,chr11,111947190,111947190,rs35440570,CRYAB,2,Zheng,CRYAB_locus0,11:111947190
11,111947190,11:111947190:T:C,11,112027217,11:112027217:C:T,0.969445,80027,11:111947190,chr11,111947190,111947190,rs35440570,CRYAB,2,Zheng,CRYAB_locus0,11:111947190
11,111947190,11:111947190:T:C,11,112027283,11:112027283:G:A,0.992364,80093,11:111947190,chr11,111947190,111947190,rs35440570,CRYAB,2,Zheng,CRYAB_locus0,11:111947190
11,111947190,11:111947190:T:C,11,112027479,11:112027479:C:T,0.954417,80289,11:111947190,chr11,111947190,111947190,rs35440570,CRYAB,2,Zheng,CRYAB_locus0,11:111947190
11,111947190,11:111947190:T:C,11,112027500,11:112027500:C:T,0.954417,80310,11:111947190,chr11,111947190,111947190,rs35440570,CRYAB,2,Zheng,CRYAB_locus0,11:111947190
11,111947190,11:111947190:T:C,11,112027501,11:112027501:A:G,0.969457,80311,11:111947190,chr11,111947190,111947190,rs35440570,CRYAB,2,Zheng,CRYAB_locus0,11:111947190
11,111947190,11:111947190:T:C,11,112027893,11:112027893:A:AGAGAGG,0.992364,80703,11:111947190,chr11,111947190,111947190,rs35440570,CRYAB,2,Zheng,CRYAB_locus0,11:111947190
11,111947190,11:111947190:T:C,11,112028420,11:112028420:CAA:C,0.917887,81230,11:111947190,chr11,111947190,111947190,rs35440570,CRYAB,2,Zheng,CRYAB_locus0,11:111947190
11,111947190,11:111947190:T:C,11,112030391,11:112030391:C:CA,0.984789,83201,11:111947190,chr11,111947190,111947190,rs35440570,CRYAB,2,Zheng,CRYAB_locus0,11:111947190
11,111947190,11:111947190:T:C,11,112031478,11:112031478:A:G,0.992364,84288,11:111947190,chr11,111947190,111947190,rs35440570,CRYAB,2,Zheng,CRYAB_locus0,11:111947190
11,111947190,11:111947190:T:C,11,112031740,11:112031740:ATT:A,0.939681,84550,11:111947190,chr11,111947190,111947190,rs35440570,CRYAB,2,Zheng,CRYAB_locus0,11:111947190
11,111947190,11:111947190:T:C,11,112033271,11:112033271:T:C,0.984789,86081,11:111947190,chr11,111947190,111947190,rs35440570,CRYAB,2,Zheng,CRYAB_locus0,11:111947190
11,111947190,11:111947190:T:C,11,112033802,11:112033802:T:C,0.984789,86612,11:111947190,chr11,111947190,111947190,rs35440570,CRYAB,2,Zheng,CRYAB_locus0,11:111947190
11,111947190,11:111947190:T:C,11,112034744,11:112034744:A:G,0.977054,87554,11:111947190,chr11,111947190,111947190,rs35440570,CRYAB,2,Zheng,CRYAB_locus0,11:111947190
11,111947190,11:111947190:T:C,11,112036096,11:112036096:C:CAT,0.954872,88906,11:111947190,chr11,111947190,111947190,rs35440570,CRYAB,2,Zheng,CRYAB_locus0,11:111947190
11,111947190,11:111947190:T:C,11,112037438,11:112037438:T:C,0.984789,90248,11:111947190,chr11,111947190,111947190,rs35440570,CRYAB,2,Zheng,CRYAB_locus0,11:111947190
11,111947190,11:111947190:T:C,11,112039095,11:112039095:C:A,0.992364,91905,11:111947190,chr11,111947190,111947190,rs35440570,CRYAB,2,Zheng,CRYAB_locus0,11:111947190
11,111947190,11:111947190:T:C,11,112041359,11:112041359:A:G,0.977054,94169,11:111947190,chr11,111947190,111947190,rs35440570,CRYAB,2,Zheng,CRYAB_locus0,11:111947190
11,111947190,11:111947190:T:C,11,112042640,11:112042640:G:A,0.977054,95450,11:111947190,chr11,111947190,111947190,rs35440570,CRYAB,2,Zheng,CRYAB_locus0,11:111947190
11,111947190,11:111947190:T:C,11,112043842,11:112043842:A:G,0.984789,96652,11:111947190,chr11,111947190,111947190,rs35440570,CRYAB,2,Zheng,CRYAB_locus0,11:111947190
11,111947190,11:111947190:T:C,11,112045618,11:112045618:A:G,0.984789,98428,11:111947190,chr11,111947190,111947190,rs35440570,CRYAB,2,Zheng,CRYAB_locus0,11:111947190
11,111947190,11:111947190:T:C,11,112045923,11:112045923:G:A,0.977054,98733,11:111947190,chr11,111947190,111947190,rs35440570,CRYAB,2,Zheng,CRYAB_locus0,11:111947190
11,111947190,11:111947190:T:C,11,112050017,11:112050017:A:G,0.955695,102827,11:111947190,chr11,111947190,111947190,rs35440570,CRYAB,2,Zheng,CRYAB_locus0,11:111947190
11,111947190,11:111947190:T:C,11,112050384,11:112050384:C:T,0.955695,103194,11:111947190,chr11,111947190,111947190,rs35440570,CRYAB,2,Zheng,CRYAB_locus0,11:111947190
11,111947190,11:111947190:T:C,11,112055348,11:112055348:G:C,0.977054,108158,11:111947190,chr11,111947190,111947190,rs35440570,CRYAB,2,Zheng,CRYAB_locus0,11:111947190
11,111947190,11:111947190:T:C,11,112055804,11:112055804:T:C,0.977054,108614,11:111947190,chr11,111947190,111947190,rs35440570,CRYAB,2,Zheng,CRYAB_locus0,11:111947190
11,111947190,11:111947190:T:C,11,112056639,11:112056639:AT:A,0.961971,109449,11:111947190,chr11,111947190,111947190,rs35440570,CRYAB,2,Zheng,CRYAB_locus0,11:111947190
11,111947190,11:111947190:T:C,11,112059852,11:112059852:C:T,0.992364,112662,11:111947190,chr11,111947190,111947190,rs35440570,CRYAB,2,Zheng,CRYAB_locus0,11:111947190
11,111947190,11:111947190:T:C,11,112062364,11:112062364:A:G,0.947425,115174,11:111947190,chr11,111947190,111947190,rs35440570,CRYAB,2,Zheng,CRYAB_locus0,11:111947190
11,111947190,11:111947190:T:C,11,112062954,11:112062954:A:G,0.955695,115764,11:111947190,chr11,111947190,111947190,rs35440570,CRYAB,2,Zheng,CRYAB_locus0,11:111947190
11,111947190,11:111947190:T:C,11,112063783,11:112063783:G:C,0.977054,116593,11:111947190,chr11,111947190,111947190,rs35440570,CRYAB,2,Zheng,CRYAB_locus0,11:111947190
11,111947190,11:111947190:T:C,11,112064842,11:112064842:A:AT,0.878298,117652,11:111947190,chr11,111947190,111947190,rs35440570,CRYAB,2,Zheng,CRYAB_locus0,11:111947190
11,111947190,11:111947190:T:C,11,112068999,11:112068999:T:G,0.898445,121809,11:111947190,chr11,111947190,111947190,rs35440570,CRYAB,2,Zheng,CRYAB_locus0,11:111947190
11,111947190,11:111947190:T:C,11,112071532,11:112071532:T:C,0.977054,124342,11:111947190,chr11,111947190,111947190,rs35440570,CRYAB,2,Zheng,CRYAB_locus0,11:111947190
11,111947190,11:111947190:T:C,11,112072889,11:112072889:C:A,0.926445,125699,11:111947190,chr11,111947190,111947190,rs35440570,CRYAB,2,Zheng,CRYAB_locus0,11:111947190
11,111947190,11:111947190:T:C,11,112074177,11:112074177:C:T,0.931305,126987,11:111947190,chr11,111947190,111947190,rs35440570,CRYAB,2,Zheng,CRYAB_locus0,11:111947190
11,111947190,11:111947190:T:C,11,112079412,11:112079412:G:A,0.908891,132222,11:111947190,chr11,111947190,111947190,rs35440570,CRYAB,2,Zheng,CRYAB_locus0,11:111947190
11,111947190,11:111947190:T:C,11,112083198,11:112083198:TA:T,0.848096,136008,11:111947190,chr11,111947190,111947190,rs35440570,CRYAB,2,Zheng,CRYAB_locus0,11:111947190
11,111947190,11:111947190:T:C,11,112084759,11:112084759:G:A,0.870837,137569,11:111947190,chr11,111947190,111947190,rs35440570,CRYAB,2,Zheng,CRYAB_locus0,11:111947190
11,111947190,11:111947190:T:C,11,112084778,11:112084778:C:T,0.894214,137588,11:111947190,chr11,111947190,111947190,rs35440570,CRYAB,2,Zheng,CRYAB_locus0,11:111947190
11,111947190,11:111947190:T:C,11,112084799,11:112084799:C:CTTT,0.852021,137609,11:111947190,chr11,111947190,111947190,rs35440570,CRYAB,2,Zheng,CRYAB_locus0,11:111947190
11,111947190,11:111947190:T:C,11,112087095,11:112087095:G:T,0.894214,139905,11:111947190,chr11,111947190,111947190,rs35440570,CRYAB,2,Zheng,CRYAB_locus0,11:111947190
11,111947190,11:111947190:T:C,11,112089653,11:112089653:T:TA,0.870837,142463,11:111947190,chr11,111947190,111947190,rs35440570,CRYAB,2,Zheng,CRYAB_locus0,11:111947190
11,111947190,11:111947190:T:C,11,112089809,11:112089809:T:C,0.894214,142619,11:111947190,chr11,111947190,111947190,rs35440570,CRYAB,2,Zheng,CRYAB_locus0,11:111947190
11,111947190,11:111947190:T:C,11,112090099,11:112090099:GTT:G,0.894214,142909,11:111947190,chr11,111947190,111947190,rs35440570,CRYAB,2,Zheng,CRYAB_locus0,11:111947190
11,111947190,11:111947190:T:C,11,112090338,11:112090338:TG:T,0.894214,143148,11:111947190,chr11,111947190,111947190,rs35440570,CRYAB,2,Zheng,CRYAB_locus0,11:111947190
11,111947190,11:111947190:T:C,11,112093315,11:112093315:T:C,0.893551,146125,11:111947190,chr11,111947190,111947190,rs35440570,CRYAB,2,Zheng,CRYAB_locus0,11:111947190
11,111947190,11:111947190:T:C,11,112095868,11:112095868:G:GT,0.885876,148678,11:111947190,chr11,111947190,111947190,rs35440570,CRYAB,2,Zheng,CRYAB_locus0,11:111947190
11,111947190,11:111947190:T:C,11,112095868,11:112095869:G:GTT,0.840621,148678,11:111947190,chr11,111947190,111947190,rs35440570,CRYAB,2,Zheng,CRYAB_locus0,11:111947190
11,111947190,11:111947190:T:C,11,112095927,11:112095927:G:A,0.870837,148737,11:111947190,chr11,111947190,111947190,rs35440570,CRYAB,2,Zheng,CRYAB_locus0,11:111947190
11,111947190,11:111947190:T:C,11,112095991,11:112095991:G:A,0.894214,148801,11:111947190,chr11,111947190,111947190,rs35440570,CRYAB,2,Zheng,CRYAB_locus0,11:111947190
11,111947190,11:111947190:T:C,11,112096881,11:112096881:A:G,0.894214,149691,11:111947190,chr11,111947190,111947190,rs35440570,CRYAB,2,Zheng,CRYAB_locus0,11:111947190
11,111947190,11:111947190:T:C,11,112099050,11:112099050:A:G,0.894214,151860,11:111947190,chr11,111947190,111947190,rs35440570,CRYAB,2,Zheng,CRYAB_locus0,11:111947190
11,111947190,11:111947190:T:C,11,112099103,11:112099103:C:G,0.870837,151913,11:111947190,chr11,111947190,111947190,rs35440570,CRYAB,2,Zheng,CRYAB_locus0,11:111947190
11,111947190,11:111947190:T:C,11,112099241,11:112099241:C:T,0.894214,152051,11:111947190,chr11,111947190,111947190,rs35440570,CRYAB,2,Zheng,CRYAB_locus0,11:111947190
11,111947190,11:111947190:T:C,11,112101932,11:112101932:T:C,0.870837,154742,11:111947190,chr11,111947190,111947190,rs35440570,CRYAB,2,Zheng,CRYAB_locus0,11:111947190
11,111947190,11:111947190:T:C,11,112102299,11:112102299:C:T,0.894214,155109,11:111947190,chr11,111947190,111947190,rs35440570,CRYAB,2,Zheng,CRYAB_locus0,11:111947190
11,111947190,11:111947190:T:C,11,112102433,11:112102433:C:CA,0.863848,155243,11:111947190,chr11,111947190,111947190,rs35440570,CRYAB,2,Zheng,CRYAB_locus0,11:111947190
11,111947190,11:111947190:T:C,11,112102879,11:112102879:T:G,0.870837,155689,11:111947190,chr11,111947190,111947190,rs35440570,CRYAB,2,Zheng,CRYAB_locus0,11:111947190
11,111947190,11:111947190:T:C,11,112103383,11:112103383:C:T,0.894214,156193,11:111947190,chr11,111947190,111947190,rs35440570,CRYAB,2,Zheng,CRYAB_locus0,11:111947190
11,111947190,11:111947190:T:C,11,112108840,11:112108840:T:C,0.81925,161650,11:111947190,chr11,111947190,111947190,rs35440570,CRYAB,2,Zheng,CRYAB_locus0,11:111947190
11,111947190,11:111947190:T:C,11,112111129,11:112111129:T:C,0.81925,163939,11:111947190,chr11,111947190,111947190,rs35440570,CRYAB,2,Zheng,CRYAB_locus0,11:111947190
11,111947190,11:111947190:T:C,11,112115014,11:112115014:A:C,0.806987,167824,11:111947190,chr11,111947190,111947190,rs35440570,CRYAB,2,Zheng,CRYAB_locus0,11:111947190
12,26177439,12:26177439:A:G,12,26125285,12:26125285:G:C,0.943118,52154,12:26177439,chr12,26177439,26177439,rs1466467,SSPN,3,Jurgens,SSPN_locus0,12:26177439
12,26177439,12:26177439:A:G,12,26126635,12:26126635:G:A,0.943118,50804,12:26177439,chr12,26177439,26177439,rs1466467,SSPN,3,Jurgens,SSPN_locus0,12:26177439
12,26177439,12:26177439:A:G,12,26128297,12:26128297:T:C,1.0,49142,12:26177439,chr12,26177439,26177439,rs1466467,SSPN,3,Jurgens,SSPN_locus0,12:26177439
12,26177439,12:26177439:A:G,12,26129298,12:26129298:C:G,1.0,48141,12:26177439,chr12,26177439,26177439,rs1466467,SSPN,3,Jurgens,SSPN_locus0,12:26177439
12,26177439,12:26177439:A:G,12,26130834,12:26130834:T:C,1.0,46605,12:26177439,chr12,26177439,26177439,rs1466467,SSPN,3,Jurgens,SSPN_locus0,12:26177439
12,26177439,12:26177439:A:G,12,26134336,12:26134336:A:G,1.0,43103,12:26177439,chr12,26177439,26177439,rs1466467,SSPN,3,Jurgens,SSPN_locus0,12:26177439
12,26177439,12:26177439:A:G,12,26134838,12:26134838:A:G,1.0,42601,12:26177439,chr12,26177439,26177439,rs1466467,SSPN,3,Jurgens,SSPN_locus0,12:26177439
12,26177439,12:26177439:A:G,12,26177439,12:26177439:A:G,1.0,0,12:26177439,chr12,26177439,26177439,rs1466467,SSPN,3,Jurgens,SSPN_locus0,12:26177439
12,26186798,12:26186798:C:T,12,26186284,12:26186284:G:A,0.984935,514,12:26186798,chr12,26186798,26186798,rs7955859,SSPN,4,Zheng,SSPN_locus0,12:26186798
12,26186798,12:26186798:C:T,12,26186798,12:26186798:C:T,1.0,0,12:26186798,chr12,26186798,26186798,rs7955859,SSPN,4,Zheng,SSPN_locus0,12:26186798
12,26186798,12:26186798:C:T,12,26187955,12:26187955:A:C,0.992434,1157,12:26186798,chr12,26186798,26186798,rs7955859,SSPN,4,Zheng,SSPN_locus0,12:26186798
12,26186798,12:26186798:C:T,12,26192593,12:26192593:C:T,0.886063,5795,12:26186798,chr12,26186798,26186798,rs7955859,SSPN,4,Zheng,SSPN_locus0,12:26186798
12,26186798,12:26186798:C:T,12,26192897,12:26192897:CCTA:C,0.886063,6099,12:26186798,chr12,26186798,26186798,rs7955859,SSPN,4,Zheng,SSPN_locus0,12:26186798
12,26186798,12:26186798:C:T,12,26194023,12:26194023:A:T,0.886063,7225,12:26186798,chr12,26186798,26186798,rs7955859,SSPN,4,Zheng,SSPN_locus0,12:26186798
12,26186798,12:26186798:C:T,12,26195371,12:26195371:T:C,0.886063,8573,12:26186798,chr12,26186798,26186798,rs7955859,SSPN,4,Zheng,SSPN_locus0,12:26186798
12,54902973,12:54902973:A:C,12,54858418,12:54858418:C:T,0.971025,44555,12:54902973,chr12,54902973,54902973,rs12230438,ITGA5,1,Zheng,ITGA5_locus0,12:54902973
12,54902973,12:54902973:A:C,12,54867269,12:54867269:G:A,0.971025,35704,12:54902973,chr12,54902973,54902973,rs12230438,ITGA5,1,Zheng,ITGA5_locus0,12:54902973
12,54902973,12:54902973:A:C,12,54874376,12:54874376:A:G,0.971025,28597,12:54902973,chr12,54902973,54902973,rs12230438,ITGA5,1,Zheng,ITGA5_locus0,12:54902973
12,54902973,12:54902973:A:C,12,54887365,12:54887365:G:A,0.971025,15608,12:54902973,chr12,54902973,54902973,rs12230438,ITGA5,1,Zheng,ITGA5_locus0,12:54902973
12,54902973,12:54902973:A:C,12,54896335,12:54896335:C:T,1.0,6638,12:54902973,chr12,54902973,54902973,rs12230438,ITGA5,1,Zheng,ITGA5_locus0,12:54902973
12,54902973,12:54902973:A:C,12,54902386,12:54902386:T:C,1.0,587,12:54902973,chr12,54902973,54902973,rs12230438,ITGA5,1,Zheng,ITGA5_locus0,12:54902973
12,54902973,12:54902973:A:C,12,54902973,12:54902973:A:C,1.0,0,12:54902973,chr12,54902973,54902973,rs12230438,ITGA5,1,Zheng,ITGA5_locus0,12:54902973
12,54902973,12:54902973:A:C,12,54912055,12:54912055:C:T,0.992867,9082,12:54902973,chr12,54902973,54902973,rs12230438,ITGA5,1,Zheng,ITGA5_locus0,12:54902973
12,54902973,12:54902973:A:C,12,54917297,12:54917297:G:A,0.985746,14324,12:54902973,chr12,54902973,54902973,rs12230438,ITGA5,1,Zheng,ITGA5_locus0,12:54902973
12,56158475,12:56158475:G:A,12,56158475,12:56158475:G:A,1.0,0,12:56158475,chr12,56158475,56158475,rs78564374,MYL6,3,Zheng,MYL6_locus0,12:56158475
12,119172934,12:119172934:C:T,12,119172934,12:119172934:C:T,1.0,0,12:119172934,chr12,119172934,119172934,rs6490242,HSPB8,4,Jurgens,HSPB8_locus0,12:119172934
12,119172934,12:119172934:C:T,12,119174854,12:119174854:G:C,0.975254,1920,12:119172934,chr12,119172934,119172934,rs6490242,HSPB8,4,Jurgens,HSPB8_locus0,12:119172934
12,119172934,12:119172934:C:T,12,119177152,12:119177152:A:G,0.98331,4218,12:119172934,chr12,119172934,119172934,rs6490242,HSPB8,4,Jurgens,HSPB8_locus0,12:119172934
12,119172934,12:119172934:C:T,12,119182235,12:119182235:A:G,0.98331,9301,12:119172934,chr12,119172934,119172934,rs6490242,HSPB8,4,Jurgens,HSPB8_locus0,12:119172934
12,119172934,12:119172934:C:T,12,119184760,12:119184760:G:A,0.98331,11826,12:119172934,chr12,119172934,119172934,rs6490242,HSPB8,4,Jurgens,HSPB8_locus0,12:119172934
12,119172934,12:119172934:C:T,12,119185665,12:119185665:T:C,0.951203,12731,12:119172934,chr12,119172934,119172934,rs6490242,HSPB8,4,Jurgens,HSPB8_locus0,12:119172934
12,119172934,12:119172934:C:T,12,119191227,12:119191227:T:G,0.848104,18293,12:119172934,chr12,119172934,119172934,rs6490242,HSPB8,4,Jurgens,HSPB8_locus0,12:119172934
12,119172934,12:119172934:C:T,12,119194502,12:119194502:A:G,0.848104,21568,12:119172934,chr12,119172934,119172934,rs6490242,HSPB8,4,Jurgens,HSPB8_locus0,12:119172934
12,119180894,12:119180894:C:T,12,119170977,12:119170977:G:GA,0.945154,9917,12:119180894,chr12,119180894,119180894,rs11064693,HSPB8,6,Zheng,HSPB8_locus0,12:119180894
12,119180894,12:119180894:C:T,12,119172572,12:119172572:C:G,0.945154,8322,12:119180894,chr12,119180894,119180894,rs11064693,HSPB8,6,Zheng,HSPB8_locus0,12:119180894
12,119180894,12:119180894:C:T,12,119172680,12:119172680:A:G,0.945154,8214,12:119180894,chr12,119180894,119180894,rs11064693,HSPB8,6,Zheng,HSPB8_locus0,12:119180894
12,119180894,12:119180894:C:T,12,119175320,12:119175320:G:A,0.945154,5574,12:119180894,chr12,119180894,119180894,rs11064693,HSPB8,6,Zheng,HSPB8_locus0,12:119180894
12,119180894,12:119180894:C:T,12,119180894,12:119180894:C:T,1.0,0,12:119180894,chr12,119180894,119180894,rs11064693,HSPB8,6,Zheng,HSPB8_locus0,12:119180894
12,119180894,12:119180894:C:T,12,119186530,12:119186530:G:A,0.829841,5636,12:119180894,chr12,119180894,119180894,rs11064693,HSPB8,6,Zheng,HSPB8_locus0,12:119180894
12,119180894,12:119180894:C:T,12,119186694,12:119186694:TTGGAAGATT:T,0.818886,5800,12:119180894,chr12,119180894,119180894,rs11064693,HSPB8,6,Zheng,HSPB8_locus0,12:119180894
12,119180894,12:119180894:C:T,12,119192645,12:119192645:G:C,0.813294,11751,12:119180894,chr12,119180894,119180894,rs11064693,HSPB8,6,Zheng,HSPB8_locus0,12:119180894
12,124011769,12:124011769:A:G,12,123917163,12:123917163:CTTTCT:C,0.8038,94606,12:124011769,chr12,124011769,124011769,rs1054852,CCDC92,2,Zheng,CCDC92_locus0,12:124011769
12,124011769,12:124011769:A:G,12,123919222,12:123919222:C:T,0.854156,92547,12:124011769,chr12,124011769,124011769,rs1054852,CCDC92,2,Zheng,CCDC92_locus0,12:124011769
12,124011769,12:124011769:A:G,12,123920171,12:123920171:T:C,0.866709,91598,12:124011769,chr12,124011769,124011769,rs1054852,CCDC92,2,Zheng,CCDC92_locus0,12:124011769
12,124011769,12:124011769:A:G,12,123922856,12:123922856:C:T,0.866709,88913,12:124011769,chr12,124011769,124011769,rs1054852,CCDC92,2,Zheng,CCDC92_locus0,12:124011769
12,124011769,12:124011769:A:G,12,123923129,12:123923129:T:C,0.873692,88640,12:124011769,chr12,124011769,124011769,rs1054852,CCDC92,2,Zheng,CCDC92_locus0,12:124011769
12,124011769,12:124011769:A:G,12,123923444,12:123923444:A:G,0.873692,88325,12:124011769,chr12,124011769,124011769,rs1054852,CCDC92,2,Zheng,CCDC92_locus0,12:124011769
12,124011769,12:124011769:A:G,12,123928944,12:123928944:G:A,0.873692,82825,12:124011769,chr12,124011769,124011769,rs1054852,CCDC92,2,Zheng,CCDC92_locus0,12:124011769
12,124011769,12:124011769:A:G,12,123929551,12:123929551:C:T,0.854156,82218,12:124011769,chr12,124011769,124011769,rs1054852,CCDC92,2,Zheng,CCDC92_locus0,12:124011769
12,124011769,12:124011769:A:G,12,123930906,12:123930906:T:C,0.873692,80863,12:124011769,chr12,124011769,124011769,rs1054852,CCDC92,2,Zheng,CCDC92_locus0,12:124011769
12,124011769,12:124011769:A:G,12,123932791,12:123932791:T:C,0.873692,78978,12:124011769,chr12,124011769,124011769,rs1054852,CCDC92,2,Zheng,CCDC92_locus0,12:124011769
12,124011769,12:124011769:A:G,12,123932792,12:123932792:G:A,0.854156,78977,12:124011769,chr12,124011769,124011769,rs1054852,CCDC92,2,Zheng,CCDC92_locus0,12:124011769
12,124011769,12:124011769:A:G,12,123933925,12:123933925:C:G,0.854156,77844,12:124011769,chr12,124011769,124011769,rs1054852,CCDC92,2,Zheng,CCDC92_locus0,12:124011769
12,124011769,12:124011769:A:G,12,123934127,12:123934127:C:T,0.854156,77642,12:124011769,chr12,124011769,124011769,rs1054852,CCDC92,2,Zheng,CCDC92_locus0,12:124011769
12,124011769,12:124011769:A:G,12,123934515,12:123934515:A:C,0.847296,77254,12:124011769,chr12,124011769,124011769,rs1054852,CCDC92,2,Zheng,CCDC92_locus0,12:124011769
12,124011769,12:124011769:A:G,12,123935181,12:123935181:C:T,0.851591,76588,12:124011769,chr12,124011769,124011769,rs1054852,CCDC92,2,Zheng,CCDC92_locus0,12:124011769
12,124011769,12:124011769:A:G,12,123935529,12:123935529:C:CAGGA,0.873692,76240,12:124011769,chr12,124011769,124011769,rs1054852,CCDC92,2,Zheng,CCDC92_locus0,12:124011769
12,124011769,12:124011769:A:G,12,123939053,12:123939053:G:C,0.854156,72716,12:124011769,chr12,124011769,124011769,rs1054852,CCDC92,2,Zheng,CCDC92_locus0,12:124011769
12,124011769,12:124011769:A:G,12,123939270,12:123939270:T:C,0.815456,72499,12:124011769,chr12,124011769,124011769,rs1054852,CCDC92,2,Zheng,CCDC92_locus0,12:124011769
12,124011769,12:124011769:A:G,12,123940531,12:123940531:A:G,0.847334,71238,12:124011769,chr12,124011769,124011769,rs1054852,CCDC92,2,Zheng,CCDC92_locus0,12:124011769
12,124011769,12:124011769:A:G,12,123940837,12:123940837:TGG:T,0.854156,70932,12:124011769,chr12,124011769,124011769,rs1054852,CCDC92,2,Zheng,CCDC92_locus0,12:124011769
12,124011769,12:124011769:A:G,12,123941294,12:123941294:A:G,0.854156,70475,12:124011769,chr12,124011769,124011769,rs1054852,CCDC92,2,Zheng,CCDC92_locus0,12:124011769
12,124011769,12:124011769:A:G,12,123942189,12:123942189:C:T,0.854156,69580,12:124011769,chr12,124011769,124011769,rs1054852,CCDC92,2,Zheng,CCDC92_locus0,12:124011769
12,124011769,12:124011769:A:G,12,123943214,12:123943214:T:TA,0.854156,68555,12:124011769,chr12,124011769,124011769,rs1054852,CCDC92,2,Zheng,CCDC92_locus0,12:124011769
12,124011769,12:124011769:A:G,12,123943615,12:123943615:T:A,0.854156,68154,12:124011769,chr12,124011769,124011769,rs1054852,CCDC92,2,Zheng,CCDC92_locus0,12:124011769
12,124011769,12:124011769:A:G,12,123943784,12:123943784:T:C,0.868015,67985,12:124011769,chr12,124011769,124011769,rs1054852,CCDC92,2,Zheng,CCDC92_locus0,12:124011769
12,124011769,12:124011769:A:G,12,123946502,12:123946502:G:A,0.868015,65267,12:124011769,chr12,124011769,124011769,rs1054852,CCDC92,2,Zheng,CCDC92_locus0,12:124011769
12,124011769,12:124011769:A:G,12,123947154,12:123947154:A:G,0.873692,64615,12:124011769,chr12,124011769,124011769,rs1054852,CCDC92,2,Zheng,CCDC92_locus0,12:124011769
12,124011769,12:124011769:A:G,12,123951241,12:123951241:T:A,0.854156,60528,12:124011769,chr12,124011769,124011769,rs1054852,CCDC92,2,Zheng,CCDC92_locus0,12:124011769
12,124011769,12:124011769:A:G,12,123952668,12:123952668:A:T,0.873692,59101,12:124011769,chr12,124011769,124011769,rs1054852,CCDC92,2,Zheng,CCDC92_locus0,12:124011769
12,124011769,12:124011769:A:G,12,123953670,12:123953670:C:T,0.854156,58099,12:124011769,chr12,124011769,124011769,rs1054852,CCDC92,2,Zheng,CCDC92_locus0,12:124011769
12,124011769,12:124011769:A:G,12,123953776,12:123953776:T:TCAAAAA,0.840485,57993,12:124011769,chr12,124011769,124011769,rs1054852,CCDC92,2,Zheng,CCDC92_locus0,12:124011769
12,124011769,12:124011769:A:G,12,123953813,12:123953813:A:G,0.861062,57956,12:124011769,chr12,124011769,124011769,rs1054852,CCDC92,2,Zheng,CCDC92_locus0,12:124011769
12,124011769,12:124011769:A:G,12,123954426,12:123954426:G:C,0.854156,57343,12:124011769,chr12,124011769,124011769,rs1054852,CCDC92,2,Zheng,CCDC92_locus0,12:124011769
12,124011769,12:124011769:A:G,12,123955563,12:123955563:C:A,0.854156,56206,12:124011769,chr12,124011769,124011769,rs1054852,CCDC92,2,Zheng,CCDC92_locus0,12:124011769
12,124011769,12:124011769:A:G,12,123956196,12:123956196:G:T,0.868015,55573,12:124011769,chr12,124011769,124011769,rs1054852,CCDC92,2,Zheng,CCDC92_locus0,12:124011769
12,124011769,12:124011769:A:G,12,123957333,12:123957333:C:G,0.854156,54436,12:124011769,chr12,124011769,124011769,rs1054852,CCDC92,2,Zheng,CCDC92_locus0,12:124011769
12,124011769,12:124011769:A:G,12,123958205,12:123958205:T:C,0.861062,53564,12:124011769,chr12,124011769,124011769,rs1054852,CCDC92,2,Zheng,CCDC92_locus0,12:124011769
12,124011769,12:124011769:A:G,12,123959795,12:123959795:G:GAATT,0.873692,51974,12:124011769,chr12,124011769,124011769,rs1054852,CCDC92,2,Zheng,CCDC92_locus0,12:124011769
12,124011769,12:124011769:A:G,12,123961022,12:123961022:C:G,0.873692,50747,12:124011769,chr12,124011769,124011769,rs1054852,CCDC92,2,Zheng,CCDC92_locus0,12:124011769
12,124011769,12:124011769:A:G,12,123961706,12:123961706:T:C,0.868015,50063,12:124011769,chr12,124011769,124011769,rs1054852,CCDC92,2,Zheng,CCDC92_locus0,12:124011769
12,124011769,12:124011769:A:G,12,123962069,12:123962069:G:A,0.868015,49700,12:124011769,chr12,124011769,124011769,rs1054852,CCDC92,2,Zheng,CCDC92_locus0,12:124011769
12,124011769,12:124011769:A:G,12,123962181,12:123962181:A:G,0.854156,49588,12:124011769,chr12,124011769,124011769,rs1054852,CCDC92,2,Zheng,CCDC92_locus0,12:124011769
12,124011769,12:124011769:A:G,12,123962792,12:123962792:T:G,0.873692,48977,12:124011769,chr12,124011769,124011769,rs1054852,CCDC92,2,Zheng,CCDC92_locus0,12:124011769
12,124011769,12:124011769:A:G,12,123962799,12:123962799:T:C,0.854156,48970,12:124011769,chr12,124011769,124011769,rs1054852,CCDC92,2,Zheng,CCDC92_locus0,12:124011769
12,124011769,12:124011769:A:G,12,123962860,12:123962860:A:T,0.854308,48909,12:124011769,chr12,124011769,124011769,rs1054852,CCDC92,2,Zheng,CCDC92_locus0,12:124011769
12,124011769,12:124011769:A:G,12,123962918,12:123962918:T:A,0.854156,48851,12:124011769,chr12,124011769,124011769,rs1054852,CCDC92,2,Zheng,CCDC92_locus0,12:124011769
12,124011769,12:124011769:A:G,12,123962919,12:123962919:A:G,0.854156,48850,12:124011769,chr12,124011769,124011769,rs1054852,CCDC92,2,Zheng,CCDC92_locus0,12:124011769
12,124011769,12:124011769:A:G,12,123964676,12:123964676:C:A,0.861062,47093,12:124011769,chr12,124011769,124011769,rs1054852,CCDC92,2,Zheng,CCDC92_locus0,12:124011769
12,124011769,12:124011769:A:G,12,123971271,12:123971271:C:T,0.854156,40498,12:124011769,chr12,124011769,124011769,rs1054852,CCDC92,2,Zheng,CCDC92_locus0,12:124011769
12,124011769,12:124011769:A:G,12,123973455,12:123973455:C:A,0.861062,38314,12:124011769,chr12,124011769,124011769,rs1054852,CCDC92,2,Zheng,CCDC92_locus0,12:124011769
12,124011769,12:124011769:A:G,12,123975620,12:123975620:G:T,0.854156,36149,12:124011769,chr12,124011769,124011769,rs1054852,CCDC92,2,Zheng,CCDC92_locus0,12:124011769
12,124011769,12:124011769:A:G,12,123980289,12:123980289:G:T,0.847296,31480,12:124011769,chr12,124011769,124011769,rs1054852,CCDC92,2,Zheng,CCDC92_locus0,12:124011769
12,124011769,12:124011769:A:G,12,123981448,12:123981448:T:C,0.873692,30321,12:124011769,chr12,124011769,124011769,rs1054852,CCDC92,2,Zheng,CCDC92_locus0,12:124011769
12,124011769,12:124011769:A:G,12,123982176,12:123982176:C:T,0.854156,29593,12:124011769,chr12,124011769,124011769,rs1054852,CCDC92,2,Zheng,CCDC92_locus0,12:124011769
12,124011769,12:124011769:A:G,12,123982657,12:123982657:C:A,0.854156,29112,12:124011769,chr12,124011769,124011769,rs1054852,CCDC92,2,Zheng,CCDC92_locus0,12:124011769
12,124011769,12:124011769:A:G,12,123984025,12:123984025:G:C,0.854156,27744,12:124011769,chr12,124011769,124011769,rs1054852,CCDC92,2,Zheng,CCDC92_locus0,12:124011769
12,124011769,12:124011769:A:G,12,123985191,12:123985191:A:G,0.854156,26578,12:124011769,chr12,124011769,124011769,rs1054852,CCDC92,2,Zheng,CCDC92_locus0,12:124011769
12,124011769,12:124011769:A:G,12,123985512,12:123985512:C:T,0.854156,26257,12:124011769,chr12,124011769,124011769,rs1054852,CCDC92,2,Zheng,CCDC92_locus0,12:124011769
12,124011769,12:124011769:A:G,12,123985786,12:123985786:T:C,0.873692,25983,12:124011769,chr12,124011769,124011769,rs1054852,CCDC92,2,Zheng,CCDC92_locus0,12:124011769
12,124011769,12:124011769:A:G,12,123988024,12:123988024:T:C,0.866709,23745,12:124011769,chr12,124011769,124011769,rs1054852,CCDC92,2,Zheng,CCDC92_locus0,12:124011769
12,124011769,12:124011769:A:G,12,123988766,12:123988766:AT:A,0.854156,23003,12:124011769,chr12,124011769,124011769,rs1054852,CCDC92,2,Zheng,CCDC92_locus0,12:124011769
12,124011769,12:124011769:A:G,12,123989885,12:123989885:T:TTCTAATGAC,0.854156,21884,12:124011769,chr12,124011769,124011769,rs1054852,CCDC92,2,Zheng,CCDC92_locus0,12:124011769
12,124011769,12:124011769:A:G,12,123990609,12:123990609:A:G,0.847296,21160,12:124011769,chr12,124011769,124011769,rs1054852,CCDC92,2,Zheng,CCDC92_locus0,12:124011769
12,124011769,12:124011769:A:G,12,123992014,12:123992014:C:T,0.847296,19755,12:124011769,chr12,124011769,124011769,rs1054852,CCDC92,2,Zheng,CCDC92_locus0,12:124011769
12,124011769,12:124011769:A:G,12,123992052,12:123992052:T:A,0.847296,19717,12:124011769,chr12,124011769,124011769,rs1054852,CCDC92,2,Zheng,CCDC92_locus0,12:124011769
12,124011769,12:124011769:A:G,12,123992159,12:123992159:C:G,0.847296,19610,12:124011769,chr12,124011769,124011769,rs1054852,CCDC92,2,Zheng,CCDC92_locus0,12:124011769
12,124011769,12:124011769:A:G,12,123992326,12:123992326:C:T,0.866709,19443,12:124011769,chr12,124011769,124011769,rs1054852,CCDC92,2,Zheng,CCDC92_locus0,12:124011769
12,124011769,12:124011769:A:G,12,123994019,12:123994019:A:T,0.840485,17750,12:124011769,chr12,124011769,124011769,rs1054852,CCDC92,2,Zheng,CCDC92_locus0,12:124011769
12,124011769,12:124011769:A:G,12,123994784,12:123994784:C:T,0.847296,16985,12:124011769,chr12,124011769,124011769,rs1054852,CCDC92,2,Zheng,CCDC92_locus0,12:124011769
12,124011769,12:124011769:A:G,12,123995826,12:123995826:G:C,0.873692,15943,12:124011769,chr12,124011769,124011769,rs1054852,CCDC92,2,Zheng,CCDC92_locus0,12:124011769
12,124011769,12:124011769:A:G,12,123996319,12:123996319:G:A,0.847296,15450,12:124011769,chr12,124011769,124011769,rs1054852,CCDC92,2,Zheng,CCDC92_locus0,12:124011769
12,124011769,12:124011769:A:G,12,123997143,12:123997143:A:G,0.840485,14626,12:124011769,chr12,124011769,124011769,rs1054852,CCDC92,2,Zheng,CCDC92_locus0,12:124011769
12,124011769,12:124011769:A:G,12,123997709,12:123997709:T:C,0.847296,14060,12:124011769,chr12,124011769,124011769,rs1054852,CCDC92,2,Zheng,CCDC92_locus0,12:124011769
12,124011769,12:124011769:A:G,12,124002131,12:124002131:A:G,0.847296,9638,12:124011769,chr12,124011769,124011769,rs1054852,CCDC92,2,Zheng,CCDC92_locus0,12:124011769
12,124011769,12:124011769:A:G,12,124002304,12:124002304:A:G,0.847296,9465,12:124011769,chr12,124011769,124011769,rs1054852,CCDC92,2,Zheng,CCDC92_locus0,12:124011769
12,124011769,12:124011769:A:G,12,124004595,12:124004595:G:C,0.873692,7174,12:124011769,chr12,124011769,124011769,rs1054852,CCDC92,2,Zheng,CCDC92_locus0,12:124011769
12,124011769,12:124011769:A:G,12,124004615,12:124004615:A:G,0.84179,7154,12:124011769,chr12,124011769,124011769,rs1054852,CCDC92,2,Zheng,CCDC92_locus0,12:124011769
12,124011769,12:124011769:A:G,12,124006982,12:124006982:G:C,0.873692,4787,12:124011769,chr12,124011769,124011769,rs1054852,CCDC92,2,Zheng,CCDC92_locus0,12:124011769
12,124011769,12:124011769:A:G,12,124007766,12:124007766:A:ATTTTATTCA,0.859774,4003,12:124011769,chr12,124011769,124011769,rs1054852,CCDC92,2,Zheng,CCDC92_locus0,12:124011769
12,124011769,12:124011769:A:G,12,124008063,12:124008063:T:G,0.866709,3706,12:124011769,chr12,124011769,124011769,rs1054852,CCDC92,2,Zheng,CCDC92_locus0,12:124011769
12,124011769,12:124011769:A:G,12,124011769,12:124011769:A:G,1.0,0,12:124011769,chr12,124011769,124011769,rs1054852,CCDC92,2,Zheng,CCDC92_locus0,12:124011769
12,132881589,12:132881589:C:T,12,132804204,12:132804204:G:A,0.954463,77385,12:132881589,chr12,132881589,132881589,rs34287227,CHFR,2,Zheng,CHFR_locus0,12:132881589
12,132881589,12:132881589:C:T,12,132816737,12:132816737:C:T,0.954291,64852,12:132881589,chr12,132881589,132881589,rs34287227,CHFR,2,Zheng,CHFR_locus0,12:132881589
12,132881589,12:132881589:C:T,12,132839152,12:132839152:G:A,0.977056,42437,12:132881589,chr12,132881589,132881589,rs34287227,CHFR,2,Zheng,CHFR_locus0,12:132881589
12,132881589,12:132881589:C:T,12,132858948,12:132858948:C:T,1.0,22641,12:132881589,chr12,132881589,132881589,rs34287227,CHFR,2,Zheng,CHFR_locus0,12:132881589
12,132881589,12:132881589:C:T,12,132865194,12:132865194:C:T,1.0,16395,12:132881589,chr12,132881589,132881589,rs34287227,CHFR,2,Zheng,CHFR_locus0,12:132881589
12,132881589,12:132881589:C:T,12,132881589,12:132881589:C:T,1.0,0,12:132881589,chr12,132881589,132881589,rs34287227,CHFR,2,Zheng,CHFR_locus0,12:132881589
12,132881589,12:132881589:C:T,12,132896309,12:132896309:C:T,1.0,14720,12:132881589,chr12,132881589,132881589,rs34287227,CHFR,2,Zheng,CHFR_locus0,12:132881589
12,132881589,12:132881589:C:T,12,132898294,12:132898294:T:C,1.0,16705,12:132881589,chr12,132881589,132881589,rs34287227,CHFR,2,Zheng,CHFR_locus0,12:132881589
12,132881589,12:132881589:C:T,12,132909161,12:132909161:T:C,0.84145,27572,12:132881589,chr12,132881589,132881589,rs34287227,CHFR,2,Zheng,CHFR_locus0,12:132881589
12,132881589,12:132881589:C:T,12,132909946,12:132909946:T:C,0.864023,28357,12:132881589,chr12,132881589,132881589,rs34287227,CHFR,2,Zheng,CHFR_locus0,12:132881589
13,50571020,13:50571020:G:A,13,50549792,13:50549792:G:A,0.856118,21228,13:50571020,chr13,50571020,50571020,rs770389,DLEU1,2,Zheng,DLEU1_locus0,13:50571020
13,50571020,13:50571020:G:A,13,50550127,13:50550127:A:G,0.856118,20893,13:50571020,chr13,50571020,50571020,rs770389,DLEU1,2,Zheng,DLEU1_locus0,13:50571020
13,50571020,13:50571020:G:A,13,50557215,13:50557215:C:T,0.856118,13805,13:50571020,chr13,50571020,50571020,rs770389,DLEU1,2,Zheng,DLEU1_locus0,13:50571020
13,50571020,13:50571020:G:A,13,50567268,13:50567268:C:A,0.988848,3752,13:50571020,chr13,50571020,50571020,rs770389,DLEU1,2,Zheng,DLEU1_locus0,13:50571020
13,50571020,13:50571020:G:A,13,50571020,13:50571020:G:A,1.0,0,13:50571020,chr13,50571020,50571020,rs770389,DLEU1,2,Zheng,DLEU1_locus0,13:50571020
13,110279091,13:110279091:G:A,13,110279091,13:110279091:G:A,1.0,0,13:110279091,chr13,110279091,110279091,rs73617438,COL4A1,2,Zheng,COL4A1_locus0,13:110279091
13,110279091,13:110279091:G:A,13,110283061,13:110283061:TTC:T,0.984644,3970,13:110279091,chr13,110279091,110279091,rs73617438,COL4A1,2,Zheng,COL4A1_locus0,13:110279091
13,110279091,13:110279091:G:A,13,110284699,13:110284699:C:T,0.984644,5608,13:110279091,chr13,110279091,110279091,rs73617438,COL4A1,2,Zheng,COL4A1_locus0,13:110279091
13,110279091,13:110279091:G:A,13,110286466,13:110286466:T:C,0.984644,7375,13:110279091,chr13,110279091,110279091,rs73617438,COL4A1,2,Zheng,COL4A1_locus0,13:110279091
13,110279091,13:110279091:G:A,13,110286560,13:110286560:A:G,0.954995,7469,13:110279091,chr13,110279091,110279091,rs73617438,COL4A1,2,Zheng,COL4A1_locus0,13:110279091
13,110279091,13:110279091:G:A,13,110288039,13:110288039:G:A,0.984644,8948,13:110279091,chr13,110279091,110279091,rs73617438,COL4A1,2,Zheng,COL4A1_locus0,13:110279091
14,52837920,14:52837920:A:G,14,52837920,14:52837920:A:G,1.0,0,14:52837920,chr14,52837920,52837920,rs7150104,FERMT2,2,Zheng,FERMT2_locus0,14:52837920
14,52837920,14:52837920:A:G,14,52903320,14:52903320:T:C,0.884541,65400,14:52837920,chr14,52837920,52837920,rs7150104,FERMT2,2,Zheng,FERMT2_locus0,14:52837920
14,52846379,14:52846379:C:T,14,52843222,14:52843222:C:G,0.988974,3157,14:52846379,chr14,52846379,52846379,rs74800104,FERMT2,3,Jurgens,FERMT2_locus0,14:52846379
14,52846379,14:52846379:C:T,14,52846379,14:52846379:C:T,1.0,0,14:52846379,chr14,52846379,52846379,rs74800104,FERMT2,3,Jurgens,FERMT2_locus0,14:52846379
14,52846379,14:52846379:C:T,14,52850149,14:52850149:T:G,0.977782,3770,14:52846379,chr14,52846379,52846379,rs74800104,FERMT2,3,Jurgens,FERMT2_locus0,14:52846379
14,52846379,14:52846379:C:T,14,52854528,14:52854528:C:T,0.95579,8149,14:52846379,chr14,52846379,52846379,rs74800104,FERMT2,3,Jurgens,FERMT2_locus0,14:52846379
14,52846379,14:52846379:C:T,14,52854555,14:52854555:C:T,0.95579,8176,14:52846379,chr14,52846379,52846379,rs74800104,FERMT2,3,Jurgens,FERMT2_locus0,14:52846379
14,52846379,14:52846379:C:T,14,52854622,14:52854622:G:A,0.933574,8243,14:52846379,chr14,52846379,52846379,rs74800104,FERMT2,3,Jurgens,FERMT2_locus0,14:52846379
14,52846379,14:52846379:C:T,14,52863289,14:52863289:T:C,0.95579,16910,14:52846379,chr14,52846379,52846379,rs74800104,FERMT2,3,Jurgens,FERMT2_locus0,14:52846379
14,52846379,14:52846379:C:T,14,52864002,14:52864002:AT:A,0.944798,17623,14:52846379,chr14,52846379,52846379,rs74800104,FERMT2,3,Jurgens,FERMT2_locus0,14:52846379
14,52846379,14:52846379:C:T,14,52864961,14:52864961:T:C,0.95579,18582,14:52846379,chr14,52846379,52846379,rs74800104,FERMT2,3,Jurgens,FERMT2_locus0,14:52846379
14,52846379,14:52846379:C:T,14,52866398,14:52866398:C:G,0.944798,20019,14:52846379,chr14,52846379,52846379,rs74800104,FERMT2,3,Jurgens,FERMT2_locus0,14:52846379
14,52846379,14:52846379:C:T,14,52881822,14:52881822:T:G,0.945198,35443,14:52846379,chr14,52846379,52846379,rs74800104,FERMT2,3,Jurgens,FERMT2_locus0,14:52846379
14,52846379,14:52846379:C:T,14,52890393,14:52890393:G:A,0.933894,44014,14:52846379,chr14,52846379,52846379,rs74800104,FERMT2,3,Jurgens,FERMT2_locus0,14:52846379
14,52846379,14:52846379:C:T,14,52899234,14:52899234:T:C,0.933574,52855,14:52846379,chr14,52846379,52846379,rs74800104,FERMT2,3,Jurgens,FERMT2_locus0,14:52846379
14,52846379,14:52846379:C:T,14,52899605,14:52899605:T:C,0.933574,53226,14:52846379,chr14,52846379,52846379,rs74800104,FERMT2,3,Jurgens,FERMT2_locus0,14:52846379
14,52846379,14:52846379:C:T,14,52899721,14:52899721:G:T,0.933574,53342,14:52846379,chr14,52846379,52846379,rs74800104,FERMT2,3,Jurgens,FERMT2_locus0,14:52846379
14,52846379,14:52846379:C:T,14,52900205,14:52900205:A:G,0.89038,53826,14:52846379,chr14,52846379,52846379,rs74800104,FERMT2,3,Jurgens,FERMT2_locus0,14:52846379
14,52846379,14:52846379:C:T,14,52900370,14:52900370:T:TACATATAAA,0.933574,53991,14:52846379,chr14,52846379,52846379,rs74800104,FERMT2,3,Jurgens,FERMT2_locus0,14:52846379
14,52846379,14:52846379:C:T,14,52901075,14:52901075:G:A,0.933574,54696,14:52846379,chr14,52846379,52846379,rs74800104,FERMT2,3,Jurgens,FERMT2_locus0,14:52846379
14,52846379,14:52846379:C:T,14,52901364,14:52901364:G:T,0.933574,54985,14:52846379,chr14,52846379,52846379,rs74800104,FERMT2,3,Jurgens,FERMT2_locus0,14:52846379
14,52846379,14:52846379:C:T,14,52901514,14:52901514:C:T,0.933574,55135,14:52846379,chr14,52846379,52846379,rs74800104,FERMT2,3,Jurgens,FERMT2_locus0,14:52846379
14,52846379,14:52846379:C:T,14,52902086,14:52902086:C:T,0.933574,55707,14:52846379,chr14,52846379,52846379,rs74800104,FERMT2,3,Jurgens,FERMT2_locus0,14:52846379
14,52846379,14:52846379:C:T,14,52905612,14:52905612:T:C,0.933574,59233,14:52846379,chr14,52846379,52846379,rs74800104,FERMT2,3,Jurgens,FERMT2_locus0,14:52846379
14,52846379,14:52846379:C:T,14,52908523,14:52908523:A:G,0.912264,62144,14:52846379,chr14,52846379,52846379,rs74800104,FERMT2,3,Jurgens,FERMT2_locus0,14:52846379
14,52846379,14:52846379:C:T,14,52908584,14:52908584:C:A,0.912264,62205,14:52846379,chr14,52846379,52846379,rs74800104,FERMT2,3,Jurgens,FERMT2_locus0,14:52846379
14,52846379,14:52846379:C:T,14,52911528,14:52911528:A:G,0.922524,65149,14:52846379,chr14,52846379,52846379,rs74800104,FERMT2,3,Jurgens,FERMT2_locus0,14:52846379
14,52846379,14:52846379:C:T,14,52911642,14:52911642:T:C,0.922524,65263,14:52846379,chr14,52846379,52846379,rs74800104,FERMT2,3,Jurgens,FERMT2_locus0,14:52846379
14,52846379,14:52846379:C:T,14,52913207,14:52913207:T:C,0.922524,66828,14:52846379,chr14,52846379,52846379,rs74800104,FERMT2,3,Jurgens,FERMT2_locus0,14:52846379
14,52846379,14:52846379:C:T,14,52913296,14:52913296:A:G,0.922524,66917,14:52846379,chr14,52846379,52846379,rs74800104,FERMT2,3,Jurgens,FERMT2_locus0,14:52846379
14,52846379,14:52846379:C:T,14,52919454,14:52919454:A:ATAAT,0.922524,73075,14:52846379,chr14,52846379,52846379,rs74800104,FERMT2,3,Jurgens,FERMT2_locus0,14:52846379
14,52846379,14:52846379:C:T,14,52920391,14:52920391:T:G,0.922524,74012,14:52846379,chr14,52846379,52846379,rs74800104,FERMT2,3,Jurgens,FERMT2_locus0,14:52846379
14,52864961,14:52864961:T:C,14,52843222,14:52843222:C:G,0.967094,21739,14:52864961,chr14,52864961,52864961,rs17694496,FERMT2,2,Zheng,FERMT2_locus0,14:52864961
14,52864961,14:52864961:T:C,14,52846379,14:52846379:C:T,0.95579,18582,14:52864961,chr14,52864961,52864961,rs17694496,FERMT2,2,Zheng,FERMT2_locus0,14:52864961
14,52864961,14:52864961:T:C,14,52850149,14:52850149:T:G,0.955115,14812,14:52864961,chr14,52864961,52864961,rs17694496,FERMT2,2,Zheng,FERMT2_locus0,14:52864961
14,52864961,14:52864961:T:C,14,52854528,14:52854528:C:T,1.0,10433,14:52864961,chr14,52864961,52864961,rs17694496,FERMT2,2,Zheng,FERMT2_locus0,14:52864961
14,52864961,14:52864961:T:C,14,52854555,14:52854555:C:T,1.0,10406,14:52864961,chr14,52864961,52864961,rs17694496,FERMT2,2,Zheng,FERMT2_locus0,14:52864961
14,52864961,14:52864961:T:C,14,52854622,14:52854622:G:A,0.977161,10339,14:52864961,chr14,52864961,52864961,rs17694496,FERMT2,2,Zheng,FERMT2_locus0,14:52864961
14,52864961,14:52864961:T:C,14,52863289,14:52863289:T:C,1.0,1672,14:52864961,chr14,52864961,52864961,rs17694496,FERMT2,2,Zheng,FERMT2_locus0,14:52864961
14,52864961,14:52864961:T:C,14,52864002,14:52864002:AT:A,0.98867,959,14:52864961,chr14,52864961,52864961,rs17694496,FERMT2,2,Zheng,FERMT2_locus0,14:52864961
14,52864961,14:52864961:T:C,14,52864961,14:52864961:T:C,1.0,0,14:52864961,chr14,52864961,52864961,rs17694496,FERMT2,2,Zheng,FERMT2_locus0,14:52864961
14,52864961,14:52864961:T:C,14,52866398,14:52866398:C:G,0.98867,1437,14:52864961,chr14,52864961,52864961,rs17694496,FERMT2,2,Zheng,FERMT2_locus0,14:52864961
14,52864961,14:52864961:T:C,14,52881822,14:52881822:T:G,0.98895,16861,14:52864961,chr14,52864961,52864961,rs17694496,FERMT2,2,Zheng,FERMT2_locus0,14:52864961
14,52864961,14:52864961:T:C,14,52890393,14:52890393:G:A,0.977291,25432,14:52864961,chr14,52864961,52864961,rs17694496,FERMT2,2,Zheng,FERMT2_locus0,14:52864961
14,52864961,14:52864961:T:C,14,52899234,14:52899234:T:C,0.977161,34273,14:52864961,chr14,52864961,52864961,rs17694496,FERMT2,2,Zheng,FERMT2_locus0,14:52864961
14,52864961,14:52864961:T:C,14,52899605,14:52899605:T:C,0.977161,34644,14:52864961,chr14,52864961,52864961,rs17694496,FERMT2,2,Zheng,FERMT2_locus0,14:52864961
14,52864961,14:52864961:T:C,14,52899721,14:52899721:G:T,0.977161,34760,14:52864961,chr14,52864961,52864961,rs17694496,FERMT2,2,Zheng,FERMT2_locus0,14:52864961
14,52864961,14:52864961:T:C,14,52900205,14:52900205:A:G,0.932869,35244,14:52864961,chr14,52864961,52864961,rs17694496,FERMT2,2,Zheng,FERMT2_locus0,14:52864961
14,52864961,14:52864961:T:C,14,52900370,14:52900370:T:TACATATAAA,0.977161,35409,14:52864961,chr14,52864961,52864961,rs17694496,FERMT2,2,Zheng,FERMT2_locus0,14:52864961
14,52864961,14:52864961:T:C,14,52901075,14:52901075:G:A,0.977161,36114,14:52864961,chr14,52864961,52864961,rs17694496,FERMT2,2,Zheng,FERMT2_locus0,14:52864961
14,52864961,14:52864961:T:C,14,52901364,14:52901364:G:T,0.977161,36403,14:52864961,chr14,52864961,52864961,rs17694496,FERMT2,2,Zheng,FERMT2_locus0,14:52864961
14,52864961,14:52864961:T:C,14,52901514,14:52901514:C:T,0.977161,36553,14:52864961,chr14,52864961,52864961,rs17694496,FERMT2,2,Zheng,FERMT2_locus0,14:52864961
14,52864961,14:52864961:T:C,14,52902086,14:52902086:C:T,0.977161,37125,14:52864961,chr14,52864961,52864961,rs17694496,FERMT2,2,Zheng,FERMT2_locus0,14:52864961
14,52864961,14:52864961:T:C,14,52905612,14:52905612:T:C,0.977161,40651,14:52864961,chr14,52864961,52864961,rs17694496,FERMT2,2,Zheng,FERMT2_locus0,14:52864961
14,52864961,14:52864961:T:C,14,52908523,14:52908523:A:G,0.955115,43562,14:52864961,chr14,52864961,52864961,rs17694496,FERMT2,2,Zheng,FERMT2_locus0,14:52864961
14,52864961,14:52864961:T:C,14,52908584,14:52908584:C:A,0.955115,43623,14:52864961,chr14,52864961,52864961,rs17694496,FERMT2,2,Zheng,FERMT2_locus0,14:52864961
14,52864961,14:52864961:T:C,14,52911528,14:52911528:A:G,0.96583,46567,14:52864961,chr14,52864961,52864961,rs17694496,FERMT2,2,Zheng,FERMT2_locus0,14:52864961
14,52864961,14:52864961:T:C,14,52911642,14:52911642:T:C,0.96583,46681,14:52864961,chr14,52864961,52864961,rs17694496,FERMT2,2,Zheng,FERMT2_locus0,14:52864961
14,52864961,14:52864961:T:C,14,52913207,14:52913207:T:C,0.96583,48246,14:52864961,chr14,52864961,52864961,rs17694496,FERMT2,2,Zheng,FERMT2_locus0,14:52864961
14,52864961,14:52864961:T:C,14,52913296,14:52913296:A:G,0.96583,48335,14:52864961,chr14,52864961,52864961,rs17694496,FERMT2,2,Zheng,FERMT2_locus0,14:52864961
14,52864961,14:52864961:T:C,14,52919454,14:52919454:A:ATAAT,0.96583,54493,14:52864961,chr14,52864961,52864961,rs17694496,FERMT2,2,Zheng,FERMT2_locus0,14:52864961
14,52864961,14:52864961:T:C,14,52920391,14:52920391:T:G,0.96583,55430,14:52864961,chr14,52864961,52864961,rs17694496,FERMT2,2,Zheng,FERMT2_locus0,14:52864961
14,60995685,14:60995685:G:A,14,60430742,14:60430742:T:A,0.826799,564943,14:60995685,chr14,60995685,60995685,rs77522579,SLC38A6,2,Zheng,SLC38A6_locus0,14:60995685
14,60995685,14:60995685:G:A,14,60730779,14:60730779:C:T,1.0,264906,14:60995685,chr14,60995685,60995685,rs77522579,SLC38A6,2,Zheng,SLC38A6_locus0,14:60995685
14,60995685,14:60995685:G:A,14,60895265,14:60895265:G:T,1.0,100420,14:60995685,chr14,60995685,60995685,rs77522579,SLC38A6,2,Zheng,SLC38A6_locus0,14:60995685
14,60995685,14:60995685:G:A,14,60992853,14:60992853:T:TC,1.0,2832,14:60995685,chr14,60995685,60995685,rs77522579,SLC38A6,2,Zheng,SLC38A6_locus0,14:60995685
14,60995685,14:60995685:G:A,14,60995685,14:60995685:G:A,1.0,0,14:60995685,chr14,60995685,60995685,rs77522579,SLC38A6,2,Zheng,SLC38A6_locus0,14:60995685
14,60995685,14:60995685:G:A,14,61005445,14:61005445:C:A,1.0,9760,14:60995685,chr14,60995685,60995685,rs77522579,SLC38A6,2,Zheng,SLC38A6_locus0,14:60995685
14,60995685,14:60995685:G:A,14,61047990,14:61047990:C:G,0.847826,52305,14:60995685,chr14,60995685,60995685,rs77522579,SLC38A6,2,Zheng,SLC38A6_locus0,14:60995685
14,89377767,14:89377767:A:G,14,89370999,14:89370999:ACT:A,0.970699,6768,14:89377767,chr14,89377767,89377767,rs1952183,FOXN3,4,Zheng,FOXN3_locus0,14:89377767
14,89377767,14:89377767:A:G,14,89371352,14:89371352:G:A,0.970866,6415,14:89377767,chr14,89377767,89377767,rs1952183,FOXN3,4,Zheng,FOXN3_locus0,14:89377767
14,89377767,14:89377767:A:G,14,89371759,14:89371759:A:G,0.953672,6008,14:89377767,chr14,89377767,89377767,rs1952183,FOXN3,4,Zheng,FOXN3_locus0,14:89377767
14,89377767,14:89377767:A:G,14,89372720,14:89372720:TA:T,1.0,5047,14:89377767,chr14,89377767,89377767,rs1952183,FOXN3,4,Zheng,FOXN3_locus0,14:89377767
14,89377767,14:89377767:A:G,14,89372748,14:89372748:T:C,1.0,5019,14:89377767,chr14,89377767,89377767,rs1952183,FOXN3,4,Zheng,FOXN3_locus0,14:89377767
14,89377767,14:89377767:A:G,14,89377395,14:89377395:C:T,1.0,372,14:89377767,chr14,89377767,89377767,rs1952183,FOXN3,4,Zheng,FOXN3_locus0,14:89377767
14,89377767,14:89377767:A:G,14,89377767,14:89377767:A:G,1.0,0,14:89377767,chr14,89377767,89377767,rs1952183,FOXN3,4,Zheng,FOXN3_locus0,14:89377767
14,89377767,14:89377767:A:G,14,89378706,14:89378707:C:CTT,0.982389,939,14:89377767,chr14,89377767,89377767,rs1952183,FOXN3,4,Zheng,FOXN3_locus0,14:89377767
14,89377767,14:89377767:A:G,14,89378952,14:89378952:C:T,1.0,1185,14:89377767,chr14,89377767,89377767,rs1952183,FOXN3,4,Zheng,FOXN3_locus0,14:89377767
14,89377767,14:89377767:A:G,14,89380667,14:89380667:C:T,0.99413,2900,14:89377767,chr14,89377767,89377767,rs1952183,FOXN3,4,Zheng,FOXN3_locus0,14:89377767
14,89377767,14:89377767:A:G,14,89381249,14:89381249:G:A,0.99413,3482,14:89377767,chr14,89377767,89377767,rs1952183,FOXN3,4,Zheng,FOXN3_locus0,14:89377767
14,89377767,14:89377767:A:G,14,89384323,14:89384323:A:AGAAAC,0.98238,6556,14:89377767,chr14,89377767,89377767,rs1952183,FOXN3,4,Zheng,FOXN3_locus0,14:89377767
14,89377767,14:89377767:A:G,14,89387044,14:89387044:G:A,0.872943,9277,14:89377767,chr14,89377767,89377767,rs1952183,FOXN3,4,Zheng,FOXN3_locus0,14:89377767
14,89377767,14:89377767:A:G,14,89389616,14:89389616:G:A,0.872943,11849,14:89377767,chr14,89377767,89377767,rs1952183,FOXN3,4,Zheng,FOXN3_locus0,14:89377767
14,89377767,14:89377767:A:G,14,89391872,14:89391872:C:T,0.872943,14105,14:89377767,chr14,89377767,89377767,rs1952183,FOXN3,4,Zheng,FOXN3_locus0,14:89377767
14,89377767,14:89377767:A:G,14,89392046,14:89392046:A:C,0.855114,14279,14:89377767,chr14,89377767,89377767,rs1952183,FOXN3,4,Zheng,FOXN3_locus0,14:89377767
14,89377767,14:89377767:A:G,14,89392637,14:89392640:CTTTTTTTTT:C,0.850532,14870,14:89377767,chr14,89377767,89377767,rs1952183,FOXN3,4,Zheng,FOXN3_locus0,14:89377767
14,89377767,14:89377767:A:G,14,89392789,14:89392789:G:GACC,0.855114,15022,14:89377767,chr14,89377767,89377767,rs1952183,FOXN3,4,Zheng,FOXN3_locus0,14:89377767
14,89377767,14:89377767:A:G,14,89393099,14:89393099:C:T,0.855114,15332,14:89377767,chr14,89377767,89377767,rs1952183,FOXN3,4,Zheng,FOXN3_locus0,14:89377767
14,89377767,14:89377767:A:G,14,89398504,14:89398504:C:A,0.828527,20737,14:89377767,chr14,89377767,89377767,rs1952183,FOXN3,4,Zheng,FOXN3_locus0,14:89377767
14,89377767,14:89377767:A:G,14,89399608,14:89399608:T:C,0.828527,21841,14:89377767,chr14,89377767,89377767,rs1952183,FOXN3,4,Zheng,FOXN3_locus0,14:89377767
14,89377767,14:89377767:A:G,14,89399991,14:89399991:G:A,0.824092,22224,14:89377767,chr14,89377767,89377767,rs1952183,FOXN3,4,Zheng,FOXN3_locus0,14:89377767
14,89377767,14:89377767:A:G,14,89401267,14:89401267:C:G,0.808106,23500,14:89377767,chr14,89377767,89377767,rs1952183,FOXN3,4,Zheng,FOXN3_locus0,14:89377767
14,89377767,14:89377767:A:G,14,89404428,14:89404428:T:C,0.803855,26661,14:89377767,chr14,89377767,89377767,rs1952183,FOXN3,4,Zheng,FOXN3_locus0,14:89377767
14,89377767,14:89377767:A:G,14,89405019,14:89405019:G:A,0.803855,27252,14:89377767,chr14,89377767,89377767,rs1952183,FOXN3,4,Zheng,FOXN3_locus0,14:89377767
14,89389616,14:89389616:G:A,14,89370999,14:89370999:ACT:A,0.845965,18617,14:89389616,chr14,89389616,89389616,rs4904560,FOXN3,3,Jurgens,FOXN3_locus0,14:89389616
14,89389616,14:89389616:G:A,14,89371352,14:89371352:G:A,0.846703,18264,14:89389616,chr14,89389616,89389616,rs4904560,FOXN3,3,Jurgens,FOXN3_locus0,14:89389616
14,89389616,14:89389616:G:A,14,89371759,14:89371759:A:G,0.831615,17857,14:89389616,chr14,89389616,89389616,rs4904560,FOXN3,3,Jurgens,FOXN3_locus0,14:89389616
14,89389616,14:89389616:G:A,14,89372720,14:89372720:TA:T,0.872943,16896,14:89389616,chr14,89389616,89389616,rs4904560,FOXN3,3,Jurgens,FOXN3_locus0,14:89389616
14,89389616,14:89389616:G:A,14,89372748,14:89372748:T:C,0.872943,16868,14:89389616,chr14,89389616,89389616,rs4904560,FOXN3,3,Jurgens,FOXN3_locus0,14:89389616
14,89389616,14:89389616:G:A,14,89377395,14:89377395:C:T,0.872943,12221,14:89389616,chr14,89389616,89389616,rs4904560,FOXN3,3,Jurgens,FOXN3_locus0,14:89389616
14,89389616,14:89389616:G:A,14,89377767,14:89377767:A:G,0.872943,11849,14:89389616,chr14,89389616,89389616,rs4904560,FOXN3,3,Jurgens,FOXN3_locus0,14:89389616
14,89389616,14:89389616:G:A,14,89378706,14:89378707:C:CTT,0.856021,10910,14:89389616,chr14,89389616,89389616,rs4904560,FOXN3,3,Jurgens,FOXN3_locus0,14:89389616
14,89389616,14:89389616:G:A,14,89378952,14:89378952:C:T,0.872943,10664,14:89389616,chr14,89389616,89389616,rs4904560,FOXN3,3,Jurgens,FOXN3_locus0,14:89389616
14,89389616,14:89389616:G:A,14,89380667,14:89380667:C:T,0.878509,8949,14:89389616,chr14,89389616,89389616,rs4904560,FOXN3,3,Jurgens,FOXN3_locus0,14:89389616
14,89389616,14:89389616:G:A,14,89381249,14:89381249:G:A,0.878509,8367,14:89389616,chr14,89389616,89389616,rs4904560,FOXN3,3,Jurgens,FOXN3_locus0,14:89389616
14,89389616,14:89389616:G:A,14,89384323,14:89384323:A:AGAAAC,0.878509,5293,14:89389616,chr14,89389616,89389616,rs4904560,FOXN3,3,Jurgens,FOXN3_locus0,14:89389616
14,89389616,14:89389616:G:A,14,89387044,14:89387044:G:A,1.0,2572,14:89389616,chr14,89389616,89389616,rs4904560,FOXN3,3,Jurgens,FOXN3_locus0,14:89389616
14,89389616,14:89389616:G:A,14,89389616,14:89389616:G:A,1.0,0,14:89389616,chr14,89389616,89389616,rs4904560,FOXN3,3,Jurgens,FOXN3_locus0,14:89389616
14,89389616,14:89389616:G:A,14,89391872,14:89391872:C:T,1.0,2256,14:89389616,chr14,89389616,89389616,rs4904560,FOXN3,3,Jurgens,FOXN3_locus0,14:89389616
14,89389616,14:89389616:G:A,14,89392046,14:89392046:A:C,0.982939,2430,14:89389616,chr14,89389616,89389616,rs4904560,FOXN3,3,Jurgens,FOXN3_locus0,14:89389616
14,89389616,14:89389616:G:A,14,89392637,14:89392640:CTTTTTTTTT:C,0.977185,3021,14:89389616,chr14,89389616,89389616,rs4904560,FOXN3,3,Jurgens,FOXN3_locus0,14:89389616
14,89389616,14:89389616:G:A,14,89392789,14:89392789:G:GACC,0.982939,3173,14:89389616,chr14,89389616,89389616,rs4904560,FOXN3,3,Jurgens,FOXN3_locus0,14:89389616
14,89389616,14:89389616:G:A,14,89392807,14:89392807:A:AT,0.877256,3191,14:89389616,chr14,89389616,89389616,rs4904560,FOXN3,3,Jurgens,FOXN3_locus0,14:89389616
14,89389616,14:89389616:G:A,14,89393099,14:89393099:C:T,0.982939,3483,14:89389616,chr14,89389616,89389616,rs4904560,FOXN3,3,Jurgens,FOXN3_locus0,14:89389616
14,89389616,14:89389616:G:A,14,89396832,14:89396832:CA:C,0.846815,7216,14:89389616,chr14,89389616,89389616,rs4904560,FOXN3,3,Jurgens,FOXN3_locus0,14:89389616
14,89389616,14:89389616:G:A,14,89397146,14:89397146:C:G,0.882713,7530,14:89389616,chr14,89389616,89389616,rs4904560,FOXN3,3,Jurgens,FOXN3_locus0,14:89389616
14,89389616,14:89389616:G:A,14,89397412,14:89397412:A:C,0.86555,7796,14:89389616,chr14,89389616,89389616,rs4904560,FOXN3,3,Jurgens,FOXN3_locus0,14:89389616
14,89389616,14:89389616:G:A,14,89398504,14:89398504:C:A,0.954767,8888,14:89389616,chr14,89389616,89389616,rs4904560,FOXN3,3,Jurgens,FOXN3_locus0,14:89389616
14,89389616,14:89389616:G:A,14,89399580,14:89399580:G:A,0.858021,9964,14:89389616,chr14,89389616,89389616,rs4904560,FOXN3,3,Jurgens,FOXN3_locus0,14:89389616
14,89389616,14:89389616:G:A,14,89399608,14:89399608:T:C,0.954767,9992,14:89389616,chr14,89389616,89389616,rs4904560,FOXN3,3,Jurgens,FOXN3_locus0,14:89389616
14,89389616,14:89389616:G:A,14,89399991,14:89399991:G:A,0.949175,10375,14:89389616,chr14,89389616,89389616,rs4904560,FOXN3,3,Jurgens,FOXN3_locus0,14:89389616
14,89389616,14:89389616:G:A,14,89401267,14:89401267:C:G,0.943341,11651,14:89389616,chr14,89389616,89389616,rs4904560,FOXN3,3,Jurgens,FOXN3_locus0,14:89389616
14,89389616,14:89389616:G:A,14,89404428,14:89404428:T:C,0.937896,14812,14:89389616,chr14,89389616,89389616,rs4904560,FOXN3,3,Jurgens,FOXN3_locus0,14:89389616
14,89389616,14:89389616:G:A,14,89405019,14:89405019:G:A,0.937896,15403,14:89389616,chr14,89389616,89389616,rs4904560,FOXN3,3,Jurgens,FOXN3_locus0,14:89389616
14,89389616,14:89389616:G:A,14,89405151,14:89405151:T:A,0.854503,15535,14:89389616,chr14,89389616,89389616,rs4904560,FOXN3,3,Jurgens,FOXN3_locus0,14:89389616
14,89389616,14:89389616:G:A,14,89406188,14:89406188:C:T,0.916435,16572,14:89389616,chr14,89389616,89389616,rs4904560,FOXN3,3,Jurgens,FOXN3_locus0,14:89389616
14,89389616,14:89389616:G:A,14,89406401,14:89406401:C:CAG,0.916435,16785,14:89389616,chr14,89389616,89389616,rs4904560,FOXN3,3,Jurgens,FOXN3_locus0,14:89389616
14,89389616,14:89389616:G:A,14,89406776,14:89406776:T:TAA,0.911204,17160,14:89389616,chr14,89389616,89389616,rs4904560,FOXN3,3,Jurgens,FOXN3_locus0,14:89389616
14,89389616,14:89389616:G:A,14,89408935,14:89408935:A:G,0.815741,19319,14:89389616,chr14,89389616,89389616,rs4904560,FOXN3,3,Jurgens,FOXN3_locus0,14:89389616
14,89389616,14:89389616:G:A,14,89411059,14:89411059:T:A,0.899205,21443,14:89389616,chr14,89389616,89389616,rs4904560,FOXN3,3,Jurgens,FOXN3_locus0,14:89389616
14,89389616,14:89389616:G:A,14,89411100,14:89411100:T:C,0.810375,21484,14:89389616,chr14,89389616,89389616,rs4904560,FOXN3,3,Jurgens,FOXN3_locus0,14:89389616
14,89389616,14:89389616:G:A,14,89411556,14:89411556:T:C,0.905208,21940,14:89389616,chr14,89389616,89389616,rs4904560,FOXN3,3,Jurgens,FOXN3_locus0,14:89389616
14,89389616,14:89389616:G:A,14,89415004,14:89415004:A:G,0.893994,25388,14:89389616,chr14,89389616,89389616,rs4904560,FOXN3,3,Jurgens,FOXN3_locus0,14:89389616
14,89411100,14:89411100:T:C,14,89387044,14:89387044:G:A,0.810375,24056,14:89411100,chr14,89411100,89411100,rs9652390,FOXN3,4,Zheng,FOXN3_locus0,14:89411100
14,89411100,14:89411100:T:C,14,89389616,14:89389616:G:A,0.810375,21484,14:89411100,chr14,89411100,89411100,rs9652390,FOXN3,4,Zheng,FOXN3_locus0,14:89411100
14,89411100,14:89411100:T:C,14,89391872,14:89391872:C:T,0.810375,19228,14:89411100,chr14,89411100,89411100,rs9652390,FOXN3,4,Zheng,FOXN3_locus0,14:89411100
14,89411100,14:89411100:T:C,14,89392046,14:89392046:A:C,0.844579,19054,14:89411100,chr14,89411100,89411100,rs9652390,FOXN3,4,Zheng,FOXN3_locus0,14:89411100
14,89411100,14:89411100:T:C,14,89392637,14:89392640:CTTTTTTTTT:C,0.840374,18463,14:89411100,chr14,89411100,89411100,rs9652390,FOXN3,4,Zheng,FOXN3_locus0,14:89411100
14,89411100,14:89411100:T:C,14,89392789,14:89392789:G:GACC,0.844579,18311,14:89411100,chr14,89411100,89411100,rs9652390,FOXN3,4,Zheng,FOXN3_locus0,14:89411100
14,89411100,14:89411100:T:C,14,89393099,14:89393099:C:T,0.844579,18001,14:89411100,chr14,89411100,89411100,rs9652390,FOXN3,4,Zheng,FOXN3_locus0,14:89411100
14,89411100,14:89411100:T:C,14,89396832,14:89396832:CA:C,0.887223,14268,14:89411100,chr14,89411100,89411100,rs9652390,FOXN3,4,Zheng,FOXN3_locus0,14:89411100
14,89411100,14:89411100:T:C,14,89397146,14:89397146:C:G,0.931748,13954,14:89411100,chr14,89411100,89411100,rs9652390,FOXN3,4,Zheng,FOXN3_locus0,14:89411100
14,89411100,14:89411100:T:C,14,89397412,14:89397412:A:C,0.948611,13688,14:89411100,chr14,89411100,89411100,rs9652390,FOXN3,4,Zheng,FOXN3_locus0,14:89411100
14,89411100,14:89411100:T:C,14,89398504,14:89398504:C:A,0.871077,12596,14:89411100,chr14,89411100,89411100,rs9652390,FOXN3,4,Zheng,FOXN3_locus0,14:89411100
14,89411100,14:89411100:T:C,14,89399580,14:89399580:G:A,0.937363,11520,14:89411100,chr14,89411100,89411100,rs9652390,FOXN3,4,Zheng,FOXN3_locus0,14:89411100
14,89411100,14:89411100:T:C,14,89399608,14:89399608:T:C,0.871077,11492,14:89411100,chr14,89411100,89411100,rs9652390,FOXN3,4,Zheng,FOXN3_locus0,14:89411100
14,89411100,14:89411100:T:C,14,89399991,14:89399991:G:A,0.866717,11109,14:89411100,chr14,89411100,89411100,rs9652390,FOXN3,4,Zheng,FOXN3_locus0,14:89411100
14,89411100,14:89411100:T:C,14,89401267,14:89401267:C:G,0.861642,9833,14:89411100,chr14,89411100,89411100,rs9652390,FOXN3,4,Zheng,FOXN3_locus0,14:89411100
14,89411100,14:89411100:T:C,14,89404428,14:89404428:T:C,0.86808,6672,14:89411100,chr14,89411100,89411100,rs9652390,FOXN3,4,Zheng,FOXN3_locus0,14:89411100
14,89411100,14:89411100:T:C,14,89405019,14:89405019:G:A,0.86808,6081,14:89411100,chr14,89411100,89411100,rs9652390,FOXN3,4,Zheng,FOXN3_locus0,14:89411100
14,89411100,14:89411100:T:C,14,89405151,14:89405151:T:A,0.94921,5949,14:89411100,chr14,89411100,89411100,rs9652390,FOXN3,4,Zheng,FOXN3_locus0,14:89411100
14,89411100,14:89411100:T:C,14,89406188,14:89406188:C:T,0.878195,4912,14:89411100,chr14,89411100,89411100,rs9652390,FOXN3,4,Zheng,FOXN3_locus0,14:89411100
14,89411100,14:89411100:T:C,14,89406401,14:89406401:C:CAG,0.878195,4699,14:89411100,chr14,89411100,89411100,rs9652390,FOXN3,4,Zheng,FOXN3_locus0,14:89411100
14,89411100,14:89411100:T:C,14,89406776,14:89406776:T:TAA,0.873914,4324,14:89411100,chr14,89411100,89411100,rs9652390,FOXN3,4,Zheng,FOXN3_locus0,14:89411100
14,89411100,14:89411100:T:C,14,89408935,14:89408935:A:G,0.943417,2165,14:89411100,chr14,89411100,89411100,rs9652390,FOXN3,4,Zheng,FOXN3_locus0,14:89411100
14,89411100,14:89411100:T:C,14,89411059,14:89411059:T:A,0.86464,41,14:89411100,chr14,89411100,89411100,rs9652390,FOXN3,4,Zheng,FOXN3_locus0,14:89411100
14,89411100,14:89411100:T:C,14,89411100,14:89411100:T:C,1.0,0,14:89411100,chr14,89411100,89411100,rs9652390,FOXN3,4,Zheng,FOXN3_locus0,14:89411100
14,89411100,14:89411100:T:C,14,89411556,14:89411556:T:C,0.908821,456,14:89411100,chr14,89411100,89411100,rs9652390,FOXN3,4,Zheng,FOXN3_locus0,14:89411100
14,89411100,14:89411100:T:C,14,89415004,14:89415004:A:G,0.858899,3904,14:89411100,chr14,89411100,89411100,rs9652390,FOXN3,4,Zheng,FOXN3_locus0,14:89411100
15,39453360,15:39453360:G:C,15,39423861,15:39423861:C:A,0.875624,29499,15:39453360,chr15,39453360,39453360,rs12438465,THBS1,3,Zheng,THBS1_locus0,15:39453360
15,39453360,15:39453360:G:C,15,39424116,15:39424116:A:G,0.92748,29244,15:39453360,chr15,39453360,39453360,rs12438465,THBS1,3,Zheng,THBS1_locus0,15:39453360
15,39453360,15:39453360:G:C,15,39426320,15:39426320:G:A,0.92748,27040,15:39453360,chr15,39453360,39453360,rs12438465,THBS1,3,Zheng,THBS1_locus0,15:39453360
15,39453360,15:39453360:G:C,15,39426332,15:39426332:A:C,0.92748,27028,15:39453360,chr15,39453360,39453360,rs12438465,THBS1,3,Zheng,THBS1_locus0,15:39453360
15,39453360,15:39453360:G:C,15,39426342,15:39426342:C:T,0.92748,27018,15:39453360,chr15,39453360,39453360,rs12438465,THBS1,3,Zheng,THBS1_locus0,15:39453360
15,39453360,15:39453360:G:C,15,39427081,15:39427081:T:G,0.92748,26279,15:39453360,chr15,39453360,39453360,rs12438465,THBS1,3,Zheng,THBS1_locus0,15:39453360
15,39453360,15:39453360:G:C,15,39428399,15:39428399:G:C,0.92748,24961,15:39453360,chr15,39453360,39453360,rs12438465,THBS1,3,Zheng,THBS1_locus0,15:39453360
15,39453360,15:39453360:G:C,15,39431110,15:39431110:C:T,0.92748,22250,15:39453360,chr15,39453360,39453360,rs12438465,THBS1,3,Zheng,THBS1_locus0,15:39453360
15,39453360,15:39453360:G:C,15,39431476,15:39431476:A:T,0.92748,21884,15:39453360,chr15,39453360,39453360,rs12438465,THBS1,3,Zheng,THBS1_locus0,15:39453360
15,39453360,15:39453360:G:C,15,39432889,15:39432889:G:C,0.92748,20471,15:39453360,chr15,39453360,39453360,rs12438465,THBS1,3,Zheng,THBS1_locus0,15:39453360
15,39453360,15:39453360:G:C,15,39433041,15:39433041:T:C,0.92748,20319,15:39453360,chr15,39453360,39453360,rs12438465,THBS1,3,Zheng,THBS1_locus0,15:39453360
15,39453360,15:39453360:G:C,15,39435712,15:39435712:C:T,0.92748,17648,15:39453360,chr15,39453360,39453360,rs12438465,THBS1,3,Zheng,THBS1_locus0,15:39453360
15,39453360,15:39453360:G:C,15,39436291,15:39436291:T:C,0.92748,17069,15:39453360,chr15,39453360,39453360,rs12438465,THBS1,3,Zheng,THBS1_locus0,15:39453360
15,39453360,15:39453360:G:C,15,39437061,15:39437061:G:C,0.92748,16299,15:39453360,chr15,39453360,39453360,rs12438465,THBS1,3,Zheng,THBS1_locus0,15:39453360
15,39453360,15:39453360:G:C,15,39437862,15:39437862:C:T,0.92748,15498,15:39453360,chr15,39453360,39453360,rs12438465,THBS1,3,Zheng,THBS1_locus0,15:39453360
15,39453360,15:39453360:G:C,15,39437953,15:39437953:A:G,0.92748,15407,15:39453360,chr15,39453360,39453360,rs12438465,THBS1,3,Zheng,THBS1_locus0,15:39453360
15,39453360,15:39453360:G:C,15,39440052,15:39440052:A:C,0.92748,13308,15:39453360,chr15,39453360,39453360,rs12438465,THBS1,3,Zheng,THBS1_locus0,15:39453360
15,39453360,15:39453360:G:C,15,39440535,15:39440535:C:T,0.92748,12825,15:39453360,chr15,39453360,39453360,rs12438465,THBS1,3,Zheng,THBS1_locus0,15:39453360
15,39453360,15:39453360:G:C,15,39446268,15:39446268:C:A,1.0,7092,15:39453360,chr15,39453360,39453360,rs12438465,THBS1,3,Zheng,THBS1_locus0,15:39453360
15,39453360,15:39453360:G:C,15,39450366,15:39450366:G:GGA,0.947693,2994,15:39453360,chr15,39453360,39453360,rs12438465,THBS1,3,Zheng,THBS1_locus0,15:39453360
15,39453360,15:39453360:G:C,15,39450367,15:39450367:CTT:C,0.947693,2993,15:39453360,chr15,39453360,39453360,rs12438465,THBS1,3,Zheng,THBS1_locus0,15:39453360
15,39453360,15:39453360:G:C,15,39450776,15:39450776:G:A,0.982058,2584,15:39453360,chr15,39453360,39453360,rs12438465,THBS1,3,Zheng,THBS1_locus0,15:39453360
15,39453360,15:39453360:G:C,15,39452071,15:39452071:C:T,1.0,1289,15:39453360,chr15,39453360,39453360,rs12438465,THBS1,3,Zheng,THBS1_locus0,15:39453360
15,39453360,15:39453360:G:C,15,39453360,15:39453360:G:C,1.0,0,15:39453360,chr15,39453360,39453360,rs12438465,THBS1,3,Zheng,THBS1_locus0,15:39453360
15,39453360,15:39453360:G:C,15,39454169,15:39454169:C:CA,0.837345,809,15:39453360,chr15,39453360,39453360,rs12438465,THBS1,3,Zheng,THBS1_locus0,15:39453360
15,39453360,15:39453360:G:C,15,39454411,15:39454411:T:A,0.947693,1051,15:39453360,chr15,39453360,39453360,rs12438465,THBS1,3,Zheng,THBS1_locus0,15:39453360
15,39453360,15:39453360:G:C,15,39455553,15:39455553:G:C,0.931228,2193,15:39453360,chr15,39453360,39453360,rs12438465,THBS1,3,Zheng,THBS1_locus0,15:39453360
15,39453360,15:39453360:G:C,15,39461513,15:39461513:C:G,0.982058,8153,15:39453360,chr15,39453360,39453360,rs12438465,THBS1,3,Zheng,THBS1_locus0,15:39453360
15,39453360,15:39453360:G:C,15,39462360,15:39462360:A:T,0.947693,9000,15:39453360,chr15,39453360,39453360,rs12438465,THBS1,3,Zheng,THBS1_locus0,15:39453360
15,39453360,15:39453360:G:C,15,39466115,15:39466115:C:CA,0.84852,12755,15:39453360,chr15,39453360,39453360,rs12438465,THBS1,3,Zheng,THBS1_locus0,15:39453360
15,39453360,15:39453360:G:C,15,39466978,15:39466978:A:T,0.915215,13618,15:39453360,chr15,39453360,39453360,rs12438465,THBS1,3,Zheng,THBS1_locus0,15:39453360
15,39453360,15:39453360:G:C,15,39467104,15:39467104:CCCTGGG:C,0.915215,13744,15:39453360,chr15,39453360,39453360,rs12438465,THBS1,3,Zheng,THBS1_locus0,15:39453360
15,39453360,15:39453360:G:C,15,39468825,15:39468825:A:T,0.982058,15465,15:39453360,chr15,39453360,39453360,rs12438465,THBS1,3,Zheng,THBS1_locus0,15:39453360
15,39453360,15:39453360:G:C,15,39469468,15:39469468:A:G,1.0,16108,15:39453360,chr15,39453360,39453360,rs12438465,THBS1,3,Zheng,THBS1_locus0,15:39453360
15,39453360,15:39453360:G:C,15,39474325,15:39474325:A:T,0.915215,20965,15:39453360,chr15,39453360,39453360,rs12438465,THBS1,3,Zheng,THBS1_locus0,15:39453360
15,39453360,15:39453360:G:C,15,39474352,15:39474352:G:C,0.915215,20992,15:39453360,chr15,39453360,39453360,rs12438465,THBS1,3,Zheng,THBS1_locus0,15:39453360
15,39453360,15:39453360:G:C,15,39479061,15:39479062:T:TAAA,0.879158,25701,15:39453360,chr15,39453360,39453360,rs12438465,THBS1,3,Zheng,THBS1_locus0,15:39453360
15,39453360,15:39453360:G:C,15,39479891,15:39479891:AAT:A,0.947693,26531,15:39453360,chr15,39453360,39453360,rs12438465,THBS1,3,Zheng,THBS1_locus0,15:39453360
15,39453360,15:39453360:G:C,15,39480926,15:39480926:G:A,0.915215,27566,15:39453360,chr15,39453360,39453360,rs12438465,THBS1,3,Zheng,THBS1_locus0,15:39453360
15,39453360,15:39453360:G:C,15,39482468,15:39482468:C:T,0.931228,29108,15:39453360,chr15,39453360,39453360,rs12438465,THBS1,3,Zheng,THBS1_locus0,15:39453360
15,39453360,15:39453360:G:C,15,39483296,15:39483296:T:TA,0.931228,29936,15:39453360,chr15,39453360,39453360,rs12438465,THBS1,3,Zheng,THBS1_locus0,15:39453360
15,39453360,15:39453360:G:C,15,39485312,15:39485312:TGAC:T,0.931228,31952,15:39453360,chr15,39453360,39453360,rs12438465,THBS1,3,Zheng,THBS1_locus0,15:39453360
15,39453360,15:39453360:G:C,15,39485315,15:39485315:C:T,0.931228,31955,15:39453360,chr15,39453360,39453360,rs12438465,THBS1,3,Zheng,THBS1_locus0,15:39453360
15,39453360,15:39453360:G:C,15,39485319,15:39485319:C:G,0.931228,31959,15:39453360,chr15,39453360,39453360,rs12438465,THBS1,3,Zheng,THBS1_locus0,15:39453360
15,39453360,15:39453360:G:C,15,39486324,15:39486324:G:A,0.947693,32964,15:39453360,chr15,39453360,39453360,rs12438465,THBS1,3,Zheng,THBS1_locus0,15:39453360
15,39453360,15:39453360:G:C,15,39489588,15:39489588:T:A,0.897109,36228,15:39453360,chr15,39453360,39453360,rs12438465,THBS1,3,Zheng,THBS1_locus0,15:39453360
15,78790089,15:78790089:A:G,15,78778009,15:78778009:C:A,0.883731,12080,15:78790089,chr15,78790089,78790089,rs2277547,ADAMTS7,2,Jurgens,ADAMTS7_locus0,15:78790089
15,78790089,15:78790089:A:G,15,78779619,15:78779619:C:T,0.991509,10470,15:78790089,chr15,78790089,78790089,rs2277547,ADAMTS7,2,Jurgens,ADAMTS7_locus0,15:78790089
15,78790089,15:78790089:A:G,15,78784543,15:78784543:A:G,1.0,5546,15:78790089,chr15,78790089,78790089,rs2277547,ADAMTS7,2,Jurgens,ADAMTS7_locus0,15:78790089
15,78790089,15:78790089:A:G,15,78785546,15:78785547:CA:C,0.97539,4543,15:78790089,chr15,78790089,78790089,rs2277547,ADAMTS7,2,Jurgens,ADAMTS7_locus0,15:78790089
15,78790089,15:78790089:A:G,15,78785931,15:78785931:AT:A,0.991509,4158,15:78790089,chr15,78790089,78790089,rs2277547,ADAMTS7,2,Jurgens,ADAMTS7_locus0,15:78790089
15,78790089,15:78790089:A:G,15,78788456,15:78788456:C:T,1.0,1633,15:78790089,chr15,78790089,78790089,rs2277547,ADAMTS7,2,Jurgens,ADAMTS7_locus0,15:78790089
15,78790089,15:78790089:A:G,15,78790089,15:78790089:A:G,1.0,0,15:78790089,chr15,78790089,78790089,rs2277547,ADAMTS7,2,Jurgens,ADAMTS7_locus0,15:78790089
15,78790089,15:78790089:A:G,15,78790778,15:78790778:G:A,1.0,689,15:78790089,chr15,78790089,78790089,rs2277547,ADAMTS7,2,Jurgens,ADAMTS7_locus0,15:78790089
15,84642662,15:84642662:G:A,15,84642662,15:84642662:G:A,1.0,0,15:84642662,chr15,84642662,84642662,rs11073613,ALPK3,6,Zheng,ALPK3_locus0,15:84642662
15,84642662,15:84642662:G:A,15,84648043,15:84648043:C:G,0.849506,5381,15:84642662,chr15,84642662,84642662,rs11073613,ALPK3,6,Zheng,ALPK3_locus0,15:84642662
15,84642662,15:84642662:G:A,15,84662223,15:84662223:T:A,0.829132,19561,15:84642662,chr15,84642662,84642662,rs11073613,ALPK3,6,Zheng,ALPK3_locus0,15:84642662
15,84642662,15:84642662:G:A,15,84671998,15:84671998:C:T,0.83245,29336,15:84642662,chr15,84642662,84642662,rs11073613,ALPK3,6,Zheng,ALPK3_locus0,15:84642662
15,84642662,15:84642662:G:A,15,84672152,15:84672152:C:G,0.878793,29490,15:84642662,chr15,84642662,84642662,rs11073613,ALPK3,6,Zheng,ALPK3_locus0,15:84642662
15,84642662,15:84642662:G:A,15,84676407,15:84676407:C:T,0.83245,33745,15:84642662,chr15,84642662,84642662,rs11073613,ALPK3,6,Zheng,ALPK3_locus0,15:84642662
15,84642662,15:84642662:G:A,15,84690617,15:84690617:TA:T,0.804052,47955,15:84642662,chr15,84642662,84642662,rs11073613,ALPK3,6,Zheng,ALPK3_locus0,15:84642662
15,84642662,15:84642662:G:A,15,84695892,15:84695892:A:T,0.804052,53230,15:84642662,chr15,84642662,84642662,rs11073613,ALPK3,6,Zheng,ALPK3_locus0,15:84642662
15,84642662,15:84642662:G:A,15,84699298,15:84699298:G:A,0.83245,56636,15:84642662,chr15,84642662,84642662,rs11073613,ALPK3,6,Zheng,ALPK3_locus0,15:84642662
15,84642662,15:84642662:G:A,15,84710027,15:84710027:C:T,0.83245,67365,15:84642662,chr15,84642662,84642662,rs11073613,ALPK3,6,Zheng,ALPK3_locus0,15:84642662
15,84642662,15:84642662:G:A,15,84712154,15:84712154:T:C,0.804052,69492,15:84642662,chr15,84642662,84642662,rs11073613,ALPK3,6,Zheng,ALPK3_locus0,15:84642662
15,84642662,15:84642662:G:A,15,84712241,15:84712241:TA:T,0.826968,69579,15:84642662,chr15,84642662,84642662,rs11073613,ALPK3,6,Zheng,ALPK3_locus0,15:84642662
15,84642662,15:84642662:G:A,15,84717037,15:84717037:A:G,0.83245,74375,15:84642662,chr15,84642662,84642662,rs11073613,ALPK3,6,Zheng,ALPK3_locus0,15:84642662
15,84642662,15:84642662:G:A,15,84730649,15:84730649:G:A,0.804052,87987,15:84642662,chr15,84642662,84642662,rs11073613,ALPK3,6,Zheng,ALPK3_locus0,15:84642662
15,84642662,15:84642662:G:A,15,84733704,15:84733704:C:T,0.804052,91042,15:84642662,chr15,84642662,84642662,rs11073613,ALPK3,6,Zheng,ALPK3_locus0,15:84642662
15,84642662,15:84642662:G:A,15,84734657,15:84734657:G:A,0.804052,91995,15:84642662,chr15,84642662,84642662,rs11073613,ALPK3,6,Zheng,ALPK3_locus0,15:84642662
15,84642662,15:84642662:G:A,15,84737633,15:84737633:G:A,0.804052,94971,15:84642662,chr15,84642662,84642662,rs11073613,ALPK3,6,Zheng,ALPK3_locus0,15:84642662
15,84642662,15:84642662:G:A,15,84739404,15:84739404:C:T,0.804052,96742,15:84642662,chr15,84642662,84642662,rs11073613,ALPK3,6,Zheng,ALPK3_locus0,15:84642662
15,84642662,15:84642662:G:A,15,84766840,15:84766840:G:A,0.804052,124178,15:84642662,chr15,84642662,84642662,rs11073613,ALPK3,6,Zheng,ALPK3_locus0,15:84642662
15,84642662,15:84642662:G:A,15,84774849,15:84774849:C:T,0.804052,132187,15:84642662,chr15,84642662,84642662,rs11073613,ALPK3,6,Zheng,ALPK3_locus0,15:84642662
15,84642662,15:84642662:G:A,15,84779989,15:84779989:G:T,0.804052,137327,15:84642662,chr15,84642662,84642662,rs11073613,ALPK3,6,Zheng,ALPK3_locus0,15:84642662
15,84806000,15:84806000:T:C,15,84620374,15:84620374:T:C,0.893872,185626,15:84806000,chr15,84806000,84806000,rs35630683,ALPK3,4,Jurgens,ALPK3_locus1,15:84806000
15,84806000,15:84806000:T:C,15,84622468,15:84622468:C:T,0.893872,183532,15:84806000,chr15,84806000,84806000,rs35630683,ALPK3,4,Jurgens,ALPK3_locus1,15:84806000
15,84806000,15:84806000:T:C,15,84627002,15:84627002:CT:C,0.879393,178998,15:84806000,chr15,84806000,84806000,rs35630683,ALPK3,4,Jurgens,ALPK3_locus1,15:84806000
15,84806000,15:84806000:T:C,15,84627352,15:84627352:C:G,0.893872,178648,15:84806000,chr15,84806000,84806000,rs35630683,ALPK3,4,Jurgens,ALPK3_locus1,15:84806000
15,84806000,15:84806000:T:C,15,84627965,15:84627966:CA:C,0.876621,178035,15:84806000,chr15,84806000,84806000,rs35630683,ALPK3,4,Jurgens,ALPK3_locus1,15:84806000
15,84806000,15:84806000:T:C,15,84628086,15:84628086:C:T,0.893872,177914,15:84806000,chr15,84806000,84806000,rs35630683,ALPK3,4,Jurgens,ALPK3_locus1,15:84806000
15,84806000,15:84806000:T:C,15,84628264,15:84628264:A:C,0.893872,177736,15:84806000,chr15,84806000,84806000,rs35630683,ALPK3,4,Jurgens,ALPK3_locus1,15:84806000
15,84806000,15:84806000:T:C,15,84628952,15:84628952:C:A,0.893872,177048,15:84806000,chr15,84806000,84806000,rs35630683,ALPK3,4,Jurgens,ALPK3_locus1,15:84806000
15,84806000,15:84806000:T:C,15,84628978,15:84628978:C:T,0.893872,177022,15:84806000,chr15,84806000,84806000,rs35630683,ALPK3,4,Jurgens,ALPK3_locus1,15:84806000
15,84806000,15:84806000:T:C,15,84630496,15:84630496:A:AG,0.893872,175504,15:84806000,chr15,84806000,84806000,rs35630683,ALPK3,4,Jurgens,ALPK3_locus1,15:84806000
15,84806000,15:84806000:T:C,15,84630641,15:84630641:C:T,0.893872,175359,15:84806000,chr15,84806000,84806000,rs35630683,ALPK3,4,Jurgens,ALPK3_locus1,15:84806000
15,84806000,15:84806000:T:C,15,84634066,15:84634066:G:A,0.893872,171934,15:84806000,chr15,84806000,84806000,rs35630683,ALPK3,4,Jurgens,ALPK3_locus1,15:84806000
15,84806000,15:84806000:T:C,15,84634492,15:84634492:T:G,0.893872,171508,15:84806000,chr15,84806000,84806000,rs35630683,ALPK3,4,Jurgens,ALPK3_locus1,15:84806000
15,84806000,15:84806000:T:C,15,84636601,15:84636602:C:CA,0.844068,169399,15:84806000,chr15,84806000,84806000,rs35630683,ALPK3,4,Jurgens,ALPK3_locus1,15:84806000
15,84806000,15:84806000:T:C,15,84640559,15:84640559:G:C,0.901832,165441,15:84806000,chr15,84806000,84806000,rs35630683,ALPK3,4,Jurgens,ALPK3_locus1,15:84806000
15,84806000,15:84806000:T:C,15,84641732,15:84641732:G:A,0.901832,164268,15:84806000,chr15,84806000,84806000,rs35630683,ALPK3,4,Jurgens,ALPK3_locus1,15:84806000
15,84806000,15:84806000:T:C,15,84643872,15:84643872:C:T,0.90988,162128,15:84806000,chr15,84806000,84806000,rs35630683,ALPK3,4,Jurgens,ALPK3_locus1,15:84806000
15,84806000,15:84806000:T:C,15,84643921,15:84643921:T:C,0.90988,162079,15:84806000,chr15,84806000,84806000,rs35630683,ALPK3,4,Jurgens,ALPK3_locus1,15:84806000
15,84806000,15:84806000:T:C,15,84646233,15:84646233:T:G,0.81881,159767,15:84806000,chr15,84806000,84806000,rs35630683,ALPK3,4,Jurgens,ALPK3_locus1,15:84806000
15,84806000,15:84806000:T:C,15,84647549,15:84647549:T:C,0.825963,158451,15:84806000,chr15,84806000,84806000,rs35630683,ALPK3,4,Jurgens,ALPK3_locus1,15:84806000
15,84806000,15:84806000:T:C,15,84649784,15:84649784:A:T,0.90988,156216,15:84806000,chr15,84806000,84806000,rs35630683,ALPK3,4,Jurgens,ALPK3_locus1,15:84806000
15,84806000,15:84806000:T:C,15,84650323,15:84650323:G:A,0.90988,155677,15:84806000,chr15,84806000,84806000,rs35630683,ALPK3,4,Jurgens,ALPK3_locus1,15:84806000
15,84806000,15:84806000:T:C,15,84650638,15:84650638:T:C,0.90988,155362,15:84806000,chr15,84806000,84806000,rs35630683,ALPK3,4,Jurgens,ALPK3_locus1,15:84806000
15,84806000,15:84806000:T:C,15,84650706,15:84650706:G:A,0.90988,155294,15:84806000,chr15,84806000,84806000,rs35630683,ALPK3,4,Jurgens,ALPK3_locus1,15:84806000
15,84806000,15:84806000:T:C,15,84652199,15:84652199:C:T,0.90988,153801,15:84806000,chr15,84806000,84806000,rs35630683,ALPK3,4,Jurgens,ALPK3_locus1,15:84806000
15,84806000,15:84806000:T:C,15,84653013,15:84653013:G:A,0.90988,152987,15:84806000,chr15,84806000,84806000,rs35630683,ALPK3,4,Jurgens,ALPK3_locus1,15:84806000
15,84806000,15:84806000:T:C,15,84656980,15:84656980:C:G,0.932312,149020,15:84806000,chr15,84806000,84806000,rs35630683,ALPK3,4,Jurgens,ALPK3_locus1,15:84806000
15,84806000,15:84806000:T:C,15,84657289,15:84657289:G:T,0.932312,148711,15:84806000,chr15,84806000,84806000,rs35630683,ALPK3,4,Jurgens,ALPK3_locus1,15:84806000
15,84806000,15:84806000:T:C,15,84657715,15:84657715:G:C,0.932312,148285,15:84806000,chr15,84806000,84806000,rs35630683,ALPK3,4,Jurgens,ALPK3_locus1,15:84806000
15,84806000,15:84806000:T:C,15,84658188,15:84658188:T:C,0.932312,147812,15:84806000,chr15,84806000,84806000,rs35630683,ALPK3,4,Jurgens,ALPK3_locus1,15:84806000
15,84806000,15:84806000:T:C,15,84658452,15:84658452:C:CG,0.932312,147548,15:84806000,chr15,84806000,84806000,rs35630683,ALPK3,4,Jurgens,ALPK3_locus1,15:84806000
15,84806000,15:84806000:T:C,15,84658609,15:84658609:CTTTTTT:C,0.862681,147391,15:84806000,chr15,84806000,84806000,rs35630683,ALPK3,4,Jurgens,ALPK3_locus1,15:84806000
15,84806000,15:84806000:T:C,15,84660161,15:84660161:A:T,0.957182,145839,15:84806000,chr15,84806000,84806000,rs35630683,ALPK3,4,Jurgens,ALPK3_locus1,15:84806000
15,84806000,15:84806000:T:C,15,84660473,15:84660473:G:C,0.814372,145527,15:84806000,chr15,84806000,84806000,rs35630683,ALPK3,4,Jurgens,ALPK3_locus1,15:84806000
15,84806000,15:84806000:T:C,15,84660510,15:84660511:A:AG,0.804321,145490,15:84806000,chr15,84806000,84806000,rs35630683,ALPK3,4,Jurgens,ALPK3_locus1,15:84806000
15,84806000,15:84806000:T:C,15,84664594,15:84664594:A:G,0.983093,141406,15:84806000,chr15,84806000,84806000,rs35630683,ALPK3,4,Jurgens,ALPK3_locus1,15:84806000
15,84806000,15:84806000:T:C,15,84666936,15:84666937:A:ATTTTTTT,0.893872,139064,15:84806000,chr15,84806000,84806000,rs35630683,ALPK3,4,Jurgens,ALPK3_locus1,15:84806000
15,84806000,15:84806000:T:C,15,84667534,15:84667534:A:G,0.960374,138466,15:84806000,chr15,84806000,84806000,rs35630683,ALPK3,4,Jurgens,ALPK3_locus1,15:84806000
15,84806000,15:84806000:T:C,15,84670258,15:84670258:CT:C,0.960374,135742,15:84806000,chr15,84806000,84806000,rs35630683,ALPK3,4,Jurgens,ALPK3_locus1,15:84806000
15,84806000,15:84806000:T:C,15,84672346,15:84672346:C:T,0.960374,133654,15:84806000,chr15,84806000,84806000,rs35630683,ALPK3,4,Jurgens,ALPK3_locus1,15:84806000
15,84806000,15:84806000:T:C,15,84676451,15:84676451:CA:C,0.991388,129549,15:84806000,chr15,84806000,84806000,rs35630683,ALPK3,4,Jurgens,ALPK3_locus1,15:84806000
15,84806000,15:84806000:T:C,15,84678762,15:84678762:A:G,0.922955,127238,15:84806000,chr15,84806000,84806000,rs35630683,ALPK3,4,Jurgens,ALPK3_locus1,15:84806000
15,84806000,15:84806000:T:C,15,84683421,15:84683421:A:T,0.952485,122579,15:84806000,chr15,84806000,84806000,rs35630683,ALPK3,4,Jurgens,ALPK3_locus1,15:84806000
15,84806000,15:84806000:T:C,15,84684405,15:84684405:C:T,0.960374,121595,15:84806000,chr15,84806000,84806000,rs35630683,ALPK3,4,Jurgens,ALPK3_locus1,15:84806000
15,84806000,15:84806000:T:C,15,84685424,15:84685424:AT:A,0.960374,120576,15:84806000,chr15,84806000,84806000,rs35630683,ALPK3,4,Jurgens,ALPK3_locus1,15:84806000
15,84806000,15:84806000:T:C,15,84685797,15:84685797:CTTTTTTT:C,0.888216,120203,15:84806000,chr15,84806000,84806000,rs35630683,ALPK3,4,Jurgens,ALPK3_locus1,15:84806000
15,84806000,15:84806000:T:C,15,84688354,15:84688354:G:A,0.960374,117646,15:84806000,chr15,84806000,84806000,rs35630683,ALPK3,4,Jurgens,ALPK3_locus1,15:84806000
15,84806000,15:84806000:T:C,15,84688675,15:84688675:T:C,0.960374,117325,15:84806000,chr15,84806000,84806000,rs35630683,ALPK3,4,Jurgens,ALPK3_locus1,15:84806000
15,84806000,15:84806000:T:C,15,84695675,15:84695675:C:CATTTTCT,0.951936,110325,15:84806000,chr15,84806000,84806000,rs35630683,ALPK3,4,Jurgens,ALPK3_locus1,15:84806000
15,84806000,15:84806000:T:C,15,84696777,15:84696777:A:G,0.960374,109223,15:84806000,chr15,84806000,84806000,rs35630683,ALPK3,4,Jurgens,ALPK3_locus1,15:84806000
15,84806000,15:84806000:T:C,15,84697172,15:84697172:G:T,0.960374,108828,15:84806000,chr15,84806000,84806000,rs35630683,ALPK3,4,Jurgens,ALPK3_locus1,15:84806000
15,84806000,15:84806000:T:C,15,84700450,15:84700450:C:T,0.952485,105550,15:84806000,chr15,84806000,84806000,rs35630683,ALPK3,4,Jurgens,ALPK3_locus1,15:84806000
15,84806000,15:84806000:T:C,15,84700984,15:84700984:CA:C,0.865028,105016,15:84806000,chr15,84806000,84806000,rs35630683,ALPK3,4,Jurgens,ALPK3_locus1,15:84806000
15,84806000,15:84806000:T:C,15,84701165,15:84701165:GA:G,0.960374,104835,15:84806000,chr15,84806000,84806000,rs35630683,ALPK3,4,Jurgens,ALPK3_locus1,15:84806000
15,84806000,15:84806000:T:C,15,84704902,15:84704902:A:G,0.952485,101098,15:84806000,chr15,84806000,84806000,rs35630683,ALPK3,4,Jurgens,ALPK3_locus1,15:84806000
15,84806000,15:84806000:T:C,15,84707022,15:84707022:C:T,0.960374,98978,15:84806000,chr15,84806000,84806000,rs35630683,ALPK3,4,Jurgens,ALPK3_locus1,15:84806000
15,84806000,15:84806000:T:C,15,84712928,15:84712928:C:T,0.960374,93072,15:84806000,chr15,84806000,84806000,rs35630683,ALPK3,4,Jurgens,ALPK3_locus1,15:84806000
15,84806000,15:84806000:T:C,15,84713072,15:84713072:T:C,0.960374,92928,15:84806000,chr15,84806000,84806000,rs35630683,ALPK3,4,Jurgens,ALPK3_locus1,15:84806000
15,84806000,15:84806000:T:C,15,84714368,15:84714368:G:A,0.960374,91632,15:84806000,chr15,84806000,84806000,rs35630683,ALPK3,4,Jurgens,ALPK3_locus1,15:84806000
15,84806000,15:84806000:T:C,15,84714972,15:84714972:T:C,0.960374,91028,15:84806000,chr15,84806000,84806000,rs35630683,ALPK3,4,Jurgens,ALPK3_locus1,15:84806000
15,84806000,15:84806000:T:C,15,84717402,15:84717402:CTT:C,0.888674,88598,15:84806000,chr15,84806000,84806000,rs35630683,ALPK3,4,Jurgens,ALPK3_locus1,15:84806000
15,84806000,15:84806000:T:C,15,84718654,15:84718654:A:AGT,0.87964,87346,15:84806000,chr15,84806000,84806000,rs35630683,ALPK3,4,Jurgens,ALPK3_locus1,15:84806000
15,84806000,15:84806000:T:C,15,84721230,15:84721230:G:A,0.975729,84770,15:84806000,chr15,84806000,84806000,rs35630683,ALPK3,4,Jurgens,ALPK3_locus1,15:84806000
15,84806000,15:84806000:T:C,15,84721235,15:84721235:TGTG:T,0.975729,84765,15:84806000,chr15,84806000,84806000,rs35630683,ALPK3,4,Jurgens,ALPK3_locus1,15:84806000
15,84806000,15:84806000:T:C,15,84723242,15:84723242:C:CA,0.941596,82758,15:84806000,chr15,84806000,84806000,rs35630683,ALPK3,4,Jurgens,ALPK3_locus1,15:84806000
15,84806000,15:84806000:T:C,15,84724805,15:84724805:T:C,0.975729,81195,15:84806000,chr15,84806000,84806000,rs35630683,ALPK3,4,Jurgens,ALPK3_locus1,15:84806000
15,84806000,15:84806000:T:C,15,84727044,15:84727044:T:C,0.975729,78956,15:84806000,chr15,84806000,84806000,rs35630683,ALPK3,4,Jurgens,ALPK3_locus1,15:84806000
15,84806000,15:84806000:T:C,15,84732595,15:84732595:C:CT,0.959927,73405,15:84806000,chr15,84806000,84806000,rs35630683,ALPK3,4,Jurgens,ALPK3_locus1,15:84806000
15,84806000,15:84806000:T:C,15,84733678,15:84733678:C:CT,0.936765,72322,15:84806000,chr15,84806000,84806000,rs35630683,ALPK3,4,Jurgens,ALPK3_locus1,15:84806000
15,84806000,15:84806000:T:C,15,84735035,15:84735035:C:CT,0.975729,70965,15:84806000,chr15,84806000,84806000,rs35630683,ALPK3,4,Jurgens,ALPK3_locus1,15:84806000
15,84806000,15:84806000:T:C,15,84736380,15:84736381:A:AT,0.94984,69620,15:84806000,chr15,84806000,84806000,rs35630683,ALPK3,4,Jurgens,ALPK3_locus1,15:84806000
15,84806000,15:84806000:T:C,15,84736979,15:84736979:T:C,0.975729,69021,15:84806000,chr15,84806000,84806000,rs35630683,ALPK3,4,Jurgens,ALPK3_locus1,15:84806000
15,84806000,15:84806000:T:C,15,84736981,15:84736981:T:A,0.975729,69019,15:84806000,chr15,84806000,84806000,rs35630683,ALPK3,4,Jurgens,ALPK3_locus1,15:84806000
15,84806000,15:84806000:T:C,15,84737561,15:84737561:T:G,0.975729,68439,15:84806000,chr15,84806000,84806000,rs35630683,ALPK3,4,Jurgens,ALPK3_locus1,15:84806000
15,84806000,15:84806000:T:C,15,84738325,15:84738325:C:CA,0.901048,67675,15:84806000,chr15,84806000,84806000,rs35630683,ALPK3,4,Jurgens,ALPK3_locus1,15:84806000
15,84806000,15:84806000:T:C,15,84738569,15:84738569:AG:A,0.975729,67431,15:84806000,chr15,84806000,84806000,rs35630683,ALPK3,4,Jurgens,ALPK3_locus1,15:84806000
15,84806000,15:84806000:T:C,15,84738814,15:84738814:A:T,0.975729,67186,15:84806000,chr15,84806000,84806000,rs35630683,ALPK3,4,Jurgens,ALPK3_locus1,15:84806000
15,84806000,15:84806000:T:C,15,84738840,15:84738840:C:G,0.846188,67160,15:84806000,chr15,84806000,84806000,rs35630683,ALPK3,4,Jurgens,ALPK3_locus1,15:84806000
15,84806000,15:84806000:T:C,15,84742305,15:84742305:T:C,0.949968,63695,15:84806000,chr15,84806000,84806000,rs35630683,ALPK3,4,Jurgens,ALPK3_locus1,15:84806000
15,84806000,15:84806000:T:C,15,84743348,15:84743348:CA:C,0.898238,62652,15:84806000,chr15,84806000,84806000,rs35630683,ALPK3,4,Jurgens,ALPK3_locus1,15:84806000
15,84806000,15:84806000:T:C,15,84744856,15:84744856:G:A,0.967605,61144,15:84806000,chr15,84806000,84806000,rs35630683,ALPK3,4,Jurgens,ALPK3_locus1,15:84806000
15,84806000,15:84806000:T:C,15,84751238,15:84751238:T:A,0.967605,54762,15:84806000,chr15,84806000,84806000,rs35630683,ALPK3,4,Jurgens,ALPK3_locus1,15:84806000
15,84806000,15:84806000:T:C,15,84752696,15:84752696:A:G,0.967605,53304,15:84806000,chr15,84806000,84806000,rs35630683,ALPK3,4,Jurgens,ALPK3_locus1,15:84806000
15,84806000,15:84806000:T:C,15,84755124,15:84755125:A:ATT,0.942417,50876,15:84806000,chr15,84806000,84806000,rs35630683,ALPK3,4,Jurgens,ALPK3_locus1,15:84806000
15,84806000,15:84806000:T:C,15,84755431,15:84755431:T:C,0.967605,50569,15:84806000,chr15,84806000,84806000,rs35630683,ALPK3,4,Jurgens,ALPK3_locus1,15:84806000
15,84806000,15:84806000:T:C,15,84759142,15:84759142:G:A,0.967605,46858,15:84806000,chr15,84806000,84806000,rs35630683,ALPK3,4,Jurgens,ALPK3_locus1,15:84806000
15,84806000,15:84806000:T:C,15,84760129,15:84760129:T:TG,0.967605,45871,15:84806000,chr15,84806000,84806000,rs35630683,ALPK3,4,Jurgens,ALPK3_locus1,15:84806000
15,84806000,15:84806000:T:C,15,84761215,15:84761215:C:T,0.967605,44785,15:84806000,chr15,84806000,84806000,rs35630683,ALPK3,4,Jurgens,ALPK3_locus1,15:84806000
15,84806000,15:84806000:T:C,15,84764056,15:84764056:C:T,0.967605,41944,15:84806000,chr15,84806000,84806000,rs35630683,ALPK3,4,Jurgens,ALPK3_locus1,15:84806000
15,84806000,15:84806000:T:C,15,84764910,15:84764911:G:T,0.967605,41090,15:84806000,chr15,84806000,84806000,rs35630683,ALPK3,4,Jurgens,ALPK3_locus1,15:84806000
15,84806000,15:84806000:T:C,15,84765535,15:84765536:G:GTTT,0.83599,40465,15:84806000,chr15,84806000,84806000,rs35630683,ALPK3,4,Jurgens,ALPK3_locus1,15:84806000
15,84806000,15:84806000:T:C,15,84767853,15:84767853:CT:C,0.957628,38147,15:84806000,chr15,84806000,84806000,rs35630683,ALPK3,4,Jurgens,ALPK3_locus1,15:84806000
15,84806000,15:84806000:T:C,15,84768059,15:84768059:TAA:T,0.975729,37941,15:84806000,chr15,84806000,84806000,rs35630683,ALPK3,4,Jurgens,ALPK3_locus1,15:84806000
15,84806000,15:84806000:T:C,15,84768061,15:84768061:A:ATTT,0.966637,37939,15:84806000,chr15,84806000,84806000,rs35630683,ALPK3,4,Jurgens,ALPK3_locus1,15:84806000
15,84806000,15:84806000:T:C,15,84768151,15:84768151:C:T,0.975729,37849,15:84806000,chr15,84806000,84806000,rs35630683,ALPK3,4,Jurgens,ALPK3_locus1,15:84806000
15,84806000,15:84806000:T:C,15,84768203,15:84768203:TC:T,0.975729,37797,15:84806000,chr15,84806000,84806000,rs35630683,ALPK3,4,Jurgens,ALPK3_locus1,15:84806000
15,84806000,15:84806000:T:C,15,84768234,15:84768234:T:C,0.941596,37766,15:84806000,chr15,84806000,84806000,rs35630683,ALPK3,4,Jurgens,ALPK3_locus1,15:84806000
15,84806000,15:84806000:T:C,15,84771166,15:84771166:G:C,0.950595,34834,15:84806000,chr15,84806000,84806000,rs35630683,ALPK3,4,Jurgens,ALPK3_locus1,15:84806000
15,84806000,15:84806000:T:C,15,84773214,15:84773214:G:GT,0.952485,32786,15:84806000,chr15,84806000,84806000,rs35630683,ALPK3,4,Jurgens,ALPK3_locus1,15:84806000
15,84806000,15:84806000:T:C,15,84773234,15:84773234:C:T,0.975729,32766,15:84806000,chr15,84806000,84806000,rs35630683,ALPK3,4,Jurgens,ALPK3_locus1,15:84806000
15,84806000,15:84806000:T:C,15,84774834,15:84774834:A:G,0.975729,31166,15:84806000,chr15,84806000,84806000,rs35630683,ALPK3,4,Jurgens,ALPK3_locus1,15:84806000
15,84806000,15:84806000:T:C,15,84774928,15:84774928:A:G,0.975729,31072,15:84806000,chr15,84806000,84806000,rs35630683,ALPK3,4,Jurgens,ALPK3_locus1,15:84806000
15,84806000,15:84806000:T:C,15,84775407,15:84775407:GTGT:G,0.968348,30593,15:84806000,chr15,84806000,84806000,rs35630683,ALPK3,4,Jurgens,ALPK3_locus1,15:84806000
15,84806000,15:84806000:T:C,15,84776027,15:84776027:A:G,0.975729,29973,15:84806000,chr15,84806000,84806000,rs35630683,ALPK3,4,Jurgens,ALPK3_locus1,15:84806000
15,84806000,15:84806000:T:C,15,84776461,15:84776461:A:G,0.975729,29539,15:84806000,chr15,84806000,84806000,rs35630683,ALPK3,4,Jurgens,ALPK3_locus1,15:84806000
15,84806000,15:84806000:T:C,15,84777989,15:84777989:T:C,0.975729,28011,15:84806000,chr15,84806000,84806000,rs35630683,ALPK3,4,Jurgens,ALPK3_locus1,15:84806000
15,84806000,15:84806000:T:C,15,84779120,15:84779120:C:G,0.975729,26880,15:84806000,chr15,84806000,84806000,rs35630683,ALPK3,4,Jurgens,ALPK3_locus1,15:84806000
15,84806000,15:84806000:T:C,15,84781236,15:84781236:T:C,0.967262,24764,15:84806000,chr15,84806000,84806000,rs35630683,ALPK3,4,Jurgens,ALPK3_locus1,15:84806000
15,84806000,15:84806000:T:C,15,84785121,15:84785121:C:T,0.940877,20879,15:84806000,chr15,84806000,84806000,rs35630683,ALPK3,4,Jurgens,ALPK3_locus1,15:84806000
15,84806000,15:84806000:T:C,15,84785865,15:84785865:T:TA,0.923579,20135,15:84806000,chr15,84806000,84806000,rs35630683,ALPK3,4,Jurgens,ALPK3_locus1,15:84806000
15,84806000,15:84806000:T:C,15,84786190,15:84786190:A:C,0.940877,19810,15:84806000,chr15,84806000,84806000,rs35630683,ALPK3,4,Jurgens,ALPK3_locus1,15:84806000
15,84806000,15:84806000:T:C,15,84788040,15:84788040:A:G,0.940877,17960,15:84806000,chr15,84806000,84806000,rs35630683,ALPK3,4,Jurgens,ALPK3_locus1,15:84806000
15,84806000,15:84806000:T:C,15,84788262,15:84788262:A:G,0.940877,17738,15:84806000,chr15,84806000,84806000,rs35630683,ALPK3,4,Jurgens,ALPK3_locus1,15:84806000
15,84806000,15:84806000:T:C,15,84788398,15:84788398:A:G,0.940877,17602,15:84806000,chr15,84806000,84806000,rs35630683,ALPK3,4,Jurgens,ALPK3_locus1,15:84806000
15,84806000,15:84806000:T:C,15,84789049,15:84789049:T:A,0.940877,16951,15:84806000,chr15,84806000,84806000,rs35630683,ALPK3,4,Jurgens,ALPK3_locus1,15:84806000
15,84806000,15:84806000:T:C,15,84790165,15:84790165:C:T,0.819286,15835,15:84806000,chr15,84806000,84806000,rs35630683,ALPK3,4,Jurgens,ALPK3_locus1,15:84806000
15,84806000,15:84806000:T:C,15,84794468,15:84794468:T:A,0.975729,11532,15:84806000,chr15,84806000,84806000,rs35630683,ALPK3,4,Jurgens,ALPK3_locus1,15:84806000
15,84806000,15:84806000:T:C,15,84794569,15:84794569:C:T,0.975729,11431,15:84806000,chr15,84806000,84806000,rs35630683,ALPK3,4,Jurgens,ALPK3_locus1,15:84806000
15,84806000,15:84806000:T:C,15,84800749,15:84800749:T:G,0.975729,5251,15:84806000,chr15,84806000,84806000,rs35630683,ALPK3,4,Jurgens,ALPK3_locus1,15:84806000
15,84806000,15:84806000:T:C,15,84801319,15:84801319:T:A,0.975729,4681,15:84806000,chr15,84806000,84806000,rs35630683,ALPK3,4,Jurgens,ALPK3_locus1,15:84806000
15,84806000,15:84806000:T:C,15,84804478,15:84804478:A:G,0.944681,1522,15:84806000,chr15,84806000,84806000,rs35630683,ALPK3,4,Jurgens,ALPK3_locus1,15:84806000
15,84806000,15:84806000:T:C,15,84805730,15:84805730:TTTTG:T,1.0,270,15:84806000,chr15,84806000,84806000,rs35630683,ALPK3,4,Jurgens,ALPK3_locus1,15:84806000
15,84806000,15:84806000:T:C,15,84806000,15:84806000:T:C,1.0,0,15:84806000,chr15,84806000,84806000,rs35630683,ALPK3,4,Jurgens,ALPK3_locus1,15:84806000
15,84806000,15:84806000:T:C,15,84811882,15:84811882:CA:C,0.982971,5882,15:84806000,chr15,84806000,84806000,rs35630683,ALPK3,4,Jurgens,ALPK3_locus1,15:84806000
15,84806000,15:84806000:T:C,15,84812610,15:84812610:G:A,1.0,6610,15:84806000,chr15,84806000,84806000,rs35630683,ALPK3,4,Jurgens,ALPK3_locus1,15:84806000
15,84806000,15:84806000:T:C,15,84812839,15:84812839:CA:C,0.948561,6839,15:84806000,chr15,84806000,84806000,rs35630683,ALPK3,4,Jurgens,ALPK3_locus1,15:84806000
15,84806000,15:84806000:T:C,15,84813812,15:84813812:GC:G,1.0,7812,15:84806000,chr15,84806000,84806000,rs35630683,ALPK3,4,Jurgens,ALPK3_locus1,15:84806000
15,84806000,15:84806000:T:C,15,84814418,15:84814418:C:A,1.0,8418,15:84806000,chr15,84806000,84806000,rs35630683,ALPK3,4,Jurgens,ALPK3_locus1,15:84806000
15,84806000,15:84806000:T:C,15,84814626,15:84814626:T:TA,0.974293,8626,15:84806000,chr15,84806000,84806000,rs35630683,ALPK3,4,Jurgens,ALPK3_locus1,15:84806000
15,84806000,15:84806000:T:C,15,84830267,15:84830267:C:CT,0.943587,24267,15:84806000,chr15,84806000,84806000,rs35630683,ALPK3,4,Jurgens,ALPK3_locus1,15:84806000
15,84806000,15:84806000:T:C,15,84830867,15:84830867:T:TTG,0.877153,24867,15:84806000,chr15,84806000,84806000,rs35630683,ALPK3,4,Jurgens,ALPK3_locus1,15:84806000
15,84806000,15:84806000:T:C,15,84830881,15:84830881:A:G,0.943587,24881,15:84806000,chr15,84806000,84806000,rs35630683,ALPK3,4,Jurgens,ALPK3_locus1,15:84806000
15,84806000,15:84806000:T:C,15,84834210,15:84834210:G:A,0.943587,28210,15:84806000,chr15,84806000,84806000,rs35630683,ALPK3,4,Jurgens,ALPK3_locus1,15:84806000
15,84806000,15:84806000:T:C,15,84839914,15:84839914:C:G,0.915648,33914,15:84806000,chr15,84806000,84806000,rs35630683,ALPK3,4,Jurgens,ALPK3_locus1,15:84806000
15,84806000,15:84806000:T:C,15,84840409,15:84840409:G:A,0.915648,34409,15:84806000,chr15,84806000,84806000,rs35630683,ALPK3,4,Jurgens,ALPK3_locus1,15:84806000
15,84845422,15:84845422:A:G,15,84845422,15:84845422:A:G,1.0,0,15:84845422,chr15,84845422,84845422,rs306206,ALPK3,6,Zheng,ALPK3_locus1,15:84845422
15,84845422,15:84845422:A:G,15,84846400,15:84846400:G:A,1.0,978,15:84845422,chr15,84845422,84845422,rs306206,ALPK3,6,Zheng,ALPK3_locus1,15:84845422
15,84845422,15:84845422:A:G,15,84849067,15:84849067:G:A,0.975304,3645,15:84845422,chr15,84845422,84845422,rs306206,ALPK3,6,Zheng,ALPK3_locus1,15:84845422
15,84845422,15:84845422:A:G,15,84850011,15:84850011:AAAG:A,0.975304,4589,15:84845422,chr15,84845422,84845422,rs306206,ALPK3,6,Zheng,ALPK3_locus1,15:84845422
15,84845422,15:84845422:A:G,15,84860265,15:84860265:G:A,0.83169,14843,15:84845422,chr15,84845422,84845422,rs306206,ALPK3,6,Zheng,ALPK3_locus1,15:84845422
15,84845422,15:84845422:A:G,15,84872155,15:84872155:T:C,0.824437,26733,15:84845422,chr15,84845422,84845422,rs306206,ALPK3,6,Zheng,ALPK3_locus1,15:84845422
15,84845422,15:84845422:A:G,15,84872349,15:84872349:G:C,0.824437,26927,15:84845422,chr15,84845422,84845422,rs306206,ALPK3,6,Zheng,ALPK3_locus1,15:84845422
15,84845422,15:84845422:A:G,15,84872568,15:84872568:C:T,0.824437,27146,15:84845422,chr15,84845422,84845422,rs306206,ALPK3,6,Zheng,ALPK3_locus1,15:84845422
15,84845422,15:84845422:A:G,15,84872833,15:84872833:A:ATT,0.824437,27411,15:84845422,chr15,84845422,84845422,rs306206,ALPK3,6,Zheng,ALPK3_locus1,15:84845422
16,927160,16:927160:T:C,16,900434,16:900434:T:C,0.834378,26726,16:927160,chr16,927160,927160,rs8056644,LMF1,3,Zheng,LMF1_locus0,16:927160
16,927160,16:927160:T:C,16,900446,16:900446:A:G,0.826841,26714,16:927160,chr16,927160,927160,rs8056644,LMF1,3,Zheng,LMF1_locus0,16:927160
16,927160,16:927160:T:C,16,900922,16:900922:G:A,0.834378,26238,16:927160,chr16,927160,927160,rs8056644,LMF1,3,Zheng,LMF1_locus0,16:927160
16,927160,16:927160:T:C,16,901045,16:901045:C:T,0.834378,26115,16:927160,chr16,927160,927160,rs8056644,LMF1,3,Zheng,LMF1_locus0,16:927160
16,927160,16:927160:T:C,16,901309,16:901309:G:C,0.834378,25851,16:927160,chr16,927160,927160,rs8056644,LMF1,3,Zheng,LMF1_locus0,16:927160
16,927160,16:927160:T:C,16,901372,16:901372:TG:T,0.831079,25788,16:927160,chr16,927160,927160,rs8056644,LMF1,3,Zheng,LMF1_locus0,16:927160
16,927160,16:927160:T:C,16,901567,16:901567:G:A,0.834378,25593,16:927160,chr16,927160,927160,rs8056644,LMF1,3,Zheng,LMF1_locus0,16:927160
16,927160,16:927160:T:C,16,901598,16:901598:C:T,0.834378,25562,16:927160,chr16,927160,927160,rs8056644,LMF1,3,Zheng,LMF1_locus0,16:927160
16,927160,16:927160:T:C,16,909503,16:909503:A:G,0.882635,17657,16:927160,chr16,927160,927160,rs8056644,LMF1,3,Zheng,LMF1_locus0,16:927160
16,927160,16:927160:T:C,16,913315,16:913315:T:C,0.930693,13845,16:927160,chr16,927160,927160,rs8056644,LMF1,3,Zheng,LMF1_locus0,16:927160
16,927160,16:927160:T:C,16,920598,16:920598:C:A,0.888179,6562,16:927160,chr16,927160,927160,rs8056644,LMF1,3,Zheng,LMF1_locus0,16:927160
16,927160,16:927160:T:C,16,924411,16:924411:T:A,0.992761,2749,16:927160,chr16,927160,927160,rs8056644,LMF1,3,Zheng,LMF1_locus0,16:927160
16,927160,16:927160:T:C,16,924646,16:924646:C:G,1.0,2514,16:927160,chr16,927160,927160,rs8056644,LMF1,3,Zheng,LMF1_locus0,16:927160
16,927160,16:927160:T:C,16,926536,16:926536:A:G,1.0,624,16:927160,chr16,927160,927160,rs8056644,LMF1,3,Zheng,LMF1_locus0,16:927160
16,927160,16:927160:T:C,16,927160,16:927160:T:C,1.0,0,16:927160,chr16,927160,927160,rs8056644,LMF1,3,Zheng,LMF1_locus0,16:927160
16,927160,16:927160:T:C,16,928206,16:928206:C:A,0.978416,1046,16:927160,chr16,927160,927160,rs8056644,LMF1,3,Zheng,LMF1_locus0,16:927160
16,927160,16:927160:T:C,16,929960,16:929960:C:G,0.978416,2800,16:927160,chr16,927160,927160,rs8056644,LMF1,3,Zheng,LMF1_locus0,16:927160
16,927160,16:927160:T:C,16,930316,16:930316:G:A,0.964473,3156,16:927160,chr16,927160,927160,rs8056644,LMF1,3,Zheng,LMF1_locus0,16:927160
16,927160,16:927160:T:C,16,931861,16:931861:A:G,0.985621,4701,16:927160,chr16,927160,927160,rs8056644,LMF1,3,Zheng,LMF1_locus0,16:927160
16,937454,16:937454:T:C,16,899766,16:899766:C:G,0.823448,37688,16:937454,chr16,937454,937454,rs9328932,LMF1,3,Zheng,LMF1_locus0,16:937454
16,937454,16:937454:T:C,16,900007,16:900007:T:C,0.833669,37447,16:937454,chr16,937454,937454,rs9328932,LMF1,3,Zheng,LMF1_locus0,16:937454
16,937454,16:937454:T:C,16,910725,16:910725:G:A,0.952743,26729,16:937454,chr16,937454,937454,rs9328932,LMF1,3,Zheng,LMF1_locus0,16:937454
16,937454,16:937454:T:C,16,912154,16:912154:T:C,0.972951,25300,16:937454,chr16,937454,937454,rs9328932,LMF1,3,Zheng,LMF1_locus0,16:937454
16,937454,16:937454:T:C,16,913315,16:913315:T:C,0.813381,24139,16:937454,chr16,937454,937454,rs9328932,LMF1,3,Zheng,LMF1_locus0,16:937454
16,937454,16:937454:T:C,16,918717,16:918717:T:C,0.953293,18737,16:937454,chr16,937454,937454,rs9328932,LMF1,3,Zheng,LMF1_locus0,16:937454
16,937454,16:937454:T:C,16,920814,16:920814:T:C,0.960201,16640,16:937454,chr16,937454,937454,rs9328932,LMF1,3,Zheng,LMF1_locus0,16:937454
16,937454,16:937454:T:C,16,937112,16:937112:C:T,0.993238,342,16:937454,chr16,937454,937454,rs9328932,LMF1,3,Zheng,LMF1_locus0,16:937454
16,937454,16:937454:T:C,16,937118,16:937118:T:C,0.993238,336,16:937454,chr16,937454,937454,rs9328932,LMF1,3,Zheng,LMF1_locus0,16:937454
16,937454,16:937454:T:C,16,937256,16:937256:C:T,0.993238,198,16:937454,chr16,937454,937454,rs9328932,LMF1,3,Zheng,LMF1_locus0,16:937454
16,937454,16:937454:T:C,16,937298,16:937298:G:A,0.993238,156,16:937454,chr16,937454,937454,rs9328932,LMF1,3,Zheng,LMF1_locus0,16:937454
16,937454,16:937454:T:C,16,937358,16:937358:T:C,0.986528,96,16:937454,chr16,937454,937454,rs9328932,LMF1,3,Zheng,LMF1_locus0,16:937454
16,937454,16:937454:T:C,16,937371,16:937371:G:A,0.993238,83,16:937454,chr16,937454,937454,rs9328932,LMF1,3,Zheng,LMF1_locus0,16:937454
16,937454,16:937454:T:C,16,937454,16:937454:T:C,1.0,0,16:937454,chr16,937454,937454,rs9328932,LMF1,3,Zheng,LMF1_locus0,16:937454
16,937454,16:937454:T:C,16,937520,16:937520:C:T,1.0,66,16:937454,chr16,937454,937454,rs9328932,LMF1,3,Zheng,LMF1_locus0,16:937454
16,937454,16:937454:T:C,16,937877,16:937877:A:G,0.993238,423,16:937454,chr16,937454,937454,rs9328932,LMF1,3,Zheng,LMF1_locus0,16:937454
16,937454,16:937454:T:C,16,937935,16:937935:C:T,0.993238,481,16:937454,chr16,937454,937454,rs9328932,LMF1,3,Zheng,LMF1_locus0,16:937454
16,937454,16:937454:T:C,16,937940,16:937940:A:G,0.993238,486,16:937454,chr16,937454,937454,rs9328932,LMF1,3,Zheng,LMF1_locus0,16:937454
16,937454,16:937454:T:C,16,937972,16:937972:C:T,0.993238,518,16:937454,chr16,937454,937454,rs9328932,LMF1,3,Zheng,LMF1_locus0,16:937454
16,937454,16:937454:T:C,16,938052,16:938052:CA:C,0.993238,598,16:937454,chr16,937454,937454,rs9328932,LMF1,3,Zheng,LMF1_locus0,16:937454
16,937454,16:937454:T:C,16,938070,16:938070:T:A,0.993238,616,16:937454,chr16,937454,937454,rs9328932,LMF1,3,Zheng,LMF1_locus0,16:937454
16,937454,16:937454:T:C,16,938168,16:938168:A:G,0.993238,714,16:937454,chr16,937454,937454,rs9328932,LMF1,3,Zheng,LMF1_locus0,16:937454
16,937454,16:937454:T:C,16,938197,16:938197:C:T,0.993238,743,16:937454,chr16,937454,937454,rs9328932,LMF1,3,Zheng,LMF1_locus0,16:937454
16,937454,16:937454:T:C,16,938323,16:938323:GGTGGCTCGC:G,0.993238,869,16:937454,chr16,937454,937454,rs9328932,LMF1,3,Zheng,LMF1_locus0,16:937454
16,937454,16:937454:T:C,16,938348,16:938348:G:A,0.993238,894,16:937454,chr16,937454,937454,rs9328932,LMF1,3,Zheng,LMF1_locus0,16:937454
16,937454,16:937454:T:C,16,938437,16:938437:T:C,0.993238,983,16:937454,chr16,937454,937454,rs9328932,LMF1,3,Zheng,LMF1_locus0,16:937454
16,937454,16:937454:T:C,16,938483,16:938483:T:C,0.993238,1029,16:937454,chr16,937454,937454,rs9328932,LMF1,3,Zheng,LMF1_locus0,16:937454
16,937454,16:937454:T:C,16,938578,16:938578:G:T,0.986469,1124,16:937454,chr16,937454,937454,rs9328932,LMF1,3,Zheng,LMF1_locus0,16:937454
16,937454,16:937454:T:C,16,938728,16:938728:T:C,0.993238,1274,16:937454,chr16,937454,937454,rs9328932,LMF1,3,Zheng,LMF1_locus0,16:937454
16,937454,16:937454:T:C,16,938889,16:938889:C:T,0.993238,1435,16:937454,chr16,937454,937454,rs9328932,LMF1,3,Zheng,LMF1_locus0,16:937454
16,937454,16:937454:T:C,16,938998,16:938998:A:G,0.993238,1544,16:937454,chr16,937454,937454,rs9328932,LMF1,3,Zheng,LMF1_locus0,16:937454
16,937454,16:937454:T:C,16,939191,16:939191:A:T,0.993238,1737,16:937454,chr16,937454,937454,rs9328932,LMF1,3,Zheng,LMF1_locus0,16:937454
16,937454,16:937454:T:C,16,939254,16:939254:GT:G,0.993238,1800,16:937454,chr16,937454,937454,rs9328932,LMF1,3,Zheng,LMF1_locus0,16:937454
16,937454,16:937454:T:C,16,939721,16:939721:C:T,0.986528,2267,16:937454,chr16,937454,937454,rs9328932,LMF1,3,Zheng,LMF1_locus0,16:937454
16,937454,16:937454:T:C,16,939843,16:939843:A:G,0.993238,2389,16:937454,chr16,937454,937454,rs9328932,LMF1,3,Zheng,LMF1_locus0,16:937454
16,937454,16:937454:T:C,16,939858,16:939858:T:G,0.993238,2404,16:937454,chr16,937454,937454,rs9328932,LMF1,3,Zheng,LMF1_locus0,16:937454
16,937454,16:937454:T:C,16,940021,16:940021:C:G,0.993238,2567,16:937454,chr16,937454,937454,rs9328932,LMF1,3,Zheng,LMF1_locus0,16:937454
16,937454,16:937454:T:C,16,940142,16:940142:T:C,0.993238,2688,16:937454,chr16,937454,937454,rs9328932,LMF1,3,Zheng,LMF1_locus0,16:937454
16,937454,16:937454:T:C,16,940316,16:940316:A:G,0.993238,2862,16:937454,chr16,937454,937454,rs9328932,LMF1,3,Zheng,LMF1_locus0,16:937454
16,937454,16:937454:T:C,16,940320,16:940320:A:G,0.993238,2866,16:937454,chr16,937454,937454,rs9328932,LMF1,3,Zheng,LMF1_locus0,16:937454
16,937454,16:937454:T:C,16,940459,16:940459:A:G,0.993238,3005,16:937454,chr16,937454,937454,rs9328932,LMF1,3,Zheng,LMF1_locus0,16:937454
16,937454,16:937454:T:C,16,940519,16:940519:A:G,0.993238,3065,16:937454,chr16,937454,937454,rs9328932,LMF1,3,Zheng,LMF1_locus0,16:937454
16,937454,16:937454:T:C,16,940696,16:940696:C:T,0.993238,3242,16:937454,chr16,937454,937454,rs9328932,LMF1,3,Zheng,LMF1_locus0,16:937454
16,937454,16:937454:T:C,16,940791,16:940791:A:G,0.993238,3337,16:937454,chr16,937454,937454,rs9328932,LMF1,3,Zheng,LMF1_locus0,16:937454
16,937454,16:937454:T:C,16,940815,16:940815:C:T,0.993238,3361,16:937454,chr16,937454,937454,rs9328932,LMF1,3,Zheng,LMF1_locus0,16:937454
16,937454,16:937454:T:C,16,941002,16:941002:A:G,0.993238,3548,16:937454,chr16,937454,937454,rs9328932,LMF1,3,Zheng,LMF1_locus0,16:937454
16,937454,16:937454:T:C,16,941219,16:941219:C:T,0.993238,3765,16:937454,chr16,937454,937454,rs9328932,LMF1,3,Zheng,LMF1_locus0,16:937454
16,937454,16:937454:T:C,16,941249,16:941249:C:A,0.993238,3795,16:937454,chr16,937454,937454,rs9328932,LMF1,3,Zheng,LMF1_locus0,16:937454
16,937454,16:937454:T:C,16,941404,16:941404:A:G,0.993238,3950,16:937454,chr16,937454,937454,rs9328932,LMF1,3,Zheng,LMF1_locus0,16:937454
16,937454,16:937454:T:C,16,941413,16:941413:C:T,0.993238,3959,16:937454,chr16,937454,937454,rs9328932,LMF1,3,Zheng,LMF1_locus0,16:937454
16,937454,16:937454:T:C,16,941872,16:941872:T:C,0.993238,4418,16:937454,chr16,937454,937454,rs9328932,LMF1,3,Zheng,LMF1_locus0,16:937454
16,937454,16:937454:T:C,16,942091,16:942091:G:C,0.993238,4637,16:937454,chr16,937454,937454,rs9328932,LMF1,3,Zheng,LMF1_locus0,16:937454
16,937454,16:937454:T:C,16,942300,16:942300:G:A,0.993238,4846,16:937454,chr16,937454,937454,rs9328932,LMF1,3,Zheng,LMF1_locus0,16:937454
16,937454,16:937454:T:C,16,942961,16:942961:T:G,0.993238,5507,16:937454,chr16,937454,937454,rs9328932,LMF1,3,Zheng,LMF1_locus0,16:937454
16,937454,16:937454:T:C,16,943099,16:943099:C:T,0.986423,5645,16:937454,chr16,937454,937454,rs9328932,LMF1,3,Zheng,LMF1_locus0,16:937454
16,937454,16:937454:T:C,16,943468,16:943468:G:A,0.993238,6014,16:937454,chr16,937454,937454,rs9328932,LMF1,3,Zheng,LMF1_locus0,16:937454
16,937454,16:937454:T:C,16,943667,16:943667:A:C,0.993238,6213,16:937454,chr16,937454,937454,rs9328932,LMF1,3,Zheng,LMF1_locus0,16:937454
16,937454,16:937454:T:C,16,943820,16:943820:C:G,0.993238,6366,16:937454,chr16,937454,937454,rs9328932,LMF1,3,Zheng,LMF1_locus0,16:937454
16,937454,16:937454:T:C,16,944050,16:944050:G:A,0.993238,6596,16:937454,chr16,937454,937454,rs9328932,LMF1,3,Zheng,LMF1_locus0,16:937454
16,937454,16:937454:T:C,16,944162,16:944162:T:C,0.993238,6708,16:937454,chr16,937454,937454,rs9328932,LMF1,3,Zheng,LMF1_locus0,16:937454
16,937454,16:937454:T:C,16,944775,16:944775:T:C,0.993238,7321,16:937454,chr16,937454,937454,rs9328932,LMF1,3,Zheng,LMF1_locus0,16:937454
16,937454,16:937454:T:C,16,944918,16:944918:T:TA,0.986469,7464,16:937454,chr16,937454,937454,rs9328932,LMF1,3,Zheng,LMF1_locus0,16:937454
16,937454,16:937454:T:C,16,945082,16:945082:A:G,0.993238,7628,16:937454,chr16,937454,937454,rs9328932,LMF1,3,Zheng,LMF1_locus0,16:937454
16,937454,16:937454:T:C,16,945101,16:945101:C:T,0.993238,7647,16:937454,chr16,937454,937454,rs9328932,LMF1,3,Zheng,LMF1_locus0,16:937454
16,937454,16:937454:T:C,16,945156,16:945156:G:A,0.993238,7702,16:937454,chr16,937454,937454,rs9328932,LMF1,3,Zheng,LMF1_locus0,16:937454
16,937454,16:937454:T:C,16,945342,16:945342:T:C,0.993238,7888,16:937454,chr16,937454,937454,rs9328932,LMF1,3,Zheng,LMF1_locus0,16:937454
16,937454,16:937454:T:C,16,945434,16:945434:T:G,0.979869,7980,16:937454,chr16,937454,937454,rs9328932,LMF1,3,Zheng,LMF1_locus0,16:937454
16,937454,16:937454:T:C,16,945565,16:945565:G:GTTAAAAAAT,0.993238,8111,16:937454,chr16,937454,937454,rs9328932,LMF1,3,Zheng,LMF1_locus0,16:937454
16,937454,16:937454:T:C,16,945718,16:945718:C:G,0.993238,8264,16:937454,chr16,937454,937454,rs9328932,LMF1,3,Zheng,LMF1_locus0,16:937454
16,937454,16:937454:T:C,16,945834,16:945834:T:C,0.993238,8380,16:937454,chr16,937454,937454,rs9328932,LMF1,3,Zheng,LMF1_locus0,16:937454
16,937454,16:937454:T:C,16,945894,16:945894:G:A,0.993238,8440,16:937454,chr16,937454,937454,rs9328932,LMF1,3,Zheng,LMF1_locus0,16:937454
16,937454,16:937454:T:C,16,946150,16:946150:A:T,0.986621,8696,16:937454,chr16,937454,937454,rs9328932,LMF1,3,Zheng,LMF1_locus0,16:937454
16,937454,16:937454:T:C,16,947183,16:947183:T:C,0.993238,9729,16:937454,chr16,937454,937454,rs9328932,LMF1,3,Zheng,LMF1_locus0,16:937454
16,937454,16:937454:T:C,16,947352,16:947352:A:G,0.993238,9898,16:937454,chr16,937454,937454,rs9328932,LMF1,3,Zheng,LMF1_locus0,16:937454
16,937454,16:937454:T:C,16,947473,16:947473:T:C,0.993238,10019,16:937454,chr16,937454,937454,rs9328932,LMF1,3,Zheng,LMF1_locus0,16:937454
16,937454,16:937454:T:C,16,947496,16:947496:C:A,0.993238,10042,16:937454,chr16,937454,937454,rs9328932,LMF1,3,Zheng,LMF1_locus0,16:937454
16,937454,16:937454:T:C,16,947520,16:947520:T:C,0.993238,10066,16:937454,chr16,937454,937454,rs9328932,LMF1,3,Zheng,LMF1_locus0,16:937454
16,937454,16:937454:T:C,16,948245,16:948245:A:C,0.912158,10791,16:937454,chr16,937454,937454,rs9328932,LMF1,3,Zheng,LMF1_locus0,16:937454
16,937454,16:937454:T:C,16,948369,16:948369:G:A,0.986469,10915,16:937454,chr16,937454,937454,rs9328932,LMF1,3,Zheng,LMF1_locus0,16:937454
16,937454,16:937454:T:C,16,948420,16:948420:C:T,0.966484,10966,16:937454,chr16,937454,937454,rs9328932,LMF1,3,Zheng,LMF1_locus0,16:937454
16,937454,16:937454:T:C,16,948553,16:948553:C:G,0.986469,11099,16:937454,chr16,937454,937454,rs9328932,LMF1,3,Zheng,LMF1_locus0,16:937454
16,937454,16:937454:T:C,16,948559,16:948559:G:A,0.986469,11105,16:937454,chr16,937454,937454,rs9328932,LMF1,3,Zheng,LMF1_locus0,16:937454
16,937454,16:937454:T:C,16,951274,16:951274:C:T,0.940241,13820,16:937454,chr16,937454,937454,rs9328932,LMF1,3,Zheng,LMF1_locus0,16:937454
16,937454,16:937454:T:C,16,951414,16:951414:T:C,0.993238,13960,16:937454,chr16,937454,937454,rs9328932,LMF1,3,Zheng,LMF1_locus0,16:937454
16,937454,16:937454:T:C,16,951713,16:951713:G:A,0.993238,14259,16:937454,chr16,937454,937454,rs9328932,LMF1,3,Zheng,LMF1_locus0,16:937454
16,937454,16:937454:T:C,16,951801,16:951801:T:C,0.993238,14347,16:937454,chr16,937454,937454,rs9328932,LMF1,3,Zheng,LMF1_locus0,16:937454
16,937454,16:937454:T:C,16,951821,16:951821:A:G,0.993238,14367,16:937454,chr16,937454,937454,rs9328932,LMF1,3,Zheng,LMF1_locus0,16:937454
16,937454,16:937454:T:C,16,951930,16:951930:A:T,0.993238,14476,16:937454,chr16,937454,937454,rs9328932,LMF1,3,Zheng,LMF1_locus0,16:937454
16,937454,16:937454:T:C,16,951944,16:951944:A:G,0.993238,14490,16:937454,chr16,937454,937454,rs9328932,LMF1,3,Zheng,LMF1_locus0,16:937454
16,937454,16:937454:T:C,16,951966,16:951966:C:T,0.993238,14512,16:937454,chr16,937454,937454,rs9328932,LMF1,3,Zheng,LMF1_locus0,16:937454
16,937454,16:937454:T:C,16,952064,16:952064:A:C,0.993238,14610,16:937454,chr16,937454,937454,rs9328932,LMF1,3,Zheng,LMF1_locus0,16:937454
16,937454,16:937454:T:C,16,952103,16:952103:G:A,0.993238,14649,16:937454,chr16,937454,937454,rs9328932,LMF1,3,Zheng,LMF1_locus0,16:937454
16,937454,16:937454:T:C,16,952178,16:952178:A:G,0.993238,14724,16:937454,chr16,937454,937454,rs9328932,LMF1,3,Zheng,LMF1_locus0,16:937454
16,937454,16:937454:T:C,16,952328,16:952328:T:C,0.993238,14874,16:937454,chr16,937454,937454,rs9328932,LMF1,3,Zheng,LMF1_locus0,16:937454
16,937454,16:937454:T:C,16,952365,16:952365:G:A,0.993238,14911,16:937454,chr16,937454,937454,rs9328932,LMF1,3,Zheng,LMF1_locus0,16:937454
16,937454,16:937454:T:C,16,952395,16:952395:G:C,0.993238,14941,16:937454,chr16,937454,937454,rs9328932,LMF1,3,Zheng,LMF1_locus0,16:937454
16,937454,16:937454:T:C,16,952526,16:952526:G:A,0.993238,15072,16:937454,chr16,937454,937454,rs9328932,LMF1,3,Zheng,LMF1_locus0,16:937454
16,937454,16:937454:T:C,16,952658,16:952658:G:A,0.979795,15204,16:937454,chr16,937454,937454,rs9328932,LMF1,3,Zheng,LMF1_locus0,16:937454
16,937454,16:937454:T:C,16,952674,16:952674:A:G,0.979795,15220,16:937454,chr16,937454,937454,rs9328932,LMF1,3,Zheng,LMF1_locus0,16:937454
16,937454,16:937454:T:C,16,954694,16:954694:A:G,0.96641,17240,16:937454,chr16,937454,937454,rs9328932,LMF1,3,Zheng,LMF1_locus0,16:937454
16,937454,16:937454:T:C,16,954743,16:954743:C:T,0.96641,17289,16:937454,chr16,937454,937454,rs9328932,LMF1,3,Zheng,LMF1_locus0,16:937454
16,937454,16:937454:T:C,16,954834,16:954834:T:C,0.952995,17380,16:937454,chr16,937454,937454,rs9328932,LMF1,3,Zheng,LMF1_locus0,16:937454
16,937454,16:937454:T:C,16,955836,16:955836:A:G,0.902018,18382,16:937454,chr16,937454,937454,rs9328932,LMF1,3,Zheng,LMF1_locus0,16:937454
16,937454,16:937454:T:C,16,956294,16:956294:A:G,0.940189,18840,16:937454,chr16,937454,937454,rs9328932,LMF1,3,Zheng,LMF1_locus0,16:937454
16,937454,16:937454:T:C,16,956371,16:956371:G:C,0.959655,18917,16:937454,chr16,937454,937454,rs9328932,LMF1,3,Zheng,LMF1_locus0,16:937454
16,937454,16:937454:T:C,16,957268,16:957268:G:A,0.96641,19814,16:937454,chr16,937454,937454,rs9328932,LMF1,3,Zheng,LMF1_locus0,16:937454
16,937454,16:937454:T:C,16,957304,16:957304:A:G,0.96641,19850,16:937454,chr16,937454,937454,rs9328932,LMF1,3,Zheng,LMF1_locus0,16:937454
16,937454,16:937454:T:C,16,957366,16:957366:A:G,0.96641,19912,16:937454,chr16,937454,937454,rs9328932,LMF1,3,Zheng,LMF1_locus0,16:937454
16,937454,16:937454:T:C,16,957387,16:957387:C:T,0.96641,19933,16:937454,chr16,937454,937454,rs9328932,LMF1,3,Zheng,LMF1_locus0,16:937454
16,937454,16:937454:T:C,16,957461,16:957461:A:C,0.96641,20007,16:937454,chr16,937454,937454,rs9328932,LMF1,3,Zheng,LMF1_locus0,16:937454
16,937454,16:937454:T:C,16,959035,16:959035:A:G,0.96641,21581,16:937454,chr16,937454,937454,rs9328932,LMF1,3,Zheng,LMF1_locus0,16:937454
16,937454,16:937454:T:C,16,959667,16:959667:A:G,0.959655,22213,16:937454,chr16,937454,937454,rs9328932,LMF1,3,Zheng,LMF1_locus0,16:937454
16,937454,16:937454:T:C,16,963537,16:963537:A:G,0.952995,26083,16:937454,chr16,937454,937454,rs9328932,LMF1,3,Zheng,LMF1_locus0,16:937454
16,937454,16:937454:T:C,16,966607,16:966607:GATAT:G,0.926013,29153,16:937454,chr16,937454,937454,rs9328932,LMF1,3,Zheng,LMF1_locus0,16:937454
16,952328,16:952328:T:C,16,899766,16:899766:C:G,0.829293,52562,16:952328,chr16,952328,952328,rs4470148,LMF1,3,Jurgens,LMF1_locus0,16:952328
16,952328,16:952328:T:C,16,900007,16:900007:T:C,0.838777,52321,16:952328,chr16,952328,952328,rs4470148,LMF1,3,Jurgens,LMF1_locus0,16:952328
16,952328,16:952328:T:C,16,910725,16:910725:G:A,0.959325,41603,16:952328,chr16,952328,952328,rs4470148,LMF1,3,Jurgens,LMF1_locus0,16:952328
16,952328,16:952328:T:C,16,912154,16:912154:T:C,0.979595,40174,16:952328,chr16,952328,952328,rs4470148,LMF1,3,Jurgens,LMF1_locus0,16:952328
16,952328,16:952328:T:C,16,913315,16:913315:T:C,0.820431,39013,16:952328,chr16,952328,952328,rs4470148,LMF1,3,Jurgens,LMF1_locus0,16:952328
16,952328,16:952328:T:C,16,918717,16:918717:T:C,0.959695,33611,16:952328,chr16,952328,952328,rs4470148,LMF1,3,Jurgens,LMF1_locus0,16:952328
16,952328,16:952328:T:C,16,920814,16:920814:T:C,0.966598,31514,16:952328,chr16,952328,952328,rs4470148,LMF1,3,Jurgens,LMF1_locus0,16:952328
16,952328,16:952328:T:C,16,937112,16:937112:C:T,1.0,15216,16:952328,chr16,952328,952328,rs4470148,LMF1,3,Jurgens,LMF1_locus0,16:952328
16,952328,16:952328:T:C,16,937118,16:937118:T:C,1.0,15210,16:952328,chr16,952328,952328,rs4470148,LMF1,3,Jurgens,LMF1_locus0,16:952328
16,952328,16:952328:T:C,16,937256,16:937256:C:T,1.0,15072,16:952328,chr16,952328,952328,rs4470148,LMF1,3,Jurgens,LMF1_locus0,16:952328
16,952328,16:952328:T:C,16,937298,16:937298:G:A,1.0,15030,16:952328,chr16,952328,952328,rs4470148,LMF1,3,Jurgens,LMF1_locus0,16:952328
16,952328,16:952328:T:C,16,937358,16:937358:T:C,0.993216,14970,16:952328,chr16,952328,952328,rs4470148,LMF1,3,Jurgens,LMF1_locus0,16:952328
16,952328,16:952328:T:C,16,937371,16:937371:G:A,1.0,14957,16:952328,chr16,952328,952328,rs4470148,LMF1,3,Jurgens,LMF1_locus0,16:952328
16,952328,16:952328:T:C,16,937454,16:937454:T:C,0.993238,14874,16:952328,chr16,952328,952328,rs4470148,LMF1,3,Jurgens,LMF1_locus0,16:952328
16,952328,16:952328:T:C,16,937520,16:937520:C:T,0.993238,14808,16:952328,chr16,952328,952328,rs4470148,LMF1,3,Jurgens,LMF1_locus0,16:952328
16,952328,16:952328:T:C,16,937877,16:937877:A:G,1.0,14451,16:952328,chr16,952328,952328,rs4470148,LMF1,3,Jurgens,LMF1_locus0,16:952328
16,952328,16:952328:T:C,16,937935,16:937935:C:T,1.0,14393,16:952328,chr16,952328,952328,rs4470148,LMF1,3,Jurgens,LMF1_locus0,16:952328
16,952328,16:952328:T:C,16,937940,16:937940:A:G,1.0,14388,16:952328,chr16,952328,952328,rs4470148,LMF1,3,Jurgens,LMF1_locus0,16:952328
16,952328,16:952328:T:C,16,937972,16:937972:C:T,1.0,14356,16:952328,chr16,952328,952328,rs4470148,LMF1,3,Jurgens,LMF1_locus0,16:952328
16,952328,16:952328:T:C,16,938052,16:938052:CA:C,1.0,14276,16:952328,chr16,952328,952328,rs4470148,LMF1,3,Jurgens,LMF1_locus0,16:952328
16,952328,16:952328:T:C,16,938070,16:938070:T:A,1.0,14258,16:952328,chr16,952328,952328,rs4470148,LMF1,3,Jurgens,LMF1_locus0,16:952328
16,952328,16:952328:T:C,16,938168,16:938168:A:G,1.0,14160,16:952328,chr16,952328,952328,rs4470148,LMF1,3,Jurgens,LMF1_locus0,16:952328
16,952328,16:952328:T:C,16,938197,16:938197:C:T,1.0,14131,16:952328,chr16,952328,952328,rs4470148,LMF1,3,Jurgens,LMF1_locus0,16:952328
16,952328,16:952328:T:C,16,938323,16:938323:GGTGGCTCGC:G,1.0,14005,16:952328,chr16,952328,952328,rs4470148,LMF1,3,Jurgens,LMF1_locus0,16:952328
16,952328,16:952328:T:C,16,938348,16:938348:G:A,1.0,13980,16:952328,chr16,952328,952328,rs4470148,LMF1,3,Jurgens,LMF1_locus0,16:952328
16,952328,16:952328:T:C,16,938437,16:938437:T:C,1.0,13891,16:952328,chr16,952328,952328,rs4470148,LMF1,3,Jurgens,LMF1_locus0,16:952328
16,952328,16:952328:T:C,16,938483,16:938483:T:C,1.0,13845,16:952328,chr16,952328,952328,rs4470148,LMF1,3,Jurgens,LMF1_locus0,16:952328
16,952328,16:952328:T:C,16,938578,16:938578:G:T,0.993238,13750,16:952328,chr16,952328,952328,rs4470148,LMF1,3,Jurgens,LMF1_locus0,16:952328
16,952328,16:952328:T:C,16,938728,16:938728:T:C,1.0,13600,16:952328,chr16,952328,952328,rs4470148,LMF1,3,Jurgens,LMF1_locus0,16:952328
16,952328,16:952328:T:C,16,938889,16:938889:C:T,1.0,13439,16:952328,chr16,952328,952328,rs4470148,LMF1,3,Jurgens,LMF1_locus0,16:952328
16,952328,16:952328:T:C,16,938998,16:938998:A:G,1.0,13330,16:952328,chr16,952328,952328,rs4470148,LMF1,3,Jurgens,LMF1_locus0,16:952328
16,952328,16:952328:T:C,16,939191,16:939191:A:T,1.0,13137,16:952328,chr16,952328,952328,rs4470148,LMF1,3,Jurgens,LMF1_locus0,16:952328
16,952328,16:952328:T:C,16,939254,16:939254:GT:G,1.0,13074,16:952328,chr16,952328,952328,rs4470148,LMF1,3,Jurgens,LMF1_locus0,16:952328
16,952328,16:952328:T:C,16,939721,16:939721:C:T,0.993216,12607,16:952328,chr16,952328,952328,rs4470148,LMF1,3,Jurgens,LMF1_locus0,16:952328
16,952328,16:952328:T:C,16,939843,16:939843:A:G,1.0,12485,16:952328,chr16,952328,952328,rs4470148,LMF1,3,Jurgens,LMF1_locus0,16:952328
16,952328,16:952328:T:C,16,939858,16:939858:T:G,1.0,12470,16:952328,chr16,952328,952328,rs4470148,LMF1,3,Jurgens,LMF1_locus0,16:952328
16,952328,16:952328:T:C,16,940021,16:940021:C:G,1.0,12307,16:952328,chr16,952328,952328,rs4470148,LMF1,3,Jurgens,LMF1_locus0,16:952328
16,952328,16:952328:T:C,16,940142,16:940142:T:C,1.0,12186,16:952328,chr16,952328,952328,rs4470148,LMF1,3,Jurgens,LMF1_locus0,16:952328
16,952328,16:952328:T:C,16,940316,16:940316:A:G,1.0,12012,16:952328,chr16,952328,952328,rs4470148,LMF1,3,Jurgens,LMF1_locus0,16:952328
16,952328,16:952328:T:C,16,940320,16:940320:A:G,1.0,12008,16:952328,chr16,952328,952328,rs4470148,LMF1,3,Jurgens,LMF1_locus0,16:952328
16,952328,16:952328:T:C,16,940459,16:940459:A:G,1.0,11869,16:952328,chr16,952328,952328,rs4470148,LMF1,3,Jurgens,LMF1_locus0,16:952328
16,952328,16:952328:T:C,16,940519,16:940519:A:G,1.0,11809,16:952328,chr16,952328,952328,rs4470148,LMF1,3,Jurgens,LMF1_locus0,16:952328
16,952328,16:952328:T:C,16,940696,16:940696:C:T,1.0,11632,16:952328,chr16,952328,952328,rs4470148,LMF1,3,Jurgens,LMF1_locus0,16:952328
16,952328,16:952328:T:C,16,940791,16:940791:A:G,1.0,11537,16:952328,chr16,952328,952328,rs4470148,LMF1,3,Jurgens,LMF1_locus0,16:952328
16,952328,16:952328:T:C,16,940815,16:940815:C:T,1.0,11513,16:952328,chr16,952328,952328,rs4470148,LMF1,3,Jurgens,LMF1_locus0,16:952328
16,952328,16:952328:T:C,16,941002,16:941002:A:G,1.0,11326,16:952328,chr16,952328,952328,rs4470148,LMF1,3,Jurgens,LMF1_locus0,16:952328
16,952328,16:952328:T:C,16,941219,16:941219:C:T,1.0,11109,16:952328,chr16,952328,952328,rs4470148,LMF1,3,Jurgens,LMF1_locus0,16:952328
16,952328,16:952328:T:C,16,941249,16:941249:C:A,1.0,11079,16:952328,chr16,952328,952328,rs4470148,LMF1,3,Jurgens,LMF1_locus0,16:952328
16,952328,16:952328:T:C,16,941404,16:941404:A:G,1.0,10924,16:952328,chr16,952328,952328,rs4470148,LMF1,3,Jurgens,LMF1_locus0,16:952328
16,952328,16:952328:T:C,16,941413,16:941413:C:T,1.0,10915,16:952328,chr16,952328,952328,rs4470148,LMF1,3,Jurgens,LMF1_locus0,16:952328
16,952328,16:952328:T:C,16,941872,16:941872:T:C,1.0,10456,16:952328,chr16,952328,952328,rs4470148,LMF1,3,Jurgens,LMF1_locus0,16:952328
16,952328,16:952328:T:C,16,942091,16:942091:G:C,1.0,10237,16:952328,chr16,952328,952328,rs4470148,LMF1,3,Jurgens,LMF1_locus0,16:952328
16,952328,16:952328:T:C,16,942300,16:942300:G:A,1.0,10028,16:952328,chr16,952328,952328,rs4470148,LMF1,3,Jurgens,LMF1_locus0,16:952328
16,952328,16:952328:T:C,16,942961,16:942961:T:G,1.0,9367,16:952328,chr16,952328,952328,rs4470148,LMF1,3,Jurgens,LMF1_locus0,16:952328
16,952328,16:952328:T:C,16,943099,16:943099:C:T,0.993216,9229,16:952328,chr16,952328,952328,rs4470148,LMF1,3,Jurgens,LMF1_locus0,16:952328
16,952328,16:952328:T:C,16,943468,16:943468:G:A,1.0,8860,16:952328,chr16,952328,952328,rs4470148,LMF1,3,Jurgens,LMF1_locus0,16:952328
16,952328,16:952328:T:C,16,943667,16:943667:A:C,1.0,8661,16:952328,chr16,952328,952328,rs4470148,LMF1,3,Jurgens,LMF1_locus0,16:952328
16,952328,16:952328:T:C,16,943820,16:943820:C:G,1.0,8508,16:952328,chr16,952328,952328,rs4470148,LMF1,3,Jurgens,LMF1_locus0,16:952328
16,952328,16:952328:T:C,16,944050,16:944050:G:A,1.0,8278,16:952328,chr16,952328,952328,rs4470148,LMF1,3,Jurgens,LMF1_locus0,16:952328
16,952328,16:952328:T:C,16,944162,16:944162:T:C,1.0,8166,16:952328,chr16,952328,952328,rs4470148,LMF1,3,Jurgens,LMF1_locus0,16:952328
16,952328,16:952328:T:C,16,944775,16:944775:T:C,1.0,7553,16:952328,chr16,952328,952328,rs4470148,LMF1,3,Jurgens,LMF1_locus0,16:952328
16,952328,16:952328:T:C,16,944918,16:944918:T:TA,0.993238,7410,16:952328,chr16,952328,952328,rs4470148,LMF1,3,Jurgens,LMF1_locus0,16:952328
16,952328,16:952328:T:C,16,945082,16:945082:A:G,1.0,7246,16:952328,chr16,952328,952328,rs4470148,LMF1,3,Jurgens,LMF1_locus0,16:952328
16,952328,16:952328:T:C,16,945101,16:945101:C:T,1.0,7227,16:952328,chr16,952328,952328,rs4470148,LMF1,3,Jurgens,LMF1_locus0,16:952328
16,952328,16:952328:T:C,16,945156,16:945156:G:A,1.0,7172,16:952328,chr16,952328,952328,rs4470148,LMF1,3,Jurgens,LMF1_locus0,16:952328
16,952328,16:952328:T:C,16,945342,16:945342:T:C,1.0,6986,16:952328,chr16,952328,952328,rs4470148,LMF1,3,Jurgens,LMF1_locus0,16:952328
16,952328,16:952328:T:C,16,945434,16:945434:T:G,0.986484,6894,16:952328,chr16,952328,952328,rs4470148,LMF1,3,Jurgens,LMF1_locus0,16:952328
16,952328,16:952328:T:C,16,945565,16:945565:G:GTTAAAAAAT,1.0,6763,16:952328,chr16,952328,952328,rs4470148,LMF1,3,Jurgens,LMF1_locus0,16:952328
16,952328,16:952328:T:C,16,945718,16:945718:C:G,1.0,6610,16:952328,chr16,952328,952328,rs4470148,LMF1,3,Jurgens,LMF1_locus0,16:952328
16,952328,16:952328:T:C,16,945834,16:945834:T:C,1.0,6494,16:952328,chr16,952328,952328,rs4470148,LMF1,3,Jurgens,LMF1_locus0,16:952328
16,952328,16:952328:T:C,16,945894,16:945894:G:A,1.0,6434,16:952328,chr16,952328,952328,rs4470148,LMF1,3,Jurgens,LMF1_locus0,16:952328
16,952328,16:952328:T:C,16,946150,16:946150:A:T,0.993285,6178,16:952328,chr16,952328,952328,rs4470148,LMF1,3,Jurgens,LMF1_locus0,16:952328
16,952328,16:952328:T:C,16,947183,16:947183:T:C,1.0,5145,16:952328,chr16,952328,952328,rs4470148,LMF1,3,Jurgens,LMF1_locus0,16:952328
16,952328,16:952328:T:C,16,947352,16:947352:A:G,1.0,4976,16:952328,chr16,952328,952328,rs4470148,LMF1,3,Jurgens,LMF1_locus0,16:952328
16,952328,16:952328:T:C,16,947473,16:947473:T:C,1.0,4855,16:952328,chr16,952328,952328,rs4470148,LMF1,3,Jurgens,LMF1_locus0,16:952328
16,952328,16:952328:T:C,16,947496,16:947496:C:A,1.0,4832,16:952328,chr16,952328,952328,rs4470148,LMF1,3,Jurgens,LMF1_locus0,16:952328
16,952328,16:952328:T:C,16,947520,16:947520:T:C,1.0,4808,16:952328,chr16,952328,952328,rs4470148,LMF1,3,Jurgens,LMF1_locus0,16:952328
16,952328,16:952328:T:C,16,948245,16:948245:A:C,0.919014,4083,16:952328,chr16,952328,952328,rs4470148,LMF1,3,Jurgens,LMF1_locus0,16:952328
16,952328,16:952328:T:C,16,948369,16:948369:G:A,0.993238,3959,16:952328,chr16,952328,952328,rs4470148,LMF1,3,Jurgens,LMF1_locus0,16:952328
16,952328,16:952328:T:C,16,948420,16:948420:C:T,0.973296,3908,16:952328,chr16,952328,952328,rs4470148,LMF1,3,Jurgens,LMF1_locus0,16:952328
16,952328,16:952328:T:C,16,948553,16:948553:C:G,0.993238,3775,16:952328,chr16,952328,952328,rs4470148,LMF1,3,Jurgens,LMF1_locus0,16:952328
16,952328,16:952328:T:C,16,948559,16:948559:G:A,0.993238,3769,16:952328,chr16,952328,952328,rs4470148,LMF1,3,Jurgens,LMF1_locus0,16:952328
16,952328,16:952328:T:C,16,951274,16:951274:C:T,0.94727,1054,16:952328,chr16,952328,952328,rs4470148,LMF1,3,Jurgens,LMF1_locus0,16:952328
16,952328,16:952328:T:C,16,951414,16:951414:T:C,1.0,914,16:952328,chr16,952328,952328,rs4470148,LMF1,3,Jurgens,LMF1_locus0,16:952328
16,952328,16:952328:T:C,16,951713,16:951713:G:A,1.0,615,16:952328,chr16,952328,952328,rs4470148,LMF1,3,Jurgens,LMF1_locus0,16:952328
16,952328,16:952328:T:C,16,951801,16:951801:T:C,1.0,527,16:952328,chr16,952328,952328,rs4470148,LMF1,3,Jurgens,LMF1_locus0,16:952328
16,952328,16:952328:T:C,16,951821,16:951821:A:G,1.0,507,16:952328,chr16,952328,952328,rs4470148,LMF1,3,Jurgens,LMF1_locus0,16:952328
16,952328,16:952328:T:C,16,951930,16:951930:A:T,1.0,398,16:952328,chr16,952328,952328,rs4470148,LMF1,3,Jurgens,LMF1_locus0,16:952328
16,952328,16:952328:T:C,16,951944,16:951944:A:G,1.0,384,16:952328,chr16,952328,952328,rs4470148,LMF1,3,Jurgens,LMF1_locus0,16:952328
16,952328,16:952328:T:C,16,951966,16:951966:C:T,1.0,362,16:952328,chr16,952328,952328,rs4470148,LMF1,3,Jurgens,LMF1_locus0,16:952328
16,952328,16:952328:T:C,16,952064,16:952064:A:C,1.0,264,16:952328,chr16,952328,952328,rs4470148,LMF1,3,Jurgens,LMF1_locus0,16:952328
16,952328,16:952328:T:C,16,952103,16:952103:G:A,1.0,225,16:952328,chr16,952328,952328,rs4470148,LMF1,3,Jurgens,LMF1_locus0,16:952328
16,952328,16:952328:T:C,16,952178,16:952178:A:G,1.0,150,16:952328,chr16,952328,952328,rs4470148,LMF1,3,Jurgens,LMF1_locus0,16:952328
16,952328,16:952328:T:C,16,952328,16:952328:T:C,1.0,0,16:952328,chr16,952328,952328,rs4470148,LMF1,3,Jurgens,LMF1_locus0,16:952328
16,952328,16:952328:T:C,16,952365,16:952365:G:A,1.0,37,16:952328,chr16,952328,952328,rs4470148,LMF1,3,Jurgens,LMF1_locus0,16:952328
16,952328,16:952328:T:C,16,952395,16:952395:G:C,1.0,67,16:952328,chr16,952328,952328,rs4470148,LMF1,3,Jurgens,LMF1_locus0,16:952328
16,952328,16:952328:T:C,16,952526,16:952526:G:A,1.0,198,16:952328,chr16,952328,952328,rs4470148,LMF1,3,Jurgens,LMF1_locus0,16:952328
16,952328,16:952328:T:C,16,952658,16:952658:G:A,0.98657,330,16:952328,chr16,952328,952328,rs4470148,LMF1,3,Jurgens,LMF1_locus0,16:952328
16,952328,16:952328:T:C,16,952674,16:952674:A:G,0.98657,346,16:952328,chr16,952328,952328,rs4470148,LMF1,3,Jurgens,LMF1_locus0,16:952328
16,952328,16:952328:T:C,16,954694,16:954694:A:G,0.972957,2366,16:952328,chr16,952328,952328,rs4470148,LMF1,3,Jurgens,LMF1_locus0,16:952328
16,952328,16:952328:T:C,16,954743,16:954743:C:T,0.972957,2415,16:952328,chr16,952328,952328,rs4470148,LMF1,3,Jurgens,LMF1_locus0,16:952328
16,952328,16:952328:T:C,16,954834,16:954834:T:C,0.959555,2506,16:952328,chr16,952328,952328,rs4470148,LMF1,3,Jurgens,LMF1_locus0,16:952328
16,952328,16:952328:T:C,16,955836,16:955836:A:G,0.908044,3508,16:952328,chr16,952328,952328,rs4470148,LMF1,3,Jurgens,LMF1_locus0,16:952328
16,952328,16:952328:T:C,16,956294,16:956294:A:G,0.94666,3966,16:952328,chr16,952328,952328,rs4470148,LMF1,3,Jurgens,LMF1_locus0,16:952328
16,952328,16:952328:T:C,16,956371,16:956371:G:C,0.966208,4043,16:952328,chr16,952328,952328,rs4470148,LMF1,3,Jurgens,LMF1_locus0,16:952328
16,952328,16:952328:T:C,16,957268,16:957268:G:A,0.972957,4940,16:952328,chr16,952328,952328,rs4470148,LMF1,3,Jurgens,LMF1_locus0,16:952328
16,952328,16:952328:T:C,16,957304,16:957304:A:G,0.972957,4976,16:952328,chr16,952328,952328,rs4470148,LMF1,3,Jurgens,LMF1_locus0,16:952328
16,952328,16:952328:T:C,16,957366,16:957366:A:G,0.972957,5038,16:952328,chr16,952328,952328,rs4470148,LMF1,3,Jurgens,LMF1_locus0,16:952328
16,952328,16:952328:T:C,16,957387,16:957387:C:T,0.972957,5059,16:952328,chr16,952328,952328,rs4470148,LMF1,3,Jurgens,LMF1_locus0,16:952328
16,952328,16:952328:T:C,16,957461,16:957461:A:C,0.972957,5133,16:952328,chr16,952328,952328,rs4470148,LMF1,3,Jurgens,LMF1_locus0,16:952328
16,952328,16:952328:T:C,16,959035,16:959035:A:G,0.972957,6707,16:952328,chr16,952328,952328,rs4470148,LMF1,3,Jurgens,LMF1_locus0,16:952328
16,952328,16:952328:T:C,16,959667,16:959667:A:G,0.966208,7339,16:952328,chr16,952328,952328,rs4470148,LMF1,3,Jurgens,LMF1_locus0,16:952328
16,952328,16:952328:T:C,16,963537,16:963537:A:G,0.959555,11209,16:952328,chr16,952328,952328,rs4470148,LMF1,3,Jurgens,LMF1_locus0,16:952328
16,952328,16:952328:T:C,16,966607,16:966607:GATAT:G,0.932667,14279,16:952328,chr16,952328,952328,rs4470148,LMF1,3,Jurgens,LMF1_locus0,16:952328
16,1290631,16:1290631:G:A,16,1281231,16:1281231:A:AT,0.82878,9400,16:1290631,chr16,1290631,1290631,rs34361866,LMF1,3,Zheng,LMF1_locus1,16:1290631
16,1290631,16:1290631:G:A,16,1283561,16:1283561:C:T,0.909816,7070,16:1290631,chr16,1290631,1290631,rs34361866,LMF1,3,Zheng,LMF1_locus1,16:1290631
16,1290631,16:1290631:G:A,16,1283606,16:1283606:T:C,0.856475,7025,16:1290631,chr16,1290631,1290631,rs34361866,LMF1,3,Zheng,LMF1_locus1,16:1290631
16,1290631,16:1290631:G:A,16,1289626,16:1289626:A:AC,0.926815,1005,16:1290631,chr16,1290631,1290631,rs34361866,LMF1,3,Zheng,LMF1_locus1,16:1290631
16,1290631,16:1290631:G:A,16,1289749,16:1289749:G:A,0.911283,882,16:1290631,chr16,1290631,1290631,rs34361866,LMF1,3,Zheng,LMF1_locus1,16:1290631
16,1290631,16:1290631:G:A,16,1289823,HGSV_205012,0.86059,808,16:1290631,chr16,1290631,1290631,rs34361866,LMF1,3,Zheng,LMF1_locus1,16:1290631
16,1290631,16:1290631:G:A,16,1290631,16:1290631:G:A,1.0,0,16:1290631,chr16,1290631,1290631,rs34361866,LMF1,3,Zheng,LMF1_locus1,16:1290631
16,1290631,16:1290631:G:A,16,1294290,16:1294290:A:G,0.915311,3659,16:1290631,chr16,1290631,1290631,rs34361866,LMF1,3,Zheng,LMF1_locus1,16:1290631
16,1290631,16:1290631:G:A,16,1294659,16:1294659:C:G,0.821379,4028,16:1290631,chr16,1290631,1290631,rs34361866,LMF1,3,Zheng,LMF1_locus1,16:1290631
16,1290631,16:1290631:G:A,16,1295108,16:1295108:A:G,0.806773,4477,16:1290631,chr16,1290631,1290631,rs34361866,LMF1,3,Zheng,LMF1_locus1,16:1290631
16,1290631,16:1290631:G:A,16,1296874,16:1296874:G:A,0.806773,6243,16:1290631,chr16,1290631,1290631,rs34361866,LMF1,3,Zheng,LMF1_locus1,16:1290631
16,1290631,16:1290631:G:A,16,1300643,16:1300643:T:C,0.928644,10012,16:1290631,chr16,1290631,1290631,rs34361866,LMF1,3,Zheng,LMF1_locus1,16:1290631
16,1290631,16:1290631:G:A,16,1303506,16:1303506:G:A,0.821379,12875,16:1290631,chr16,1290631,1290631,rs34361866,LMF1,3,Zheng,LMF1_locus1,16:1290631
16,1290631,16:1290631:G:A,16,1303856,16:1303856:T:C,0.928644,13225,16:1290631,chr16,1290631,1290631,rs34361866,LMF1,3,Zheng,LMF1_locus1,16:1290631
16,1290631,16:1290631:G:A,16,1304437,16:1304437:C:A,0.928644,13806,16:1290631,chr16,1290631,1290631,rs34361866,LMF1,3,Zheng,LMF1_locus1,16:1290631
16,1290631,16:1290631:G:A,16,1304719,16:1304719:C:G,0.928644,14088,16:1290631,chr16,1290631,1290631,rs34361866,LMF1,3,Zheng,LMF1_locus1,16:1290631
16,1290631,16:1290631:G:A,16,1306355,16:1306355:A:T,0.917733,15724,16:1290631,chr16,1290631,1290631,rs34361866,LMF1,3,Zheng,LMF1_locus1,16:1290631
16,1290631,16:1290631:G:A,16,1306366,16:1306366:T:C,0.917733,15735,16:1290631,chr16,1290631,1290631,rs34361866,LMF1,3,Zheng,LMF1_locus1,16:1290631
16,1290631,16:1290631:G:A,16,1306682,16:1306682:C:T,0.928644,16051,16:1290631,chr16,1290631,1290631,rs34361866,LMF1,3,Zheng,LMF1_locus1,16:1290631
16,1290631,16:1290631:G:A,16,1307225,16:1307225:G:A,0.928644,16594,16:1290631,chr16,1290631,1290631,rs34361866,LMF1,3,Zheng,LMF1_locus1,16:1290631
16,1290631,16:1290631:G:A,16,1307510,16:1307510:A:G,0.904949,16879,16:1290631,chr16,1290631,1290631,rs34361866,LMF1,3,Zheng,LMF1_locus1,16:1290631
16,1290631,16:1290631:G:A,16,1308562,16:1308562:C:A,0.837969,17931,16:1290631,chr16,1290631,1290631,rs34361866,LMF1,3,Zheng,LMF1_locus1,16:1290631
16,1290631,16:1290631:G:A,16,1308607,16:1308607:ATGAGGGAGG:A,0.820934,17976,16:1290631,chr16,1290631,1290631,rs34361866,LMF1,3,Zheng,LMF1_locus1,16:1290631
16,1290631,16:1290631:G:A,16,1308916,16:1308916:A:T,0.928644,18285,16:1290631,chr16,1290631,1290631,rs34361866,LMF1,3,Zheng,LMF1_locus1,16:1290631
16,1290631,16:1290631:G:A,16,1308975,16:1308975:T:A,0.928644,18344,16:1290631,chr16,1290631,1290631,rs34361866,LMF1,3,Zheng,LMF1_locus1,16:1290631
16,1290631,16:1290631:G:A,16,1309216,16:1309216:A:G,0.91323,18585,16:1290631,chr16,1290631,1290631,rs34361866,LMF1,3,Zheng,LMF1_locus1,16:1290631
16,1290631,16:1290631:G:A,16,1311074,16:1311074:G:A,0.821379,20443,16:1290631,chr16,1290631,1290631,rs34361866,LMF1,3,Zheng,LMF1_locus1,16:1290631
16,1290631,16:1290631:G:A,16,1312037,16:1312037:A:C,0.928644,21406,16:1290631,chr16,1290631,1290631,rs34361866,LMF1,3,Zheng,LMF1_locus1,16:1290631
16,1290631,16:1290631:G:A,16,1312081,16:1312081:C:CG,0.928644,21450,16:1290631,chr16,1290631,1290631,rs34361866,LMF1,3,Zheng,LMF1_locus1,16:1290631
16,1290631,16:1290631:G:A,16,1312198,16:1312198:G:A,0.928644,21567,16:1290631,chr16,1290631,1290631,rs34361866,LMF1,3,Zheng,LMF1_locus1,16:1290631
16,1290631,16:1290631:G:A,16,1312818,16:1312818:T:C,0.928644,22187,16:1290631,chr16,1290631,1290631,rs34361866,LMF1,3,Zheng,LMF1_locus1,16:1290631
16,1290631,16:1290631:G:A,16,1313741,16:1313741:C:G,0.928644,23110,16:1290631,chr16,1290631,1290631,rs34361866,LMF1,3,Zheng,LMF1_locus1,16:1290631
16,1290631,16:1290631:G:A,16,1313794,16:1313794:G:GA,0.928644,23163,16:1290631,chr16,1290631,1290631,rs34361866,LMF1,3,Zheng,LMF1_locus1,16:1290631
16,1290631,16:1290631:G:A,16,1314139,16:1314139:T:C,0.928644,23508,16:1290631,chr16,1290631,1290631,rs34361866,LMF1,3,Zheng,LMF1_locus1,16:1290631
16,1290631,16:1290631:G:A,16,1314280,16:1314280:T:C,0.928644,23649,16:1290631,chr16,1290631,1290631,rs34361866,LMF1,3,Zheng,LMF1_locus1,16:1290631
16,1290631,16:1290631:G:A,16,1315209,16:1315209:A:G,0.928644,24578,16:1290631,chr16,1290631,1290631,rs34361866,LMF1,3,Zheng,LMF1_locus1,16:1290631
16,1290631,16:1290631:G:A,16,1315249,16:1315249:G:A,0.928644,24618,16:1290631,chr16,1290631,1290631,rs34361866,LMF1,3,Zheng,LMF1_locus1,16:1290631
16,1290631,16:1290631:G:A,16,1315934,16:1315934:C:G,0.928644,25303,16:1290631,chr16,1290631,1290631,rs34361866,LMF1,3,Zheng,LMF1_locus1,16:1290631
16,1290631,16:1290631:G:A,16,1316069,16:1316069:A:G,0.928644,25438,16:1290631,chr16,1290631,1290631,rs34361866,LMF1,3,Zheng,LMF1_locus1,16:1290631
16,1290631,16:1290631:G:A,16,1316307,16:1316307:T:A,0.928644,25676,16:1290631,chr16,1290631,1290631,rs34361866,LMF1,3,Zheng,LMF1_locus1,16:1290631
16,1290631,16:1290631:G:A,16,1316435,16:1316436:G:T,0.821379,25804,16:1290631,chr16,1290631,1290631,rs34361866,LMF1,3,Zheng,LMF1_locus1,16:1290631
16,1290631,16:1290631:G:A,16,1317649,16:1317649:C:A,0.928644,27018,16:1290631,chr16,1290631,1290631,rs34361866,LMF1,3,Zheng,LMF1_locus1,16:1290631
16,1290631,16:1290631:G:A,16,1317730,16:1317730:A:AC,0.928644,27099,16:1290631,chr16,1290631,1290631,rs34361866,LMF1,3,Zheng,LMF1_locus1,16:1290631
16,1290631,16:1290631:G:A,16,1318516,16:1318516:C:T,0.928644,27885,16:1290631,chr16,1290631,1290631,rs34361866,LMF1,3,Zheng,LMF1_locus1,16:1290631
16,1290631,16:1290631:G:A,16,1318981,16:1318981:C:A,0.928644,28350,16:1290631,chr16,1290631,1290631,rs34361866,LMF1,3,Zheng,LMF1_locus1,16:1290631
16,1290631,16:1290631:G:A,16,1319072,16:1319072:C:G,0.874154,28441,16:1290631,chr16,1290631,1290631,rs34361866,LMF1,3,Zheng,LMF1_locus1,16:1290631
16,1290631,16:1290631:G:A,16,1319158,16:1319158:T:C,0.911283,28527,16:1290631,chr16,1290631,1290631,rs34361866,LMF1,3,Zheng,LMF1_locus1,16:1290631
16,1290631,16:1290631:G:A,16,1319175,16:1319175:G:A,0.911283,28544,16:1290631,chr16,1290631,1290631,rs34361866,LMF1,3,Zheng,LMF1_locus1,16:1290631
16,1290631,16:1290631:G:A,16,1319249,16:1319249:C:G,0.897679,28618,16:1290631,chr16,1290631,1290631,rs34361866,LMF1,3,Zheng,LMF1_locus1,16:1290631
16,1290631,16:1290631:G:A,16,1319729,16:1319729:A:G,0.928644,29098,16:1290631,chr16,1290631,1290631,rs34361866,LMF1,3,Zheng,LMF1_locus1,16:1290631
16,1290631,16:1290631:G:A,16,1319925,16:1319925:T:C,0.928644,29294,16:1290631,chr16,1290631,1290631,rs34361866,LMF1,3,Zheng,LMF1_locus1,16:1290631
16,1290631,16:1290631:G:A,16,1320302,16:1320302:T:C,0.928644,29671,16:1290631,chr16,1290631,1290631,rs34361866,LMF1,3,Zheng,LMF1_locus1,16:1290631
16,1290631,16:1290631:G:A,16,1320308,16:1320308:C:G,0.928644,29677,16:1290631,chr16,1290631,1290631,rs34361866,LMF1,3,Zheng,LMF1_locus1,16:1290631
16,1290631,16:1290631:G:A,16,1320596,16:1320596:G:C,0.928644,29965,16:1290631,chr16,1290631,1290631,rs34361866,LMF1,3,Zheng,LMF1_locus1,16:1290631
16,1290631,16:1290631:G:A,16,1320613,16:1320613:C:G,0.928644,29982,16:1290631,chr16,1290631,1290631,rs34361866,LMF1,3,Zheng,LMF1_locus1,16:1290631
16,1290631,16:1290631:G:A,16,1320629,16:1320629:A:G,0.928644,29998,16:1290631,chr16,1290631,1290631,rs34361866,LMF1,3,Zheng,LMF1_locus1,16:1290631
16,1290631,16:1290631:G:A,16,1320728,16:1320728:C:A,0.928644,30097,16:1290631,chr16,1290631,1290631,rs34361866,LMF1,3,Zheng,LMF1_locus1,16:1290631
16,1290631,16:1290631:G:A,16,1321222,16:1321222:AC:A,0.928644,30591,16:1290631,chr16,1290631,1290631,rs34361866,LMF1,3,Zheng,LMF1_locus1,16:1290631
16,1290631,16:1290631:G:A,16,1321245,16:1321245:C:G,0.928644,30614,16:1290631,chr16,1290631,1290631,rs34361866,LMF1,3,Zheng,LMF1_locus1,16:1290631
16,1290631,16:1290631:G:A,16,1321294,16:1321294:G:A,0.928644,30663,16:1290631,chr16,1290631,1290631,rs34361866,LMF1,3,Zheng,LMF1_locus1,16:1290631
16,1290631,16:1290631:G:A,16,1321421,16:1321421:GCTGAGGGGT:G,0.928644,30790,16:1290631,chr16,1290631,1290631,rs34361866,LMF1,3,Zheng,LMF1_locus1,16:1290631
16,1290631,16:1290631:G:A,16,1321495,16:1321495:A:G,0.928644,30864,16:1290631,chr16,1290631,1290631,rs34361866,LMF1,3,Zheng,LMF1_locus1,16:1290631
16,1290631,16:1290631:G:A,16,1321541,16:1321541:T:C,0.928644,30910,16:1290631,chr16,1290631,1290631,rs34361866,LMF1,3,Zheng,LMF1_locus1,16:1290631
16,1290631,16:1290631:G:A,16,1322162,16:1322162:C:G,0.928644,31531,16:1290631,chr16,1290631,1290631,rs34361866,LMF1,3,Zheng,LMF1_locus1,16:1290631
16,1290631,16:1290631:G:A,16,1322709,16:1322709:T:G,0.928644,32078,16:1290631,chr16,1290631,1290631,rs34361866,LMF1,3,Zheng,LMF1_locus1,16:1290631
16,1290631,16:1290631:G:A,16,1323103,16:1323103:C:T,0.877282,32472,16:1290631,chr16,1290631,1290631,rs34361866,LMF1,3,Zheng,LMF1_locus1,16:1290631
16,1290631,16:1290631:G:A,16,1323282,16:1323282:G:C,0.928644,32651,16:1290631,chr16,1290631,1290631,rs34361866,LMF1,3,Zheng,LMF1_locus1,16:1290631
16,1290631,16:1290631:G:A,16,1323592,16:1323592:G:T,0.928644,32961,16:1290631,chr16,1290631,1290631,rs34361866,LMF1,3,Zheng,LMF1_locus1,16:1290631
16,1290631,16:1290631:G:A,16,1323918,16:1323918:G:C,0.928644,33287,16:1290631,chr16,1290631,1290631,rs34361866,LMF1,3,Zheng,LMF1_locus1,16:1290631
16,1290631,16:1290631:G:A,16,1324162,16:1324162:A:G,0.928644,33531,16:1290631,chr16,1290631,1290631,rs34361866,LMF1,3,Zheng,LMF1_locus1,16:1290631
16,1290631,16:1290631:G:A,16,1324401,16:1324401:T:TG,0.928644,33770,16:1290631,chr16,1290631,1290631,rs34361866,LMF1,3,Zheng,LMF1_locus1,16:1290631
16,1290631,16:1290631:G:A,16,1325262,16:1325262:T:G,0.928644,34631,16:1290631,chr16,1290631,1290631,rs34361866,LMF1,3,Zheng,LMF1_locus1,16:1290631
16,1290631,16:1290631:G:A,16,1325562,16:1325562:G:T,0.915311,34931,16:1290631,chr16,1290631,1290631,rs34361866,LMF1,3,Zheng,LMF1_locus1,16:1290631
16,1290631,16:1290631:G:A,16,1325913,16:1325913:A:G,0.928644,35282,16:1290631,chr16,1290631,1290631,rs34361866,LMF1,3,Zheng,LMF1_locus1,16:1290631
16,1290631,16:1290631:G:A,16,1325959,16:1325959:A:G,0.928644,35328,16:1290631,chr16,1290631,1290631,rs34361866,LMF1,3,Zheng,LMF1_locus1,16:1290631
16,1290631,16:1290631:G:A,16,1326429,16:1326429:T:C,0.928644,35798,16:1290631,chr16,1290631,1290631,rs34361866,LMF1,3,Zheng,LMF1_locus1,16:1290631
16,1290631,16:1290631:G:A,16,1326998,16:1326998:C:CA,0.880615,36367,16:1290631,chr16,1290631,1290631,rs34361866,LMF1,3,Zheng,LMF1_locus1,16:1290631
16,1290631,16:1290631:G:A,16,1327577,16:1327577:G:C,0.867022,36946,16:1290631,chr16,1290631,1290631,rs34361866,LMF1,3,Zheng,LMF1_locus1,16:1290631
16,1290631,16:1290631:G:A,16,1329373,16:1329373:G:T,0.828154,38742,16:1290631,chr16,1290631,1290631,rs34361866,LMF1,3,Zheng,LMF1_locus1,16:1290631
16,67421955,16:67421955:C:T,16,67421955,16:67421955:C:T,1.0,0,16:67421955,chr16,67421955,67421955,rs60227059,RRAD,2,Jurgens,RRAD_locus0,16:67421955
16,67421955,16:67421955:C:T,16,67432823,16:67432823:C:A,0.92309,10868,16:67421955,chr16,67421955,67421955,rs60227059,RRAD,2,Jurgens,RRAD_locus0,16:67421955
16,67421955,16:67421955:C:T,16,67436424,16:67436425:A:G,0.92309,14469,16:67421955,chr16,67421955,67421955,rs60227059,RRAD,2,Jurgens,RRAD_locus0,16:67421955
16,67421955,16:67421955:C:T,16,67438023,16:67438023:C:G,0.899736,16068,16:67421955,chr16,67421955,67421955,rs60227059,RRAD,2,Jurgens,RRAD_locus0,16:67421955
16,67421955,16:67421955:C:T,16,67442451,16:67442451:CT:C,0.895753,20496,16:67421955,chr16,67421955,67421955,rs60227059,RRAD,2,Jurgens,RRAD_locus0,16:67421955
16,67421955,16:67421955:C:T,16,67445073,16:67445073:C:T,0.92309,23118,16:67421955,chr16,67421955,67421955,rs60227059,RRAD,2,Jurgens,RRAD_locus0,16:67421955
16,67421955,16:67421955:C:T,16,67448293,16:67448293:AG:A,0.92309,26338,16:67421955,chr16,67421955,67421955,rs60227059,RRAD,2,Jurgens,RRAD_locus0,16:67421955
16,67421955,16:67421955:C:T,16,67454567,16:67454567:G:T,0.899736,32612,16:67421955,chr16,67421955,67421955,rs60227059,RRAD,2,Jurgens,RRAD_locus0,16:67421955
16,67421955,16:67421955:C:T,16,67476221,16:67476221:CA:C,0.92309,54266,16:67421955,chr16,67421955,67421955,rs60227059,RRAD,2,Jurgens,RRAD_locus0,16:67421955
16,67421955,16:67421955:C:T,16,67481409,16:67481409:A:G,0.92309,59454,16:67421955,chr16,67421955,67421955,rs60227059,RRAD,2,Jurgens,RRAD_locus0,16:67421955
16,67421955,16:67421955:C:T,16,67488386,16:67488386:A:G,0.92309,66431,16:67421955,chr16,67421955,67421955,rs60227059,RRAD,2,Jurgens,RRAD_locus0,16:67421955
16,67421955,16:67421955:C:T,16,67495446,16:67495446:T:G,0.92309,73491,16:67421955,chr16,67421955,67421955,rs60227059,RRAD,2,Jurgens,RRAD_locus0,16:67421955
16,67421955,16:67421955:C:T,16,67495730,16:67495730:T:C,0.92309,73775,16:67421955,chr16,67421955,67421955,rs60227059,RRAD,2,Jurgens,RRAD_locus0,16:67421955
16,67421955,16:67421955:C:T,16,67505119,16:67505119:T:C,0.92309,83164,16:67421955,chr16,67421955,67421955,rs60227059,RRAD,2,Jurgens,RRAD_locus0,16:67421955
16,67421955,16:67421955:C:T,16,67506158,16:67506158:CA:C,0.92309,84203,16:67421955,chr16,67421955,67421955,rs60227059,RRAD,2,Jurgens,RRAD_locus0,16:67421955
16,67421955,16:67421955:C:T,16,67513802,16:67513803:G:GA,0.836568,91847,16:67421955,chr16,67421955,67421955,rs60227059,RRAD,2,Jurgens,RRAD_locus0,16:67421955
16,67421955,16:67421955:C:T,16,67515254,16:67515254:C:G,0.92309,93299,16:67421955,chr16,67421955,67421955,rs60227059,RRAD,2,Jurgens,RRAD_locus0,16:67421955
16,67421955,16:67421955:C:T,16,67515267,16:67515267:T:C,0.92309,93312,16:67421955,chr16,67421955,67421955,rs60227059,RRAD,2,Jurgens,RRAD_locus0,16:67421955
16,67526710,16:67526710:T:C,16,67345344,16:67345344:C:CAT,0.827936,181366,16:67526710,chr16,67526710,67526710,rs7196853,C16orf86,1,Zheng,C16orf86_locus0,16:67526710
16,67526710,16:67526710:T:C,16,67356545,16:67356545:A:G,0.810771,170165,16:67526710,chr16,67526710,67526710,rs7196853,C16orf86,1,Zheng,C16orf86_locus0,16:67526710
16,67526710,16:67526710:T:C,16,67382827,16:67382827:A:C,0.810771,143883,16:67526710,chr16,67526710,67526710,rs7196853,C16orf86,1,Zheng,C16orf86_locus0,16:67526710
16,67526710,16:67526710:T:C,16,67385249,16:67385249:G:A,0.810771,141461,16:67526710,chr16,67526710,67526710,rs7196853,C16orf86,1,Zheng,C16orf86_locus0,16:67526710
16,67526710,16:67526710:T:C,16,67412134,16:67412134:T:G,0.894071,114576,16:67526710,chr16,67526710,67526710,rs7196853,C16orf86,1,Zheng,C16orf86_locus0,16:67526710
16,67526710,16:67526710:T:C,16,67413832,16:67413832:T:G,0.911333,112878,16:67526710,chr16,67526710,67526710,rs7196853,C16orf86,1,Zheng,C16orf86_locus0,16:67526710
16,67526710,16:67526710:T:C,16,67418669,16:67418670:CT:C,0.865156,108041,16:67526710,chr16,67526710,67526710,rs7196853,C16orf86,1,Zheng,C16orf86_locus0,16:67526710
16,67526710,16:67526710:T:C,16,67418776,16:67418776:C:T,0.893974,107934,16:67526710,chr16,67526710,67526710,rs7196853,C16orf86,1,Zheng,C16orf86_locus0,16:67526710
16,67526710,16:67526710:T:C,16,67419731,16:67419731:T:A,0.893974,106979,16:67526710,chr16,67526710,67526710,rs7196853,C16orf86,1,Zheng,C16orf86_locus0,16:67526710
16,67526710,16:67526710:T:C,16,67421613,16:67421613:A:G,0.911776,105097,16:67526710,chr16,67526710,67526710,rs7196853,C16orf86,1,Zheng,C16orf86_locus0,16:67526710
16,67526710,16:67526710:T:C,16,67424348,16:67424348:A:C,0.911776,102362,16:67526710,chr16,67526710,67526710,rs7196853,C16orf86,1,Zheng,C16orf86_locus0,16:67526710
16,67526710,16:67526710:T:C,16,67432527,16:67432527:T:C,0.893974,94183,16:67526710,chr16,67526710,67526710,rs7196853,C16orf86,1,Zheng,C16orf86_locus0,16:67526710
16,67526710,16:67526710:T:C,16,67439486,16:67439486:G:A,0.894568,87224,16:67526710,chr16,67526710,67526710,rs7196853,C16orf86,1,Zheng,C16orf86_locus0,16:67526710
16,67526710,16:67526710:T:C,16,67472212,16:67472212:C:T,0.911776,54498,16:67526710,chr16,67526710,67526710,rs7196853,C16orf86,1,Zheng,C16orf86_locus0,16:67526710
16,67526710,16:67526710:T:C,16,67486220,16:67486220:A:G,0.843716,40490,16:67526710,chr16,67526710,67526710,rs7196853,C16orf86,1,Zheng,C16orf86_locus0,16:67526710
16,67526710,16:67526710:T:C,16,67498792,16:67498792:G:A,0.911776,27918,16:67526710,chr16,67526710,67526710,rs7196853,C16orf86,1,Zheng,C16orf86_locus0,16:67526710
16,67526710,16:67526710:T:C,16,67515750,16:67515750:G:C,1.0,10960,16:67526710,chr16,67526710,67526710,rs7196853,C16orf86,1,Zheng,C16orf86_locus0,16:67526710
16,67526710,16:67526710:T:C,16,67526710,16:67526710:T:C,1.0,0,16:67526710,chr16,67526710,67526710,rs7196853,C16orf86,1,Zheng,C16orf86_locus0,16:67526710
16,67526710,16:67526710:T:C,16,67539464,16:67539464:G:C,0.818235,12754,16:67526710,chr16,67526710,67526710,rs7196853,C16orf86,1,Zheng,C16orf86_locus0,16:67526710
16,67526710,16:67526710:T:C,16,67547980,16:67547980:A:G,0.801019,21270,16:67526710,chr16,67526710,67526710,rs7196853,C16orf86,1,Zheng,C16orf86_locus0,16:67526710
16,67526710,16:67526710:T:C,16,67565666,16:67565666:CT:C,0.801019,38956,16:67526710,chr16,67526710,67526710,rs7196853,C16orf86,1,Zheng,C16orf86_locus0,16:67526710
16,67526710,16:67526710:T:C,16,67571891,16:67571891:C:T,0.801019,45181,16:67526710,chr16,67526710,67526710,rs7196853,C16orf86,1,Zheng,C16orf86_locus0,16:67526710
16,67526710,16:67526710:T:C,16,67577540,16:67577540:T:C,0.801019,50830,16:67526710,chr16,67526710,67526710,rs7196853,C16orf86,1,Zheng,C16orf86_locus0,16:67526710
16,67526710,16:67526710:T:C,16,67591894,16:67591894:A:G,0.801019,65184,16:67526710,chr16,67526710,67526710,rs7196853,C16orf86,1,Zheng,C16orf86_locus0,16:67526710
16,67526710,16:67526710:T:C,16,67608735,16:67608735:G:GT,0.801019,82025,16:67526710,chr16,67526710,67526710,rs7196853,C16orf86,1,Zheng,C16orf86_locus0,16:67526710
16,67526710,16:67526710:T:C,16,67617976,16:67617976:G:A,0.801019,91266,16:67526710,chr16,67526710,67526710,rs7196853,C16orf86,1,Zheng,C16orf86_locus0,16:67526710
16,67526710,16:67526710:T:C,16,67633260,16:67633260:GGT:G,0.801019,106550,16:67526710,chr16,67526710,67526710,rs7196853,C16orf86,1,Zheng,C16orf86_locus0,16:67526710
17,1399178,17:1399178:G:A,17,1333662,17:1333662:T:A,0.874115,65516,17:1399178,chr17,1399178,1399178,rs12452627,YWHAE,2,Jurgens,YWHAE_locus0,17:1399178
17,1399178,17:1399178:G:A,17,1333844,17:1333844:T:TTC,0.874115,65334,17:1399178,chr17,1399178,1399178,rs12452627,YWHAE,2,Jurgens,YWHAE_locus0,17:1399178
17,1399178,17:1399178:G:A,17,1336980,17:1336980:G:A,0.874115,62198,17:1399178,chr17,1399178,1399178,rs12452627,YWHAE,2,Jurgens,YWHAE_locus0,17:1399178
17,1399178,17:1399178:G:A,17,1337215,17:1337216:G:A,0.832063,61963,17:1399178,chr17,1399178,1399178,rs12452627,YWHAE,2,Jurgens,YWHAE_locus0,17:1399178
17,1399178,17:1399178:G:A,17,1338011,17:1338011:C:T,0.935646,61167,17:1399178,chr17,1399178,1399178,rs12452627,YWHAE,2,Jurgens,YWHAE_locus0,17:1399178
17,1399178,17:1399178:G:A,17,1338451,17:1338452:CAAAA:C,0.935646,60727,17:1399178,chr17,1399178,1399178,rs12452627,YWHAE,2,Jurgens,YWHAE_locus0,17:1399178
17,1399178,17:1399178:G:A,17,1338619,17:1338619:CA:C,0.917312,60559,17:1399178,chr17,1399178,1399178,rs12452627,YWHAE,2,Jurgens,YWHAE_locus0,17:1399178
17,1399178,17:1399178:G:A,17,1340254,17:1340254:C:T,0.935646,58924,17:1399178,chr17,1399178,1399178,rs12452627,YWHAE,2,Jurgens,YWHAE_locus0,17:1399178
17,1399178,17:1399178:G:A,17,1340327,17:1340327:C:T,0.935646,58851,17:1399178,chr17,1399178,1399178,rs12452627,YWHAE,2,Jurgens,YWHAE_locus0,17:1399178
17,1399178,17:1399178:G:A,17,1340553,17:1340553:C:A,0.935646,58625,17:1399178,chr17,1399178,1399178,rs12452627,YWHAE,2,Jurgens,YWHAE_locus0,17:1399178
17,1399178,17:1399178:G:A,17,1340647,17:1340647:C:T,0.91436,58531,17:1399178,chr17,1399178,1399178,rs12452627,YWHAE,2,Jurgens,YWHAE_locus0,17:1399178
17,1399178,17:1399178:G:A,17,1340685,17:1340685:G:A,0.935646,58493,17:1399178,chr17,1399178,1399178,rs12452627,YWHAE,2,Jurgens,YWHAE_locus0,17:1399178
17,1399178,17:1399178:G:A,17,1340933,17:1340933:AT:A,0.935646,58245,17:1399178,chr17,1399178,1399178,rs12452627,YWHAE,2,Jurgens,YWHAE_locus0,17:1399178
17,1399178,17:1399178:G:A,17,1341596,17:1341596:T:C,0.935646,57582,17:1399178,chr17,1399178,1399178,rs12452627,YWHAE,2,Jurgens,YWHAE_locus0,17:1399178
17,1399178,17:1399178:G:A,17,1341614,17:1341614:C:T,0.935646,57564,17:1399178,chr17,1399178,1399178,rs12452627,YWHAE,2,Jurgens,YWHAE_locus0,17:1399178
17,1399178,17:1399178:G:A,17,1342148,17:1342148:T:G,0.935646,57030,17:1399178,chr17,1399178,1399178,rs12452627,YWHAE,2,Jurgens,YWHAE_locus0,17:1399178
17,1399178,17:1399178:G:A,17,1342822,17:1342822:A:AT,0.85802,56356,17:1399178,chr17,1399178,1399178,rs12452627,YWHAE,2,Jurgens,YWHAE_locus0,17:1399178
17,1399178,17:1399178:G:A,17,1343582,17:1343582:C:G,0.978398,55596,17:1399178,chr17,1399178,1399178,rs12452627,YWHAE,2,Jurgens,YWHAE_locus0,17:1399178
17,1399178,17:1399178:G:A,17,1345098,17:1345098:A:G,0.978398,54080,17:1399178,chr17,1399178,1399178,rs12452627,YWHAE,2,Jurgens,YWHAE_locus0,17:1399178
17,1399178,17:1399178:G:A,17,1347961,17:1347961:CAAAGT:C,1.0,51217,17:1399178,chr17,1399178,1399178,rs12452627,YWHAE,2,Jurgens,YWHAE_locus0,17:1399178
17,1399178,17:1399178:G:A,17,1348702,17:1348702:G:T,1.0,50476,17:1399178,chr17,1399178,1399178,rs12452627,YWHAE,2,Jurgens,YWHAE_locus0,17:1399178
17,1399178,17:1399178:G:A,17,1352780,17:1352780:G:A,1.0,46398,17:1399178,chr17,1399178,1399178,rs12452627,YWHAE,2,Jurgens,YWHAE_locus0,17:1399178
17,1399178,17:1399178:G:A,17,1357217,17:1357217:C:A,1.0,41961,17:1399178,chr17,1399178,1399178,rs12452627,YWHAE,2,Jurgens,YWHAE_locus0,17:1399178
17,1399178,17:1399178:G:A,17,1357927,17:1357927:C:T,0.978717,41251,17:1399178,chr17,1399178,1399178,rs12452627,YWHAE,2,Jurgens,YWHAE_locus0,17:1399178
17,1399178,17:1399178:G:A,17,1370588,17:1370588:G:A,0.957098,28590,17:1399178,chr17,1399178,1399178,rs12452627,YWHAE,2,Jurgens,YWHAE_locus0,17:1399178
17,1399178,17:1399178:G:A,17,1370609,17:1370609:T:G,0.957098,28569,17:1399178,chr17,1399178,1399178,rs12452627,YWHAE,2,Jurgens,YWHAE_locus0,17:1399178
17,1399178,17:1399178:G:A,17,1371301,17:1371301:T:G,1.0,27877,17:1399178,chr17,1399178,1399178,rs12452627,YWHAE,2,Jurgens,YWHAE_locus0,17:1399178
17,1399178,17:1399178:G:A,17,1371839,17:1371839:C:CTT,0.958212,27339,17:1399178,chr17,1399178,1399178,rs12452627,YWHAE,2,Jurgens,YWHAE_locus0,17:1399178
17,1399178,17:1399178:G:A,17,1376928,17:1376928:C:CTT,1.0,22250,17:1399178,chr17,1399178,1399178,rs12452627,YWHAE,2,Jurgens,YWHAE_locus0,17:1399178
17,1399178,17:1399178:G:A,17,1383389,17:1383389:C:CT,0.849359,15789,17:1399178,chr17,1399178,1399178,rs12452627,YWHAE,2,Jurgens,YWHAE_locus0,17:1399178
17,1399178,17:1399178:G:A,17,1392798,17:1392798:C:G,0.91937,6380,17:1399178,chr17,1399178,1399178,rs12452627,YWHAE,2,Jurgens,YWHAE_locus0,17:1399178
17,1399178,17:1399178:G:A,17,1399178,17:1399178:G:A,1.0,0,17:1399178,chr17,1399178,1399178,rs12452627,YWHAE,2,Jurgens,YWHAE_locus0,17:1399178
17,1399178,17:1399178:G:A,17,1402871,17:1402871:C:T,0.828195,3693,17:1399178,chr17,1399178,1399178,rs12452627,YWHAE,2,Jurgens,YWHAE_locus0,17:1399178
17,1399178,17:1399178:G:A,17,1404034,17:1404034:GGGGAGA:G,0.828195,4856,17:1399178,chr17,1399178,1399178,rs12452627,YWHAE,2,Jurgens,YWHAE_locus0,17:1399178
17,3608514,17:3608514:A:G,17,3601756,17:3601756:T:C,0.910306,6758,17:3608514,chr17,3608514,3608514,rs460716,TRPV1,2,Zheng,TRPV1_locus0,17:3608514
17,3608514,17:3608514:A:G,17,3602640,17:3602640:A:G,0.833233,5874,17:3608514,chr17,3608514,3608514,rs460716,TRPV1,2,Zheng,TRPV1_locus0,17:3608514
17,3608514,17:3608514:A:G,17,3605235,17:3605235:A:G,0.991677,3279,17:3608514,chr17,3608514,3608514,rs460716,TRPV1,2,Zheng,TRPV1_locus0,17:3608514
17,3608514,17:3608514:A:G,17,3605586,17:3605586:G:A,0.991677,2928,17:3608514,chr17,3608514,3608514,rs460716,TRPV1,2,Zheng,TRPV1_locus0,17:3608514
17,3608514,17:3608514:A:G,17,3608514,17:3608514:A:G,1.0,0,17:3608514,chr17,3608514,3608514,rs460716,TRPV1,2,Zheng,TRPV1_locus0,17:3608514
17,45942346,17:45942346:G:A,17,45942346,17:45942346:G:A,1.0,0,17:45942346,chr17,45942346,45942346,rs242557,MAPT,4,both,MAPT_locus0,17:45942346
17,45942346,17:45942346:G:A,17,45949373,17:45949373:G:A,0.9931,7027,17:45942346,chr17,45942346,45942346,rs242557,MAPT,4,both,MAPT_locus0,17:45942346
17,55290427,17:55290427:T:A,17,55289205,17:55289205:G:T,0.991239,1222,17:55290427,chr17,55290427,55290427,rs10445344,HLF,4,Zheng,HLF_locus0,17:55290427
17,55290427,17:55290427:T:A,17,55290427,17:55290427:T:A,1.0,0,17:55290427,chr17,55290427,55290427,rs10445344,HLF,4,Zheng,HLF_locus0,17:55290427
17,55290427,17:55290427:T:A,17,55293686,17:55293686:G:A,0.973859,3259,17:55290427,chr17,55290427,55290427,rs10445344,HLF,4,Zheng,HLF_locus0,17:55290427
17,55290427,17:55290427:T:A,17,55296189,17:55296189:A:T,0.991237,5762,17:55290427,chr17,55290427,55290427,rs10445344,HLF,4,Zheng,HLF_locus0,17:55290427
17,55290427,17:55290427:T:A,17,55297249,17:55297249:T:C,0.894085,6822,17:55290427,chr17,55290427,55290427,rs10445344,HLF,4,Zheng,HLF_locus0,17:55290427
17,55290427,17:55290427:T:A,17,55299581,17:55299581:C:T,0.973771,9154,17:55290427,chr17,55290427,55290427,rs10445344,HLF,4,Zheng,HLF_locus0,17:55290427
17,55290427,17:55290427:T:A,17,55302450,17:55302450:C:T,0.955991,12023,17:55290427,chr17,55290427,55290427,rs10445344,HLF,4,Zheng,HLF_locus0,17:55290427
17,55290427,17:55290427:T:A,17,55305468,17:55305468:T:C,0.926184,15041,17:55290427,chr17,55290427,55290427,rs10445344,HLF,4,Zheng,HLF_locus0,17:55290427
17,55290427,17:55290427:T:A,17,55307830,17:55307831:T:TA,0.865636,17403,17:55290427,chr17,55290427,55290427,rs10445344,HLF,4,Zheng,HLF_locus0,17:55290427
17,55297249,17:55297249:T:C,17,55289205,17:55289205:G:T,0.8859,8044,17:55297249,chr17,55297249,55297249,rs12452367,HLF,3,Jurgens,HLF_locus0,17:55297249
17,55297249,17:55297249:T:C,17,55290427,17:55290427:T:A,0.894085,6822,17:55297249,chr17,55297249,55297249,rs12452367,HLF,3,Jurgens,HLF_locus0,17:55297249
17,55297249,17:55297249:T:C,17,55293686,17:55293686:G:A,0.886853,3563,17:55297249,chr17,55297249,55297249,rs12452367,HLF,3,Jurgens,HLF_locus0,17:55297249
17,55297249,17:55297249:T:C,17,55296189,17:55296189:A:T,0.902941,1060,17:55297249,chr17,55297249,55297249,rs12452367,HLF,3,Jurgens,HLF_locus0,17:55297249
17,55297249,17:55297249:T:C,17,55297249,17:55297249:T:C,1.0,0,17:55297249,chr17,55297249,55297249,rs12452367,HLF,3,Jurgens,HLF_locus0,17:55297249
17,55297249,17:55297249:T:C,17,55299581,17:55299581:C:T,0.885326,2332,17:55297249,chr17,55297249,55297249,rs12452367,HLF,3,Jurgens,HLF_locus0,17:55297249
17,55297249,17:55297249:T:C,17,55302450,17:55302450:C:T,0.86886,5201,17:55297249,chr17,55297249,55297249,rs12452367,HLF,3,Jurgens,HLF_locus0,17:55297249
17,55297249,17:55297249:T:C,17,55305468,17:55305468:T:C,0.838603,8219,17:55297249,chr17,55297249,55297249,rs12452367,HLF,3,Jurgens,HLF_locus0,17:55297249
17,55302450,17:55302450:C:T,17,55289205,17:55289205:G:T,0.964198,13245,17:55302450,chr17,55302450,55302450,rs4794562,HLF,4,Zheng,HLF_locus0,17:55302450
17,55302450,17:55302450:C:T,17,55290427,17:55290427:T:A,0.955991,12023,17:55302450,chr17,55302450,55302450,rs4794562,HLF,4,Zheng,HLF_locus0,17:55302450
17,55302450,17:55302450:C:T,17,55293686,17:55293686:G:A,0.981932,8764,17:55302450,chr17,55302450,55302450,rs4794562,HLF,4,Zheng,HLF_locus0,17:55302450
17,55302450,17:55302450:C:T,17,55296189,17:55296189:A:T,0.964748,6261,17:55302450,chr17,55302450,55302450,rs4794562,HLF,4,Zheng,HLF_locus0,17:55302450
17,55302450,17:55302450:C:T,17,55297249,17:55297249:T:C,0.86886,5201,17:55302450,chr17,55302450,55302450,rs4794562,HLF,4,Zheng,HLF_locus0,17:55302450
17,55302450,17:55302450:C:T,17,55299581,17:55299581:C:T,0.982582,2869,17:55302450,chr17,55302450,55302450,rs4794562,HLF,4,Zheng,HLF_locus0,17:55302450
17,55302450,17:55302450:C:T,17,55302450,17:55302450:C:T,1.0,0,17:55302450,chr17,55302450,55302450,rs4794562,HLF,4,Zheng,HLF_locus0,17:55302450
17,55302450,17:55302450:C:T,17,55305468,17:55305468:T:C,0.934919,3018,17:55302450,chr17,55302450,55302450,rs4794562,HLF,4,Zheng,HLF_locus0,17:55302450
17,55302450,17:55302450:C:T,17,55307830,17:55307831:T:TA,0.88911,5380,17:55302450,chr17,55302450,55302450,rs4794562,HLF,4,Zheng,HLF_locus0,17:55302450
17,66290376,17:66290376:A:G,17,66287815,17:66287815:G:A,0.985645,2561,17:66290376,chr17,66290376,66290376,rs9897002,PRKCA,3,Zheng,PRKCA_locus0,17:66290376
17,66290376,17:66290376:A:G,17,66289674,17:66289674:C:A,0.805995,702,17:66290376,chr17,66290376,66290376,rs9897002,PRKCA,3,Zheng,PRKCA_locus0,17:66290376
17,66290376,17:66290376:A:G,17,66290376,17:66290376:A:G,1.0,0,17:66290376,chr17,66290376,66290376,rs9897002,PRKCA,3,Zheng,PRKCA_locus0,17:66290376
17,66307675,17:66307675:C:T,17,66304963,17:66304963:C:T,0.814414,2712,17:66307675,chr17,66307675,66307675,rs9892651,PRKCA,4,Jurgens,PRKCA_locus0,17:66307675
17,66307675,17:66307675:C:T,17,66305245,17:66305245:C:T,0.814414,2430,17:66307675,chr17,66307675,66307675,rs9892651,PRKCA,4,Jurgens,PRKCA_locus0,17:66307675
17,66307675,17:66307675:C:T,17,66305724,17:66305724:A:G,0.814414,1951,17:66307675,chr17,66307675,66307675,rs9892651,PRKCA,4,Jurgens,PRKCA_locus0,17:66307675
17,66307675,17:66307675:C:T,17,66306534,17:66306534:G:A,0.814414,1141,17:66307675,chr17,66307675,66307675,rs9892651,PRKCA,4,Jurgens,PRKCA_locus0,17:66307675
17,66307675,17:66307675:C:T,17,66307675,17:66307675:C:T,1.0,0,17:66307675,chr17,66307675,66307675,rs9892651,PRKCA,4,Jurgens,PRKCA_locus0,17:66307675
17,66307675,17:66307675:C:T,17,66308887,17:66308887:GT:G,0.814414,1212,17:66307675,chr17,66307675,66307675,rs9892651,PRKCA,4,Jurgens,PRKCA_locus0,17:66307675
17,66307675,17:66307675:C:T,17,66308897,17:66308897:T:C,0.814414,1222,17:66307675,chr17,66307675,66307675,rs9892651,PRKCA,4,Jurgens,PRKCA_locus0,17:66307675
17,66307675,17:66307675:C:T,17,66310015,17:66310015:C:T,1.0,2340,17:66307675,chr17,66307675,66307675,rs9892651,PRKCA,4,Jurgens,PRKCA_locus0,17:66307675
17,66307675,17:66307675:C:T,17,66310896,17:66310896:G:A,1.0,3221,17:66307675,chr17,66307675,66307675,rs9892651,PRKCA,4,Jurgens,PRKCA_locus0,17:66307675
17,66307675,17:66307675:C:T,17,66311493,17:66311493:C:A,0.814414,3818,17:66307675,chr17,66307675,66307675,rs9892651,PRKCA,4,Jurgens,PRKCA_locus0,17:66307675
17,66307675,17:66307675:C:T,17,66311864,17:66311864:C:T,0.974495,4189,17:66307675,chr17,66307675,66307675,rs9892651,PRKCA,4,Jurgens,PRKCA_locus0,17:66307675
17,66307675,17:66307675:C:T,17,66312157,17:66312157:T:G,0.955126,4482,17:66307675,chr17,66307675,66307675,rs9892651,PRKCA,4,Jurgens,PRKCA_locus0,17:66307675
17,66307675,17:66307675:C:T,17,66312355,17:66312355:T:C,0.974495,4680,17:66307675,chr17,66307675,66307675,rs9892651,PRKCA,4,Jurgens,PRKCA_locus0,17:66307675
17,66307675,17:66307675:C:T,17,66312629,17:66312629:G:C,0.974495,4954,17:66307675,chr17,66307675,66307675,rs9892651,PRKCA,4,Jurgens,PRKCA_locus0,17:66307675
17,66307675,17:66307675:C:T,17,66315131,17:66315131:C:T,0.974495,7456,17:66307675,chr17,66307675,66307675,rs9892651,PRKCA,4,Jurgens,PRKCA_locus0,17:66307675
17,66307675,17:66307675:C:T,17,66315565,17:66315565:C:T,0.974495,7890,17:66307675,chr17,66307675,66307675,rs9892651,PRKCA,4,Jurgens,PRKCA_locus0,17:66307675
17,66307675,17:66307675:C:T,17,66315622,17:66315622:G:A,0.974495,7947,17:66307675,chr17,66307675,66307675,rs9892651,PRKCA,4,Jurgens,PRKCA_locus0,17:66307675
17,66307675,17:66307675:C:T,17,66316345,17:66316345:A:G,0.974495,8670,17:66307675,chr17,66307675,66307675,rs9892651,PRKCA,4,Jurgens,PRKCA_locus0,17:66307675
17,66307675,17:66307675:C:T,17,66316959,17:66316959:G:A,0.974495,9284,17:66307675,chr17,66307675,66307675,rs9892651,PRKCA,4,Jurgens,PRKCA_locus0,17:66307675
17,66307675,17:66307675:C:T,17,66317035,17:66317035:G:A,0.974495,9360,17:66307675,chr17,66307675,66307675,rs9892651,PRKCA,4,Jurgens,PRKCA_locus0,17:66307675
17,66307675,17:66307675:C:T,17,66318430,17:66318430:T:C,0.974495,10755,17:66307675,chr17,66307675,66307675,rs9892651,PRKCA,4,Jurgens,PRKCA_locus0,17:66307675
17,66307675,17:66307675:C:T,17,66319087,17:66319087:A:C,0.974495,11412,17:66307675,chr17,66307675,66307675,rs9892651,PRKCA,4,Jurgens,PRKCA_locus0,17:66307675
17,66307675,17:66307675:C:T,17,66319248,17:66319248:G:C,0.974495,11573,17:66307675,chr17,66307675,66307675,rs9892651,PRKCA,4,Jurgens,PRKCA_locus0,17:66307675
17,66307675,17:66307675:C:T,17,66319451,17:66319451:T:C,0.974495,11776,17:66307675,chr17,66307675,66307675,rs9892651,PRKCA,4,Jurgens,PRKCA_locus0,17:66307675
17,66307675,17:66307675:C:T,17,66319735,17:66319735:CT:C,0.974495,12060,17:66307675,chr17,66307675,66307675,rs9892651,PRKCA,4,Jurgens,PRKCA_locus0,17:66307675
17,66307675,17:66307675:C:T,17,66322239,17:66322239:G:C,0.974495,14564,17:66307675,chr17,66307675,66307675,rs9892651,PRKCA,4,Jurgens,PRKCA_locus0,17:66307675
17,66307675,17:66307675:C:T,17,66323967,17:66323967:A:G,0.974495,16292,17:66307675,chr17,66307675,66307675,rs9892651,PRKCA,4,Jurgens,PRKCA_locus0,17:66307675
17,66307675,17:66307675:C:T,17,66325449,17:66325449:C:T,0.968127,17774,17:66307675,chr17,66307675,66307675,rs9892651,PRKCA,4,Jurgens,PRKCA_locus0,17:66307675
17,66307675,17:66307675:C:T,17,66325899,17:66325899:A:C,0.974495,18224,17:66307675,chr17,66307675,66307675,rs9892651,PRKCA,4,Jurgens,PRKCA_locus0,17:66307675
17,66307675,17:66307675:C:T,17,66330104,17:66330104:AT:A,0.949282,22429,17:66307675,chr17,66307675,66307675,rs9892651,PRKCA,4,Jurgens,PRKCA_locus0,17:66307675
17,75519927,17:75519927:G:A,17,75519927,17:75519927:G:A,1.0,0,17:75519927,chr17,75519927,75519927,rs59476633,LLGL2,1,Zheng,LLGL2_locus0,17:75519927
18,36344918,18:36344918:T:C,18,36318822,18:36318822:T:C,0.863005,26096,18:36344918,chr18,36344918,36344918,rs1996141,FHOD3,5,Jurgens,FHOD3_locus0,18:36344918
18,36344918,18:36344918:T:C,18,36325350,18:36325350:A:G,0.854905,19568,18:36344918,chr18,36344918,36344918,rs1996141,FHOD3,5,Jurgens,FHOD3_locus0,18:36344918
18,36344918,18:36344918:T:C,18,36328269,18:36328269:T:G,0.962425,16649,18:36344918,chr18,36344918,36344918,rs1996141,FHOD3,5,Jurgens,FHOD3_locus0,18:36344918
18,36344918,18:36344918:T:C,18,36328318,18:36328318:T:C,0.962425,16600,18:36344918,chr18,36344918,36344918,rs1996141,FHOD3,5,Jurgens,FHOD3_locus0,18:36344918
18,36344918,18:36344918:T:C,18,36329822,18:36329822:A:AG,1.0,15096,18:36344918,chr18,36344918,36344918,rs1996141,FHOD3,5,Jurgens,FHOD3_locus0,18:36344918
18,36344918,18:36344918:T:C,18,36330604,18:36330604:T:C,0.902718,14314,18:36344918,chr18,36344918,36344918,rs1996141,FHOD3,5,Jurgens,FHOD3_locus0,18:36344918
18,36344918,18:36344918:T:C,18,36331906,18:36331906:A:G,1.0,13012,18:36344918,chr18,36344918,36344918,rs1996141,FHOD3,5,Jurgens,FHOD3_locus0,18:36344918
18,36344918,18:36344918:T:C,18,36333535,18:36333535:G:A,0.954379,11383,18:36344918,chr18,36344918,36344918,rs1996141,FHOD3,5,Jurgens,FHOD3_locus0,18:36344918
18,36344918,18:36344918:T:C,18,36336682,18:36336682:CAA:C,0.936786,8236,18:36344918,chr18,36344918,36344918,rs1996141,FHOD3,5,Jurgens,FHOD3_locus0,18:36344918
18,36344918,18:36344918:T:C,18,36338515,18:36338515:T:C,0.902718,6403,18:36344918,chr18,36344918,36344918,rs1996141,FHOD3,5,Jurgens,FHOD3_locus0,18:36344918
18,36344918,18:36344918:T:C,18,36338529,18:36338529:C:T,0.903783,6389,18:36344918,chr18,36344918,36344918,rs1996141,FHOD3,5,Jurgens,FHOD3_locus0,18:36344918
18,36344918,18:36344918:T:C,18,36338602,18:36338602:A:C,1.0,6316,18:36344918,chr18,36344918,36344918,rs1996141,FHOD3,5,Jurgens,FHOD3_locus0,18:36344918
18,36344918,18:36344918:T:C,18,36339642,18:36339642:G:T,0.887412,5276,18:36344918,chr18,36344918,36344918,rs1996141,FHOD3,5,Jurgens,FHOD3_locus0,18:36344918
18,36344918,18:36344918:T:C,18,36340646,18:36340646:CT:C,0.887412,4272,18:36344918,chr18,36344918,36344918,rs1996141,FHOD3,5,Jurgens,FHOD3_locus0,18:36344918
18,36344918,18:36344918:T:C,18,36340698,18:36340698:A:G,0.981501,4220,18:36344918,chr18,36344918,36344918,rs1996141,FHOD3,5,Jurgens,FHOD3_locus0,18:36344918
18,36344918,18:36344918:T:C,18,36341099,18:36341099:A:G,0.981501,3819,18:36344918,chr18,36344918,36344918,rs1996141,FHOD3,5,Jurgens,FHOD3_locus0,18:36344918
18,36344918,18:36344918:T:C,18,36342838,18:36342838:G:A,0.981501,2080,18:36344918,chr18,36344918,36344918,rs1996141,FHOD3,5,Jurgens,FHOD3_locus0,18:36344918
18,36344918,18:36344918:T:C,18,36344918,18:36344918:T:C,1.0,0,18:36344918,chr18,36344918,36344918,rs1996141,FHOD3,5,Jurgens,FHOD3_locus0,18:36344918
18,36344918,18:36344918:T:C,18,36345208,18:36345208:G:GT,0.963321,290,18:36344918,chr18,36344918,36344918,rs1996141,FHOD3,5,Jurgens,FHOD3_locus0,18:36344918
18,36344918,18:36344918:T:C,18,36345792,18:36345792:A:G,0.963321,874,18:36344918,chr18,36344918,36344918,rs1996141,FHOD3,5,Jurgens,FHOD3_locus0,18:36344918
18,36344918,18:36344918:T:C,18,36350272,18:36350272:A:G,0.972126,5354,18:36344918,chr18,36344918,36344918,rs1996141,FHOD3,5,Jurgens,FHOD3_locus0,18:36344918
18,36344918,18:36344918:T:C,18,36354703,18:36354703:A:G,0.962968,9785,18:36344918,chr18,36344918,36344918,rs1996141,FHOD3,5,Jurgens,FHOD3_locus0,18:36344918
18,36344918,18:36344918:T:C,18,36354814,18:36354814:A:T,0.971779,9896,18:36344918,chr18,36344918,36344918,rs1996141,FHOD3,5,Jurgens,FHOD3_locus0,18:36344918
18,36344918,18:36344918:T:C,18,36354830,18:36354830:T:C,0.971779,9912,18:36344918,chr18,36344918,36344918,rs1996141,FHOD3,5,Jurgens,FHOD3_locus0,18:36344918
18,36344918,18:36344918:T:C,18,36356740,18:36356740:A:G,0.962968,11822,18:36344918,chr18,36344918,36344918,rs1996141,FHOD3,5,Jurgens,FHOD3_locus0,18:36344918
18,36344918,18:36344918:T:C,18,36357003,18:36357003:T:G,0.877958,12085,18:36344918,chr18,36344918,36344918,rs1996141,FHOD3,5,Jurgens,FHOD3_locus0,18:36344918
18,36344918,18:36344918:T:C,18,36359003,18:36359003:T:G,0.972126,14085,18:36344918,chr18,36344918,36344918,rs1996141,FHOD3,5,Jurgens,FHOD3_locus0,18:36344918
18,36344918,18:36344918:T:C,18,36359267,18:36359267:C:T,0.990572,14349,18:36344918,chr18,36344918,36344918,rs1996141,FHOD3,5,Jurgens,FHOD3_locus0,18:36344918
18,36344918,18:36344918:T:C,18,36361475,18:36361475:T:C,0.972126,16557,18:36344918,chr18,36344918,36344918,rs1996141,FHOD3,5,Jurgens,FHOD3_locus0,18:36344918
18,36344918,18:36344918:T:C,18,36361641,18:36361641:A:G,0.877958,16723,18:36344918,chr18,36344918,36344918,rs1996141,FHOD3,5,Jurgens,FHOD3_locus0,18:36344918
18,36344918,18:36344918:T:C,18,36361981,18:36361981:A:G,0.962968,17063,18:36344918,chr18,36344918,36344918,rs1996141,FHOD3,5,Jurgens,FHOD3_locus0,18:36344918
18,36344918,18:36344918:T:C,18,36362243,18:36362243:A:G,0.962968,17325,18:36344918,chr18,36344918,36344918,rs1996141,FHOD3,5,Jurgens,FHOD3_locus0,18:36344918
18,36344918,18:36344918:T:C,18,36363344,18:36363344:G:A,0.893201,18426,18:36344918,chr18,36344918,36344918,rs1996141,FHOD3,5,Jurgens,FHOD3_locus0,18:36344918
18,36344918,18:36344918:T:C,18,36363604,18:36363604:C:T,0.990572,18686,18:36344918,chr18,36344918,36344918,rs1996141,FHOD3,5,Jurgens,FHOD3_locus0,18:36344918
18,36652647,18:36652647:C:T,18,36641952,18:36641952:C:CA,0.828766,10695,18:36652647,chr18,36652647,36652647,rs2848901,FHOD3,3,Zheng,FHOD3_locus1,18:36652647
18,36652647,18:36652647:C:T,18,36643603,18:36643603:T:C,0.883622,9044,18:36652647,chr18,36652647,36652647,rs2848901,FHOD3,3,Zheng,FHOD3_locus1,18:36652647
18,36652647,18:36652647:C:T,18,36651307,18:36651307:A:G,0.814181,1340,18:36652647,chr18,36652647,36652647,rs2848901,FHOD3,3,Zheng,FHOD3_locus1,18:36652647
18,36652647,18:36652647:C:T,18,36651750,18:36651750:C:CA,0.958212,897,18:36652647,chr18,36652647,36652647,rs2848901,FHOD3,3,Zheng,FHOD3_locus1,18:36652647
18,36652647,18:36652647:C:T,18,36652647,18:36652647:C:T,1.0,0,18:36652647,chr18,36652647,36652647,rs2848901,FHOD3,3,Zheng,FHOD3_locus1,18:36652647
18,36652647,18:36652647:C:T,18,36652989,18:36652989:T:C,0.966282,342,18:36652647,chr18,36652647,36652647,rs2848901,FHOD3,3,Zheng,FHOD3_locus1,18:36652647
18,36652647,18:36652647:C:T,18,36655693,18:36655693:A:G,0.8555,3046,18:36652647,chr18,36652647,36652647,rs2848901,FHOD3,3,Zheng,FHOD3_locus1,18:36652647
18,36652647,18:36652647:C:T,18,36655772,18:36655772:CAA:C,0.85675,3125,18:36652647,chr18,36652647,36652647,rs2848901,FHOD3,3,Zheng,FHOD3_locus1,18:36652647
18,36652647,18:36652647:C:T,18,36656063,18:36656063:G:A,0.8555,3416,18:36652647,chr18,36652647,36652647,rs2848901,FHOD3,3,Zheng,FHOD3_locus1,18:36652647
18,36652647,18:36652647:C:T,18,36660438,18:36660438:G:C,0.815032,7791,18:36652647,chr18,36652647,36652647,rs2848901,FHOD3,3,Zheng,FHOD3_locus1,18:36652647
18,36652647,18:36652647:C:T,18,36663939,18:36663939:T:G,0.815032,11292,18:36652647,chr18,36652647,36652647,rs2848901,FHOD3,3,Zheng,FHOD3_locus1,18:36652647
18,36652647,18:36652647:C:T,18,36664211,18:36664211:G:T,0.811813,11564,18:36652647,chr18,36652647,36652647,rs2848901,FHOD3,3,Zheng,FHOD3_locus1,18:36652647
18,36652647,18:36652647:C:T,18,36673782,18:36673782:C:T,0.863045,21135,18:36652647,chr18,36652647,36652647,rs2848901,FHOD3,3,Zheng,FHOD3_locus1,18:36652647
18,58255557,18:58255557:A:G,18,58252761,18:58252761:A:G,0.984761,2796,18:58255557,chr18,58255557,58255557,rs6566955,NEDD4L,4,both,NEDD4L_locus0,18:58255557
18,58255557,18:58255557:A:G,18,58254560,18:58254560:C:CAAA,0.829062,997,18:58255557,chr18,58255557,58255557,rs6566955,NEDD4L,4,both,NEDD4L_locus0,18:58255557
18,58255557,18:58255557:A:G,18,58255557,18:58255557:A:G,1.0,0,18:58255557,chr18,58255557,58255557,rs6566955,NEDD4L,4,both,NEDD4L_locus0,18:58255557
18,58270972,18:58270972:G:A,18,58270972,18:58270972:G:A,1.0,0,18:58270972,chr18,58270972,58270972,rs7230600,NEDD4L,3,Zheng,NEDD4L_locus0,18:58270972
18,79402462,18:79402462:A:G,18,79402462,18:79402462:A:G,1.0,0,18:79402462,chr18,79402462,79402462,rs657693,NFATC1,2,Zheng,NFATC1_locus0,18:79402462
19,5051163,19:5051163:C:T,19,5039124,19:5039124:T:G,0.842111,12039,19:5051163,chr19,5051163,5051163,rs72990183,KDM4B,2,Zheng,KDM4B_locus0,19:5051163
19,5051163,19:5051163:C:T,19,5042064,19:5042064:T:G,0.804306,9099,19:5051163,chr19,5051163,5051163,rs72990183,KDM4B,2,Zheng,KDM4B_locus0,19:5051163
19,5051163,19:5051163:C:T,19,5043027,19:5043027:C:T,0.940462,8136,19:5051163,chr19,5051163,5051163,rs72990183,KDM4B,2,Zheng,KDM4B_locus0,19:5051163
19,5051163,19:5051163:C:T,19,5043198,19:5043198:T:C,0.8183,7965,19:5051163,chr19,5051163,5051163,rs72990183,KDM4B,2,Zheng,KDM4B_locus0,19:5051163
19,5051163,19:5051163:C:T,19,5045115,19:5045115:C:T,0.873665,6048,19:5051163,chr19,5051163,5051163,rs72990183,KDM4B,2,Zheng,KDM4B_locus0,19:5051163
19,5051163,19:5051163:C:T,19,5045566,19:5045566:C:CT,0.873665,5597,19:5051163,chr19,5051163,5051163,rs72990183,KDM4B,2,Zheng,KDM4B_locus0,19:5051163
19,5051163,19:5051163:C:T,19,5046688,19:5046688:G:A,0.873665,4475,19:5051163,chr19,5051163,5051163,rs72990183,KDM4B,2,Zheng,KDM4B_locus0,19:5051163
19,5051163,19:5051163:C:T,19,5049302,19:5049302:T:C,0.873665,1861,19:5051163,chr19,5051163,5051163,rs72990183,KDM4B,2,Zheng,KDM4B_locus0,19:5051163
19,5051163,19:5051163:C:T,19,5050411,19:5050411:G:A,0.873665,752,19:5051163,chr19,5051163,5051163,rs72990183,KDM4B,2,Zheng,KDM4B_locus0,19:5051163
19,5051163,19:5051163:C:T,19,5050895,19:5050895:G:A,0.873665,268,19:5051163,chr19,5051163,5051163,rs72990183,KDM4B,2,Zheng,KDM4B_locus0,19:5051163
19,5051163,19:5051163:C:T,19,5051163,19:5051163:C:T,1.0,0,19:5051163,chr19,5051163,5051163,rs72990183,KDM4B,2,Zheng,KDM4B_locus0,19:5051163
19,5051163,19:5051163:C:T,19,5051829,19:5051830:C:A,0.873665,666,19:5051163,chr19,5051163,5051163,rs72990183,KDM4B,2,Zheng,KDM4B_locus0,19:5051163
19,5051163,19:5051163:C:T,19,5052940,19:5052940:G:GC,0.89015,1777,19:5051163,chr19,5051163,5051163,rs72990183,KDM4B,2,Zheng,KDM4B_locus0,19:5051163
19,5051163,19:5051163:C:T,19,5054729,19:5054729:C:T,0.873665,3566,19:5051163,chr19,5051163,5051163,rs72990183,KDM4B,2,Zheng,KDM4B_locus0,19:5051163
19,5051163,19:5051163:C:T,19,5056118,19:5056118:C:T,0.873665,4955,19:5051163,chr19,5051163,5051163,rs72990183,KDM4B,2,Zheng,KDM4B_locus0,19:5051163
19,5051163,19:5051163:C:T,19,5056900,19:5056900:G:A,0.873665,5737,19:5051163,chr19,5051163,5051163,rs72990183,KDM4B,2,Zheng,KDM4B_locus0,19:5051163
19,5051163,19:5051163:C:T,19,5062657,19:5062657:A:C,0.873665,11494,19:5051163,chr19,5051163,5051163,rs72990183,KDM4B,2,Zheng,KDM4B_locus0,19:5051163
19,5051163,19:5051163:C:T,19,5070804,19:5070804:C:T,0.873665,19641,19:5051163,chr19,5051163,5051163,rs72990183,KDM4B,2,Zheng,KDM4B_locus0,19:5051163
19,5051163,19:5051163:C:T,19,5071854,19:5071854:G:A,0.857659,20691,19:5051163,chr19,5051163,5051163,rs72990183,KDM4B,2,Zheng,KDM4B_locus0,19:5051163
19,5051163,19:5051163:C:T,19,5075787,19:5075787:C:G,0.873665,24624,19:5051163,chr19,5051163,5051163,rs72990183,KDM4B,2,Zheng,KDM4B_locus0,19:5051163
19,5051163,19:5051163:C:T,19,5077698,19:5077698:C:T,0.873665,26535,19:5051163,chr19,5051163,5051163,rs72990183,KDM4B,2,Zheng,KDM4B_locus0,19:5051163
19,5051163,19:5051163:C:T,19,5079067,19:5079067:C:T,0.873665,27904,19:5051163,chr19,5051163,5051163,rs72990183,KDM4B,2,Zheng,KDM4B_locus0,19:5051163
19,5051163,19:5051163:C:T,19,5080055,19:5080055:C:T,0.873665,28892,19:5051163,chr19,5051163,5051163,rs72990183,KDM4B,2,Zheng,KDM4B_locus0,19:5051163
19,5051163,19:5051163:C:T,19,5080183,19:5080183:A:T,0.873665,29020,19:5051163,chr19,5051163,5051163,rs72990183,KDM4B,2,Zheng,KDM4B_locus0,19:5051163
19,5051163,19:5051163:C:T,19,5080947,19:5080947:G:A,0.873665,29784,19:5051163,chr19,5051163,5051163,rs72990183,KDM4B,2,Zheng,KDM4B_locus0,19:5051163
19,5051163,19:5051163:C:T,19,5082852,19:5082852:CCCCTGCTGG:C,0.873665,31689,19:5051163,chr19,5051163,5051163,rs72990183,KDM4B,2,Zheng,KDM4B_locus0,19:5051163
19,5051163,19:5051163:C:T,19,5083005,19:5083005:C:T,0.873665,31842,19:5051163,chr19,5051163,5051163,rs72990183,KDM4B,2,Zheng,KDM4B_locus0,19:5051163
19,5051163,19:5051163:C:T,19,5085787,19:5085787:G:T,0.873665,34624,19:5051163,chr19,5051163,5051163,rs72990183,KDM4B,2,Zheng,KDM4B_locus0,19:5051163
19,5051163,19:5051163:C:T,19,5086062,19:5086062:G:A,0.805026,34899,19:5051163,chr19,5051163,5051163,rs72990183,KDM4B,2,Zheng,KDM4B_locus0,19:5051163
19,5051163,19:5051163:C:T,19,5086830,19:5086830:C:T,0.873665,35667,19:5051163,chr19,5051163,5051163,rs72990183,KDM4B,2,Zheng,KDM4B_locus0,19:5051163
19,5051163,19:5051163:C:T,19,5087744,19:5087744:G:C,0.805026,36581,19:5051163,chr19,5051163,5051163,rs72990183,KDM4B,2,Zheng,KDM4B_locus0,19:5051163
19,19861063,19:19861063:C:T,19,19861063,19:19861063:C:T,1.0,0,19:19861063,chr19,19861063,19861063,rs142610544,ZNF253,2,Zheng,ZNF253_locus0,19:19861063
19,45812551,19:45812551:A:G,19,45801142,19:45801142:G:A,0.963532,11409,19:45812551,chr19,45812551,45812551,rs10421891,DMPK,2,Zheng,DMPK_locus0,19:45812551
19,45812551,19:45812551:A:G,19,45803646,19:45803646:C:T,0.963532,8905,19:45812551,chr19,45812551,45812551,rs10421891,DMPK,2,Zheng,DMPK_locus0,19:45812551
19,45812551,19:45812551:A:G,19,45803993,19:45803993:CA:C,0.868883,8558,19:45812551,chr19,45812551,45812551,rs10421891,DMPK,2,Zheng,DMPK_locus0,19:45812551
19,45812551,19:45812551:A:G,19,45807637,19:45807637:A:C,0.970631,4914,19:45812551,chr19,45812551,45812551,rs10421891,DMPK,2,Zheng,DMPK_locus0,19:45812551
19,45812551,19:45812551:A:G,19,45808162,19:45808162:C:T,0.970631,4389,19:45812551,chr19,45812551,45812551,rs10421891,DMPK,2,Zheng,DMPK_locus0,19:45812551
19,45812551,19:45812551:A:G,19,45808657,19:45808657:CTTT:C,0.93527,3894,19:45812551,chr19,45812551,45812551,rs10421891,DMPK,2,Zheng,DMPK_locus0,19:45812551
19,45812551,19:45812551:A:G,19,45808819,19:45808819:G:A,0.970631,3732,19:45812551,chr19,45812551,45812551,rs10421891,DMPK,2,Zheng,DMPK_locus0,19:45812551
19,45812551,19:45812551:A:G,19,45809087,19:45809087:C:T,0.970631,3464,19:45812551,chr19,45812551,45812551,rs10421891,DMPK,2,Zheng,DMPK_locus0,19:45812551
19,45812551,19:45812551:A:G,19,45809300,19:45809300:CTTT:C,0.843423,3251,19:45812551,chr19,45812551,45812551,rs10421891,DMPK,2,Zheng,DMPK_locus0,19:45812551
19,45812551,19:45812551:A:G,19,45810500,19:45810500:G:C,0.970631,2051,19:45812551,chr19,45812551,45812551,rs10421891,DMPK,2,Zheng,DMPK_locus0,19:45812551
19,45812551,19:45812551:A:G,19,45812551,19:45812551:A:G,1.0,0,19:45812551,chr19,45812551,45812551,rs10421891,DMPK,2,Zheng,DMPK_locus0,19:45812551
19,45812551,19:45812551:A:G,19,45813935,19:45813935:C:T,0.901842,1384,19:45812551,chr19,45812551,45812551,rs10421891,DMPK,2,Zheng,DMPK_locus0,19:45812551
19,45812551,19:45812551:A:G,19,45814335,19:45814335:T:G,0.893908,1784,19:45812551,chr19,45812551,45812551,rs10421891,DMPK,2,Zheng,DMPK_locus0,19:45812551
19,45812551,19:45812551:A:G,19,45817522,19:45817522:C:T,0.901842,4971,19:45812551,chr19,45812551,45812551,rs10421891,DMPK,2,Zheng,DMPK_locus0,19:45812551
19,45812551,19:45812551:A:G,19,45819004,19:45819004:G:GC,0.901842,6453,19:45812551,chr19,45812551,45812551,rs10421891,DMPK,2,Zheng,DMPK_locus0,19:45812551
19,45812551,19:45812551:A:G,19,45819133,19:45819133:G:A,0.901842,6582,19:45812551,chr19,45812551,45812551,rs10421891,DMPK,2,Zheng,DMPK_locus0,19:45812551
19,45812551,19:45812551:A:G,19,45819327,19:45819327:C:T,0.901842,6776,19:45812551,chr19,45812551,45812551,rs10421891,DMPK,2,Zheng,DMPK_locus0,19:45812551
19,45812551,19:45812551:A:G,19,45819572,19:45819572:T:C,0.801747,7021,19:45812551,chr19,45812551,45812551,rs10421891,DMPK,2,Zheng,DMPK_locus0,19:45812551
19,45812551,19:45812551:A:G,19,45822360,19:45822360:C:T,0.901842,9809,19:45812551,chr19,45812551,45812551,rs10421891,DMPK,2,Zheng,DMPK_locus0,19:45812551
19,45812551,19:45812551:A:G,19,45824675,19:45824675:C:T,0.801747,12124,19:45812551,chr19,45812551,45812551,rs10421891,DMPK,2,Zheng,DMPK_locus0,19:45812551
19,45812551,19:45812551:A:G,19,45824921,19:45824921:C:T,0.901842,12370,19:45812551,chr19,45812551,45812551,rs10421891,DMPK,2,Zheng,DMPK_locus0,19:45812551
19,45812551,19:45812551:A:G,19,45830883,19:45830883:C:T,0.864369,18332,19:45812551,chr19,45812551,45812551,rs10421891,DMPK,2,Zheng,DMPK_locus0,19:45812551
19,45812551,19:45812551:A:G,19,45831873,19:45831873:A:G,0.901842,19322,19:45812551,chr19,45812551,45812551,rs10421891,DMPK,2,Zheng,DMPK_locus0,19:45812551
19,45812551,19:45812551:A:G,19,45835471,19:45835471:T:C,0.901842,22920,19:45812551,chr19,45812551,45812551,rs10421891,DMPK,2,Zheng,DMPK_locus0,19:45812551
19,45812551,19:45812551:A:G,19,45836401,19:45836401:T:C,0.901842,23850,19:45812551,chr19,45812551,45812551,rs10421891,DMPK,2,Zheng,DMPK_locus0,19:45812551
19,45812551,19:45812551:A:G,19,45838962,19:45838962:T:C,0.901842,26411,19:45812551,chr19,45812551,45812551,rs10421891,DMPK,2,Zheng,DMPK_locus0,19:45812551
19,45812551,19:45812551:A:G,19,45843072,19:45843072:T:C,0.901842,30521,19:45812551,chr19,45812551,45812551,rs10421891,DMPK,2,Zheng,DMPK_locus0,19:45812551
19,45812551,19:45812551:A:G,19,45846053,19:45846053:A:G,0.901842,33502,19:45812551,chr19,45812551,45812551,rs10421891,DMPK,2,Zheng,DMPK_locus0,19:45812551
19,45812551,19:45812551:A:G,19,45863948,19:45863948:T:C,0.901842,51397,19:45812551,chr19,45812551,45812551,rs10421891,DMPK,2,Zheng,DMPK_locus0,19:45812551
19,45847514,19:45847514:T:C,19,45701124,19:45701124:A:G,0.827949,146390,19:45847514,chr19,45847514,45847514,rs68022879,DMPK,2,Zheng,DMPK_locus0,19:45847514
19,45847514,19:45847514:T:C,19,45701126,19:45701126:A:G,0.827949,146388,19:45847514,chr19,45847514,45847514,rs68022879,DMPK,2,Zheng,DMPK_locus0,19:45847514
19,45847514,19:45847514:T:C,19,45701620,19:45701620:T:C,0.827949,145894,19:45847514,chr19,45847514,45847514,rs68022879,DMPK,2,Zheng,DMPK_locus0,19:45847514
19,45847514,19:45847514:T:C,19,45702231,19:45702231:G:A,0.827949,145283,19:45847514,chr19,45847514,45847514,rs68022879,DMPK,2,Zheng,DMPK_locus0,19:45847514
19,45847514,19:45847514:T:C,19,45702628,19:45702628:G:A,0.827949,144886,19:45847514,chr19,45847514,45847514,rs68022879,DMPK,2,Zheng,DMPK_locus0,19:45847514
19,45847514,19:45847514:T:C,19,45708050,19:45708050:C:T,0.827949,139464,19:45847514,chr19,45847514,45847514,rs68022879,DMPK,2,Zheng,DMPK_locus0,19:45847514
19,45847514,19:45847514:T:C,19,45708094,19:45708094:C:T,0.827949,139420,19:45847514,chr19,45847514,45847514,rs68022879,DMPK,2,Zheng,DMPK_locus0,19:45847514
19,45847514,19:45847514:T:C,19,45709518,19:45709518:A:C,0.827949,137996,19:45847514,chr19,45847514,45847514,rs68022879,DMPK,2,Zheng,DMPK_locus0,19:45847514
19,45847514,19:45847514:T:C,19,45710292,19:45710292:C:T,0.827949,137222,19:45847514,chr19,45847514,45847514,rs68022879,DMPK,2,Zheng,DMPK_locus0,19:45847514
19,45847514,19:45847514:T:C,19,45711443,19:45711443:A:T,0.827949,136071,19:45847514,chr19,45847514,45847514,rs68022879,DMPK,2,Zheng,DMPK_locus0,19:45847514
19,45847514,19:45847514:T:C,19,45771134,19:45771134:G:C,0.934463,76380,19:45847514,chr19,45847514,45847514,rs68022879,DMPK,2,Zheng,DMPK_locus0,19:45847514
19,45847514,19:45847514:T:C,19,45787877,19:45787877:C:T,0.895991,59637,19:45847514,chr19,45847514,45847514,rs68022879,DMPK,2,Zheng,DMPK_locus0,19:45847514
19,45847514,19:45847514:T:C,19,45798838,19:45798838:C:CA,0.86915,48676,19:45847514,chr19,45847514,45847514,rs68022879,DMPK,2,Zheng,DMPK_locus0,19:45847514
19,45847514,19:45847514:T:C,19,45800370,19:45800370:C:T,1.0,47144,19:45847514,chr19,45847514,45847514,rs68022879,DMPK,2,Zheng,DMPK_locus0,19:45847514
19,45847514,19:45847514:T:C,19,45800996,19:45800996:C:T,1.0,46518,19:45847514,chr19,45847514,45847514,rs68022879,DMPK,2,Zheng,DMPK_locus0,19:45847514
19,45847514,19:45847514:T:C,19,45801773,19:45801773:T:C,1.0,45741,19:45847514,chr19,45847514,45847514,rs68022879,DMPK,2,Zheng,DMPK_locus0,19:45847514
19,45847514,19:45847514:T:C,19,45801793,19:45801794:C:CCACA,0.965996,45721,19:45847514,chr19,45847514,45847514,rs68022879,DMPK,2,Zheng,DMPK_locus0,19:45847514
19,45847514,19:45847514:T:C,19,45802272,19:45802272:T:C,1.0,45242,19:45847514,chr19,45847514,45847514,rs68022879,DMPK,2,Zheng,DMPK_locus0,19:45847514
19,45847514,19:45847514:T:C,19,45802503,19:45802506:ATTTT:A,0.930398,45011,19:45847514,chr19,45847514,45847514,rs68022879,DMPK,2,Zheng,DMPK_locus0,19:45847514
19,45847514,19:45847514:T:C,19,45803157,19:45803157:C:T,1.0,44357,19:45847514,chr19,45847514,45847514,rs68022879,DMPK,2,Zheng,DMPK_locus0,19:45847514
19,45847514,19:45847514:T:C,19,45803600,19:45803600:T:C,1.0,43914,19:45847514,chr19,45847514,45847514,rs68022879,DMPK,2,Zheng,DMPK_locus0,19:45847514
19,45847514,19:45847514:T:C,19,45803695,19:45803695:A:AAAG,1.0,43819,19:45847514,chr19,45847514,45847514,rs68022879,DMPK,2,Zheng,DMPK_locus0,19:45847514
19,45847514,19:45847514:T:C,19,45807417,19:45807417:A:G,1.0,40097,19:45847514,chr19,45847514,45847514,rs68022879,DMPK,2,Zheng,DMPK_locus0,19:45847514
19,45847514,19:45847514:T:C,19,45808090,19:45808090:T:A,1.0,39424,19:45847514,chr19,45847514,45847514,rs68022879,DMPK,2,Zheng,DMPK_locus0,19:45847514
19,45847514,19:45847514:T:C,19,45810145,19:45810145:ATTATTTTTA:A,0.965067,37369,19:45847514,chr19,45847514,45847514,rs68022879,DMPK,2,Zheng,DMPK_locus0,19:45847514
19,45847514,19:45847514:T:C,19,45812410,19:45812410:G:A,1.0,35104,19:45847514,chr19,45847514,45847514,rs68022879,DMPK,2,Zheng,DMPK_locus0,19:45847514
19,45847514,19:45847514:T:C,19,45812411,19:45812411:T:G,1.0,35103,19:45847514,chr19,45847514,45847514,rs68022879,DMPK,2,Zheng,DMPK_locus0,19:45847514
19,45847514,19:45847514:T:C,19,45831169,19:45831170:A:AT,0.899184,16345,19:45847514,chr19,45847514,45847514,rs68022879,DMPK,2,Zheng,DMPK_locus0,19:45847514
19,45847514,19:45847514:T:C,19,45847514,19:45847514:T:C,1.0,0,19:45847514,chr19,45847514,45847514,rs68022879,DMPK,2,Zheng,DMPK_locus0,19:45847514
19,45847514,19:45847514:T:C,19,45862712,19:45862712:G:A,1.0,15198,19:45847514,chr19,45847514,45847514,rs68022879,DMPK,2,Zheng,DMPK_locus0,19:45847514
19,45855699,19:45855699:A:G,19,45793110,19:45793110:T:TC,0.801671,62589,19:45855699,chr19,45855699,45855699,rs113996837,SYMPK,2,Jurgens,SYMPK_locus0,19:45855699
19,45855699,19:45855699:A:G,19,45855694,19:45855694:CA:C,1.0,5,19:45855699,chr19,45855699,45855699,rs113996837,SYMPK,2,Jurgens,SYMPK_locus0,19:45855699
19,45855699,19:45855699:A:G,19,45855699,19:45855699:A:G,1.0,0,19:45855699,chr19,45855699,45855699,rs113996837,SYMPK,2,Jurgens,SYMPK_locus0,19:45855699
19,45856295,19:45856295:A:G,19,45831169,19:45831169:AT:A,0.985502,25126,19:45856295,chr19,45856295,45856295,rs12609371,DMPK,2,Zheng,DMPK_locus0,19:45856295
19,45856295,19:45856295:A:G,19,45853290,19:45853290:T:C,1.0,3005,19:45856295,chr19,45856295,45856295,rs12609371,DMPK,2,Zheng,DMPK_locus0,19:45856295
19,45856295,19:45856295:A:G,19,45854055,19:45854055:T:C,1.0,2240,19:45856295,chr19,45856295,45856295,rs12609371,DMPK,2,Zheng,DMPK_locus0,19:45856295
19,45856295,19:45856295:A:G,19,45856295,19:45856295:A:G,1.0,0,19:45856295,chr19,45856295,45856295,rs12609371,DMPK,2,Zheng,DMPK_locus0,19:45856295
19,45856295,19:45856295:A:G,19,45857262,19:45857262:A:T,0.992744,967,19:45856295,chr19,45856295,45856295,rs12609371,DMPK,2,Zheng,DMPK_locus0,19:45856295
19,45856295,19:45856295:A:G,19,45858927,19:45858927:G:GATTT,1.0,2632,19:45856295,chr19,45856295,45856295,rs12609371,DMPK,2,Zheng,DMPK_locus0,19:45856295
20,35002555,20:35002555:C:T,20,34956272,20:34956272:C:G,0.811107,46283,20:35002555,chr20,35002555,35002555,rs4616,GSS,1,Jurgens,GSS_locus0,20:35002555
20,35002555,20:35002555:C:T,20,34957942,20:34957942:C:T,0.81514,44613,20:35002555,chr20,35002555,35002555,rs4616,GSS,1,Jurgens,GSS_locus0,20:35002555
20,35002555,20:35002555:C:T,20,34961516,20:34961516:C:T,0.824605,41039,20:35002555,chr20,35002555,35002555,rs4616,GSS,1,Jurgens,GSS_locus0,20:35002555
20,35002555,20:35002555:C:T,20,34962971,20:34962971:A:G,0.83276,39584,20:35002555,chr20,35002555,35002555,rs4616,GSS,1,Jurgens,GSS_locus0,20:35002555
20,35002555,20:35002555:C:T,20,34963297,20:34963297:G:A,0.836725,39258,20:35002555,chr20,35002555,35002555,rs4616,GSS,1,Jurgens,GSS_locus0,20:35002555
20,35002555,20:35002555:C:T,20,34974373,20:34974373:TCTTA:T,0.888037,28182,20:35002555,chr20,35002555,35002555,rs4616,GSS,1,Jurgens,GSS_locus0,20:35002555
20,35002555,20:35002555:C:T,20,34976767,20:34976767:A:G,0.97064,25788,20:35002555,chr20,35002555,35002555,rs4616,GSS,1,Jurgens,GSS_locus0,20:35002555
20,35002555,20:35002555:C:T,20,34977061,20:34977061:C:CT,0.936215,25494,20:35002555,chr20,35002555,35002555,rs4616,GSS,1,Jurgens,GSS_locus0,20:35002555
20,35002555,20:35002555:C:T,20,34977366,20:34977366:T:C,0.97064,25189,20:35002555,chr20,35002555,35002555,rs4616,GSS,1,Jurgens,GSS_locus0,20:35002555
20,35002555,20:35002555:C:T,20,34978696,20:34978696:T:C,0.97064,23859,20:35002555,chr20,35002555,35002555,rs4616,GSS,1,Jurgens,GSS_locus0,20:35002555
20,35002555,20:35002555:C:T,20,34978704,20:34978704:G:A,0.963431,23851,20:35002555,chr20,35002555,35002555,rs4616,GSS,1,Jurgens,GSS_locus0,20:35002555
20,35002555,20:35002555:C:T,20,34981614,20:34981614:G:A,0.97064,20941,20:35002555,chr20,35002555,35002555,rs4616,GSS,1,Jurgens,GSS_locus0,20:35002555
20,35002555,20:35002555:C:T,20,34983293,20:34983293:CTTTTCTTTT:C,0.921071,19262,20:35002555,chr20,35002555,35002555,rs4616,GSS,1,Jurgens,GSS_locus0,20:35002555
20,35002555,20:35002555:C:T,20,34983368,20:34983368:AGTTTT:A,0.977835,19187,20:35002555,chr20,35002555,35002555,rs4616,GSS,1,Jurgens,GSS_locus0,20:35002555
20,35002555,20:35002555:C:T,20,34983425,20:34983425:T:G,0.977835,19130,20:35002555,chr20,35002555,35002555,rs4616,GSS,1,Jurgens,GSS_locus0,20:35002555
20,35002555,20:35002555:C:T,20,34984293,20:34984293:A:G,0.977835,18262,20:35002555,chr20,35002555,35002555,rs4616,GSS,1,Jurgens,GSS_locus0,20:35002555
20,35002555,20:35002555:C:T,20,34984375,20:34984375:G:A,0.977835,18180,20:35002555,chr20,35002555,35002555,rs4616,GSS,1,Jurgens,GSS_locus0,20:35002555
20,35002555,20:35002555:C:T,20,34989558,20:34989558:A:G,0.956517,12997,20:35002555,chr20,35002555,35002555,rs4616,GSS,1,Jurgens,GSS_locus0,20:35002555
20,35002555,20:35002555:C:T,20,34992561,20:34992561:G:GT,0.847226,9994,20:35002555,chr20,35002555,35002555,rs4616,GSS,1,Jurgens,GSS_locus0,20:35002555
20,35002555,20:35002555:C:T,20,34994152,20:34994152:G:A,0.992612,8403,20:35002555,chr20,35002555,35002555,rs4616,GSS,1,Jurgens,GSS_locus0,20:35002555
20,35002555,20:35002555:C:T,20,34996486,20:34996486:C:T,0.88467,6069,20:35002555,chr20,35002555,35002555,rs4616,GSS,1,Jurgens,GSS_locus0,20:35002555
20,35002555,20:35002555:C:T,20,34998031,20:34998031:G:A,0.992612,4524,20:35002555,chr20,35002555,35002555,rs4616,GSS,1,Jurgens,GSS_locus0,20:35002555
20,35002555,20:35002555:C:T,20,35002555,20:35002555:C:T,1.0,0,20:35002555,chr20,35002555,35002555,rs4616,GSS,1,Jurgens,GSS_locus0,20:35002555
20,35002555,20:35002555:C:T,20,35004960,20:35004960:C:T,0.992612,2405,20:35002555,chr20,35002555,35002555,rs4616,GSS,1,Jurgens,GSS_locus0,20:35002555
20,35002555,20:35002555:C:T,20,35009478,20:35009478:C:CA,0.977835,6923,20:35002555,chr20,35002555,35002555,rs4616,GSS,1,Jurgens,GSS_locus0,20:35002555
20,35002555,20:35002555:C:T,20,35011615,20:35011615:GCCTGTGACT:G,1.0,9060,20:35002555,chr20,35002555,35002555,rs4616,GSS,1,Jurgens,GSS_locus0,20:35002555
20,35002555,20:35002555:C:T,20,35015461,20:35015463:C:CTT,0.940994,12906,20:35002555,chr20,35002555,35002555,rs4616,GSS,1,Jurgens,GSS_locus0,20:35002555
20,35002555,20:35002555:C:T,20,35024873,20:35024873:T:A,0.924282,22318,20:35002555,chr20,35002555,35002555,rs4616,GSS,1,Jurgens,GSS_locus0,20:35002555
20,35002555,20:35002555:C:T,20,35027452,20:35027452:G:T,1.0,24897,20:35002555,chr20,35002555,35002555,rs4616,GSS,1,Jurgens,GSS_locus0,20:35002555
20,35002555,20:35002555:C:T,20,35031415,20:35031415:T:TC,0.917859,28860,20:35002555,chr20,35002555,35002555,rs4616,GSS,1,Jurgens,GSS_locus0,20:35002555
20,35002555,20:35002555:C:T,20,35031677,20:35031677:A:C,0.992612,29122,20:35002555,chr20,35002555,35002555,rs4616,GSS,1,Jurgens,GSS_locus0,20:35002555
20,35002555,20:35002555:C:T,20,35032223,20:35032223:C:T,0.992612,29668,20:35002555,chr20,35002555,35002555,rs4616,GSS,1,Jurgens,GSS_locus0,20:35002555
20,35002555,20:35002555:C:T,20,35032529,20:35032529:T:C,0.985342,29974,20:35002555,chr20,35002555,35002555,rs4616,GSS,1,Jurgens,GSS_locus0,20:35002555
20,35002555,20:35002555:C:T,20,35033214,20:35033214:T:C,0.992612,30659,20:35002555,chr20,35002555,35002555,rs4616,GSS,1,Jurgens,GSS_locus0,20:35002555
20,35002555,20:35002555:C:T,20,35034439,20:35034439:A:C,1.0,31884,20:35002555,chr20,35002555,35002555,rs4616,GSS,1,Jurgens,GSS_locus0,20:35002555
20,35002555,20:35002555:C:T,20,35037317,20:35037317:G:A,1.0,34762,20:35002555,chr20,35002555,35002555,rs4616,GSS,1,Jurgens,GSS_locus0,20:35002555
20,35002555,20:35002555:C:T,20,35038767,20:35038767:A:AT,0.992612,36212,20:35002555,chr20,35002555,35002555,rs4616,GSS,1,Jurgens,GSS_locus0,20:35002555
20,35002555,20:35002555:C:T,20,35041127,20:35041127:CT:C,0.971485,38572,20:35002555,chr20,35002555,35002555,rs4616,GSS,1,Jurgens,GSS_locus0,20:35002555
20,35002555,20:35002555:C:T,20,35042190,20:35042190:A:C,1.0,39635,20:35002555,chr20,35002555,35002555,rs4616,GSS,1,Jurgens,GSS_locus0,20:35002555
20,35002555,20:35002555:C:T,20,35043055,20:35043055:C:CA,0.992612,40500,20:35002555,chr20,35002555,35002555,rs4616,GSS,1,Jurgens,GSS_locus0,20:35002555
20,35002555,20:35002555:C:T,20,35044972,20:35044972:T:C,0.992612,42417,20:35002555,chr20,35002555,35002555,rs4616,GSS,1,Jurgens,GSS_locus0,20:35002555
20,35002555,20:35002555:C:T,20,35046676,20:35046676:G:A,1.0,44121,20:35002555,chr20,35002555,35002555,rs4616,GSS,1,Jurgens,GSS_locus0,20:35002555
20,35002555,20:35002555:C:T,20,35050712,20:35050714:C:CAA,0.985174,48157,20:35002555,chr20,35002555,35002555,rs4616,GSS,1,Jurgens,GSS_locus0,20:35002555
20,35002555,20:35002555:C:T,20,35053564,20:35053564:G:A,1.0,51009,20:35002555,chr20,35002555,35002555,rs4616,GSS,1,Jurgens,GSS_locus0,20:35002555
20,35002555,20:35002555:C:T,20,35059671,20:35059671:AAAG:A,1.0,57116,20:35002555,chr20,35002555,35002555,rs4616,GSS,1,Jurgens,GSS_locus0,20:35002555
20,35002555,20:35002555:C:T,20,35059896,20:35059896:TGAAGAAGAC:T,1.0,57341,20:35002555,chr20,35002555,35002555,rs4616,GSS,1,Jurgens,GSS_locus0,20:35002555
20,35002555,20:35002555:C:T,20,35060384,20:35060384:T:C,0.992612,57829,20:35002555,chr20,35002555,35002555,rs4616,GSS,1,Jurgens,GSS_locus0,20:35002555
20,35002555,20:35002555:C:T,20,35061330,20:35061330:G:A,1.0,58775,20:35002555,chr20,35002555,35002555,rs4616,GSS,1,Jurgens,GSS_locus0,20:35002555
20,35002555,20:35002555:C:T,20,35061414,20:35061414:G:C,1.0,58859,20:35002555,chr20,35002555,35002555,rs4616,GSS,1,Jurgens,GSS_locus0,20:35002555
20,35002555,20:35002555:C:T,20,35063922,20:35063922:G:A,1.0,61367,20:35002555,chr20,35002555,35002555,rs4616,GSS,1,Jurgens,GSS_locus0,20:35002555
20,35002555,20:35002555:C:T,20,35064164,20:35064164:C:T,1.0,61609,20:35002555,chr20,35002555,35002555,rs4616,GSS,1,Jurgens,GSS_locus0,20:35002555
20,35002555,20:35002555:C:T,20,35066512,20:35066512:C:T,1.0,63957,20:35002555,chr20,35002555,35002555,rs4616,GSS,1,Jurgens,GSS_locus0,20:35002555
20,35002555,20:35002555:C:T,20,35066869,20:35066869:A:C,1.0,64314,20:35002555,chr20,35002555,35002555,rs4616,GSS,1,Jurgens,GSS_locus0,20:35002555
20,35002555,20:35002555:C:T,20,35066970,20:35066970:A:G,1.0,64415,20:35002555,chr20,35002555,35002555,rs4616,GSS,1,Jurgens,GSS_locus0,20:35002555
20,35002555,20:35002555:C:T,20,35068758,20:35068758:G:A,1.0,66203,20:35002555,chr20,35002555,35002555,rs4616,GSS,1,Jurgens,GSS_locus0,20:35002555
20,35002555,20:35002555:C:T,20,35068863,20:35068863:G:A,0.992612,66308,20:35002555,chr20,35002555,35002555,rs4616,GSS,1,Jurgens,GSS_locus0,20:35002555
20,35002555,20:35002555:C:T,20,35075085,20:35075085:C:CT,0.985174,72530,20:35002555,chr20,35002555,35002555,rs4616,GSS,1,Jurgens,GSS_locus0,20:35002555
20,35002555,20:35002555:C:T,20,35075344,20:35075344:T:C,0.992612,72789,20:35002555,chr20,35002555,35002555,rs4616,GSS,1,Jurgens,GSS_locus0,20:35002555
20,35002555,20:35002555:C:T,20,35082950,20:35082950:T:C,0.992612,80395,20:35002555,chr20,35002555,35002555,rs4616,GSS,1,Jurgens,GSS_locus0,20:35002555
20,35002555,20:35002555:C:T,20,35083694,20:35083694:A:G,0.985229,81139,20:35002555,chr20,35002555,35002555,rs4616,GSS,1,Jurgens,GSS_locus0,20:35002555
20,35002555,20:35002555:C:T,20,35084492,20:35084492:ATATC:A,0.99266,81937,20:35002555,chr20,35002555,35002555,rs4616,GSS,1,Jurgens,GSS_locus0,20:35002555
20,35002555,20:35002555:C:T,20,35086274,20:35086274:A:C,0.992612,83719,20:35002555,chr20,35002555,35002555,rs4616,GSS,1,Jurgens,GSS_locus0,20:35002555
20,35002555,20:35002555:C:T,20,35087326,20:35087326:G:A,1.0,84771,20:35002555,chr20,35002555,35002555,rs4616,GSS,1,Jurgens,GSS_locus0,20:35002555
20,35002555,20:35002555:C:T,20,35088097,20:35088097:G:A,1.0,85542,20:35002555,chr20,35002555,35002555,rs4616,GSS,1,Jurgens,GSS_locus0,20:35002555
20,35002555,20:35002555:C:T,20,35089040,20:35089041:C:CTTTT,0.985275,86485,20:35002555,chr20,35002555,35002555,rs4616,GSS,1,Jurgens,GSS_locus0,20:35002555
20,35002555,20:35002555:C:T,20,35117033,20:35117033:C:T,0.943847,114478,20:35002555,chr20,35002555,35002555,rs4616,GSS,1,Jurgens,GSS_locus0,20:35002555
20,35002555,20:35002555:C:T,20,35125201,20:35125202:CT:C,0.810177,122646,20:35002555,chr20,35002555,35002555,rs4616,GSS,1,Jurgens,GSS_locus0,20:35002555
20,35002555,20:35002555:C:T,20,35135088,20:35135088:A:AT,0.829457,132533,20:35002555,chr20,35002555,35002555,rs4616,GSS,1,Jurgens,GSS_locus0,20:35002555
20,35002555,20:35002555:C:T,20,35139851,20:35139851:CA:C,0.868486,137296,20:35002555,chr20,35002555,35002555,rs4616,GSS,1,Jurgens,GSS_locus0,20:35002555
20,35002555,20:35002555:C:T,20,35142661,20:35142661:A:G,0.862597,140106,20:35002555,chr20,35002555,35002555,rs4616,GSS,1,Jurgens,GSS_locus0,20:35002555
20,35002555,20:35002555:C:T,20,35150010,20:35150010:G:A,0.85468,147455,20:35002555,chr20,35002555,35002555,rs4616,GSS,1,Jurgens,GSS_locus0,20:35002555
20,35002555,20:35002555:C:T,20,35153249,20:35153249:T:A,0.84727,150694,20:35002555,chr20,35002555,35002555,rs4616,GSS,1,Jurgens,GSS_locus0,20:35002555
20,35002555,20:35002555:C:T,20,35157243,20:35157243:A:T,0.855018,154688,20:35002555,chr20,35002555,35002555,rs4616,GSS,1,Jurgens,GSS_locus0,20:35002555
20,35002555,20:35002555:C:T,20,35158342,20:35158342:C:T,0.842743,155787,20:35002555,chr20,35002555,35002555,rs4616,GSS,1,Jurgens,GSS_locus0,20:35002555
20,35002555,20:35002555:C:T,20,35160450,20:35160450:T:A,0.855018,157895,20:35002555,chr20,35002555,35002555,rs4616,GSS,1,Jurgens,GSS_locus0,20:35002555
20,35002555,20:35002555:C:T,20,35166801,20:35166801:G:T,0.848571,164246,20:35002555,chr20,35002555,35002555,rs4616,GSS,1,Jurgens,GSS_locus0,20:35002555
20,35002555,20:35002555:C:T,20,35167264,20:35167264:AT:A,0.809521,164709,20:35002555,chr20,35002555,35002555,rs4616,GSS,1,Jurgens,GSS_locus0,20:35002555
20,35002555,20:35002555:C:T,20,35168403,20:35168403:T:C,0.84881,165848,20:35002555,chr20,35002555,35002555,rs4616,GSS,1,Jurgens,GSS_locus0,20:35002555
20,35002555,20:35002555:C:T,20,35170665,20:35170665:T:TA,0.83555,168110,20:35002555,chr20,35002555,35002555,rs4616,GSS,1,Jurgens,GSS_locus0,20:35002555
20,35002555,20:35002555:C:T,20,35173605,20:35173605:T:C,0.842743,171050,20:35002555,chr20,35002555,35002555,rs4616,GSS,1,Jurgens,GSS_locus0,20:35002555
20,35002555,20:35002555:C:T,20,35173695,20:35173695:A:G,0.842743,171140,20:35002555,chr20,35002555,35002555,rs4616,GSS,1,Jurgens,GSS_locus0,20:35002555
20,35002555,20:35002555:C:T,20,35174686,20:35174686:C:T,0.842743,172131,20:35002555,chr20,35002555,35002555,rs4616,GSS,1,Jurgens,GSS_locus0,20:35002555
20,35002555,20:35002555:C:T,20,35175051,20:35175051:A:G,0.842743,172496,20:35002555,chr20,35002555,35002555,rs4616,GSS,1,Jurgens,GSS_locus0,20:35002555
20,35002555,20:35002555:C:T,20,35176148,20:35176148:C:T,0.842743,173593,20:35002555,chr20,35002555,35002555,rs4616,GSS,1,Jurgens,GSS_locus0,20:35002555
20,35002555,20:35002555:C:T,20,35176829,20:35176829:C:G,0.842743,174274,20:35002555,chr20,35002555,35002555,rs4616,GSS,1,Jurgens,GSS_locus0,20:35002555
20,35002555,20:35002555:C:T,20,35177782,20:35177782:G:A,0.842743,175227,20:35002555,chr20,35002555,35002555,rs4616,GSS,1,Jurgens,GSS_locus0,20:35002555
20,35002555,20:35002555:C:T,20,35177813,20:35177813:A:G,0.842743,175258,20:35002555,chr20,35002555,35002555,rs4616,GSS,1,Jurgens,GSS_locus0,20:35002555
20,35002555,20:35002555:C:T,20,35179263,20:35179263:C:T,0.842743,176708,20:35002555,chr20,35002555,35002555,rs4616,GSS,1,Jurgens,GSS_locus0,20:35002555
20,35002555,20:35002555:C:T,20,35179488,20:35179488:C:T,0.842743,176933,20:35002555,chr20,35002555,35002555,rs4616,GSS,1,Jurgens,GSS_locus0,20:35002555
20,35002555,20:35002555:C:T,20,35179887,20:35179887:T:C,0.842743,177332,20:35002555,chr20,35002555,35002555,rs4616,GSS,1,Jurgens,GSS_locus0,20:35002555
20,35002555,20:35002555:C:T,20,35180257,20:35180257:A:AATAAATAT,0.842743,177702,20:35002555,chr20,35002555,35002555,rs4616,GSS,1,Jurgens,GSS_locus0,20:35002555
20,35002555,20:35002555:C:T,20,35180449,20:35180449:C:T,0.842743,177894,20:35002555,chr20,35002555,35002555,rs4616,GSS,1,Jurgens,GSS_locus0,20:35002555
20,35002555,20:35002555:C:T,20,35181400,20:35181400:A:G,0.842743,178845,20:35002555,chr20,35002555,35002555,rs4616,GSS,1,Jurgens,GSS_locus0,20:35002555
20,35002555,20:35002555:C:T,20,35182684,20:35182684:G:T,0.842743,180129,20:35002555,chr20,35002555,35002555,rs4616,GSS,1,Jurgens,GSS_locus0,20:35002555
20,35002555,20:35002555:C:T,20,35183632,20:35183632:G:A,0.842743,181077,20:35002555,chr20,35002555,35002555,rs4616,GSS,1,Jurgens,GSS_locus0,20:35002555
20,35002555,20:35002555:C:T,20,35184904,20:35184904:C:T,0.842743,182349,20:35002555,chr20,35002555,35002555,rs4616,GSS,1,Jurgens,GSS_locus0,20:35002555
20,35002555,20:35002555:C:T,20,35185480,20:35185480:A:C,0.842743,182925,20:35002555,chr20,35002555,35002555,rs4616,GSS,1,Jurgens,GSS_locus0,20:35002555
20,35002555,20:35002555:C:T,20,35185886,20:35185886:T:A,0.842743,183331,20:35002555,chr20,35002555,35002555,rs4616,GSS,1,Jurgens,GSS_locus0,20:35002555
20,35002555,20:35002555:C:T,20,35186641,20:35186641:C:T,0.842743,184086,20:35002555,chr20,35002555,35002555,rs4616,GSS,1,Jurgens,GSS_locus0,20:35002555
20,35002555,20:35002555:C:T,20,35187223,20:35187223:T:TTTTG,0.842743,184668,20:35002555,chr20,35002555,35002555,rs4616,GSS,1,Jurgens,GSS_locus0,20:35002555
20,35002555,20:35002555:C:T,20,35187574,20:35187574:T:A,0.842743,185019,20:35002555,chr20,35002555,35002555,rs4616,GSS,1,Jurgens,GSS_locus0,20:35002555
20,35002555,20:35002555:C:T,20,35190180,20:35190180:A:G,0.842743,187625,20:35002555,chr20,35002555,35002555,rs4616,GSS,1,Jurgens,GSS_locus0,20:35002555
20,35002555,20:35002555:C:T,20,35190631,20:35190631:T:C,0.842743,188076,20:35002555,chr20,35002555,35002555,rs4616,GSS,1,Jurgens,GSS_locus0,20:35002555
20,35002555,20:35002555:C:T,20,35191079,20:35191079:C:T,0.842743,188524,20:35002555,chr20,35002555,35002555,rs4616,GSS,1,Jurgens,GSS_locus0,20:35002555
20,35002555,20:35002555:C:T,20,35191465,20:35191465:A:T,0.842743,188910,20:35002555,chr20,35002555,35002555,rs4616,GSS,1,Jurgens,GSS_locus0,20:35002555
20,35002555,20:35002555:C:T,20,35192531,20:35192531:G:A,0.842743,189976,20:35002555,chr20,35002555,35002555,rs4616,GSS,1,Jurgens,GSS_locus0,20:35002555
20,35002555,20:35002555:C:T,20,35192624,20:35192624:A:G,0.842743,190069,20:35002555,chr20,35002555,35002555,rs4616,GSS,1,Jurgens,GSS_locus0,20:35002555
20,35002555,20:35002555:C:T,20,35192965,20:35192965:A:C,0.842743,190410,20:35002555,chr20,35002555,35002555,rs4616,GSS,1,Jurgens,GSS_locus0,20:35002555
20,35002555,20:35002555:C:T,20,35193182,20:35193182:T:C,0.83555,190627,20:35002555,chr20,35002555,35002555,rs4616,GSS,1,Jurgens,GSS_locus0,20:35002555
20,35002555,20:35002555:C:T,20,35194822,20:35194822:A:C,0.842743,192267,20:35002555,chr20,35002555,35002555,rs4616,GSS,1,Jurgens,GSS_locus0,20:35002555
20,35002555,20:35002555:C:T,20,35196485,20:35196485:C:G,0.842743,193930,20:35002555,chr20,35002555,35002555,rs4616,GSS,1,Jurgens,GSS_locus0,20:35002555
20,35002555,20:35002555:C:T,20,35197247,20:35197247:C:T,0.837024,194692,20:35002555,chr20,35002555,35002555,rs4616,GSS,1,Jurgens,GSS_locus0,20:35002555
20,35002555,20:35002555:C:T,20,35197418,20:35197418:C:G,0.842743,194863,20:35002555,chr20,35002555,35002555,rs4616,GSS,1,Jurgens,GSS_locus0,20:35002555
20,35002555,20:35002555:C:T,20,35197821,20:35197821:CA:C,0.822762,195266,20:35002555,chr20,35002555,35002555,rs4616,GSS,1,Jurgens,GSS_locus0,20:35002555
20,35002555,20:35002555:C:T,20,35198120,20:35198121:TAA:T,0.842743,195565,20:35002555,chr20,35002555,35002555,rs4616,GSS,1,Jurgens,GSS_locus0,20:35002555
20,35002555,20:35002555:C:T,20,35198240,20:35198240:T:C,0.842743,195685,20:35002555,chr20,35002555,35002555,rs4616,GSS,1,Jurgens,GSS_locus0,20:35002555
20,35002555,20:35002555:C:T,20,35198291,20:35198291:C:CA,0.842743,195736,20:35002555,chr20,35002555,35002555,rs4616,GSS,1,Jurgens,GSS_locus0,20:35002555
20,35002555,20:35002555:C:T,20,35198453,20:35198453:T:C,0.842743,195898,20:35002555,chr20,35002555,35002555,rs4616,GSS,1,Jurgens,GSS_locus0,20:35002555
20,35002555,20:35002555:C:T,20,35200390,20:35200390:A:G,0.842743,197835,20:35002555,chr20,35002555,35002555,rs4616,GSS,1,Jurgens,GSS_locus0,20:35002555
20,35002555,20:35002555:C:T,20,35200671,20:35200671:G:A,0.842743,198116,20:35002555,chr20,35002555,35002555,rs4616,GSS,1,Jurgens,GSS_locus0,20:35002555
20,35002555,20:35002555:C:T,20,35200735,20:35200735:C:A,0.842743,198180,20:35002555,chr20,35002555,35002555,rs4616,GSS,1,Jurgens,GSS_locus0,20:35002555
20,35002555,20:35002555:C:T,20,35201180,20:35201180:A:G,0.842743,198625,20:35002555,chr20,35002555,35002555,rs4616,GSS,1,Jurgens,GSS_locus0,20:35002555
20,35002555,20:35002555:C:T,20,35201240,20:35201240:C:T,0.842743,198685,20:35002555,chr20,35002555,35002555,rs4616,GSS,1,Jurgens,GSS_locus0,20:35002555
20,35002555,20:35002555:C:T,20,35201339,20:35201339:C:A,0.837024,198784,20:35002555,chr20,35002555,35002555,rs4616,GSS,1,Jurgens,GSS_locus0,20:35002555
20,35002555,20:35002555:C:T,20,35201687,20:35201687:C:CA,0.842743,199132,20:35002555,chr20,35002555,35002555,rs4616,GSS,1,Jurgens,GSS_locus0,20:35002555
20,35002555,20:35002555:C:T,20,35202317,20:35202317:C:G,0.831135,199762,20:35002555,chr20,35002555,35002555,rs4616,GSS,1,Jurgens,GSS_locus0,20:35002555
20,35002555,20:35002555:C:T,20,35202368,20:35202368:T:C,0.836814,199813,20:35002555,chr20,35002555,35002555,rs4616,GSS,1,Jurgens,GSS_locus0,20:35002555
20,35002555,20:35002555:C:T,20,35202454,20:35202454:CA:C,0.838361,199899,20:35002555,chr20,35002555,35002555,rs4616,GSS,1,Jurgens,GSS_locus0,20:35002555
20,35002555,20:35002555:C:T,20,35202494,20:35202494:GA:G,0.831135,199939,20:35002555,chr20,35002555,35002555,rs4616,GSS,1,Jurgens,GSS_locus0,20:35002555
20,35002555,20:35002555:C:T,20,35203478,20:35203478:G:A,0.837024,200923,20:35002555,chr20,35002555,35002555,rs4616,GSS,1,Jurgens,GSS_locus0,20:35002555
20,35002555,20:35002555:C:T,20,35203507,20:35203507:T:C,0.837024,200952,20:35002555,chr20,35002555,35002555,rs4616,GSS,1,Jurgens,GSS_locus0,20:35002555
20,35002555,20:35002555:C:T,20,35205272,20:35205273:C:CAATAAT,0.828398,202717,20:35002555,chr20,35002555,35002555,rs4616,GSS,1,Jurgens,GSS_locus0,20:35002555
20,35002555,20:35002555:C:T,20,35205344,20:35205344:T:A,0.835328,202789,20:35002555,chr20,35002555,35002555,rs4616,GSS,1,Jurgens,GSS_locus0,20:35002555
20,35002555,20:35002555:C:T,20,35205454,20:35205454:A:AAT,0.841181,202899,20:35002555,chr20,35002555,35002555,rs4616,GSS,1,Jurgens,GSS_locus0,20:35002555
20,35002555,20:35002555:C:T,20,35206707,20:35206707:T:C,0.835328,204152,20:35002555,chr20,35002555,35002555,rs4616,GSS,1,Jurgens,GSS_locus0,20:35002555
20,35002555,20:35002555:C:T,20,35206991,20:35206991:C:G,0.835328,204436,20:35002555,chr20,35002555,35002555,rs4616,GSS,1,Jurgens,GSS_locus0,20:35002555
20,35002555,20:35002555:C:T,20,35207525,20:35207525:C:CTGTTTTGTT,0.828096,204970,20:35002555,chr20,35002555,35002555,rs4616,GSS,1,Jurgens,GSS_locus0,20:35002555
20,35002555,20:35002555:C:T,20,35207820,20:35207820:A:G,0.835328,205265,20:35002555,chr20,35002555,35002555,rs4616,GSS,1,Jurgens,GSS_locus0,20:35002555
20,35046676,20:35046676:G:A,20,34956272,20:34956272:C:G,0.811107,90404,20:35046676,chr20,35046676,35046676,rs13042358,TRPC4AP,2,Zheng,TRPC4AP_locus0,20:35046676
20,35046676,20:35046676:G:A,20,34957942,20:34957942:C:T,0.81514,88734,20:35046676,chr20,35046676,35046676,rs13042358,TRPC4AP,2,Zheng,TRPC4AP_locus0,20:35046676
20,35046676,20:35046676:G:A,20,34961516,20:34961516:C:T,0.824605,85160,20:35046676,chr20,35046676,35046676,rs13042358,TRPC4AP,2,Zheng,TRPC4AP_locus0,20:35046676
20,35046676,20:35046676:G:A,20,34962971,20:34962971:A:G,0.83276,83705,20:35046676,chr20,35046676,35046676,rs13042358,TRPC4AP,2,Zheng,TRPC4AP_locus0,20:35046676
20,35046676,20:35046676:G:A,20,34963297,20:34963297:G:A,0.836725,83379,20:35046676,chr20,35046676,35046676,rs13042358,TRPC4AP,2,Zheng,TRPC4AP_locus0,20:35046676
20,35046676,20:35046676:G:A,20,34974373,20:34974373:TCTTA:T,0.888037,72303,20:35046676,chr20,35046676,35046676,rs13042358,TRPC4AP,2,Zheng,TRPC4AP_locus0,20:35046676
20,35046676,20:35046676:G:A,20,34976767,20:34976767:A:G,0.97064,69909,20:35046676,chr20,35046676,35046676,rs13042358,TRPC4AP,2,Zheng,TRPC4AP_locus0,20:35046676
20,35046676,20:35046676:G:A,20,34977061,20:34977061:C:CT,0.936215,69615,20:35046676,chr20,35046676,35046676,rs13042358,TRPC4AP,2,Zheng,TRPC4AP_locus0,20:35046676
20,35046676,20:35046676:G:A,20,34977366,20:34977366:T:C,0.97064,69310,20:35046676,chr20,35046676,35046676,rs13042358,TRPC4AP,2,Zheng,TRPC4AP_locus0,20:35046676
20,35046676,20:35046676:G:A,20,34978696,20:34978696:T:C,0.97064,67980,20:35046676,chr20,35046676,35046676,rs13042358,TRPC4AP,2,Zheng,TRPC4AP_locus0,20:35046676
20,35046676,20:35046676:G:A,20,34978704,20:34978704:G:A,0.963431,67972,20:35046676,chr20,35046676,35046676,rs13042358,TRPC4AP,2,Zheng,TRPC4AP_locus0,20:35046676
20,35046676,20:35046676:G:A,20,34981614,20:34981614:G:A,0.97064,65062,20:35046676,chr20,35046676,35046676,rs13042358,TRPC4AP,2,Zheng,TRPC4AP_locus0,20:35046676
20,35046676,20:35046676:G:A,20,34983293,20:34983293:CTTTTCTTTT:C,0.921071,63383,20:35046676,chr20,35046676,35046676,rs13042358,TRPC4AP,2,Zheng,TRPC4AP_locus0,20:35046676
20,35046676,20:35046676:G:A,20,34983368,20:34983368:AGTTTT:A,0.977835,63308,20:35046676,chr20,35046676,35046676,rs13042358,TRPC4AP,2,Zheng,TRPC4AP_locus0,20:35046676
20,35046676,20:35046676:G:A,20,34983425,20:34983425:T:G,0.977835,63251,20:35046676,chr20,35046676,35046676,rs13042358,TRPC4AP,2,Zheng,TRPC4AP_locus0,20:35046676
20,35046676,20:35046676:G:A,20,34984293,20:34984293:A:G,0.977835,62383,20:35046676,chr20,35046676,35046676,rs13042358,TRPC4AP,2,Zheng,TRPC4AP_locus0,20:35046676
20,35046676,20:35046676:G:A,20,34984375,20:34984375:G:A,0.977835,62301,20:35046676,chr20,35046676,35046676,rs13042358,TRPC4AP,2,Zheng,TRPC4AP_locus0,20:35046676
20,35046676,20:35046676:G:A,20,34989558,20:34989558:A:G,0.956517,57118,20:35046676,chr20,35046676,35046676,rs13042358,TRPC4AP,2,Zheng,TRPC4AP_locus0,20:35046676
20,35046676,20:35046676:G:A,20,34992561,20:34992561:G:GT,0.847226,54115,20:35046676,chr20,35046676,35046676,rs13042358,TRPC4AP,2,Zheng,TRPC4AP_locus0,20:35046676
20,35046676,20:35046676:G:A,20,34994152,20:34994152:G:A,0.992612,52524,20:35046676,chr20,35046676,35046676,rs13042358,TRPC4AP,2,Zheng,TRPC4AP_locus0,20:35046676
20,35046676,20:35046676:G:A,20,34996486,20:34996486:C:T,0.88467,50190,20:35046676,chr20,35046676,35046676,rs13042358,TRPC4AP,2,Zheng,TRPC4AP_locus0,20:35046676
20,35046676,20:35046676:G:A,20,34998031,20:34998031:G:A,0.992612,48645,20:35046676,chr20,35046676,35046676,rs13042358,TRPC4AP,2,Zheng,TRPC4AP_locus0,20:35046676
20,35046676,20:35046676:G:A,20,35002555,20:35002555:C:T,1.0,44121,20:35046676,chr20,35046676,35046676,rs13042358,TRPC4AP,2,Zheng,TRPC4AP_locus0,20:35046676
20,35046676,20:35046676:G:A,20,35004960,20:35004960:C:T,0.992612,41716,20:35046676,chr20,35046676,35046676,rs13042358,TRPC4AP,2,Zheng,TRPC4AP_locus0,20:35046676
20,35046676,20:35046676:G:A,20,35009478,20:35009478:C:CA,0.977835,37198,20:35046676,chr20,35046676,35046676,rs13042358,TRPC4AP,2,Zheng,TRPC4AP_locus0,20:35046676
20,35046676,20:35046676:G:A,20,35011615,20:35011615:GCCTGTGACT:G,1.0,35061,20:35046676,chr20,35046676,35046676,rs13042358,TRPC4AP,2,Zheng,TRPC4AP_locus0,20:35046676
20,35046676,20:35046676:G:A,20,35015461,20:35015463:C:CTT,0.940994,31215,20:35046676,chr20,35046676,35046676,rs13042358,TRPC4AP,2,Zheng,TRPC4AP_locus0,20:35046676
20,35046676,20:35046676:G:A,20,35024873,20:35024873:T:A,0.924282,21803,20:35046676,chr20,35046676,35046676,rs13042358,TRPC4AP,2,Zheng,TRPC4AP_locus0,20:35046676
20,35046676,20:35046676:G:A,20,35027452,20:35027452:G:T,1.0,19224,20:35046676,chr20,35046676,35046676,rs13042358,TRPC4AP,2,Zheng,TRPC4AP_locus0,20:35046676
20,35046676,20:35046676:G:A,20,35031415,20:35031415:T:TC,0.917859,15261,20:35046676,chr20,35046676,35046676,rs13042358,TRPC4AP,2,Zheng,TRPC4AP_locus0,20:35046676
20,35046676,20:35046676:G:A,20,35031677,20:35031677:A:C,0.992612,14999,20:35046676,chr20,35046676,35046676,rs13042358,TRPC4AP,2,Zheng,TRPC4AP_locus0,20:35046676
20,35046676,20:35046676:G:A,20,35032223,20:35032223:C:T,0.992612,14453,20:35046676,chr20,35046676,35046676,rs13042358,TRPC4AP,2,Zheng,TRPC4AP_locus0,20:35046676
20,35046676,20:35046676:G:A,20,35032529,20:35032529:T:C,0.985342,14147,20:35046676,chr20,35046676,35046676,rs13042358,TRPC4AP,2,Zheng,TRPC4AP_locus0,20:35046676
20,35046676,20:35046676:G:A,20,35033214,20:35033214:T:C,0.992612,13462,20:35046676,chr20,35046676,35046676,rs13042358,TRPC4AP,2,Zheng,TRPC4AP_locus0,20:35046676
20,35046676,20:35046676:G:A,20,35034439,20:35034439:A:C,1.0,12237,20:35046676,chr20,35046676,35046676,rs13042358,TRPC4AP,2,Zheng,TRPC4AP_locus0,20:35046676
20,35046676,20:35046676:G:A,20,35037317,20:35037317:G:A,1.0,9359,20:35046676,chr20,35046676,35046676,rs13042358,TRPC4AP,2,Zheng,TRPC4AP_locus0,20:35046676
20,35046676,20:35046676:G:A,20,35038767,20:35038767:A:AT,0.992612,7909,20:35046676,chr20,35046676,35046676,rs13042358,TRPC4AP,2,Zheng,TRPC4AP_locus0,20:35046676
20,35046676,20:35046676:G:A,20,35041127,20:35041127:CT:C,0.971485,5549,20:35046676,chr20,35046676,35046676,rs13042358,TRPC4AP,2,Zheng,TRPC4AP_locus0,20:35046676
20,35046676,20:35046676:G:A,20,35042190,20:35042190:A:C,1.0,4486,20:35046676,chr20,35046676,35046676,rs13042358,TRPC4AP,2,Zheng,TRPC4AP_locus0,20:35046676
20,35046676,20:35046676:G:A,20,35043055,20:35043055:C:CA,0.992612,3621,20:35046676,chr20,35046676,35046676,rs13042358,TRPC4AP,2,Zheng,TRPC4AP_locus0,20:35046676
20,35046676,20:35046676:G:A,20,35044972,20:35044972:T:C,0.992612,1704,20:35046676,chr20,35046676,35046676,rs13042358,TRPC4AP,2,Zheng,TRPC4AP_locus0,20:35046676
20,35046676,20:35046676:G:A,20,35046676,20:35046676:G:A,1.0,0,20:35046676,chr20,35046676,35046676,rs13042358,TRPC4AP,2,Zheng,TRPC4AP_locus0,20:35046676
20,35046676,20:35046676:G:A,20,35050712,20:35050714:C:CAA,0.985174,4036,20:35046676,chr20,35046676,35046676,rs13042358,TRPC4AP,2,Zheng,TRPC4AP_locus0,20:35046676
20,35046676,20:35046676:G:A,20,35053564,20:35053564:G:A,1.0,6888,20:35046676,chr20,35046676,35046676,rs13042358,TRPC4AP,2,Zheng,TRPC4AP_locus0,20:35046676
20,35046676,20:35046676:G:A,20,35059671,20:35059671:AAAG:A,1.0,12995,20:35046676,chr20,35046676,35046676,rs13042358,TRPC4AP,2,Zheng,TRPC4AP_locus0,20:35046676
20,35046676,20:35046676:G:A,20,35059896,20:35059896:TGAAGAAGAC:T,1.0,13220,20:35046676,chr20,35046676,35046676,rs13042358,TRPC4AP,2,Zheng,TRPC4AP_locus0,20:35046676
20,35046676,20:35046676:G:A,20,35060384,20:35060384:T:C,0.992612,13708,20:35046676,chr20,35046676,35046676,rs13042358,TRPC4AP,2,Zheng,TRPC4AP_locus0,20:35046676
20,35046676,20:35046676:G:A,20,35061330,20:35061330:G:A,1.0,14654,20:35046676,chr20,35046676,35046676,rs13042358,TRPC4AP,2,Zheng,TRPC4AP_locus0,20:35046676
20,35046676,20:35046676:G:A,20,35061414,20:35061414:G:C,1.0,14738,20:35046676,chr20,35046676,35046676,rs13042358,TRPC4AP,2,Zheng,TRPC4AP_locus0,20:35046676
20,35046676,20:35046676:G:A,20,35063922,20:35063922:G:A,1.0,17246,20:35046676,chr20,35046676,35046676,rs13042358,TRPC4AP,2,Zheng,TRPC4AP_locus0,20:35046676
20,35046676,20:35046676:G:A,20,35064164,20:35064164:C:T,1.0,17488,20:35046676,chr20,35046676,35046676,rs13042358,TRPC4AP,2,Zheng,TRPC4AP_locus0,20:35046676
20,35046676,20:35046676:G:A,20,35066512,20:35066512:C:T,1.0,19836,20:35046676,chr20,35046676,35046676,rs13042358,TRPC4AP,2,Zheng,TRPC4AP_locus0,20:35046676
20,35046676,20:35046676:G:A,20,35066869,20:35066869:A:C,1.0,20193,20:35046676,chr20,35046676,35046676,rs13042358,TRPC4AP,2,Zheng,TRPC4AP_locus0,20:35046676
20,35046676,20:35046676:G:A,20,35066970,20:35066970:A:G,1.0,20294,20:35046676,chr20,35046676,35046676,rs13042358,TRPC4AP,2,Zheng,TRPC4AP_locus0,20:35046676
20,35046676,20:35046676:G:A,20,35068758,20:35068758:G:A,1.0,22082,20:35046676,chr20,35046676,35046676,rs13042358,TRPC4AP,2,Zheng,TRPC4AP_locus0,20:35046676
20,35046676,20:35046676:G:A,20,35068863,20:35068863:G:A,0.992612,22187,20:35046676,chr20,35046676,35046676,rs13042358,TRPC4AP,2,Zheng,TRPC4AP_locus0,20:35046676
20,35046676,20:35046676:G:A,20,35075085,20:35075085:C:CT,0.985174,28409,20:35046676,chr20,35046676,35046676,rs13042358,TRPC4AP,2,Zheng,TRPC4AP_locus0,20:35046676
20,35046676,20:35046676:G:A,20,35075344,20:35075344:T:C,0.992612,28668,20:35046676,chr20,35046676,35046676,rs13042358,TRPC4AP,2,Zheng,TRPC4AP_locus0,20:35046676
20,35046676,20:35046676:G:A,20,35082950,20:35082950:T:C,0.992612,36274,20:35046676,chr20,35046676,35046676,rs13042358,TRPC4AP,2,Zheng,TRPC4AP_locus0,20:35046676
20,35046676,20:35046676:G:A,20,35083694,20:35083694:A:G,0.985229,37018,20:35046676,chr20,35046676,35046676,rs13042358,TRPC4AP,2,Zheng,TRPC4AP_locus0,20:35046676
20,35046676,20:35046676:G:A,20,35084492,20:35084492:ATATC:A,0.99266,37816,20:35046676,chr20,35046676,35046676,rs13042358,TRPC4AP,2,Zheng,TRPC4AP_locus0,20:35046676
20,35046676,20:35046676:G:A,20,35086274,20:35086274:A:C,0.992612,39598,20:35046676,chr20,35046676,35046676,rs13042358,TRPC4AP,2,Zheng,TRPC4AP_locus0,20:35046676
20,35046676,20:35046676:G:A,20,35087326,20:35087326:G:A,1.0,40650,20:35046676,chr20,35046676,35046676,rs13042358,TRPC4AP,2,Zheng,TRPC4AP_locus0,20:35046676
20,35046676,20:35046676:G:A,20,35088097,20:35088097:G:A,1.0,41421,20:35046676,chr20,35046676,35046676,rs13042358,TRPC4AP,2,Zheng,TRPC4AP_locus0,20:35046676
20,35046676,20:35046676:G:A,20,35089040,20:35089041:C:CTTTT,0.985275,42364,20:35046676,chr20,35046676,35046676,rs13042358,TRPC4AP,2,Zheng,TRPC4AP_locus0,20:35046676
20,35046676,20:35046676:G:A,20,35117033,20:35117033:C:T,0.943847,70357,20:35046676,chr20,35046676,35046676,rs13042358,TRPC4AP,2,Zheng,TRPC4AP_locus0,20:35046676
20,35046676,20:35046676:G:A,20,35125201,20:35125202:CT:C,0.810177,78525,20:35046676,chr20,35046676,35046676,rs13042358,TRPC4AP,2,Zheng,TRPC4AP_locus0,20:35046676
20,35046676,20:35046676:G:A,20,35135088,20:35135088:A:AT,0.829457,88412,20:35046676,chr20,35046676,35046676,rs13042358,TRPC4AP,2,Zheng,TRPC4AP_locus0,20:35046676
20,35046676,20:35046676:G:A,20,35139851,20:35139851:CA:C,0.868486,93175,20:35046676,chr20,35046676,35046676,rs13042358,TRPC4AP,2,Zheng,TRPC4AP_locus0,20:35046676
20,35046676,20:35046676:G:A,20,35142661,20:35142661:A:G,0.862597,95985,20:35046676,chr20,35046676,35046676,rs13042358,TRPC4AP,2,Zheng,TRPC4AP_locus0,20:35046676
20,35046676,20:35046676:G:A,20,35150010,20:35150010:G:A,0.85468,103334,20:35046676,chr20,35046676,35046676,rs13042358,TRPC4AP,2,Zheng,TRPC4AP_locus0,20:35046676
20,35046676,20:35046676:G:A,20,35153249,20:35153249:T:A,0.84727,106573,20:35046676,chr20,35046676,35046676,rs13042358,TRPC4AP,2,Zheng,TRPC4AP_locus0,20:35046676
20,35046676,20:35046676:G:A,20,35157243,20:35157243:A:T,0.855018,110567,20:35046676,chr20,35046676,35046676,rs13042358,TRPC4AP,2,Zheng,TRPC4AP_locus0,20:35046676
20,35046676,20:35046676:G:A,20,35158342,20:35158342:C:T,0.842743,111666,20:35046676,chr20,35046676,35046676,rs13042358,TRPC4AP,2,Zheng,TRPC4AP_locus0,20:35046676
20,35046676,20:35046676:G:A,20,35160450,20:35160450:T:A,0.855018,113774,20:35046676,chr20,35046676,35046676,rs13042358,TRPC4AP,2,Zheng,TRPC4AP_locus0,20:35046676
20,35046676,20:35046676:G:A,20,35166801,20:35166801:G:T,0.848571,120125,20:35046676,chr20,35046676,35046676,rs13042358,TRPC4AP,2,Zheng,TRPC4AP_locus0,20:35046676
20,35046676,20:35046676:G:A,20,35167264,20:35167264:AT:A,0.809521,120588,20:35046676,chr20,35046676,35046676,rs13042358,TRPC4AP,2,Zheng,TRPC4AP_locus0,20:35046676
20,35046676,20:35046676:G:A,20,35168403,20:35168403:T:C,0.84881,121727,20:35046676,chr20,35046676,35046676,rs13042358,TRPC4AP,2,Zheng,TRPC4AP_locus0,20:35046676
20,35046676,20:35046676:G:A,20,35170665,20:35170665:T:TA,0.83555,123989,20:35046676,chr20,35046676,35046676,rs13042358,TRPC4AP,2,Zheng,TRPC4AP_locus0,20:35046676
20,35046676,20:35046676:G:A,20,35173605,20:35173605:T:C,0.842743,126929,20:35046676,chr20,35046676,35046676,rs13042358,TRPC4AP,2,Zheng,TRPC4AP_locus0,20:35046676
20,35046676,20:35046676:G:A,20,35173695,20:35173695:A:G,0.842743,127019,20:35046676,chr20,35046676,35046676,rs13042358,TRPC4AP,2,Zheng,TRPC4AP_locus0,20:35046676
20,35046676,20:35046676:G:A,20,35174686,20:35174686:C:T,0.842743,128010,20:35046676,chr20,35046676,35046676,rs13042358,TRPC4AP,2,Zheng,TRPC4AP_locus0,20:35046676
20,35046676,20:35046676:G:A,20,35175051,20:35175051:A:G,0.842743,128375,20:35046676,chr20,35046676,35046676,rs13042358,TRPC4AP,2,Zheng,TRPC4AP_locus0,20:35046676
20,35046676,20:35046676:G:A,20,35176148,20:35176148:C:T,0.842743,129472,20:35046676,chr20,35046676,35046676,rs13042358,TRPC4AP,2,Zheng,TRPC4AP_locus0,20:35046676
20,35046676,20:35046676:G:A,20,35176829,20:35176829:C:G,0.842743,130153,20:35046676,chr20,35046676,35046676,rs13042358,TRPC4AP,2,Zheng,TRPC4AP_locus0,20:35046676
20,35046676,20:35046676:G:A,20,35177782,20:35177782:G:A,0.842743,131106,20:35046676,chr20,35046676,35046676,rs13042358,TRPC4AP,2,Zheng,TRPC4AP_locus0,20:35046676
20,35046676,20:35046676:G:A,20,35177813,20:35177813:A:G,0.842743,131137,20:35046676,chr20,35046676,35046676,rs13042358,TRPC4AP,2,Zheng,TRPC4AP_locus0,20:35046676
20,35046676,20:35046676:G:A,20,35179263,20:35179263:C:T,0.842743,132587,20:35046676,chr20,35046676,35046676,rs13042358,TRPC4AP,2,Zheng,TRPC4AP_locus0,20:35046676
20,35046676,20:35046676:G:A,20,35179488,20:35179488:C:T,0.842743,132812,20:35046676,chr20,35046676,35046676,rs13042358,TRPC4AP,2,Zheng,TRPC4AP_locus0,20:35046676
20,35046676,20:35046676:G:A,20,35179887,20:35179887:T:C,0.842743,133211,20:35046676,chr20,35046676,35046676,rs13042358,TRPC4AP,2,Zheng,TRPC4AP_locus0,20:35046676
20,35046676,20:35046676:G:A,20,35180257,20:35180257:A:AATAAATAT,0.842743,133581,20:35046676,chr20,35046676,35046676,rs13042358,TRPC4AP,2,Zheng,TRPC4AP_locus0,20:35046676
20,35046676,20:35046676:G:A,20,35180449,20:35180449:C:T,0.842743,133773,20:35046676,chr20,35046676,35046676,rs13042358,TRPC4AP,2,Zheng,TRPC4AP_locus0,20:35046676
20,35046676,20:35046676:G:A,20,35181400,20:35181400:A:G,0.842743,134724,20:35046676,chr20,35046676,35046676,rs13042358,TRPC4AP,2,Zheng,TRPC4AP_locus0,20:35046676
20,35046676,20:35046676:G:A,20,35182684,20:35182684:G:T,0.842743,136008,20:35046676,chr20,35046676,35046676,rs13042358,TRPC4AP,2,Zheng,TRPC4AP_locus0,20:35046676
20,35046676,20:35046676:G:A,20,35183632,20:35183632:G:A,0.842743,136956,20:35046676,chr20,35046676,35046676,rs13042358,TRPC4AP,2,Zheng,TRPC4AP_locus0,20:35046676
20,35046676,20:35046676:G:A,20,35184904,20:35184904:C:T,0.842743,138228,20:35046676,chr20,35046676,35046676,rs13042358,TRPC4AP,2,Zheng,TRPC4AP_locus0,20:35046676
20,35046676,20:35046676:G:A,20,35185480,20:35185480:A:C,0.842743,138804,20:35046676,chr20,35046676,35046676,rs13042358,TRPC4AP,2,Zheng,TRPC4AP_locus0,20:35046676
20,35046676,20:35046676:G:A,20,35185886,20:35185886:T:A,0.842743,139210,20:35046676,chr20,35046676,35046676,rs13042358,TRPC4AP,2,Zheng,TRPC4AP_locus0,20:35046676
20,35046676,20:35046676:G:A,20,35186641,20:35186641:C:T,0.842743,139965,20:35046676,chr20,35046676,35046676,rs13042358,TRPC4AP,2,Zheng,TRPC4AP_locus0,20:35046676
20,35046676,20:35046676:G:A,20,35187223,20:35187223:T:TTTTG,0.842743,140547,20:35046676,chr20,35046676,35046676,rs13042358,TRPC4AP,2,Zheng,TRPC4AP_locus0,20:35046676
20,35046676,20:35046676:G:A,20,35187574,20:35187574:T:A,0.842743,140898,20:35046676,chr20,35046676,35046676,rs13042358,TRPC4AP,2,Zheng,TRPC4AP_locus0,20:35046676
20,35046676,20:35046676:G:A,20,35190180,20:35190180:A:G,0.842743,143504,20:35046676,chr20,35046676,35046676,rs13042358,TRPC4AP,2,Zheng,TRPC4AP_locus0,20:35046676
20,35046676,20:35046676:G:A,20,35190631,20:35190631:T:C,0.842743,143955,20:35046676,chr20,35046676,35046676,rs13042358,TRPC4AP,2,Zheng,TRPC4AP_locus0,20:35046676
20,35046676,20:35046676:G:A,20,35191079,20:35191079:C:T,0.842743,144403,20:35046676,chr20,35046676,35046676,rs13042358,TRPC4AP,2,Zheng,TRPC4AP_locus0,20:35046676
20,35046676,20:35046676:G:A,20,35191465,20:35191465:A:T,0.842743,144789,20:35046676,chr20,35046676,35046676,rs13042358,TRPC4AP,2,Zheng,TRPC4AP_locus0,20:35046676
20,35046676,20:35046676:G:A,20,35192531,20:35192531:G:A,0.842743,145855,20:35046676,chr20,35046676,35046676,rs13042358,TRPC4AP,2,Zheng,TRPC4AP_locus0,20:35046676
20,35046676,20:35046676:G:A,20,35192624,20:35192624:A:G,0.842743,145948,20:35046676,chr20,35046676,35046676,rs13042358,TRPC4AP,2,Zheng,TRPC4AP_locus0,20:35046676
20,35046676,20:35046676:G:A,20,35192965,20:35192965:A:C,0.842743,146289,20:35046676,chr20,35046676,35046676,rs13042358,TRPC4AP,2,Zheng,TRPC4AP_locus0,20:35046676
20,35046676,20:35046676:G:A,20,35193182,20:35193182:T:C,0.83555,146506,20:35046676,chr20,35046676,35046676,rs13042358,TRPC4AP,2,Zheng,TRPC4AP_locus0,20:35046676
20,35046676,20:35046676:G:A,20,35194822,20:35194822:A:C,0.842743,148146,20:35046676,chr20,35046676,35046676,rs13042358,TRPC4AP,2,Zheng,TRPC4AP_locus0,20:35046676
20,35046676,20:35046676:G:A,20,35196485,20:35196485:C:G,0.842743,149809,20:35046676,chr20,35046676,35046676,rs13042358,TRPC4AP,2,Zheng,TRPC4AP_locus0,20:35046676
20,35046676,20:35046676:G:A,20,35197247,20:35197247:C:T,0.837024,150571,20:35046676,chr20,35046676,35046676,rs13042358,TRPC4AP,2,Zheng,TRPC4AP_locus0,20:35046676
20,35046676,20:35046676:G:A,20,35197418,20:35197418:C:G,0.842743,150742,20:35046676,chr20,35046676,35046676,rs13042358,TRPC4AP,2,Zheng,TRPC4AP_locus0,20:35046676
20,35046676,20:35046676:G:A,20,35197821,20:35197821:CA:C,0.822762,151145,20:35046676,chr20,35046676,35046676,rs13042358,TRPC4AP,2,Zheng,TRPC4AP_locus0,20:35046676
20,35046676,20:35046676:G:A,20,35198120,20:35198121:TAA:T,0.842743,151444,20:35046676,chr20,35046676,35046676,rs13042358,TRPC4AP,2,Zheng,TRPC4AP_locus0,20:35046676
20,35046676,20:35046676:G:A,20,35198240,20:35198240:T:C,0.842743,151564,20:35046676,chr20,35046676,35046676,rs13042358,TRPC4AP,2,Zheng,TRPC4AP_locus0,20:35046676
20,35046676,20:35046676:G:A,20,35198291,20:35198291:C:CA,0.842743,151615,20:35046676,chr20,35046676,35046676,rs13042358,TRPC4AP,2,Zheng,TRPC4AP_locus0,20:35046676
20,35046676,20:35046676:G:A,20,35198453,20:35198453:T:C,0.842743,151777,20:35046676,chr20,35046676,35046676,rs13042358,TRPC4AP,2,Zheng,TRPC4AP_locus0,20:35046676
20,35046676,20:35046676:G:A,20,35200390,20:35200390:A:G,0.842743,153714,20:35046676,chr20,35046676,35046676,rs13042358,TRPC4AP,2,Zheng,TRPC4AP_locus0,20:35046676
20,35046676,20:35046676:G:A,20,35200671,20:35200671:G:A,0.842743,153995,20:35046676,chr20,35046676,35046676,rs13042358,TRPC4AP,2,Zheng,TRPC4AP_locus0,20:35046676
20,35046676,20:35046676:G:A,20,35200735,20:35200735:C:A,0.842743,154059,20:35046676,chr20,35046676,35046676,rs13042358,TRPC4AP,2,Zheng,TRPC4AP_locus0,20:35046676
20,35046676,20:35046676:G:A,20,35201180,20:35201180:A:G,0.842743,154504,20:35046676,chr20,35046676,35046676,rs13042358,TRPC4AP,2,Zheng,TRPC4AP_locus0,20:35046676
20,35046676,20:35046676:G:A,20,35201240,20:35201240:C:T,0.842743,154564,20:35046676,chr20,35046676,35046676,rs13042358,TRPC4AP,2,Zheng,TRPC4AP_locus0,20:35046676
20,35046676,20:35046676:G:A,20,35201339,20:35201339:C:A,0.837024,154663,20:35046676,chr20,35046676,35046676,rs13042358,TRPC4AP,2,Zheng,TRPC4AP_locus0,20:35046676
20,35046676,20:35046676:G:A,20,35201687,20:35201687:C:CA,0.842743,155011,20:35046676,chr20,35046676,35046676,rs13042358,TRPC4AP,2,Zheng,TRPC4AP_locus0,20:35046676
20,35046676,20:35046676:G:A,20,35202317,20:35202317:C:G,0.831135,155641,20:35046676,chr20,35046676,35046676,rs13042358,TRPC4AP,2,Zheng,TRPC4AP_locus0,20:35046676
20,35046676,20:35046676:G:A,20,35202368,20:35202368:T:C,0.836814,155692,20:35046676,chr20,35046676,35046676,rs13042358,TRPC4AP,2,Zheng,TRPC4AP_locus0,20:35046676
20,35046676,20:35046676:G:A,20,35202454,20:35202454:CA:C,0.838361,155778,20:35046676,chr20,35046676,35046676,rs13042358,TRPC4AP,2,Zheng,TRPC4AP_locus0,20:35046676
20,35046676,20:35046676:G:A,20,35202494,20:35202494:GA:G,0.831135,155818,20:35046676,chr20,35046676,35046676,rs13042358,TRPC4AP,2,Zheng,TRPC4AP_locus0,20:35046676
20,35046676,20:35046676:G:A,20,35203478,20:35203478:G:A,0.837024,156802,20:35046676,chr20,35046676,35046676,rs13042358,TRPC4AP,2,Zheng,TRPC4AP_locus0,20:35046676
20,35046676,20:35046676:G:A,20,35203507,20:35203507:T:C,0.837024,156831,20:35046676,chr20,35046676,35046676,rs13042358,TRPC4AP,2,Zheng,TRPC4AP_locus0,20:35046676
20,35046676,20:35046676:G:A,20,35205272,20:35205273:C:CAATAAT,0.828398,158596,20:35046676,chr20,35046676,35046676,rs13042358,TRPC4AP,2,Zheng,TRPC4AP_locus0,20:35046676
20,35046676,20:35046676:G:A,20,35205344,20:35205344:T:A,0.835328,158668,20:35046676,chr20,35046676,35046676,rs13042358,TRPC4AP,2,Zheng,TRPC4AP_locus0,20:35046676
20,35046676,20:35046676:G:A,20,35205454,20:35205454:A:AAT,0.841181,158778,20:35046676,chr20,35046676,35046676,rs13042358,TRPC4AP,2,Zheng,TRPC4AP_locus0,20:35046676
20,35046676,20:35046676:G:A,20,35206707,20:35206707:T:C,0.835328,160031,20:35046676,chr20,35046676,35046676,rs13042358,TRPC4AP,2,Zheng,TRPC4AP_locus0,20:35046676
20,35046676,20:35046676:G:A,20,35206991,20:35206991:C:G,0.835328,160315,20:35046676,chr20,35046676,35046676,rs13042358,TRPC4AP,2,Zheng,TRPC4AP_locus0,20:35046676
20,35046676,20:35046676:G:A,20,35207525,20:35207525:C:CTGTTTTGTT,0.828096,160849,20:35046676,chr20,35046676,35046676,rs13042358,TRPC4AP,2,Zheng,TRPC4AP_locus0,20:35046676
20,35046676,20:35046676:G:A,20,35207820,20:35207820:A:G,0.835328,161144,20:35046676,chr20,35046676,35046676,rs13042358,TRPC4AP,2,Zheng,TRPC4AP_locus0,20:35046676
21,29157810,21:29157810:G:A,21,29147949,21:29147949:CTA:C,0.970345,9861,21:29157810,chr21,29157810,29157810,rs62222424,BACH1,2,both,BACH1_locus0,21:29157810
21,29157810,21:29157810:G:A,21,29151972,21:29151972:C:A,1.0,5838,21:29157810,chr21,29157810,29157810,rs62222424,BACH1,2,both,BACH1_locus0,21:29157810
21,29157810,21:29157810:G:A,21,29153097,21:29153097:T:G,1.0,4713,21:29157810,chr21,29157810,29157810,rs62222424,BACH1,2,both,BACH1_locus0,21:29157810
21,29157810,21:29157810:G:A,21,29155923,21:29155923:A:T,1.0,1887,21:29157810,chr21,29157810,29157810,rs62222424,BACH1,2,both,BACH1_locus0,21:29157810
21,29157810,21:29157810:G:A,21,29157810,21:29157810:G:A,1.0,0,21:29157810,chr21,29157810,29157810,rs62222424,BACH1,2,both,BACH1_locus0,21:29157810
21,29157810,21:29157810:G:A,21,29158767,21:29158767:TAGAG:T,1.0,957,21:29157810,chr21,29157810,29157810,rs62222424,BACH1,2,both,BACH1_locus0,21:29157810
21,29157810,21:29157810:G:A,21,29176075,21:29176075:C:CTTT,0.94344,18265,21:29157810,chr21,29157810,29157810,rs62222424,BACH1,2,both,BACH1_locus0,21:29157810
21,29157810,21:29157810:G:A,21,29176076,21:29176076:C:CTTT,0.94344,18266,21:29157810,chr21,29157810,29157810,rs62222424,BACH1,2,both,BACH1_locus0,21:29157810
21,29157810,21:29157810:G:A,21,29226429,21:29226429:C:A,0.858416,68619,21:29157810,chr21,29157810,29157810,rs62222424,BACH1,2,both,BACH1_locus0,21:29157810
21,29199348,21:29199348:C:T,21,29147136,21:29147136:T:A,0.941328,52212,21:29199348,chr21,29199348,29199348,rs8134232,BACH1,2,Zheng,BACH1_locus0,21:29199348
21,29199348,21:29199348:C:T,21,29160755,21:29160755:A:G,0.955869,38593,21:29199348,chr21,29199348,29199348,rs8134232,BACH1,2,Zheng,BACH1_locus0,21:29199348
21,29199348,21:29199348:C:T,21,29161807,21:29161807:C:T,0.970535,37541,21:29199348,chr21,29199348,29199348,rs8134232,BACH1,2,Zheng,BACH1_locus0,21:29199348
21,29199348,21:29199348:C:T,21,29162364,21:29162364:G:A,0.970535,36984,21:29199348,chr21,29199348,29199348,rs8134232,BACH1,2,Zheng,BACH1_locus0,21:29199348
21,29199348,21:29199348:C:T,21,29162981,21:29162981:C:A,0.970535,36367,21:29199348,chr21,29199348,29199348,rs8134232,BACH1,2,Zheng,BACH1_locus0,21:29199348
21,29199348,21:29199348:C:T,21,29164391,21:29164391:G:T,0.970535,34957,21:29199348,chr21,29199348,29199348,rs8134232,BACH1,2,Zheng,BACH1_locus0,21:29199348
21,29199348,21:29199348:C:T,21,29167844,21:29167844:C:T,0.970535,31504,21:29199348,chr21,29199348,29199348,rs8134232,BACH1,2,Zheng,BACH1_locus0,21:29199348
21,29199348,21:29199348:C:T,21,29168238,21:29168238:A:G,0.970535,31110,21:29199348,chr21,29199348,29199348,rs8134232,BACH1,2,Zheng,BACH1_locus0,21:29199348
21,29199348,21:29199348:C:T,21,29172336,21:29172336:T:C,0.970535,27012,21:29199348,chr21,29199348,29199348,rs8134232,BACH1,2,Zheng,BACH1_locus0,21:29199348
21,29199348,21:29199348:C:T,21,29172348,21:29172348:T:C,0.970535,27000,21:29199348,chr21,29199348,29199348,rs8134232,BACH1,2,Zheng,BACH1_locus0,21:29199348
21,29199348,21:29199348:C:T,21,29176091,21:29176091:C:T,0.970535,23257,21:29199348,chr21,29199348,29199348,rs8134232,BACH1,2,Zheng,BACH1_locus0,21:29199348
21,29199348,21:29199348:C:T,21,29183333,21:29183333:C:T,0.970535,16015,21:29199348,chr21,29199348,29199348,rs8134232,BACH1,2,Zheng,BACH1_locus0,21:29199348
21,29199348,21:29199348:C:T,21,29184098,21:29184098:TA:T,0.970535,15250,21:29199348,chr21,29199348,29199348,rs8134232,BACH1,2,Zheng,BACH1_locus0,21:29199348
21,29199348,21:29199348:C:T,21,29185330,21:29185330:A:G,0.970535,14018,21:29199348,chr21,29199348,29199348,rs8134232,BACH1,2,Zheng,BACH1_locus0,21:29199348
21,29199348,21:29199348:C:T,21,29187381,21:29187381:C:T,0.970535,11967,21:29199348,chr21,29199348,29199348,rs8134232,BACH1,2,Zheng,BACH1_locus0,21:29199348
21,29199348,21:29199348:C:T,21,29193197,21:29193197:T:C,1.0,6151,21:29199348,chr21,29199348,29199348,rs8134232,BACH1,2,Zheng,BACH1_locus0,21:29199348
21,29199348,21:29199348:C:T,21,29193427,21:29193427:G:T,1.0,5921,21:29199348,chr21,29199348,29199348,rs8134232,BACH1,2,Zheng,BACH1_locus0,21:29199348
21,29199348,21:29199348:C:T,21,29194430,21:29194430:G:A,1.0,4918,21:29199348,chr21,29199348,29199348,rs8134232,BACH1,2,Zheng,BACH1_locus0,21:29199348
21,29199348,21:29199348:C:T,21,29194901,21:29194901:G:A,1.0,4447,21:29199348,chr21,29199348,29199348,rs8134232,BACH1,2,Zheng,BACH1_locus0,21:29199348
21,29199348,21:29199348:C:T,21,29194964,21:29194964:A:C,1.0,4384,21:29199348,chr21,29199348,29199348,rs8134232,BACH1,2,Zheng,BACH1_locus0,21:29199348
21,29199348,21:29199348:C:T,21,29195220,21:29195220:C:G,1.0,4128,21:29199348,chr21,29199348,29199348,rs8134232,BACH1,2,Zheng,BACH1_locus0,21:29199348
21,29199348,21:29199348:C:T,21,29195373,21:29195373:G:C,1.0,3975,21:29199348,chr21,29199348,29199348,rs8134232,BACH1,2,Zheng,BACH1_locus0,21:29199348
21,29199348,21:29199348:C:T,21,29195488,21:29195488:C:T,1.0,3860,21:29199348,chr21,29199348,29199348,rs8134232,BACH1,2,Zheng,BACH1_locus0,21:29199348
21,29199348,21:29199348:C:T,21,29195620,21:29195620:G:T,1.0,3728,21:29199348,chr21,29199348,29199348,rs8134232,BACH1,2,Zheng,BACH1_locus0,21:29199348
21,29199348,21:29199348:C:T,21,29196085,21:29196085:G:T,1.0,3263,21:29199348,chr21,29199348,29199348,rs8134232,BACH1,2,Zheng,BACH1_locus0,21:29199348
21,29199348,21:29199348:C:T,21,29197521,21:29197521:G:T,1.0,1827,21:29199348,chr21,29199348,29199348,rs8134232,BACH1,2,Zheng,BACH1_locus0,21:29199348
21,29199348,21:29199348:C:T,21,29199348,21:29199348:C:T,1.0,0,21:29199348,chr21,29199348,29199348,rs8134232,BACH1,2,Zheng,BACH1_locus0,21:29199348
21,29199348,21:29199348:C:T,21,29212989,21:29212989:A:G,0.941328,13641,21:29199348,chr21,29199348,29199348,rs8134232,BACH1,2,Zheng,BACH1_locus0,21:29199348
21,29199348,21:29199348:C:T,21,29213027,21:29213027:G:A,0.941328,13679,21:29199348,chr21,29199348,29199348,rs8134232,BACH1,2,Zheng,BACH1_locus0,21:29199348
21,29199348,21:29199348:C:T,21,29213260,21:29213260:A:G,0.941328,13912,21:29199348,chr21,29199348,29199348,rs8134232,BACH1,2,Zheng,BACH1_locus0,21:29199348
21,29199348,21:29199348:C:T,21,29214111,21:29214112:GCACACACAG:G,0.814542,14763,21:29199348,chr21,29199348,29199348,rs8134232,BACH1,2,Zheng,BACH1_locus0,21:29199348
21,29199348,21:29199348:C:T,21,29214771,21:29214771:G:A,0.941328,15423,21:29199348,chr21,29199348,29199348,rs8134232,BACH1,2,Zheng,BACH1_locus0,21:29199348
21,29199348,21:29199348:C:T,21,29216482,21:29216482:A:G,0.941328,17134,21:29199348,chr21,29199348,29199348,rs8134232,BACH1,2,Zheng,BACH1_locus0,21:29199348
21,29199348,21:29199348:C:T,21,29216947,21:29216947:G:T,0.941328,17599,21:29199348,chr21,29199348,29199348,rs8134232,BACH1,2,Zheng,BACH1_locus0,21:29199348
21,29199348,21:29199348:C:T,21,29218630,21:29218630:G:A,0.941328,19282,21:29199348,chr21,29199348,29199348,rs8134232,BACH1,2,Zheng,BACH1_locus0,21:29199348
21,29199348,21:29199348:C:T,21,29222780,21:29222780:C:T,0.941328,23432,21:29199348,chr21,29199348,29199348,rs8134232,BACH1,2,Zheng,BACH1_locus0,21:29199348
21,29199348,21:29199348:C:T,21,29223865,21:29223865:T:A,0.941328,24517,21:29199348,chr21,29199348,29199348,rs8134232,BACH1,2,Zheng,BACH1_locus0,21:29199348
21,29199348,21:29199348:C:T,21,29229214,21:29229214:G:A,0.912619,29866,21:29199348,chr21,29199348,29199348,rs8134232,BACH1,2,Zheng,BACH1_locus0,21:29199348
21,29199348,21:29199348:C:T,21,29230673,21:29230673:A:T,0.912619,31325,21:29199348,chr21,29199348,29199348,rs8134232,BACH1,2,Zheng,BACH1_locus0,21:29199348
21,29199348,21:29199348:C:T,21,29231454,21:29231454:A:G,0.912619,32106,21:29199348,chr21,29199348,29199348,rs8134232,BACH1,2,Zheng,BACH1_locus0,21:29199348
21,29199348,21:29199348:C:T,21,29231610,21:29231610:C:T,0.912619,32262,21:29199348,chr21,29199348,29199348,rs8134232,BACH1,2,Zheng,BACH1_locus0,21:29199348
21,29199348,21:29199348:C:T,21,29232461,21:29232461:C:T,0.912619,33113,21:29199348,chr21,29199348,29199348,rs8134232,BACH1,2,Zheng,BACH1_locus0,21:29199348
21,29199348,21:29199348:C:T,21,29232768,21:29232768:A:G,0.912619,33420,21:29199348,chr21,29199348,29199348,rs8134232,BACH1,2,Zheng,BACH1_locus0,21:29199348
21,29199348,21:29199348:C:T,21,29233532,21:29233532:A:C,0.912619,34184,21:29199348,chr21,29199348,29199348,rs8134232,BACH1,2,Zheng,BACH1_locus0,21:29199348
21,29199348,21:29199348:C:T,21,29234247,21:29234247:A:T,0.912619,34899,21:29199348,chr21,29199348,29199348,rs8134232,BACH1,2,Zheng,BACH1_locus0,21:29199348
21,29199348,21:29199348:C:T,21,29236076,21:29236076:C:T,0.898447,36728,21:29199348,chr21,29199348,29199348,rs8134232,BACH1,2,Zheng,BACH1_locus0,21:29199348
21,29199348,21:29199348:C:T,21,29236463,21:29236463:C:T,0.859277,37115,21:29199348,chr21,29199348,29199348,rs8134232,BACH1,2,Zheng,BACH1_locus0,21:29199348
21,29199348,21:29199348:C:T,21,29236563,21:29236563:T:TG,0.859277,37215,21:29199348,chr21,29199348,29199348,rs8134232,BACH1,2,Zheng,BACH1_locus0,21:29199348
21,38657121,21:38657121:CA:C,21,38641135,21:38641135:C:T,0.974006,15986,21:38657121,chr21,38657121,38657121,rs796217035,ERG,3,Zheng,ERG_locus0,21:38657121
21,38657121,21:38657121:CA:C,21,38641301,21:38641301:T:G,0.982573,15820,21:38657121,chr21,38657121,38657121,rs796217035,ERG,3,Zheng,ERG_locus0,21:38657121
21,38657121,21:38657121:CA:C,21,38642468,21:38642468:C:CTGCCCCAGC,0.982573,14653,21:38657121,chr21,38657121,38657121,rs796217035,ERG,3,Zheng,ERG_locus0,21:38657121
21,38657121,21:38657121:CA:C,21,38642513,21:38642513:C:T,0.982573,14608,21:38657121,chr21,38657121,38657121,rs796217035,ERG,3,Zheng,ERG_locus0,21:38657121
21,38657121,21:38657121:CA:C,21,38643354,21:38643354:A:T,0.982573,13767,21:38657121,chr21,38657121,38657121,rs796217035,ERG,3,Zheng,ERG_locus0,21:38657121
21,38657121,21:38657121:CA:C,21,38644361,21:38644361:T:G,0.982573,12760,21:38657121,chr21,38657121,38657121,rs796217035,ERG,3,Zheng,ERG_locus0,21:38657121
21,38657121,21:38657121:CA:C,21,38646547,21:38646547:G:A,0.982573,10574,21:38657121,chr21,38657121,38657121,rs796217035,ERG,3,Zheng,ERG_locus0,21:38657121
21,38657121,21:38657121:CA:C,21,38647412,21:38647412:C:A,0.982573,9709,21:38657121,chr21,38657121,38657121,rs796217035,ERG,3,Zheng,ERG_locus0,21:38657121
21,38657121,21:38657121:CA:C,21,38649927,21:38649927:T:C,0.982573,7194,21:38657121,chr21,38657121,38657121,rs796217035,ERG,3,Zheng,ERG_locus0,21:38657121
21,38657121,21:38657121:CA:C,21,38651506,21:38651506:A:G,0.982573,5615,21:38657121,chr21,38657121,38657121,rs796217035,ERG,3,Zheng,ERG_locus0,21:38657121
21,38657121,21:38657121:CA:C,21,38652906,21:38652906:T:C,0.974063,4215,21:38657121,chr21,38657121,38657121,rs796217035,ERG,3,Zheng,ERG_locus0,21:38657121
21,38657121,21:38657121:CA:C,21,38653301,21:38653301:C:T,0.991237,3820,21:38657121,chr21,38657121,38657121,rs796217035,ERG,3,Zheng,ERG_locus0,21:38657121
21,38657121,21:38657121:CA:C,21,38653325,21:38653325:C:G,0.974063,3796,21:38657121,chr21,38657121,38657121,rs796217035,ERG,3,Zheng,ERG_locus0,21:38657121
21,38657121,21:38657121:CA:C,21,38656019,21:38656019:C:T,0.941861,1102,21:38657121,chr21,38657121,38657121,rs796217035,ERG,3,Zheng,ERG_locus0,21:38657121
21,38657121,21:38657121:CA:C,21,38656185,21:38656185:C:T,0.926879,936,21:38657121,chr21,38657121,38657121,rs796217035,ERG,3,Zheng,ERG_locus0,21:38657121
21,38657121,21:38657121:CA:C,21,38656497,21:38656497:T:C,1.0,624,21:38657121,chr21,38657121,38657121,rs796217035,ERG,3,Zheng,ERG_locus0,21:38657121
21,38657121,21:38657121:CA:C,21,38656975,21:38656975:C:T,1.0,146,21:38657121,chr21,38657121,38657121,rs796217035,ERG,3,Zheng,ERG_locus0,21:38657121
21,38657121,21:38657121:CA:C,21,38657121,21:38657121:CA:C,1.0,0,21:38657121,chr21,38657121,38657121,rs796217035,ERG,3,Zheng,ERG_locus0,21:38657121
21,38657121,21:38657121:CA:C,21,38657166,21:38657166:T:C,1.0,45,21:38657121,chr21,38657121,38657121,rs796217035,ERG,3,Zheng,ERG_locus0,21:38657121
21,38657121,21:38657121:CA:C,21,38657437,21:38657437:T:G,1.0,316,21:38657121,chr21,38657121,38657121,rs796217035,ERG,3,Zheng,ERG_locus0,21:38657121
21,38657121,21:38657121:CA:C,21,38657650,21:38657650:T:C,0.991386,529,21:38657121,chr21,38657121,38657121,rs796217035,ERG,3,Zheng,ERG_locus0,21:38657121
21,38657121,21:38657121:CA:C,21,38660000,21:38660000:T:C,1.0,2879,21:38657121,chr21,38657121,38657121,rs796217035,ERG,3,Zheng,ERG_locus0,21:38657121
21,38657121,21:38657121:CA:C,21,38661111,21:38661111:C:G,1.0,3990,21:38657121,chr21,38657121,38657121,rs796217035,ERG,3,Zheng,ERG_locus0,21:38657121
21,38657121,21:38657121:CA:C,21,38662292,21:38662292:GA:G,0.991235,5171,21:38657121,chr21,38657121,38657121,rs796217035,ERG,3,Zheng,ERG_locus0,21:38657121
21,38657121,21:38657121:CA:C,21,38665626,21:38665626:C:T,0.991235,8505,21:38657121,chr21,38657121,38657121,rs796217035,ERG,3,Zheng,ERG_locus0,21:38657121
21,38657121,21:38657121:CA:C,21,38675252,21:38675252:G:A,0.974285,18131,21:38657121,chr21,38657121,38657121,rs796217035,ERG,3,Zheng,ERG_locus0,21:38657121
21,38657121,21:38657121:CA:C,21,38679523,21:38679523:A:G,0.939889,22402,21:38657121,chr21,38657121,38657121,rs796217035,ERG,3,Zheng,ERG_locus0,21:38657121
21,38657121,21:38657121:CA:C,21,38681155,21:38681155:G:C,0.875144,24034,21:38657121,chr21,38657121,38657121,rs796217035,ERG,3,Zheng,ERG_locus0,21:38657121
21,38657121,21:38657121:CA:C,21,38681534,21:38681534:A:C,0.875144,24413,21:38657121,chr21,38657121,38657121,rs796217035,ERG,3,Zheng,ERG_locus0,21:38657121
21,38657121,21:38657121:CA:C,21,38688347,21:38688347:A:G,0.841515,31226,21:38657121,chr21,38657121,38657121,rs796217035,ERG,3,Zheng,ERG_locus0,21:38657121
21,38657121,21:38657121:CA:C,21,38688842,21:38688842:G:A,0.841515,31721,21:38657121,chr21,38657121,38657121,rs796217035,ERG,3,Zheng,ERG_locus0,21:38657121
21,38657121,21:38657121:CA:C,21,38694317,21:38694317:A:G,0.841515,37196,21:38657121,chr21,38657121,38657121,rs796217035,ERG,3,Zheng,ERG_locus0,21:38657121
21,38657121,21:38657121:CA:C,21,38695571,21:38695571:A:C,0.808349,38450,21:38657121,chr21,38657121,38657121,rs796217035,ERG,3,Zheng,ERG_locus0,21:38657121
21,38657121,21:38657121:CA:C,21,38697326,21:38697326:A:T,0.808349,40205,21:38657121,chr21,38657121,38657121,rs796217035,ERG,3,Zheng,ERG_locus0,21:38657121
21,38657121,21:38657121:CA:C,21,38697901,21:38697901:T:C,0.841515,40780,21:38657121,chr21,38657121,38657121,rs796217035,ERG,3,Zheng,ERG_locus0,21:38657121
21,38657121,21:38657121:CA:C,21,38699062,21:38699062:T:C,0.841515,41941,21:38657121,chr21,38657121,38657121,rs796217035,ERG,3,Zheng,ERG_locus0,21:38657121
21,38657121,21:38657121:CA:C,21,38700452,21:38700452:C:T,0.841515,43331,21:38657121,chr21,38657121,38657121,rs796217035,ERG,3,Zheng,ERG_locus0,21:38657121
21,38657121,21:38657121:CA:C,21,38701096,21:38701096:C:G,0.833768,43975,21:38657121,chr21,38657121,38657121,rs796217035,ERG,3,Zheng,ERG_locus0,21:38657121
21,38657121,21:38657121:CA:C,21,38702472,21:38702472:C:T,0.827707,45351,21:38657121,chr21,38657121,38657121,rs796217035,ERG,3,Zheng,ERG_locus0,21:38657121
21,39272244,21:39272244:T:C,21,39197582,21:39197582:T:C,0.952682,74662,21:39272244,chr21,39272244,39272244,rs8134638,BRWD1,2,Jurgens,BRWD1_locus0,21:39272244
21,39272244,21:39272244:T:C,21,39216315,21:39216315:A:G,0.986445,55929,21:39272244,chr21,39272244,39272244,rs8134638,BRWD1,2,Jurgens,BRWD1_locus0,21:39272244
21,39272244,21:39272244:T:C,21,39232503,21:39232503:C:G,0.93291,39741,21:39272244,chr21,39272244,39272244,rs8134638,BRWD1,2,Jurgens,BRWD1_locus0,21:39272244
21,39272244,21:39272244:T:C,21,39239516,21:39239516:T:A,0.932811,32728,21:39272244,chr21,39272244,39272244,rs8134638,BRWD1,2,Jurgens,BRWD1_locus0,21:39272244
21,39272244,21:39272244:T:C,21,39255094,21:39255094:A:C,1.0,17150,21:39272244,chr21,39272244,39272244,rs8134638,BRWD1,2,Jurgens,BRWD1_locus0,21:39272244
21,39272244,21:39272244:T:C,21,39272244,21:39272244:T:C,1.0,0,21:39272244,chr21,39272244,39272244,rs8134638,BRWD1,2,Jurgens,BRWD1_locus0,21:39272244
21,39272244,21:39272244:T:C,21,39310603,21:39310603:C:CA,1.0,38359,21:39272244,chr21,39272244,39272244,rs8134638,BRWD1,2,Jurgens,BRWD1_locus0,21:39272244
21,39272244,21:39272244:T:C,21,39311814,21:39311814:A:G,1.0,39570,21:39272244,chr21,39272244,39272244,rs8134638,BRWD1,2,Jurgens,BRWD1_locus0,21:39272244
21,39272244,21:39272244:T:C,21,39312974,21:39312974:C:CCGG,0.807212,40730,21:39272244,chr21,39272244,39272244,rs8134638,BRWD1,2,Jurgens,BRWD1_locus0,21:39272244
21,39272244,21:39272244:T:C,21,39312978,21:39312978:C:CGGGCGGCGG,0.821838,40734,21:39272244,chr21,39272244,39272244,rs8134638,BRWD1,2,Jurgens,BRWD1_locus0,21:39272244
21,39272244,21:39272244:T:C,21,39313589,21:39313589:G:GCGC,0.804509,41345,21:39272244,chr21,39272244,39272244,rs8134638,BRWD1,2,Jurgens,BRWD1_locus0,21:39272244
22,23819530,22:23819530:C:T,22,23803540,22:23803540:C:T,0.976348,15990,22:23819530,chr22,23819530,23819530,rs5760054,DERL3,3,Jurgens,DERL3_locus0,22:23819530
22,23819530,22:23819530:C:T,22,23806086,22:23806086:A:G,0.988162,13444,22:23819530,chr22,23819530,23819530,rs5760054,DERL3,3,Jurgens,DERL3_locus0,22:23819530
22,23819530,22:23819530:C:T,22,23812865,22:23812865:A:AT,1.0,6665,22:23819530,chr22,23819530,23819530,rs5760054,DERL3,3,Jurgens,DERL3_locus0,22:23819530
22,23819530,22:23819530:C:T,22,23812924,22:23812924:G:C,1.0,6606,22:23819530,chr22,23819530,23819530,rs5760054,DERL3,3,Jurgens,DERL3_locus0,22:23819530
22,23819530,22:23819530:C:T,22,23815534,22:23815534:A:AAAAC,0.952994,3996,22:23819530,chr22,23819530,23819530,rs5760054,DERL3,3,Jurgens,DERL3_locus0,22:23819530
22,23819530,22:23819530:C:T,22,23817120,22:23817120:A:T,1.0,2410,22:23819530,chr22,23819530,23819530,rs5760054,DERL3,3,Jurgens,DERL3_locus0,22:23819530
22,23819530,22:23819530:C:T,22,23819530,22:23819530:C:T,1.0,0,22:23819530,chr22,23819530,23819530,rs5760054,DERL3,3,Jurgens,DERL3_locus0,22:23819530
22,23819530,22:23819530:C:T,22,23824601,22:23824601:G:A,1.0,5071,22:23819530,chr22,23819530,23819530,rs5760054,DERL3,3,Jurgens,DERL3_locus0,22:23819530
22,23819530,22:23819530:C:T,22,23827009,22:23827009:G:C,0.976381,7479,22:23819530,chr22,23819530,23819530,rs5760054,DERL3,3,Jurgens,DERL3_locus0,22:23819530
22,23819530,22:23819530:C:T,22,23827564,22:23827564:C:T,1.0,8034,22:23819530,chr22,23819530,23819530,rs5760054,DERL3,3,Jurgens,DERL3_locus0,22:23819530
22,23819530,22:23819530:C:T,22,23829118,22:23829118:A:G,1.0,9588,22:23819530,chr22,23819530,23819530,rs5760054,DERL3,3,Jurgens,DERL3_locus0,22:23819530
22,23819530,22:23819530:C:T,22,23836092,22:23836092:G:A,1.0,16562,22:23819530,chr22,23819530,23819530,rs5760054,DERL3,3,Jurgens,DERL3_locus0,22:23819530
22,23819530,22:23819530:C:T,22,23839465,22:23839465:A:G,0.82625,19935,22:23819530,chr22,23819530,23819530,rs5760054,DERL3,3,Jurgens,DERL3_locus0,22:23819530
22,23824601,22:23824601:G:A,22,23803540,22:23803540:C:T,0.976348,21061,22:23824601,chr22,23824601,23824601,rs9608201,CHCHD10,2,Zheng,CHCHD10_locus0,22:23824601
22,23824601,22:23824601:G:A,22,23806086,22:23806086:A:G,0.988162,18515,22:23824601,chr22,23824601,23824601,rs9608201,CHCHD10,2,Zheng,CHCHD10_locus0,22:23824601
22,23824601,22:23824601:G:A,22,23812865,22:23812865:A:AT,1.0,11736,22:23824601,chr22,23824601,23824601,rs9608201,CHCHD10,2,Zheng,CHCHD10_locus0,22:23824601
22,23824601,22:23824601:G:A,22,23812924,22:23812924:G:C,1.0,11677,22:23824601,chr22,23824601,23824601,rs9608201,CHCHD10,2,Zheng,CHCHD10_locus0,22:23824601
22,23824601,22:23824601:G:A,22,23815534,22:23815534:A:AAAAC,0.952994,9067,22:23824601,chr22,23824601,23824601,rs9608201,CHCHD10,2,Zheng,CHCHD10_locus0,22:23824601
22,23824601,22:23824601:G:A,22,23817120,22:23817120:A:T,1.0,7481,22:23824601,chr22,23824601,23824601,rs9608201,CHCHD10,2,Zheng,CHCHD10_locus0,22:23824601
22,23824601,22:23824601:G:A,22,23819530,22:23819530:C:T,1.0,5071,22:23824601,chr22,23824601,23824601,rs9608201,CHCHD10,2,Zheng,CHCHD10_locus0,22:23824601
22,23824601,22:23824601:G:A,22,23824601,22:23824601:G:A,1.0,0,22:23824601,chr22,23824601,23824601,rs9608201,CHCHD10,2,Zheng,CHCHD10_locus0,22:23824601
22,23824601,22:23824601:G:A,22,23827009,22:23827009:G:C,0.976381,2408,22:23824601,chr22,23824601,23824601,rs9608201,CHCHD10,2,Zheng,CHCHD10_locus0,22:23824601
22,23824601,22:23824601:G:A,22,23827564,22:23827564:C:T,1.0,2963,22:23824601,chr22,23824601,23824601,rs9608201,CHCHD10,2,Zheng,CHCHD10_locus0,22:23824601
22,23824601,22:23824601:G:A,22,23829118,22:23829118:A:G,1.0,4517,22:23824601,chr22,23824601,23824601,rs9608201,CHCHD10,2,Zheng,CHCHD10_locus0,22:23824601
22,23824601,22:23824601:G:A,22,23836092,22:23836092:G:A,1.0,11491,22:23824601,chr22,23824601,23824601,rs9608201,CHCHD10,2,Zheng,CHCHD10_locus0,22:23824601
22,23824601,22:23824601:G:A,22,23839465,22:23839465:A:G,0.82625,14864,22:23824601,chr22,23824601,23824601,rs9608201,CHCHD10,2,Zheng,CHCHD10_locus0,22:23824601
