CHR_A,BP_A,SNP_A,CHR_B,BP_B,SNP_B,R2,distance,lead_SNP,prioritized_gene
1,2212668,1:2212668:A:G,1,2212668,1:2212668:A:G,1.0,0,chr1:2212668-2212668,FAAP20/SKI
1,6203732,1:6203732:A:G,1,6202171,1:6202171:A:T,0.989019,1561,chr1:6203732-6203732,RNF207
1,6203732,1:6203732:A:G,1,6203732,1:6203732:A:G,1.0,0,chr1:6203732-6203732,RNF207
1,16014384,1:16014384:T:G,1,16000440,1:16000440:A:G,0.901898,13944,chr1:16014384-16014384,HSPB7
1,16014384,1:16014384:T:G,1,16001621,1:16001621:C:T,0.900413,12763,chr1:16014384-16014384,HSPB7
1,16014384,1:16014384:T:G,1,16004613,1:16004613:T:C,0.920711,9771,chr1:16014384-16014384,HSPB7
1,16014384,1:16014384:T:G,1,16008649,1:16008649:T:C,0.92504,5735,chr1:16014384-16014384,HSPB7
1,16014384,1:16014384:T:G,1,16008807,1:16008807:CA:C,0.919222,5577,chr1:16014384-16014384,HSPB7
1,16014384,1:16014384:T:G,1,16009032,1:16009032:G:C,0.919222,5352,chr1:16014384-16014384,HSPB7
1,16014384,1:16014384:T:G,1,16011787,1:16011787:A:G,0.937603,2597,chr1:16014384-16014384,HSPB7
1,16014384,1:16014384:T:G,1,16011979,1:16011979:T:C,0.93993,2405,chr1:16014384-16014384,HSPB7
1,16014384,1:16014384:T:G,1,16012430,1:16012430:T:G,0.93993,1954,chr1:16014384-16014384,HSPB7
1,16014384,1:16014384:T:G,1,16013314,1:16013314:T:C,0.919881,1070,chr1:16014384-16014384,HSPB7
1,16014384,1:16014384:T:G,1,16014348,1:16014348:TC:T,0.942746,36,chr1:16014384-16014384,HSPB7
1,16014384,1:16014384:T:G,1,16014384,1:16014384:T:G,1.0,0,chr1:16014384-16014384,HSPB7
1,16014384,1:16014384:T:G,1,16014456,1:16014456:A:T,0.942746,72,chr1:16014384-16014384,HSPB7
1,16014384,1:16014384:T:G,1,16018235,1:16018235:T:C,0.924267,3851,chr1:16014384-16014384,HSPB7
1,16014384,1:16014384:T:G,1,16020493,1:16020493:A:G,0.88503,6109,chr1:16014384-16014384,HSPB7
1,16014384,1:16014384:T:G,1,16021039,1:16021039:A:G,0.884826,6655,chr1:16014384-16014384,HSPB7
1,16014384,1:16014384:T:G,1,16021588,1:16021588:A:T,0.883713,7204,chr1:16014384-16014384,HSPB7
1,16014384,1:16014384:T:G,1,16021917,1:16021917:T:C,0.880813,7533,chr1:16014384-16014384,HSPB7
1,16014384,1:16014384:T:G,1,16022965,1:16022965:T:C,0.870608,8581,chr1:16014384-16014384,HSPB7
1,16014384,1:16014384:T:G,1,16023533,1:16023533:A:G,0.872141,9149,chr1:16014384-16014384,HSPB7
1,16014384,1:16014384:T:G,1,16026905,1:16026905:T:C,0.813712,12521,chr1:16014384-16014384,HSPB7
1,16014384,1:16014384:T:G,1,16031653,1:16031653:T:C,0.805729,17269,chr1:16014384-16014384,HSPB7
1,16014384,1:16014384:T:G,1,16032437,1:16032437:T:C,0.806494,18053,chr1:16014384-16014384,HSPB7
1,16014384,1:16014384:T:G,1,16032628,1:16032628:A:G,0.803047,18244,chr1:16014384-16014384,HSPB7
1,78038580,1:78038580:A:G,1,77995251,1:77995251:G:A,0.930464,43329,chr1:78038580-78038580,DNAJB4/NEXN
1,78038580,1:78038580:A:G,1,78035531,1:78035531:T:C,0.800354,3049,chr1:78038580-78038580,DNAJB4/NEXN
1,78038580,1:78038580:A:G,1,78038580,1:78038580:A:G,1.0,0,chr1:78038580-78038580,DNAJB4/NEXN
1,78038580,1:78038580:A:G,1,78038727,1:78038727:T:G,0.833914,147,chr1:78038580-78038580,DNAJB4/NEXN
1,78038580,1:78038580:A:G,1,78053255,1:78053255:A:G,0.955886,14675,chr1:78038580-78038580,DNAJB4/NEXN
1,88866482,1:88866482:C:T,1,88681642,1:88681642:T:C,0.800629,184840,chr1:88866482-88866482,KYAT3/CCBL2
1,88866482,1:88866482:C:T,1,88681952,1:88681952:T:C,0.800629,184530,chr1:88866482-88866482,KYAT3/CCBL2
1,88866482,1:88866482:C:T,1,88682237,1:88682237:A:T,0.800629,184245,chr1:88866482-88866482,KYAT3/CCBL2
1,88866482,1:88866482:C:T,1,88706048,1:88706048:T:TG,0.813363,160434,chr1:88866482-88866482,KYAT3/CCBL2
1,88866482,1:88866482:C:T,1,88708546,1:88708546:T:C,0.811838,157936,chr1:88866482-88866482,KYAT3/CCBL2
1,88866482,1:88866482:C:T,1,88708570,1:88708570:A:T,0.812426,157912,chr1:88866482-88866482,KYAT3/CCBL2
1,88866482,1:88866482:C:T,1,88713152,1:88713152:A:G,0.814353,153330,chr1:88866482-88866482,KYAT3/CCBL2
1,88866482,1:88866482:C:T,1,88720108,1:88720108:A:G,0.812426,146374,chr1:88866482-88866482,KYAT3/CCBL2
1,88866482,1:88866482:C:T,1,88722861,1:88722861:A:G,0.812426,143621,chr1:88866482-88866482,KYAT3/CCBL2
1,88866482,1:88866482:C:T,1,88733143,1:88733143:A:G,0.812328,133339,chr1:88866482-88866482,KYAT3/CCBL2
1,88866482,1:88866482:C:T,1,88742397,1:88742397:G:A,0.814204,124085,chr1:88866482-88866482,KYAT3/CCBL2
1,88866482,1:88866482:C:T,1,88746500,1:88746500:G:GA,0.813713,119982,chr1:88866482-88866482,KYAT3/CCBL2
1,88866482,1:88866482:C:T,1,88756737,1:88756737:G:A,0.813616,109745,chr1:88866482-88866482,KYAT3/CCBL2
1,88866482,1:88866482:C:T,1,88759713,1:88759713:A:G,0.81273,106769,chr1:88866482-88866482,KYAT3/CCBL2
1,88866482,1:88866482:C:T,1,88766080,1:88766080:T:A,0.812725,100402,chr1:88866482-88866482,KYAT3/CCBL2
1,88866482,1:88866482:C:T,1,88770346,1:88770346:T:A,0.812172,96136,chr1:88866482-88866482,KYAT3/CCBL2
1,88866482,1:88866482:C:T,1,88779217,1:88779217:G:GT,0.812339,87265,chr1:88866482-88866482,KYAT3/CCBL2
1,88866482,1:88866482:C:T,1,88784469,1:88784469:G:A,0.81336,82013,chr1:88866482-88866482,KYAT3/CCBL2
1,88866482,1:88866482:C:T,1,88805891,1:88805891:T:C,0.816228,60591,chr1:88866482-88866482,KYAT3/CCBL2
1,88866482,1:88866482:C:T,1,88815282,1:88815282:A:G,0.814891,51200,chr1:88866482-88866482,KYAT3/CCBL2
1,88866482,1:88866482:C:T,1,88816142,1:88816142:T:TA,0.812426,50340,chr1:88866482-88866482,KYAT3/CCBL2
1,88866482,1:88866482:C:T,1,88820852,1:88820852:T:A,0.815733,45630,chr1:88866482-88866482,KYAT3/CCBL2
1,88866482,1:88866482:C:T,1,88822300,1:88822300:A:G,0.813902,44182,chr1:88866482-88866482,KYAT3/CCBL2
1,88866482,1:88866482:C:T,1,88825174,1:88825174:C:T,0.810531,41308,chr1:88866482-88866482,KYAT3/CCBL2
1,88866482,1:88866482:C:T,1,88827611,1:88827611:CCCCTTCCCT:C,0.801778,38871,chr1:88866482-88866482,KYAT3/CCBL2
1,88866482,1:88866482:C:T,1,88830142,1:88830142:C:G,0.812281,36340,chr1:88866482-88866482,KYAT3/CCBL2
1,88866482,1:88866482:C:T,1,88856804,1:88856804:G:GT,0.905866,9678,chr1:88866482-88866482,KYAT3/CCBL2
1,88866482,1:88866482:C:T,1,88858044,1:88858044:C:T,0.981469,8438,chr1:88866482-88866482,KYAT3/CCBL2
1,88866482,1:88866482:C:T,1,88866482,1:88866482:C:T,1.0,0,chr1:88866482-88866482,KYAT3/CCBL2
1,88866482,1:88866482:C:T,1,88872012,1:88872012:C:A,0.88176,5530,chr1:88866482-88866482,KYAT3/CCBL2
1,88866482,1:88866482:C:T,1,88878573,1:88878573:G:A,0.885942,12091,chr1:88866482-88866482,KYAT3/CCBL2
1,88866482,1:88866482:C:T,1,88884028,1:88884028:T:G,0.859485,17546,chr1:88866482-88866482,KYAT3/CCBL2
1,88866482,1:88866482:C:T,1,88886128,1:88886128:C:A,0.886682,19646,chr1:88866482-88866482,KYAT3/CCBL2
1,88866482,1:88866482:C:T,1,88886814,1:88886814:TG:T,0.823001,20332,chr1:88866482-88866482,KYAT3/CCBL2
1,214111878,1:214111878:C:T,1,214107731,1:214107731:A:AC,0.820965,4147,chr1:214111878-214111878,PROX1
1,214111878,1:214111878:C:T,1,214111812,1:214111812:T:C,0.99089,66,chr1:214111878-214111878,PROX1
1,214111878,1:214111878:C:T,1,214111878,1:214111878:C:T,1.0,0,chr1:214111878-214111878,PROX1
1,236637785,1:236637785:T:C,1,236637785,1:236637785:T:C,1.0,0,chr1:236637785-236637785,LGALS8/ACTN2
1,236637785,1:236637785:T:C,1,236637916,1:236637916:A:AGTTAGCAGG,0.822371,131,chr1:236637785-236637785,LGALS8/ACTN2
1,236637785,1:236637785:T:C,1,236638104,1:236638104:A:G,0.820149,319,chr1:236637785-236637785,LGALS8/ACTN2
1,236637785,1:236637785:T:C,1,236638446,1:236638446:T:G,0.825065,661,chr1:236637785-236637785,LGALS8/ACTN2
1,236637785,1:236637785:T:C,1,236638793,1:236638793:G:A,0.805935,1008,chr1:236637785-236637785,LGALS8/ACTN2
1,236637785,1:236637785:T:C,1,236638886,1:236638886:A:G,0.803097,1101,chr1:236637785-236637785,LGALS8/ACTN2
1,236637785,1:236637785:T:C,1,236639003,1:236639003:A:G,0.805186,1218,chr1:236637785-236637785,LGALS8/ACTN2
2,11444071,2:11444071:C:A,2,11423834,2:11423834:T:C,0.939675,20237,chr2:11444071-11444071,E2F6/ROCK2
2,11444071,2:11444071:C:A,2,11430311,2:11430311:G:A,0.958853,13760,chr2:11444071-11444071,E2F6/ROCK2
2,11444071,2:11444071:C:A,2,11431840,2:11431840:C:T,0.967871,12231,chr2:11444071-11444071,E2F6/ROCK2
2,11444071,2:11444071:C:A,2,11436287,2:11436287:C:A,0.997227,7784,chr2:11444071-11444071,E2F6/ROCK2
2,11444071,2:11444071:C:A,2,11436399,2:11436399:A:G,0.977585,7672,chr2:11444071-11444071,E2F6/ROCK2
2,11444071,2:11444071:C:A,2,11440191,2:11440191:T:G,0.975206,3880,chr2:11444071-11444071,E2F6/ROCK2
2,11444071,2:11444071:C:A,2,11441764,2:11441764:G:C,0.978876,2307,chr2:11444071-11444071,E2F6/ROCK2
2,11444071,2:11444071:C:A,2,11444071,2:11444071:C:A,1.0,0,chr2:11444071-11444071,E2F6/ROCK2
2,11444071,2:11444071:C:A,2,11444141,2:11444141:A:G,0.960294,70,chr2:11444071-11444071,E2F6/ROCK2
2,11444071,2:11444071:C:A,2,11446093,2:11446093:A:G,0.995563,2022,chr2:11444071-11444071,E2F6/ROCK2
2,11444071,2:11444071:C:A,2,11449148,2:11449148:G:A,0.95888,5077,chr2:11444071-11444071,E2F6/ROCK2
2,11444071,2:11444071:C:A,2,11452168,2:11452168:G:T,0.974764,8097,chr2:11444071-11444071,E2F6/ROCK2
2,11444071,2:11444071:C:A,2,11453370,2:11453370:A:G,0.977141,9299,chr2:11444071-11444071,E2F6/ROCK2
2,11444071,2:11444071:C:A,2,11459606,2:11459606:G:A,0.940445,15535,chr2:11444071-11444071,E2F6/ROCK2
2,11444071,2:11444071:C:A,2,11459679,2:11459679:C:G,0.942701,15608,chr2:11444071-11444071,E2F6/ROCK2
2,11444071,2:11444071:C:A,2,11459883,2:11459883:CA:C,0.888156,15812,chr2:11444071-11444071,E2F6/ROCK2
2,11444071,2:11444071:C:A,2,11461438,2:11461438:A:G,0.942149,17367,chr2:11444071-11444071,E2F6/ROCK2
2,11444071,2:11444071:C:A,2,11466521,2:11466521:G:A,0.838679,22450,chr2:11444071-11444071,E2F6/ROCK2
2,11444071,2:11444071:C:A,2,11473026,2:11473026:G:A,0.862743,28955,chr2:11444071-11444071,E2F6/ROCK2
2,36905984,2:36905984:C:T,2,36836097,2:36836097:C:CT,0.877301,69887,chr2:36905984-36905984,STRN
2,36905984,2:36905984:C:T,2,36859054,2:36859054:G:C,0.899456,46930,chr2:36905984-36905984,STRN
2,36905984,2:36905984:C:T,2,36863090,2:36863090:T:C,0.876102,42894,chr2:36905984-36905984,STRN
2,36905984,2:36905984:C:T,2,36868254,2:36868254:G:GA,0.911955,37730,chr2:36905984-36905984,STRN
2,36905984,2:36905984:C:T,2,36872196,2:36872196:T:C,0.901044,33788,chr2:36905984-36905984,STRN
2,36905984,2:36905984:C:T,2,36875477,2:36875477:T:C,0.897255,30507,chr2:36905984-36905984,STRN
2,36905984,2:36905984:C:T,2,36883902,2:36883902:T:A,0.864763,22082,chr2:36905984-36905984,STRN
2,36905984,2:36905984:C:T,2,36891522,2:36891522:C:CA,0.953636,14462,chr2:36905984-36905984,STRN
2,36905984,2:36905984:C:T,2,36895409,2:36895409:A:G,0.98509,10575,chr2:36905984-36905984,STRN
2,36905984,2:36905984:C:T,2,36895756,2:36895757:CAA:C,0.961459,10228,chr2:36905984-36905984,STRN
2,36905984,2:36905984:C:T,2,36896240,2:36896240:T:C,0.942035,9744,chr2:36905984-36905984,STRN
2,36905984,2:36905984:C:T,2,36897429,2:36897429:T:TAA,0.958309,8555,chr2:36905984-36905984,STRN
2,36905984,2:36905984:C:T,2,36897612,2:36897612:T:C,0.963605,8372,chr2:36905984-36905984,STRN
2,36905984,2:36905984:C:T,2,36905984,2:36905984:C:T,1.0,0,chr2:36905984-36905984,STRN
2,36905984,2:36905984:C:T,2,36910110,2:36910110:C:T,0.96527,4126,chr2:36905984-36905984,STRN
2,36905984,2:36905984:C:T,2,36927282,2:36927282:T:A,0.895386,21298,chr2:36905984-36905984,STRN
2,36905984,2:36905984:C:T,2,36932656,2:36932656:A:G,0.9572,26672,chr2:36905984-36905984,STRN
2,36905984,2:36905984:C:T,2,36957342,2:36957342:C:T,0.913785,51358,chr2:36905984-36905984,STRN
2,36905984,2:36905984:C:T,2,36962153,2:36962153:T:C,0.878507,56169,chr2:36905984-36905984,STRN
2,36905984,2:36905984:C:T,2,36965352,2:36965352:T:C,0.88105,59368,chr2:36905984-36905984,STRN
2,65049318,2:65049318:T:C,2,65049318,2:65049318:T:C,1.0,0,chr2:65049318-65049318,CEP68
2,65049318,2:65049318:T:C,2,65049602,2:65049602:A:G,0.981215,284,chr2:65049318-65049318,CEP68
2,65049318,2:65049318:T:C,2,65050232,2:65050232:CATTT:C,1.0,914,chr2:65049318-65049318,CEP68
2,65049318,2:65049318:T:C,2,65052089,2:65052089:C:T,0.92542,2771,chr2:65049318-65049318,CEP68
2,65049318,2:65049318:T:C,2,65052187,2:65052187:T:G,0.926421,2869,chr2:65049318-65049318,CEP68
2,65049318,2:65049318:T:C,2,65052280,2:65052280:A:G,0.994304,2962,chr2:65049318-65049318,CEP68
2,65049318,2:65049318:T:C,2,65052671,2:65052671:T:C,1.0,3353,chr2:65049318-65049318,CEP68
2,65049318,2:65049318:T:C,2,65053086,2:65053086:G:A,0.923654,3768,chr2:65049318-65049318,CEP68
2,65049318,2:65049318:T:C,2,65057097,2:65057097:A:T,0.951454,7779,chr2:65049318-65049318,CEP68
2,102809718,2:102809718:C:T,2,102723555,2:102723555:AG:A,0.917831,86163,chr2:102809718-102809718,TMEM182/MFSD9
2,102809718,2:102809718:C:T,2,102809718,2:102809718:C:T,1.0,0,chr2:102809718-102809718,TMEM182/MFSD9
2,102809718,2:102809718:C:T,2,102834671,2:102834671:C:T,0.854076,24953,chr2:102809718-102809718,TMEM182/MFSD9
2,178894707,2:178894707:G:A,2,178894707,2:178894707:G:A,1.0,0,chr2:178894707-178894707,CCDC141/SESTD1
2,178894707,2:178894707:G:A,2,178897263,2:178897263:G:A,0.917644,2556,chr2:178894707-178894707,CCDC141/SESTD1
2,200330879,2:200330879:C:T,2,200276279,2:200276279:G:C,0.803453,54600,chr2:200330879-200330879,SPATS2L
2,200330879,2:200330879:C:T,2,200285317,2:200285317:C:T,0.881523,45562,chr2:200330879-200330879,SPATS2L
2,200330879,2:200330879:C:T,2,200298833,2:200298833:A:G,0.820787,32046,chr2:200330879-200330879,SPATS2L
2,200330879,2:200330879:C:T,2,200308239,2:200308239:G:GA,0.800929,22640,chr2:200330879-200330879,SPATS2L
2,200330879,2:200330879:C:T,2,200310521,2:200310521:C:T,0.835878,20358,chr2:200330879-200330879,SPATS2L
2,200330879,2:200330879:C:T,2,200312221,2:200312221:C:T,0.835878,18658,chr2:200330879-200330879,SPATS2L
2,200330879,2:200330879:C:T,2,200319990,2:200319990:A:G,0.835385,10889,chr2:200330879-200330879,SPATS2L
2,200330879,2:200330879:C:T,2,200323052,2:200323052:A:G,0.836256,7827,chr2:200330879-200330879,SPATS2L
2,200330879,2:200330879:C:T,2,200330879,2:200330879:C:T,1.0,0,chr2:200330879-200330879,SPATS2L
2,200330879,2:200330879:C:T,2,200333093,2:200333093:C:G,0.833695,2214,chr2:200330879-200330879,SPATS2L
3,12539917,3:12539917:T:C,3,12539917,3:12539917:T:C,1.0,0,chr3:12539917-12539917,RAF1/TSEN2
3,14234738,3:14234738:G:A,3,14232793,3:14232793:C:T,0.877161,1945,chr3:14234738-14234738,LSM3/SLC6A6
3,14234738,3:14234738:G:A,3,14234738,3:14234738:G:A,1.0,0,chr3:14234738-14234738,LSM3/SLC6A6
3,14234738,3:14234738:G:A,3,14235797,3:14235797:A:G,0.986642,1059,chr3:14234738-14234738,LSM3/SLC6A6
3,14234738,3:14234738:G:A,3,14239551,3:14239551:G:T,0.989585,4813,chr3:14234738-14234738,LSM3/SLC6A6
3,14234738,3:14234738:G:A,3,14254605,3:14254605:T:TTG,0.81534,19867,chr3:14234738-14234738,LSM3/SLC6A6
3,14234738,3:14234738:G:A,3,14254680,3:14254680:T:A,0.820476,19942,chr3:14234738-14234738,LSM3/SLC6A6
3,14234738,3:14234738:G:A,3,14254811,3:14254811:C:T,0.821601,20073,chr3:14234738-14234738,LSM3/SLC6A6
3,14234738,3:14234738:G:A,3,14255659,3:14255659:C:T,0.815736,20921,chr3:14234738-14234738,LSM3/SLC6A6
3,14234738,3:14234738:G:A,3,14255790,3:14255790:G:A,0.821601,21052,chr3:14234738-14234738,LSM3/SLC6A6
3,14234738,3:14234738:G:A,3,14256355,3:14256355:G:A,0.836995,21617,chr3:14234738-14234738,LSM3/SLC6A6
3,14234738,3:14234738:G:A,3,14256907,3:14256907:A:G,0.806851,22169,chr3:14234738-14234738,LSM3/SLC6A6
3,14234738,3:14234738:G:A,3,14257010,3:14257010:G:C,0.81126,22272,chr3:14234738-14234738,LSM3/SLC6A6
3,52325662,3:52325662:T:C,3,52265505,3:52265505:T:C,0.825098,60157,chr3:52325662-52325662,SEMA3G/SFMBT1
3,52325662,3:52325662:T:C,3,52281176,3:52281176:A:G,0.821707,44486,chr3:52325662-52325662,SEMA3G/SFMBT1
3,52325662,3:52325662:T:C,3,52298276,3:52298276:A:G,0.815434,27386,chr3:52325662-52325662,SEMA3G/SFMBT1
3,52325662,3:52325662:T:C,3,52300577,3:52300577:T:C,0.822746,25085,chr3:52325662-52325662,SEMA3G/SFMBT1
3,52325662,3:52325662:T:C,3,52304574,3:52304574:T:C,0.822746,21088,chr3:52325662-52325662,SEMA3G/SFMBT1
3,52325662,3:52325662:T:C,3,52310664,3:52310664:A:G,0.977003,14998,chr3:52325662-52325662,SEMA3G/SFMBT1
3,52325662,3:52325662:T:C,3,52312224,3:52312224:T:G,0.991628,13438,chr3:52325662-52325662,SEMA3G/SFMBT1
3,52325662,3:52325662:T:C,3,52312714,3:52312714:G:T,0.944181,12948,chr3:52325662-52325662,SEMA3G/SFMBT1
3,52325662,3:52325662:T:C,3,52316196,3:52316196:A:G,0.993478,9466,chr3:52325662-52325662,SEMA3G/SFMBT1
3,52325662,3:52325662:T:C,3,52316729,3:52316729:G:A,0.992542,8933,chr3:52325662-52325662,SEMA3G/SFMBT1
3,52325662,3:52325662:T:C,3,52318848,3:52318848:C:T,0.944132,6814,chr3:52325662-52325662,SEMA3G/SFMBT1
3,52325662,3:52325662:T:C,3,52320226,3:52320226:C:G,0.992542,5436,chr3:52325662-52325662,SEMA3G/SFMBT1
3,52325662,3:52325662:T:C,3,52320360,3:52320360:G:A,0.947833,5302,chr3:52325662-52325662,SEMA3G/SFMBT1
3,52325662,3:52325662:T:C,3,52320416,3:52320416:A:G,0.992542,5246,chr3:52325662-52325662,SEMA3G/SFMBT1
3,52325662,3:52325662:T:C,3,52320756,3:52320756:C:T,0.94506,4906,chr3:52325662-52325662,SEMA3G/SFMBT1
3,52325662,3:52325662:T:C,3,52324101,3:52324101:T:C,0.989757,1561,chr3:52325662-52325662,SEMA3G/SFMBT1
3,52325662,3:52325662:T:C,3,52324401,3:52324401:C:G,0.94506,1261,chr3:52325662-52325662,SEMA3G/SFMBT1
3,52325662,3:52325662:T:C,3,52325024,3:52325024:C:T,0.946846,638,chr3:52325662-52325662,SEMA3G/SFMBT1
3,52325662,3:52325662:T:C,3,52325662,3:52325662:T:C,1.0,0,chr3:52325662-52325662,SEMA3G/SFMBT1
3,52325662,3:52325662:T:C,3,52332028,3:52332028:G:A,0.941258,6366,chr3:52325662-52325662,SEMA3G/SFMBT1
3,52325662,3:52325662:T:C,3,52334371,3:52334371:T:C,0.938439,8709,chr3:52325662-52325662,SEMA3G/SFMBT1
3,52325662,3:52325662:T:C,3,52334931,3:52334931:A:C,0.98242,9269,chr3:52325662-52325662,SEMA3G/SFMBT1
3,52325662,3:52325662:T:C,3,52337773,3:52337773:T:G,0.98153,12111,chr3:52325662-52325662,SEMA3G/SFMBT1
3,52325662,3:52325662:T:C,3,52338112,3:52338112:T:A,0.903972,12450,chr3:52325662-52325662,SEMA3G/SFMBT1
3,52325662,3:52325662:T:C,3,52340500,3:52340500:T:G,0.93751,14838,chr3:52325662-52325662,SEMA3G/SFMBT1
3,52325662,3:52325662:T:C,3,52341695,3:52341695:T:C,0.980552,16033,chr3:52325662-52325662,SEMA3G/SFMBT1
3,52325662,3:52325662:T:C,3,52346975,3:52346975:C:T,0.80027,21313,chr3:52325662-52325662,SEMA3G/SFMBT1
3,52325662,3:52325662:T:C,3,52351099,3:52351099:C:T,0.803643,25437,chr3:52325662-52325662,SEMA3G/SFMBT1
3,52325662,3:52325662:T:C,3,52357719,3:52357719:A:C,0.844567,32057,chr3:52325662-52325662,SEMA3G/SFMBT1
3,52325662,3:52325662:T:C,3,52358861,3:52358861:G:A,0.800903,33199,chr3:52325662-52325662,SEMA3G/SFMBT1
3,52325662,3:52325662:T:C,3,52366724,3:52366724:G:C,0.800903,41062,chr3:52325662-52325662,SEMA3G/SFMBT1
3,52325662,3:52325662:T:C,3,52373917,3:52373917:T:C,0.825175,48255,chr3:52325662-52325662,SEMA3G/SFMBT1
3,52325662,3:52325662:T:C,3,52377913,3:52377913:T:A,0.800612,52251,chr3:52325662-52325662,SEMA3G/SFMBT1
3,52325662,3:52325662:T:C,3,52377990,3:52377990:A:T,0.800612,52328,chr3:52325662-52325662,SEMA3G/SFMBT1
3,69807602,3:69807602:C:T,3,69795457,3:69795457:G:A,0.859789,12145,chr3:69807602-69807602,MITF
3,69807602,3:69807602:C:T,3,69795494,3:69795494:G:A,0.872915,12108,chr3:69807602-69807602,MITF
3,69807602,3:69807602:C:T,3,69795694,3:69795694:C:T,0.872915,11908,chr3:69807602-69807602,MITF
3,69807602,3:69807602:C:T,3,69800684,3:69800684:T:C,0.833373,6918,chr3:69807602-69807602,MITF
3,69807602,3:69807602:C:T,3,69801056,3:69801057:C:CTT,0.893985,6546,chr3:69807602-69807602,MITF
3,69807602,3:69807602:C:T,3,69802154,3:69802154:T:C,0.917459,5448,chr3:69807602-69807602,MITF
3,69807602,3:69807602:C:T,3,69802199,3:69802199:C:T,0.921486,5403,chr3:69807602-69807602,MITF
3,69807602,3:69807602:C:T,3,69805359,3:69805359:C:G,0.931915,2243,chr3:69807602-69807602,MITF
3,69807602,3:69807602:C:T,3,69805540,3:69805540:C:G,0.933166,2062,chr3:69807602-69807602,MITF
3,69807602,3:69807602:C:T,3,69805547,3:69805547:G:A,0.933166,2055,chr3:69807602-69807602,MITF
3,69807602,3:69807602:C:T,3,69807602,3:69807602:C:T,1.0,0,chr3:69807602-69807602,MITF
3,69807602,3:69807602:C:T,3,69808152,3:69808152:A:C,0.864892,550,chr3:69807602-69807602,MITF
3,69807602,3:69807602:C:T,3,69808622,3:69808622:C:T,0.934582,1020,chr3:69807602-69807602,MITF
3,69807602,3:69807602:C:T,3,69809825,3:69809825:G:A,0.921522,2223,chr3:69807602-69807602,MITF
3,69807602,3:69807602:C:T,3,69810119,3:69810119:G:A,0.876185,2517,chr3:69807602-69807602,MITF
3,69807602,3:69807602:C:T,3,69810500,3:69810500:A:G,0.861909,2898,chr3:69807602-69807602,MITF
3,69807602,3:69807602:C:T,3,69811337,3:69811337:G:A,0.8787,3735,chr3:69807602-69807602,MITF
3,69807602,3:69807602:C:T,3,69811353,3:69811353:A:G,0.876237,3751,chr3:69807602-69807602,MITF
3,69807602,3:69807602:C:T,3,69811754,3:69811754:T:G,0.878091,4152,chr3:69807602-69807602,MITF
3,69807602,3:69807602:C:T,3,69811902,3:69811902:C:G,0.878091,4300,chr3:69807602-69807602,MITF
3,69807602,3:69807602:C:T,3,69811921,3:69811921:G:A,0.874746,4319,chr3:69807602-69807602,MITF
3,69807602,3:69807602:C:T,3,69812035,3:69812035:G:A,0.877047,4433,chr3:69807602-69807602,MITF
3,69807602,3:69807602:C:T,3,69812077,3:69812077:T:TTAGATTAG,0.846614,4475,chr3:69807602-69807602,MITF
3,69807602,3:69807602:C:T,3,69812272,3:69812272:G:A,0.835447,4670,chr3:69807602-69807602,MITF
3,69807602,3:69807602:C:T,3,69812954,3:69812954:A:C,0.871633,5352,chr3:69807602-69807602,MITF
3,69807602,3:69807602:C:T,3,69813002,3:69813002:T:G,0.874966,5400,chr3:69807602-69807602,MITF
3,69807602,3:69807602:C:T,3,69813038,3:69813038:A:G,0.874162,5436,chr3:69807602-69807602,MITF
3,69807602,3:69807602:C:T,3,69813225,3:69813225:T:C,0.874966,5623,chr3:69807602-69807602,MITF
3,69807602,3:69807602:C:T,3,69813303,3:69813303:C:G,0.871858,5701,chr3:69807602-69807602,MITF
3,69807602,3:69807602:C:T,3,69814135,3:69814135:A:G,0.861162,6533,chr3:69807602-69807602,MITF
3,69807602,3:69807602:C:T,3,69814325,3:69814325:T:C,0.857853,6723,chr3:69807602-69807602,MITF
3,69807602,3:69807602:C:T,3,69815581,3:69815581:T:C,0.878081,7979,chr3:69807602-69807602,MITF
3,69807602,3:69807602:C:T,3,69815797,3:69815797:G:A,0.877865,8195,chr3:69807602-69807602,MITF
3,69807602,3:69807602:C:T,3,69815932,3:69815932:T:C,0.832368,8330,chr3:69807602-69807602,MITF
3,69807602,3:69807602:C:T,3,69815976,3:69815976:G:A,0.860144,8374,chr3:69807602-69807602,MITF
3,69807602,3:69807602:C:T,3,69816201,3:69816201:G:A,0.876006,8599,chr3:69807602-69807602,MITF
3,69807602,3:69807602:C:T,3,69820233,3:69820233:T:C,0.847842,12631,chr3:69807602-69807602,MITF
3,69807602,3:69807602:C:T,3,69820882,3:69820882:C:A,0.852202,13280,chr3:69807602-69807602,MITF
3,69807602,3:69807602:C:T,3,69821314,3:69821314:T:A,0.849798,13712,chr3:69807602-69807602,MITF
3,69807602,3:69807602:C:T,3,69821677,3:69821677:G:GA,0.838972,14075,chr3:69807602-69807602,MITF
3,69807602,3:69807602:C:T,3,69821720,3:69821720:C:T,0.844546,14118,chr3:69807602-69807602,MITF
3,69807602,3:69807602:C:T,3,69822261,3:69822261:G:A,0.851738,14659,chr3:69807602-69807602,MITF
3,69807602,3:69807602:C:T,3,69822903,3:69822903:G:GT,0.802503,15301,chr3:69807602-69807602,MITF
3,69807602,3:69807602:C:T,3,69823546,3:69823546:C:T,0.850639,15944,chr3:69807602-69807602,MITF
3,69807602,3:69807602:C:T,3,69823562,3:69823562:G:A,0.89106,15960,chr3:69807602-69807602,MITF
3,69807602,3:69807602:C:T,3,69824184,3:69824184:T:C,0.866606,16582,chr3:69807602-69807602,MITF
3,69807602,3:69807602:C:T,3,69825146,3:69825146:A:G,0.852076,17544,chr3:69807602-69807602,MITF
3,69807602,3:69807602:C:T,3,69825232,3:69825232:T:A,0.849669,17630,chr3:69807602-69807602,MITF
3,69807602,3:69807602:C:T,3,69827168,3:69827168:G:T,0.852839,19566,chr3:69807602-69807602,MITF
3,69807602,3:69807602:C:T,3,69827532,3:69827532:T:G,0.849669,19930,chr3:69807602-69807602,MITF
3,69807602,3:69807602:C:T,3,69828877,3:69828877:A:C,0.847619,21275,chr3:69807602-69807602,MITF
3,69807602,3:69807602:C:T,3,69828945,3:69828945:A:AGT,0.806406,21343,chr3:69807602-69807602,MITF
3,69807602,3:69807602:C:T,3,69829672,3:69829673:GCACACACA:G,0.818201,22070,chr3:69807602-69807602,MITF
3,69807602,3:69807602:C:T,3,69830358,3:69830358:A:G,0.821134,22756,chr3:69807602-69807602,MITF
3,69807602,3:69807602:C:T,3,69831401,3:69831401:C:T,0.821239,23799,chr3:69807602-69807602,MITF
3,69807602,3:69807602:C:T,3,69831985,3:69831985:G:A,0.821239,24383,chr3:69807602-69807602,MITF
3,69807602,3:69807602:C:T,3,69832035,3:69832035:T:A,0.821239,24433,chr3:69807602-69807602,MITF
3,69807602,3:69807602:C:T,3,69832282,3:69832282:A:G,0.820145,24680,chr3:69807602-69807602,MITF
3,69807602,3:69807602:C:T,3,69832690,3:69832690:T:A,0.820145,25088,chr3:69807602-69807602,MITF
3,69807602,3:69807602:C:T,3,69833417,3:69833417:C:T,0.819053,25815,chr3:69807602-69807602,MITF
3,69807602,3:69807602:C:T,3,69833597,3:69833597:T:C,0.819053,25995,chr3:69807602-69807602,MITF
3,69807602,3:69807602:C:T,3,69834904,3:69834904:C:T,0.812542,27302,chr3:69807602-69807602,MITF
3,69807602,3:69807602:C:T,3,69836095,3:69836095:G:A,0.819806,28493,chr3:69807602-69807602,MITF
3,69807602,3:69807602:C:T,3,69836855,3:69836855:A:G,0.849669,29253,chr3:69807602-69807602,MITF
3,69807602,3:69807602:C:T,3,69837665,3:69837665:G:A,0.819806,30063,chr3:69807602-69807602,MITF
3,69807602,3:69807602:C:T,3,69839091,3:69839091:C:A,0.809359,31489,chr3:69807602-69807602,MITF
3,69807602,3:69807602:C:T,3,69840913,3:69840913:G:A,0.809424,33311,chr3:69807602-69807602,MITF
3,69807602,3:69807602:C:T,3,69841323,3:69841323:T:G,0.803423,33721,chr3:69807602-69807602,MITF
3,69807602,3:69807602:C:T,3,69844344,3:69844344:A:G,0.820567,36742,chr3:69807602-69807602,MITF
3,69807602,3:69807602:C:T,3,69844419,3:69844419:T:C,0.815561,36817,chr3:69807602-69807602,MITF
3,69807602,3:69807602:C:T,3,69844820,3:69844820:G:T,0.839611,37218,chr3:69807602-69807602,MITF
3,69807602,3:69807602:C:T,3,69844891,3:69844891:C:T,0.83782,37289,chr3:69807602-69807602,MITF
3,69807602,3:69807602:C:T,3,69845442,3:69845442:C:CTT,0.854268,37840,chr3:69807602-69807602,MITF
3,69807602,3:69807602:C:T,3,69845871,3:69845871:G:A,0.83782,38269,chr3:69807602-69807602,MITF
3,69807602,3:69807602:C:T,3,69848299,3:69848299:G:T,0.825069,40697,chr3:69807602-69807602,MITF
3,172082466,3:172082466:A:G,3,172056811,3:172056811:G:C,0.802791,25655,chr3:172082466-172082466,FNDC3B
3,172082466,3:172082466:A:G,3,172067378,3:172067378:G:C,0.817419,15088,chr3:172082466-172082466,FNDC3B
3,172082466,3:172082466:A:G,3,172082466,3:172082466:A:G,1.0,0,chr3:172082466-172082466,FNDC3B
4,16031325,4:16031325:T:C,4,16027243,4:16027243:T:G,0.919394,4082,chr4:16031325-16031325,PROM1
4,16031325,4:16031325:T:C,4,16028689,4:16028689:AT:A,0.911873,2636,chr4:16031325-16031325,PROM1
4,16031325,4:16031325:T:C,4,16031325,4:16031325:T:C,1.0,0,chr4:16031325-16031325,PROM1
4,16031325,4:16031325:T:C,4,16034172,4:16034172:A:C,0.950423,2847,chr4:16031325-16031325,PROM1
4,16031325,4:16031325:T:C,4,16035461,4:16035461:C:G,0.966327,4136,chr4:16031325-16031325,PROM1
5,36630107,5:36630107:G:A,5,36630107,5:36630107:G:A,1.0,0,chr5:36630107-36630107,SLC1A3
5,36630107,5:36630107:G:A,5,36638487,5:36638487:G:A,0.880144,8380,chr5:36630107-36630107,SLC1A3
5,57715577,5:57715577:G:A,5,57660094,5:57660094:A:G,0.90072,55483,chr5:57715577-57715577,ACTBL2
5,57715577,5:57715577:G:A,5,57660157,5:57660157:A:G,0.90072,55420,chr5:57715577-57715577,ACTBL2
5,57715577,5:57715577:G:A,5,57663792,5:57663792:A:G,0.902385,51785,chr5:57715577-57715577,ACTBL2
5,57715577,5:57715577:G:A,5,57668936,5:57668936:C:T,0.912891,46641,chr5:57715577-57715577,ACTBL2
5,57715577,5:57715577:G:A,5,57670275,5:57670275:G:T,0.887109,45302,chr5:57715577-57715577,ACTBL2
5,57715577,5:57715577:G:A,5,57670715,5:57670715:T:G,0.914665,44862,chr5:57715577-57715577,ACTBL2
5,57715577,5:57715577:G:A,5,57679233,5:57679233:A:G,0.912891,36344,chr5:57715577-57715577,ACTBL2
5,57715577,5:57715577:G:A,5,57680271,5:57680271:A:G,0.914665,35306,chr5:57715577-57715577,ACTBL2
5,57715577,5:57715577:G:A,5,57681404,5:57681404:C:T,0.912959,34173,chr5:57715577-57715577,ACTBL2
5,57715577,5:57715577:G:A,5,57683686,5:57683686:A:G,0.916444,31891,chr5:57715577-57715577,ACTBL2
5,57715577,5:57715577:G:A,5,57685000,5:57685000:A:T,0.916444,30577,chr5:57715577-57715577,ACTBL2
5,57715577,5:57715577:G:A,5,57688674,5:57688674:T:C,0.914665,26903,chr5:57715577-57715577,ACTBL2
5,57715577,5:57715577:G:A,5,57690333,5:57690333:C:A,0.901215,25244,chr5:57715577-57715577,ACTBL2
5,57715577,5:57715577:G:A,5,57690889,5:57690889:T:C,0.907816,24688,chr5:57715577-57715577,ACTBL2
5,57715577,5:57715577:G:A,5,57693080,5:57693080:T:TA,0.991056,22497,chr5:57715577-57715577,ACTBL2
5,57715577,5:57715577:G:A,5,57698702,5:57698702:A:C,0.991056,16875,chr5:57715577-57715577,ACTBL2
5,57715577,5:57715577:G:A,5,57699211,5:57699211:A:C,0.991056,16366,chr5:57715577-57715577,ACTBL2
5,57715577,5:57715577:G:A,5,57699822,5:57699822:C:T,0.989281,15755,chr5:57715577-57715577,ACTBL2
5,57715577,5:57715577:G:A,5,57700364,5:57700364:A:T,0.989281,15213,chr5:57715577-57715577,ACTBL2
5,57715577,5:57715577:G:A,5,57700733,5:57700733:G:C,0.991056,14844,chr5:57715577-57715577,ACTBL2
5,57715577,5:57715577:G:A,5,57701274,5:57701274:A:T,0.991056,14303,chr5:57715577-57715577,ACTBL2
5,57715577,5:57715577:G:A,5,57702028,5:57702028:T:C,0.991056,13549,chr5:57715577-57715577,ACTBL2
5,57715577,5:57715577:G:A,5,57703866,5:57703866:A:G,0.991056,11711,chr5:57715577-57715577,ACTBL2
5,57715577,5:57715577:G:A,5,57706502,5:57706502:C:T,0.991056,9075,chr5:57715577-57715577,ACTBL2
5,57715577,5:57715577:G:A,5,57715577,5:57715577:G:A,1.0,0,chr5:57715577-57715577,ACTBL2
5,57715577,5:57715577:G:A,5,57715642,5:57715642:A:T,1.0,65,chr5:57715577-57715577,ACTBL2
5,57715577,5:57715577:G:A,5,57718369,5:57718369:C:T,0.994643,2792,chr5:57715577-57715577,ACTBL2
5,57715577,5:57715577:G:A,5,57719100,5:57719100:G:A,0.994643,3523,chr5:57715577-57715577,ACTBL2
5,57715577,5:57715577:G:A,5,57723264,5:57723264:T:C,0.996415,7687,chr5:57715577-57715577,ACTBL2
5,57715577,5:57715577:G:A,5,57731815,5:57731815:A:G,0.985752,16238,chr5:57715577-57715577,ACTBL2
5,57715577,5:57715577:G:A,5,57733441,5:57733441:A:G,0.991046,17864,chr5:57715577-57715577,ACTBL2
5,57715577,5:57715577:G:A,5,57740824,5:57740824:G:A,0.991098,25247,chr5:57715577-57715577,ACTBL2
5,139394348,5:139394348:T:C,5,139394348,5:139394348:T:C,1.0,0,chr5:139394348-139394348,PROB1/SPATA24
5,139394348,5:139394348:T:C,5,139426616,5:139426616:T:G,0.922043,32268,chr5:139394348-139394348,PROB1/SPATA24
6,16280956,6:16280956:C:T,6,16247791,6:16247791:CAG:C,0.92751,33165,chr6:16280956-16280956,GMPR
6,16280956,6:16280956:C:T,6,16251414,6:16251414:T:C,0.930791,29542,chr6:16280956-16280956,GMPR
6,16280956,6:16280956:C:T,6,16252248,6:16252248:C:T,0.928981,28708,chr6:16280956-16280956,GMPR
6,16280956,6:16280956:C:T,6,16252622,6:16252622:T:C,0.929707,28334,chr6:16280956-16280956,GMPR
6,16280956,6:16280956:C:T,6,16254354,6:16254354:C:T,0.927468,26602,chr6:16280956-16280956,GMPR
6,16280956,6:16280956:C:T,6,16256351,6:16256351:TAAAAAA:T,0.842071,24605,chr6:16280956-16280956,GMPR
6,16280956,6:16280956:C:T,6,16280956,6:16280956:C:T,1.0,0,chr6:16280956-16280956,GMPR
6,16280956,6:16280956:C:T,6,16282287,6:16282287:AG:A,0.969314,1331,chr6:16280956-16280956,GMPR
6,36679512,6:36679512:G:A,6,36678991,6:36678991:C:CTA,0.972934,521,chr6:36679512-36679512,CDKN1A
6,36679512,6:36679512:G:A,6,36679512,6:36679512:G:A,1.0,0,chr6:36679512-36679512,CDKN1A
6,36679512,6:36679512:G:A,6,36680287,6:36680287:CGCGT:C,0.927117,775,chr6:36679512-36679512,CDKN1A
6,54134227,6:54134227:A:C,6,54098150,6:54098150:T:TTC,0.847472,36077,chr6:54134227-54134227,MLIP
6,54134227,6:54134227:A:C,6,54099906,6:54099906:T:G,0.837042,34321,chr6:54134227-54134227,MLIP
6,54134227,6:54134227:A:C,6,54106603,6:54106603:G:A,0.888295,27624,chr6:54134227-54134227,MLIP
6,54134227,6:54134227:A:C,6,54107123,6:54107123:T:C,0.887751,27104,chr6:54134227-54134227,MLIP
6,54134227,6:54134227:A:C,6,54109046,6:54109046:C:CAT,0.916327,25181,chr6:54134227-54134227,MLIP
6,54134227,6:54134227:A:C,6,54112697,6:54112697:A:G,0.832083,21530,chr6:54134227-54134227,MLIP
6,54134227,6:54134227:A:C,6,54117832,6:54117832:G:A,0.894377,16395,chr6:54134227-54134227,MLIP
6,54134227,6:54134227:A:C,6,54118192,6:54118192:A:C,0.91731,16035,chr6:54134227-54134227,MLIP
6,54134227,6:54134227:A:C,6,54120101,6:54120101:C:T,0.945444,14126,chr6:54134227-54134227,MLIP
6,54134227,6:54134227:A:C,6,54120240,6:54120240:AT:A,0.92196,13987,chr6:54134227-54134227,MLIP
6,54134227,6:54134227:A:C,6,54120277,6:54120277:A:C,0.941306,13950,chr6:54134227-54134227,MLIP
6,54134227,6:54134227:A:C,6,54120355,6:54120355:C:T,0.941808,13872,chr6:54134227-54134227,MLIP
6,54134227,6:54134227:A:C,6,54120369,6:54120369:A:G,0.941275,13858,chr6:54134227-54134227,MLIP
6,54134227,6:54134227:A:C,6,54120401,6:54120401:AT:A,0.939669,13826,chr6:54134227-54134227,MLIP
6,54134227,6:54134227:A:C,6,54120541,6:54120541:T:C,0.941808,13686,chr6:54134227-54134227,MLIP
6,54134227,6:54134227:A:C,6,54125667,6:54125667:G:A,0.877143,8560,chr6:54134227-54134227,MLIP
6,54134227,6:54134227:A:C,6,54127098,6:54127098:G:T,0.875606,7129,chr6:54134227-54134227,MLIP
6,54134227,6:54134227:A:C,6,54127227,6:54127227:GA:G,0.953541,7000,chr6:54134227-54134227,MLIP
6,54134227,6:54134227:A:C,6,54130744,6:54130744:G:C,0.902293,3483,chr6:54134227-54134227,MLIP
6,54134227,6:54134227:A:C,6,54133325,6:54133325:T:G,0.927453,902,chr6:54134227-54134227,MLIP
6,54134227,6:54134227:A:C,6,54134227,6:54134227:A:C,1.0,0,chr6:54134227-54134227,MLIP
6,54134227,6:54134227:A:C,6,54140245,6:54140245:A:G,0.945874,6018,chr6:54134227-54134227,MLIP
6,54134227,6:54134227:A:C,6,54142486,6:54142486:G:A,0.950849,8259,chr6:54134227-54134227,MLIP
6,54134227,6:54134227:A:C,6,54144578,6:54144578:T:C,0.945874,10351,chr6:54134227-54134227,MLIP
6,54134227,6:54134227:A:C,6,54147554,6:54147554:G:C,0.941595,13327,chr6:54134227-54134227,MLIP
6,54134227,6:54134227:A:C,6,54148967,6:54148967:A:G,0.937077,14740,chr6:54134227-54134227,MLIP
6,54134227,6:54134227:A:C,6,54152079,6:54152079:A:G,0.949276,17852,chr6:54134227-54134227,MLIP
6,54134227,6:54134227:A:C,6,54152867,6:54152867:A:AGAAT,0.916559,18640,chr6:54134227-54134227,MLIP
6,54134227,6:54134227:A:C,6,54154303,6:54154303:A:C,0.911196,20076,chr6:54134227-54134227,MLIP
6,54134227,6:54134227:A:C,6,54157573,6:54157573:A:G,0.941595,23346,chr6:54134227-54134227,MLIP
6,54134227,6:54134227:A:C,6,54157643,6:54157643:C:G,0.946322,23416,chr6:54134227-54134227,MLIP
6,54134227,6:54134227:A:C,6,54157902,6:54157902:A:G,0.946322,23675,chr6:54134227-54134227,MLIP
6,54134227,6:54134227:A:C,6,54159845,6:54159845:G:A,0.911196,25618,chr6:54134227-54134227,MLIP
6,54134227,6:54134227:A:C,6,54161061,6:54161061:T:A,0.949276,26834,chr6:54134227-54134227,MLIP
6,54134227,6:54134227:A:C,6,54164354,6:54164354:G:C,0.909563,30127,chr6:54134227-54134227,MLIP
6,54134227,6:54134227:A:C,6,54174329,6:54174329:T:C,0.896457,40102,chr6:54134227-54134227,MLIP
6,54134227,6:54134227:A:C,6,54176728,6:54176728:G:A,0.895072,42501,chr6:54134227-54134227,MLIP
6,54134227,6:54134227:A:C,6,54190039,6:54190039:A:G,0.894283,55812,chr6:54134227-54134227,MLIP
6,118331912,6:118331912:G:A,6,118331912,6:118331912:G:A,1.0,0,chr6:118331912-118331912,SLC35F1/PLN
6,118331912,6:118331912:G:A,6,118332041,6:118332041:G:C,1.0,129,chr6:118331912-118331912,SLC35F1/PLN
6,118331912,6:118331912:G:A,6,118333145,6:118333145:G:C,1.0,1233,chr6:118331912-118331912,SLC35F1/PLN
6,118331912,6:118331912:G:A,6,118359389,6:118359389:G:C,0.966226,27477,chr6:118331912-118331912,SLC35F1/PLN
6,118331912,6:118331912:G:A,6,118370282,6:118370282:G:C,0.9614,38370,chr6:118331912-118331912,SLC35F1/PLN
6,118331912,6:118331912:G:A,6,118370989,6:118370989:G:C,0.9614,39077,chr6:118331912-118331912,SLC35F1/PLN
6,118331912,6:118331912:G:A,6,118390140,6:118390140:G:C,0.898903,58228,chr6:118331912-118331912,SLC35F1/PLN
6,118331912,6:118331912:G:A,6,118403564,6:118403564:T:C,0.903697,71652,chr6:118331912-118331912,SLC35F1/PLN
6,125769131,6:125769131:T:C,6,125731213,6:125731213:A:G,0.819505,37918,chr6:125769131-125769131,HEY2
6,125769131,6:125769131:T:C,6,125740356,6:125740356:G:A,0.823269,28775,chr6:125769131-125769131,HEY2
6,125769131,6:125769131:T:C,6,125743774,6:125743774:T:A,0.824414,25357,chr6:125769131-125769131,HEY2
6,125769131,6:125769131:T:C,6,125744680,6:125744680:GTCT:G,0.823853,24451,chr6:125769131-125769131,HEY2
6,125769131,6:125769131:T:C,6,125746509,6:125746509:C:A,0.847123,22622,chr6:125769131-125769131,HEY2
6,125769131,6:125769131:T:C,6,125746855,6:125746855:T:G,0.852318,22276,chr6:125769131-125769131,HEY2
6,125769131,6:125769131:T:C,6,125748490,6:125748490:G:C,0.868596,20641,chr6:125769131-125769131,HEY2
6,125769131,6:125769131:T:C,6,125749643,6:125749643:T:G,0.860286,19488,chr6:125769131-125769131,HEY2
6,125769131,6:125769131:T:C,6,125750429,6:125750429:G:C,0.868219,18702,chr6:125769131-125769131,HEY2
6,125769131,6:125769131:T:C,6,125754167,6:125754167:T:C,0.919812,14964,chr6:125769131-125769131,HEY2
6,125769131,6:125769131:T:C,6,125756511,6:125756511:G:A,0.927399,12620,chr6:125769131-125769131,HEY2
6,125769131,6:125769131:T:C,6,125757215,6:125757215:A:G,0.924201,11916,chr6:125769131-125769131,HEY2
6,125769131,6:125769131:T:C,6,125758822,6:125758822:G:A,0.936063,10309,chr6:125769131-125769131,HEY2
6,125769131,6:125769131:T:C,6,125762512,6:125762512:G:A,0.935472,6619,chr6:125769131-125769131,HEY2
6,125769131,6:125769131:T:C,6,125768139,6:125768139:G:C,0.949862,992,chr6:125769131-125769131,HEY2
6,125769131,6:125769131:T:C,6,125769131,6:125769131:T:C,1.0,0,chr6:125769131-125769131,HEY2
6,125769131,6:125769131:T:C,6,125769231,6:125769231:T:C,0.931284,100,chr6:125769131-125769131,HEY2
6,125769131,6:125769131:T:C,6,125769462,6:125769462:A:G,0.949862,331,chr6:125769131-125769131,HEY2
6,125769131,6:125769131:T:C,6,125773611,6:125773611:A:T,0.941129,4480,chr6:125769131-125769131,HEY2
6,125769131,6:125769131:T:C,6,125773998,6:125773998:C:A,0.941129,4867,chr6:125769131-125769131,HEY2
6,125769131,6:125769131:T:C,6,125776228,6:125776228:GC:G,0.918254,7097,chr6:125769131-125769131,HEY2
6,125769131,6:125769131:T:C,6,125779052,6:125779052:G:A,0.925386,9921,chr6:125769131-125769131,HEY2
6,125769131,6:125769131:T:C,6,125781835,6:125781835:A:T,0.925386,12704,chr6:125769131-125769131,HEY2
6,125769131,6:125769131:T:C,6,125782972,6:125782972:A:G,0.933181,13841,chr6:125769131-125769131,HEY2
6,125769131,6:125769131:T:C,6,125785427,6:125785427:G:T,0.933181,16296,chr6:125769131-125769131,HEY2
6,125769131,6:125769131:T:C,6,125786573,6:125786573:CTTT:C,0.835683,17442,chr6:125769131-125769131,HEY2
6,125769131,6:125769131:T:C,6,125786805,6:125786805:A:C,0.934703,17674,chr6:125769131-125769131,HEY2
6,125769131,6:125769131:T:C,6,125790283,6:125790283:A:T,0.886704,21152,chr6:125769131-125769131,HEY2
6,125769131,6:125769131:T:C,6,125790654,6:125790654:G:A,0.854846,21523,chr6:125769131-125769131,HEY2
6,125769131,6:125769131:T:C,6,125794237,6:125794237:A:C,0.871519,25106,chr6:125769131-125769131,HEY2
6,125769131,6:125769131:T:C,6,125794675,6:125794675:T:C,0.871519,25544,chr6:125769131-125769131,HEY2
6,125769131,6:125769131:T:C,6,125795807,6:125795807:A:G,0.820919,26676,chr6:125769131-125769131,HEY2
6,149843242,6:149843242:G:A,6,149588797,6:149588797:T:C,0.864136,254445,chr6:149843242-149843242,NUP43/PCMT1
6,149843242,6:149843242:G:A,6,149593917,6:149593917:C:T,0.811435,249325,chr6:149843242-149843242,NUP43/PCMT1
6,149843242,6:149843242:G:A,6,149598747,6:149598747:AAAC:A,0.816516,244495,chr6:149843242-149843242,NUP43/PCMT1
6,149843242,6:149843242:G:A,6,149599113,6:149599113:C:T,0.813114,244129,chr6:149843242-149843242,NUP43/PCMT1
6,149843242,6:149843242:G:A,6,149631585,6:149631585:C:A,0.804586,211657,chr6:149843242-149843242,NUP43/PCMT1
6,149843242,6:149843242:G:A,6,149660323,6:149660323:A:G,0.802577,182919,chr6:149843242-149843242,NUP43/PCMT1
6,149843242,6:149843242:G:A,6,149662966,6:149662966:CA:C,0.817796,180276,chr6:149843242-149843242,NUP43/PCMT1
6,149843242,6:149843242:G:A,6,149664161,6:149664161:CA:C,0.811166,179081,chr6:149843242-149843242,NUP43/PCMT1
6,149843242,6:149843242:G:A,6,149693611,6:149693611:AAAACAAAC:A,0.816685,149631,chr6:149843242-149843242,NUP43/PCMT1
6,149843242,6:149843242:G:A,6,149729434,6:149729434:A:G,0.904768,113808,chr6:149843242-149843242,NUP43/PCMT1
6,149843242,6:149843242:G:A,6,149730977,6:149730977:A:T,0.834059,112265,chr6:149843242-149843242,NUP43/PCMT1
6,149843242,6:149843242:G:A,6,149732183,6:149732183:G:GA,0.864529,111059,chr6:149843242-149843242,NUP43/PCMT1
6,149843242,6:149843242:G:A,6,149734502,6:149734502:A:T,0.827024,108740,chr6:149843242-149843242,NUP43/PCMT1
6,149843242,6:149843242:G:A,6,149735527,6:149735527:C:T,0.833211,107715,chr6:149843242-149843242,NUP43/PCMT1
6,149843242,6:149843242:G:A,6,149737177,6:149737177:G:A,0.891965,106065,chr6:149843242-149843242,NUP43/PCMT1
6,149843242,6:149843242:G:A,6,149737690,6:149737690:A:G,0.902281,105552,chr6:149843242-149843242,NUP43/PCMT1
6,149843242,6:149843242:G:A,6,149739108,6:149739108:A:G,0.901153,104134,chr6:149843242-149843242,NUP43/PCMT1
6,149843242,6:149843242:G:A,6,149740350,6:149740350:G:T,0.901153,102892,chr6:149843242-149843242,NUP43/PCMT1
6,149843242,6:149843242:G:A,6,149740561,6:149740561:G:A,0.901153,102681,chr6:149843242-149843242,NUP43/PCMT1
6,149843242,6:149843242:G:A,6,149740655,6:149740655:T:C,0.90319,102587,chr6:149843242-149843242,NUP43/PCMT1
6,149843242,6:149843242:G:A,6,149741819,6:149741819:T:C,0.887481,101423,chr6:149843242-149843242,NUP43/PCMT1
6,149843242,6:149843242:G:A,6,149743597,6:149743597:CA:C,0.88627,99645,chr6:149843242-149843242,NUP43/PCMT1
6,149843242,6:149843242:G:A,6,149743841,6:149743841:T:A,0.891382,99401,chr6:149843242-149843242,NUP43/PCMT1
6,149843242,6:149843242:G:A,6,149744922,6:149744922:A:T,0.855013,98320,chr6:149843242-149843242,NUP43/PCMT1
6,149843242,6:149843242:G:A,6,149746539,6:149746539:A:G,0.904817,96703,chr6:149843242-149843242,NUP43/PCMT1
6,149843242,6:149843242:G:A,6,149749393,6:149749393:C:G,0.892436,93849,chr6:149843242-149843242,NUP43/PCMT1
6,149843242,6:149843242:G:A,6,149750892,6:149750892:A:C,0.904817,92350,chr6:149843242-149843242,NUP43/PCMT1
6,149843242,6:149843242:G:A,6,149751328,6:149751328:A:T,0.890042,91914,chr6:149843242-149843242,NUP43/PCMT1
6,149843242,6:149843242:G:A,6,149751542,6:149751542:C:A,0.887893,91700,chr6:149843242-149843242,NUP43/PCMT1
6,149843242,6:149843242:G:A,6,149752755,6:149752755:A:C,0.904817,90487,chr6:149843242-149843242,NUP43/PCMT1
6,149843242,6:149843242:G:A,6,149753369,6:149753369:AT:A,0.904817,89873,chr6:149843242-149843242,NUP43/PCMT1
6,149843242,6:149843242:G:A,6,149753911,6:149753911:T:C,0.904817,89331,chr6:149843242-149843242,NUP43/PCMT1
6,149843242,6:149843242:G:A,6,149754363,6:149754363:C:T,0.904817,88879,chr6:149843242-149843242,NUP43/PCMT1
6,149843242,6:149843242:G:A,6,149755099,6:149755099:A:AAGGGAC,0.904224,88143,chr6:149843242-149843242,NUP43/PCMT1
6,149843242,6:149843242:G:A,6,149756353,6:149756353:C:CT,0.84084,86889,chr6:149843242-149843242,NUP43/PCMT1
6,149843242,6:149843242:G:A,6,149756953,6:149756953:C:G,0.903039,86289,chr6:149843242-149843242,NUP43/PCMT1
6,149843242,6:149843242:G:A,6,149758385,6:149758385:AT:A,0.904817,84857,chr6:149843242-149843242,NUP43/PCMT1
6,149843242,6:149843242:G:A,6,149758502,6:149758502:A:G,0.904817,84740,chr6:149843242-149843242,NUP43/PCMT1
6,149843242,6:149843242:G:A,6,149758875,6:149758875:A:C,0.904817,84367,chr6:149843242-149843242,NUP43/PCMT1
6,149843242,6:149843242:G:A,6,149759454,6:149759454:T:G,0.897174,83788,chr6:149843242-149843242,NUP43/PCMT1
6,149843242,6:149843242:G:A,6,149759746,6:149759746:C:T,0.897632,83496,chr6:149843242-149843242,NUP43/PCMT1
6,149843242,6:149843242:G:A,6,149760959,6:149760959:A:G,0.904817,82283,chr6:149843242-149843242,NUP43/PCMT1
6,149843242,6:149843242:G:A,6,149761178,6:149761178:T:TAC,0.850098,82064,chr6:149843242-149843242,NUP43/PCMT1
6,149843242,6:149843242:G:A,6,149761257,6:149761257:ATGTG:A,0.892268,81985,chr6:149843242-149843242,NUP43/PCMT1
6,149843242,6:149843242:G:A,6,149836834,6:149836834:G:GAAAA,0.955899,6408,chr6:149843242-149843242,NUP43/PCMT1
6,149843242,6:149843242:G:A,6,149837058,6:149837058:G:T,0.894737,6184,chr6:149843242-149843242,NUP43/PCMT1
6,149843242,6:149843242:G:A,6,149838917,6:149838917:G:A,0.95419,4325,chr6:149843242-149843242,NUP43/PCMT1
6,149843242,6:149843242:G:A,6,149839298,6:149839298:A:G,0.95419,3944,chr6:149843242-149843242,NUP43/PCMT1
6,149843242,6:149843242:G:A,6,149839815,6:149839815:C:T,0.959124,3427,chr6:149843242-149843242,NUP43/PCMT1
6,149843242,6:149843242:G:A,6,149840735,6:149840735:C:T,0.945712,2507,chr6:149843242-149843242,NUP43/PCMT1
6,149843242,6:149843242:G:A,6,149842179,6:149842179:CTTA:C,0.968988,1063,chr6:149843242-149843242,NUP43/PCMT1
6,149843242,6:149843242:G:A,6,149842775,6:149842775:T:C,0.968988,467,chr6:149843242-149843242,NUP43/PCMT1
6,149843242,6:149843242:G:A,6,149843242,6:149843242:G:A,1.0,0,chr6:149843242-149843242,NUP43/PCMT1
7,128798230,7:128798230:C:T,7,128798230,7:128798230:C:T,1.0,0,chr7:128798230-128798230,CCDC136/FLNC
7,128798230,7:128798230:C:T,7,128800587,7:128800587:T:G,0.835715,2357,chr7:128798230-128798230,CCDC136/FLNC
7,128798230,7:128798230:C:T,7,128803250,7:128803250:T:C,0.864503,5020,chr7:128798230-128798230,CCDC136/FLNC
7,128798230,7:128798230:C:T,7,128805212,7:128805212:T:C,0.859211,6982,chr7:128798230-128798230,CCDC136/FLNC
7,128798230,7:128798230:C:T,7,128813797,7:128813797:T:A,0.882604,15567,chr7:128798230-128798230,CCDC136/FLNC
7,128798230,7:128798230:C:T,7,128815862,7:128815862:G:A,0.890619,17632,chr7:128798230-128798230,CCDC136/FLNC
7,128798230,7:128798230:C:T,7,128828479,7:128828479:A:G,0.858632,30249,chr7:128798230-128798230,CCDC136/FLNC
7,128798230,7:128798230:C:T,7,128831106,7:128831106:C:CT,0.871999,32876,chr7:128798230-128798230,CCDC136/FLNC
8,8310872,8:8310872:G:A,8,8310872,8:8310872:G:A,1.0,0,chr8:8310872-8310872,ERI1
8,8310872,8:8310872:G:A,8,8312807,8:8312807:T:A,0.801099,1935,chr8:8310872-8310872,ERI1
8,8310872,8:8310872:G:A,8,8313734,8:8313734:T:TTTATTA,0.894901,2862,chr8:8310872-8310872,ERI1
8,8310872,8:8310872:G:A,8,8314210,8:8314210:G:A,0.834087,3338,chr8:8310872-8310872,ERI1
8,11925609,8:11925609:C:T,8,11919897,8:11919897:C:T,0.8707,5712,chr8:11925609-11925609,FAM167A/FDFT1
8,11925609,8:11925609:C:T,8,11922671,8:11922671:A:G,0.811042,2938,chr8:11925609-11925609,FAM167A/FDFT1
8,11925609,8:11925609:C:T,8,11923084,8:11923084:G:A,0.816066,2525,chr8:11925609-11925609,FAM167A/FDFT1
8,11925609,8:11925609:C:T,8,11923378,8:11923378:A:G,0.816138,2231,chr8:11925609-11925609,FAM167A/FDFT1
8,11925609,8:11925609:C:T,8,11923435,8:11923435:G:C,0.806985,2174,chr8:11925609-11925609,FAM167A/FDFT1
8,11925609,8:11925609:C:T,8,11923543,8:11923543:G:C,0.836356,2066,chr8:11925609-11925609,FAM167A/FDFT1
8,11925609,8:11925609:C:T,8,11923955,8:11923955:T:C,0.845953,1654,chr8:11925609-11925609,FAM167A/FDFT1
8,11925609,8:11925609:C:T,8,11924026,8:11924026:G:T,0.875087,1583,chr8:11925609-11925609,FAM167A/FDFT1
8,11925609,8:11925609:C:T,8,11924159,8:11924159:C:T,0.848306,1450,chr8:11925609-11925609,FAM167A/FDFT1
8,11925609,8:11925609:C:T,8,11924183,8:11924183:C:A,0.848306,1426,chr8:11925609-11925609,FAM167A/FDFT1
8,11925609,8:11925609:C:T,8,11924185,8:11924185:T:C,0.848306,1424,chr8:11925609-11925609,FAM167A/FDFT1
8,11925609,8:11925609:C:T,8,11924371,8:11924371:T:C,0.850185,1238,chr8:11925609-11925609,FAM167A/FDFT1
8,11925609,8:11925609:C:T,8,11924479,8:11924479:G:A,0.871903,1130,chr8:11925609-11925609,FAM167A/FDFT1
8,11925609,8:11925609:C:T,8,11924518,8:11924518:G:C,0.848286,1091,chr8:11925609-11925609,FAM167A/FDFT1
8,11925609,8:11925609:C:T,8,11924554,8:11924554:G:A,0.850086,1055,chr8:11925609-11925609,FAM167A/FDFT1
8,11925609,8:11925609:C:T,8,11924705,8:11924705:G:A,0.850185,904,chr8:11925609-11925609,FAM167A/FDFT1
8,11925609,8:11925609:C:T,8,11924736,8:11924736:GT:G,0.877859,873,chr8:11925609-11925609,FAM167A/FDFT1
8,11925609,8:11925609:C:T,8,11924747,8:11924747:CTT:C,0.845529,862,chr8:11925609-11925609,FAM167A/FDFT1
8,11925609,8:11925609:C:T,8,11924802,8:11924802:G:A,0.873239,807,chr8:11925609-11925609,FAM167A/FDFT1
8,11925609,8:11925609:C:T,8,11924817,8:11924817:T:C,0.845156,792,chr8:11925609-11925609,FAM167A/FDFT1
8,11925609,8:11925609:C:T,8,11924840,8:11924840:G:T,0.87385,769,chr8:11925609-11925609,FAM167A/FDFT1
8,11925609,8:11925609:C:T,8,11924924,8:11924924:A:G,0.83547,685,chr8:11925609-11925609,FAM167A/FDFT1
8,11925609,8:11925609:C:T,8,11925025,8:11925025:C:A,0.827696,584,chr8:11925609-11925609,FAM167A/FDFT1
8,11925609,8:11925609:C:T,8,11925061,8:11925061:A:C,0.843556,548,chr8:11925609-11925609,FAM167A/FDFT1
8,11925609,8:11925609:C:T,8,11925100,8:11925100:T:A,0.850185,509,chr8:11925609-11925609,FAM167A/FDFT1
8,11925609,8:11925609:C:T,8,11925250,8:11925250:G:A,0.851939,359,chr8:11925609-11925609,FAM167A/FDFT1
8,11925609,8:11925609:C:T,8,11925306,8:11925306:T:C,0.850185,303,chr8:11925609-11925609,FAM167A/FDFT1
8,11925609,8:11925609:C:T,8,11925377,8:11925377:C:T,0.854836,232,chr8:11925609-11925609,FAM167A/FDFT1
8,11925609,8:11925609:C:T,8,11925410,8:11925410:A:T,0.851939,199,chr8:11925609-11925609,FAM167A/FDFT1
8,11925609,8:11925609:C:T,8,11925609,8:11925609:C:T,1.0,0,chr8:11925609-11925609,FAM167A/FDFT1
8,11925609,8:11925609:C:T,8,11925725,8:11925725:A:G,0.852487,116,chr8:11925609-11925609,FAM167A/FDFT1
8,11925609,8:11925609:C:T,8,11926015,8:11926015:A:G,0.878411,406,chr8:11925609-11925609,FAM167A/FDFT1
8,11925609,8:11925609:C:T,8,11926076,8:11926076:C:A,0.851232,467,chr8:11925609-11925609,FAM167A/FDFT1
8,11925609,8:11925609:C:T,8,11926105,8:11926105:C:T,0.882632,496,chr8:11925609-11925609,FAM167A/FDFT1
8,11925609,8:11925609:C:T,8,11926106,8:11926106:A:G,0.852487,497,chr8:11925609-11925609,FAM167A/FDFT1
8,11925609,8:11925609:C:T,8,11926109,8:11926109:T:C,0.852487,500,chr8:11925609-11925609,FAM167A/FDFT1
8,11925609,8:11925609:C:T,8,11926181,8:11926181:C:T,0.882632,572,chr8:11925609-11925609,FAM167A/FDFT1
8,11925609,8:11925609:C:T,8,11926536,8:11926536:T:C,0.852487,927,chr8:11925609-11925609,FAM167A/FDFT1
8,11925609,8:11925609:C:T,8,11926725,8:11926725:C:T,0.851295,1116,chr8:11925609-11925609,FAM167A/FDFT1
8,11925609,8:11925609:C:T,8,11926731,8:11926731:C:T,0.851922,1122,chr8:11925609-11925609,FAM167A/FDFT1
8,11925609,8:11925609:C:T,8,11926817,8:11926817:T:C,0.851922,1208,chr8:11925609-11925609,FAM167A/FDFT1
8,11925609,8:11925609:C:T,8,11926894,8:11926894:A:T,0.851375,1285,chr8:11925609-11925609,FAM167A/FDFT1
8,11925609,8:11925609:C:T,8,11927032,8:11927032:C:T,0.851922,1423,chr8:11925609-11925609,FAM167A/FDFT1
8,11925609,8:11925609:C:T,8,11927352,8:11927352:T:C,0.850715,1743,chr8:11925609-11925609,FAM167A/FDFT1
8,11925609,8:11925609:C:T,8,11927416,8:11927416:A:C,0.851922,1807,chr8:11925609-11925609,FAM167A/FDFT1
8,11925609,8:11925609:C:T,8,11927447,8:11927447:A:G,0.87976,1838,chr8:11925609-11925609,FAM167A/FDFT1
8,11925609,8:11925609:C:T,8,11927480,8:11927480:T:A,0.850127,1871,chr8:11925609-11925609,FAM167A/FDFT1
8,11925609,8:11925609:C:T,8,11927482,8:11927482:A:T,0.852524,1873,chr8:11925609-11925609,FAM167A/FDFT1
8,11925609,8:11925609:C:T,8,11927663,8:11927665:GA:G,0.85193,2054,chr8:11925609-11925609,FAM167A/FDFT1
8,11925609,8:11925609:C:T,8,11928040,8:11928040:C:A,0.850186,2431,chr8:11925609-11925609,FAM167A/FDFT1
8,11925609,8:11925609:C:T,8,11928146,8:11928146:G:A,0.850186,2537,chr8:11925609-11925609,FAM167A/FDFT1
8,11925609,8:11925609:C:T,8,11929694,8:11929694:C:T,0.8769,4085,chr8:11925609-11925609,FAM167A/FDFT1
8,11925609,8:11925609:C:T,8,11932385,8:11932385:C:T,0.842589,6776,chr8:11925609-11925609,FAM167A/FDFT1
8,11925609,8:11925609:C:T,8,11932785,8:11932785:CG:C,0.839708,7176,chr8:11925609-11925609,FAM167A/FDFT1
8,11925609,8:11925609:C:T,8,11935393,8:11935393:C:T,0.835173,9784,chr8:11925609-11925609,FAM167A/FDFT1
8,11925609,8:11925609:C:T,8,11936145,8:11936145:T:G,0.823537,10536,chr8:11925609-11925609,FAM167A/FDFT1
8,21944921,8:21944921:G:A,8,21919170,8:21919170:T:A,0.844822,25751,chr8:21944921-21944921,XPO7
8,21944921,8:21944921:G:A,8,21927049,8:21927049:T:G,0.851584,17872,chr8:21944921-21944921,XPO7
8,21944921,8:21944921:G:A,8,21941734,8:21941734:G:A,0.875835,3187,chr8:21944921-21944921,XPO7
8,21944921,8:21944921:G:A,8,21944921,8:21944921:G:A,1.0,0,chr8:21944921-21944921,XPO7
8,21944921,8:21944921:G:A,8,21945326,8:21945326:A:G,0.999291,405,chr8:21944921-21944921,XPO7
8,21944921,8:21944921:G:A,8,21946224,8:21946224:C:A,0.946045,1303,chr8:21944921-21944921,XPO7
8,21944921,8:21944921:G:A,8,21946580,8:21946580:A:AC,0.948062,1659,chr8:21944921-21944921,XPO7
8,21944921,8:21944921:G:A,8,21947754,8:21947754:T:C,0.964023,2833,chr8:21944921-21944921,XPO7
8,21944921,8:21944921:G:A,8,21953092,8:21953092:G:A,0.98658,8171,chr8:21944921-21944921,XPO7
8,21944921,8:21944921:G:A,8,21954482,8:21954482:A:C,0.947991,9561,chr8:21944921-21944921,XPO7
8,21944921,8:21944921:G:A,8,21955629,8:21955629:C:T,0.893551,10708,chr8:21944921-21944921,XPO7
8,21944921,8:21944921:G:A,8,21957867,8:21957867:G:A,0.890896,12946,chr8:21944921-21944921,XPO7
8,21944921,8:21944921:G:A,8,21963694,8:21963695:CAA:C,0.800548,18773,chr8:21944921-21944921,XPO7
8,21944921,8:21944921:G:A,8,21964267,8:21964267:G:T,0.921831,19346,chr8:21944921-21944921,XPO7
8,21944921,8:21944921:G:A,8,21964613,8:21964613:CA:C,0.800524,19692,chr8:21944921-21944921,XPO7
8,21944921,8:21944921:G:A,8,21965662,8:21965662:G:C,0.892251,20741,chr8:21944921-21944921,XPO7
8,21944921,8:21944921:G:A,8,21965976,8:21965976:C:T,0.895826,21055,chr8:21944921-21944921,XPO7
8,21944921,8:21944921:G:A,8,21969309,8:21969309:TTATGC:T,0.906896,24388,chr8:21944921-21944921,XPO7
8,21944921,8:21944921:G:A,8,21969880,8:21969880:G:A,0.923613,24959,chr8:21944921-21944921,XPO7
8,21944921,8:21944921:G:A,8,21972784,8:21972784:A:G,0.92489,27863,chr8:21944921-21944921,XPO7
8,21944921,8:21944921:G:A,8,21975863,8:21975863:G:C,0.903693,30942,chr8:21944921-21944921,XPO7
8,21944921,8:21944921:G:A,8,21976945,8:21976945:C:G,0.918745,32024,chr8:21944921-21944921,XPO7
8,21944921,8:21944921:G:A,8,21978074,8:21978074:C:CT,0.925038,33153,chr8:21944921-21944921,XPO7
8,21944921,8:21944921:G:A,8,21978396,8:21978396:G:A,0.919712,33475,chr8:21944921-21944921,XPO7
8,21944921,8:21944921:G:A,8,21980483,8:21980483:C:G,0.879888,35562,chr8:21944921-21944921,XPO7
8,21944921,8:21944921:G:A,8,21981278,8:21981278:T:C,0.921544,36357,chr8:21944921-21944921,XPO7
8,21944921,8:21944921:G:A,8,21981509,8:21981509:T:C,0.922222,36588,chr8:21944921-21944921,XPO7
8,21944921,8:21944921:G:A,8,21981582,8:21981582:T:G,0.922203,36661,chr8:21944921-21944921,XPO7
8,21944921,8:21944921:G:A,8,21982157,8:21982157:G:A,0.881207,37236,chr8:21944921-21944921,XPO7
8,21944921,8:21944921:G:A,8,21985217,8:21985217:G:C,0.909028,40296,chr8:21944921-21944921,XPO7
8,21944921,8:21944921:G:A,8,21988108,8:21988108:G:T,0.914732,43187,chr8:21944921-21944921,XPO7
8,21944921,8:21944921:G:A,8,21989913,8:21989913:G:A,0.866255,44992,chr8:21944921-21944921,XPO7
8,21944921,8:21944921:G:A,8,21993145,8:21993145:A:G,0.922336,48224,chr8:21944921-21944921,XPO7
8,21944921,8:21944921:G:A,8,21995064,8:21995064:AAATAAT:A,0.892171,50143,chr8:21944921-21944921,XPO7
8,21944921,8:21944921:G:A,8,22002797,8:22002797:T:TAA,0.940927,57876,chr8:21944921-21944921,XPO7
8,21944921,8:21944921:G:A,8,22009422,8:22009422:T:C,0.853734,64501,chr8:21944921-21944921,XPO7
8,21944921,8:21944921:G:A,8,22013456,8:22013456:C:A,0.862764,68535,chr8:21944921-21944921,XPO7
8,123540063,8:123540063:G:A,8,123539539,8:123539539:G:A,0.986327,524,chr8:123540063-123540063,FBXO32
8,123540063,8:123540063:G:A,8,123540063,8:123540063:G:A,1.0,0,chr8:123540063-123540063,FBXO32
8,124847575,8:124847575:C:A,8,124845117,8:124845117:G:T,0.876338,2458,chr8:124847575-124847575,MTSS1
8,124847575,8:124847575:C:A,8,124846279,8:124846279:G:A,0.879427,1296,chr8:124847575-124847575,MTSS1
8,124847575,8:124847575:C:A,8,124847575,8:124847575:C:A,1.0,0,chr8:124847575-124847575,MTSS1
8,124847575,8:124847575:C:A,8,124847608,8:124847608:G:A,0.8193,33,chr8:124847575-124847575,MTSS1
8,124847575,8:124847575:C:A,8,124849132,8:124849132:C:T,0.951232,1557,chr8:124847575-124847575,MTSS1
8,124847575,8:124847575:C:A,8,124855592,8:124855592:A:T,0.942687,8017,chr8:124847575-124847575,MTSS1
8,124847575,8:124847575:C:A,8,124864202,8:124864202:A:G,0.904805,16627,chr8:124847575-124847575,MTSS1
8,124847575,8:124847575:C:A,8,124881909,8:124881909:C:T,0.877088,34334,chr8:124847575-124847575,MTSS1
8,124847575,8:124847575:C:A,8,124886015,8:124886015:T:C,0.844903,38440,chr8:124847575-124847575,MTSS1
9,131668839,9:131668839:C:T,9,131605807,9:131605807:C:T,0.86074,63032,chr9:131668839-131668839,RAPGEF1
9,131668839,9:131668839:C:T,9,131607762,9:131607762:C:T,0.918555,61077,chr9:131668839-131668839,RAPGEF1
9,131668839,9:131668839:C:T,9,131609647,9:131609647:T:C,0.917158,59192,chr9:131668839-131668839,RAPGEF1
9,131668839,9:131668839:C:T,9,131614423,9:131614423:C:G,0.948582,54416,chr9:131668839-131668839,RAPGEF1
9,131668839,9:131668839:C:T,9,131622206,9:131622206:C:T,0.94172,46633,chr9:131668839-131668839,RAPGEF1
9,131668839,9:131668839:C:T,9,131622260,9:131622260:A:C,0.94172,46579,chr9:131668839-131668839,RAPGEF1
9,131668839,9:131668839:C:T,9,131624672,9:131624672:G:A,0.94172,44167,chr9:131668839-131668839,RAPGEF1
9,131668839,9:131668839:C:T,9,131624932,9:131624932:C:T,0.94172,43907,chr9:131668839-131668839,RAPGEF1
9,131668839,9:131668839:C:T,9,131625030,9:131625030:C:G,0.96844,43809,chr9:131668839-131668839,RAPGEF1
9,131668839,9:131668839:C:T,9,131626679,9:131626679:G:A,0.916685,42160,chr9:131668839-131668839,RAPGEF1
9,131668839,9:131668839:C:T,9,131627048,9:131627048:C:T,0.94172,41791,chr9:131668839-131668839,RAPGEF1
9,131668839,9:131668839:C:T,9,131632129,9:131632129:C:T,0.980598,36710,chr9:131668839-131668839,RAPGEF1
9,131668839,9:131668839:C:T,9,131633449,9:131633449:G:A,0.980598,35390,chr9:131668839-131668839,RAPGEF1
9,131668839,9:131668839:C:T,9,131639894,9:131639894:G:T,0.96844,28945,chr9:131668839-131668839,RAPGEF1
9,131668839,9:131668839:C:T,9,131640601,9:131640601:ACT:A,0.950734,28238,chr9:131668839-131668839,RAPGEF1
9,131668839,9:131668839:C:T,9,131641203,9:131641203:A:C,0.938184,27636,chr9:131668839-131668839,RAPGEF1
9,131668839,9:131668839:C:T,9,131644393,9:131644394:TA:T,0.88159,24446,chr9:131668839-131668839,RAPGEF1
9,131668839,9:131668839:C:T,9,131647084,9:131647084:G:A,0.955408,21755,chr9:131668839-131668839,RAPGEF1
9,131668839,9:131668839:C:T,9,131647750,9:131647750:C:T,0.960393,21089,chr9:131668839-131668839,RAPGEF1
9,131668839,9:131668839:C:T,9,131648108,9:131648108:G:A,0.966426,20731,chr9:131668839-131668839,RAPGEF1
9,131668839,9:131668839:C:T,9,131648758,9:131648758:T:C,0.897041,20081,chr9:131668839-131668839,RAPGEF1
9,131668839,9:131668839:C:T,9,131654571,9:131654571:G:A,0.970458,14268,chr9:131668839-131668839,RAPGEF1
9,131668839,9:131668839:C:T,9,131654861,9:131654861:T:G,0.943739,13978,chr9:131668839-131668839,RAPGEF1
9,131668839,9:131668839:C:T,9,131656944,9:131656944:A:G,0.903827,11895,chr9:131668839-131668839,RAPGEF1
9,131668839,9:131668839:C:T,9,131659508,9:131659508:C:CA,0.93917,9331,chr9:131668839-131668839,RAPGEF1
9,131668839,9:131668839:C:T,9,131662999,9:131662999:A:T,0.982637,5840,chr9:131668839-131668839,RAPGEF1
9,131668839,9:131668839:C:T,9,131663019,9:131663019:G:A,0.946433,5820,chr9:131668839-131668839,RAPGEF1
9,131668839,9:131668839:C:T,9,131664554,9:131664554:CA:C,0.96751,4285,chr9:131668839-131668839,RAPGEF1
9,131668839,9:131668839:C:T,9,131664556,9:131664556:C:T,0.968564,4283,chr9:131668839-131668839,RAPGEF1
9,131668839,9:131668839:C:T,9,131664558,9:131664558:A:T,0.968564,4281,chr9:131668839-131668839,RAPGEF1
9,131668839,9:131668839:C:T,9,131667108,9:131667108:G:T,0.981624,1731,chr9:131668839-131668839,RAPGEF1
9,131668839,9:131668839:C:T,9,131668839,9:131668839:C:T,1.0,0,chr9:131668839-131668839,RAPGEF1
9,131668839,9:131668839:C:T,9,131672524,9:131672524:C:G,0.979592,3685,chr9:131668839-131668839,RAPGEF1
9,131668839,9:131668839:C:T,9,131685128,9:131685128:A:G,0.923732,16289,chr9:131668839-131668839,RAPGEF1
9,131668839,9:131668839:C:T,9,131687759,9:131687759:T:G,0.922717,18920,chr9:131668839-131668839,RAPGEF1
9,131668839,9:131668839:C:T,9,131687798,9:131687798:G:A,0.951651,18959,chr9:131668839-131668839,RAPGEF1
9,131668839,9:131668839:C:T,9,131689196,9:131689196:T:C,0.929784,20357,chr9:131668839-131668839,RAPGEF1
9,131668839,9:131668839:C:T,9,131692438,9:131692438:T:A,0.935794,23599,chr9:131668839-131668839,RAPGEF1
9,131668839,9:131668839:C:T,9,131694570,9:131694570:C:T,0.924558,25731,chr9:131668839-131668839,RAPGEF1
9,131668839,9:131668839:C:T,9,131695158,9:131695158:A:G,0.921884,26319,chr9:131668839-131668839,RAPGEF1
9,131668839,9:131668839:C:T,9,131695219,9:131695219:T:C,0.923732,26380,chr9:131668839-131668839,RAPGEF1
9,131668839,9:131668839:C:T,9,131695971,9:131695971:A:C,0.923732,27132,chr9:131668839-131668839,RAPGEF1
9,131668839,9:131668839:C:T,9,131697251,9:131697251:A:G,0.940025,28412,chr9:131668839-131668839,RAPGEF1
9,131668839,9:131668839:C:T,9,131699964,9:131699964:C:A,0.941043,31125,chr9:131668839-131668839,RAPGEF1
9,131668839,9:131668839:C:T,9,131708319,9:131708319:A:G,0.935557,39480,chr9:131668839-131668839,RAPGEF1
9,131668839,9:131668839:C:T,9,131708921,9:131708921:C:T,0.924558,40082,chr9:131668839-131668839,RAPGEF1
9,131668839,9:131668839:C:T,9,131710398,9:131710398:G:A,0.950716,41559,chr9:131668839-131668839,RAPGEF1
9,131668839,9:131668839:C:T,9,131711361,9:131711362:C:CTTT,0.913605,42522,chr9:131668839-131668839,RAPGEF1
9,131668839,9:131668839:C:T,9,131711683,9:131711683:G:A,0.940716,42844,chr9:131668839-131668839,RAPGEF1
9,131668839,9:131668839:C:T,9,131711783,9:131711783:G:A,0.929136,42944,chr9:131668839-131668839,RAPGEF1
9,131668839,9:131668839:C:T,9,131711917,9:131711917:G:A,0.923732,43078,chr9:131668839-131668839,RAPGEF1
9,131668839,9:131668839:C:T,9,131712514,9:131712514:G:A,0.953594,43675,chr9:131668839-131668839,RAPGEF1
9,131668839,9:131668839:C:T,9,131719886,9:131719887:CT:C,0.930221,51047,chr9:131668839-131668839,RAPGEF1
9,131668839,9:131668839:C:T,9,131720419,9:131720419:C:G,0.908851,51580,chr9:131668839-131668839,RAPGEF1
9,131668839,9:131668839:C:T,9,131722996,9:131722996:C:G,0.88028,54157,chr9:131668839-131668839,RAPGEF1
9,131668839,9:131668839:C:T,9,131724591,9:131724591:G:T,0.88028,55752,chr9:131668839-131668839,RAPGEF1
9,131668839,9:131668839:C:T,9,131725520,9:131725520:G:A,0.889433,56681,chr9:131668839-131668839,RAPGEF1
9,131668839,9:131668839:C:T,9,131730347,9:131730347:T:C,0.871087,61508,chr9:131668839-131668839,RAPGEF1
9,131668839,9:131668839:C:T,9,131731524,9:131731524:C:G,0.898605,62685,chr9:131668839-131668839,RAPGEF1
9,131668839,9:131668839:C:T,9,131732390,9:131732390:A:G,0.882311,63551,chr9:131668839-131668839,RAPGEF1
9,131668839,9:131668839:C:T,9,131732717,9:131732717:G:A,0.882311,63878,chr9:131668839-131668839,RAPGEF1
9,131668839,9:131668839:C:T,9,131733132,9:131733132:G:C,0.882311,64293,chr9:131668839-131668839,RAPGEF1
9,131668839,9:131668839:C:T,9,131736448,9:131736448:C:A,0.892225,67609,chr9:131668839-131668839,RAPGEF1
9,131668839,9:131668839:C:T,9,131736766,9:131736766:A:C,0.892225,67927,chr9:131668839-131668839,RAPGEF1
9,131668839,9:131668839:C:T,9,131738515,9:131738515:G:A,0.893936,69676,chr9:131668839-131668839,RAPGEF1
9,131668839,9:131668839:C:T,9,131741501,9:131741501:T:C,0.900174,72662,chr9:131668839-131668839,RAPGEF1
9,131668839,9:131668839:C:T,9,131741584,9:131741584:CA:C,0.870426,72745,chr9:131668839-131668839,RAPGEF1
9,131668839,9:131668839:C:T,9,131746954,9:131746954:T:A,0.860296,78115,chr9:131668839-131668839,RAPGEF1
9,131668839,9:131668839:C:T,9,131746955,9:131746955:C:A,0.85682,78116,chr9:131668839-131668839,RAPGEF1
9,131668839,9:131668839:C:T,9,131747018,9:131747018:G:A,0.887896,78179,chr9:131668839-131668839,RAPGEF1
9,131668839,9:131668839:C:T,9,131748890,9:131748890:T:A,0.871335,80051,chr9:131668839-131668839,RAPGEF1
9,131668839,9:131668839:C:T,9,131752339,9:131752339:G:A,0.86417,83500,chr9:131668839-131668839,RAPGEF1
9,131668839,9:131668839:C:T,9,131754035,9:131754035:G:C,0.89183,85196,chr9:131668839-131668839,RAPGEF1
9,131668839,9:131668839:C:T,9,131754064,9:131754064:TAG:T,0.823955,85225,chr9:131668839-131668839,RAPGEF1
9,131668839,9:131668839:C:T,9,131754067,9:131754067:TTTA:T,0.82481,85228,chr9:131668839-131668839,RAPGEF1
9,131668839,9:131668839:C:T,9,131756283,9:131756283:G:A,0.860313,87444,chr9:131668839-131668839,RAPGEF1
10,4056261,10:4056261:A:G,10,4052042,10:4052042:A:G,0.876882,4219,chr10:4056261-4056261,KLF6/AKR1E2
10,4056261,10:4056261:A:G,10,4056261,10:4056261:A:G,1.0,0,chr10:4056261-4056261,KLF6/AKR1E2
10,29418622,10:29418622:A:G,10,29390250,10:29390250:T:C,0.896295,28372,chr10:29418622-29418622,SVIL
10,29418622,10:29418622:A:G,10,29390763,10:29390763:G:A,0.898938,27859,chr10:29418622-29418622,SVIL
10,29418622,10:29418622:A:G,10,29397309,10:29397309:C:T,0.966292,21313,chr10:29418622-29418622,SVIL
10,29418622,10:29418622:A:G,10,29398046,10:29398046:T:TA,0.914364,20576,chr10:29418622-29418622,SVIL
10,29418622,10:29418622:A:G,10,29406437,10:29406437:T:C,0.878734,12185,chr10:29418622-29418622,SVIL
10,29418622,10:29418622:A:G,10,29408298,10:29408298:C:A,0.968781,10324,chr10:29418622-29418622,SVIL
10,29418622,10:29418622:A:G,10,29408310,10:29408310:A:G,0.950678,10312,chr10:29418622-29418622,SVIL
10,29418622,10:29418622:A:G,10,29411463,10:29411463:C:T,0.983701,7159,chr10:29418622-29418622,SVIL
10,29418622,10:29418622:A:G,10,29414321,10:29414321:TC:T,0.892578,4301,chr10:29418622-29418622,SVIL
10,29418622,10:29418622:A:G,10,29415106,10:29415106:TAGG:T,0.984318,3516,chr10:29418622-29418622,SVIL
10,29418622,10:29418622:A:G,10,29418622,10:29418622:A:G,1.0,0,chr10:29418622-29418622,SVIL
10,29418622,10:29418622:A:G,10,29419956,10:29419956:A:AT,0.850751,1334,chr10:29418622-29418622,SVIL
10,29418622,10:29418622:A:G,10,29424562,10:29424562:T:A,0.840208,5940,chr10:29418622-29418622,SVIL
10,29418622,10:29418622:A:G,10,29425002,10:29425002:G:A,0.840208,6380,chr10:29418622-29418622,SVIL
10,29418622,10:29418622:A:G,10,29425580,10:29425580:C:T,0.989373,6958,chr10:29418622-29418622,SVIL
10,29418622,10:29418622:A:G,10,29426150,10:29426150:T:G,0.840208,7528,chr10:29418622-29418622,SVIL
10,29418622,10:29418622:A:G,10,29426265,10:29426265:GAC:G,0.989373,7643,chr10:29418622-29418622,SVIL
10,29418622,10:29418622:A:G,10,29427995,10:29427995:C:T,0.840208,9373,chr10:29418622-29418622,SVIL
10,29418622,10:29418622:A:G,10,29428443,10:29428443:G:A,0.840208,9821,chr10:29418622-29418622,SVIL
10,29418622,10:29418622:A:G,10,29428575,10:29428575:C:T,0.840208,9953,chr10:29418622-29418622,SVIL
10,29418622,10:29418622:A:G,10,29428910,10:29428910:A:G,0.830861,10288,chr10:29418622-29418622,SVIL
10,29418622,10:29418622:A:G,10,29430943,10:29430943:G:A,0.807754,12321,chr10:29418622-29418622,SVIL
10,29418622,10:29418622:A:G,10,29431400,10:29431400:TA:T,0.854155,12778,chr10:29418622-29418622,SVIL
10,29418622,10:29418622:A:G,10,29431744,10:29431744:T:C,0.840208,13122,chr10:29418622-29418622,SVIL
10,29418622,10:29418622:A:G,10,29434241,10:29434241:C:A,0.84929,15619,chr10:29418622-29418622,SVIL
10,29418622,10:29418622:A:G,10,29435874,10:29435874:G:A,0.840208,17252,chr10:29418622-29418622,SVIL
10,29418622,10:29418622:A:G,10,29436184,10:29436184:A:T,0.840208,17562,chr10:29418622-29418622,SVIL
10,29418622,10:29418622:A:G,10,29436413,10:29436413:A:G,0.840208,17791,chr10:29418622-29418622,SVIL
10,29418622,10:29418622:A:G,10,29436594,10:29436594:T:C,0.840208,17972,chr10:29418622-29418622,SVIL
10,29418622,10:29418622:A:G,10,29437189,10:29437189:A:G,0.840208,18567,chr10:29418622-29418622,SVIL
10,29418622,10:29418622:A:G,10,29439570,10:29439570:G:GAA,0.986278,20948,chr10:29418622-29418622,SVIL
10,29418622,10:29418622:A:G,10,29444287,10:29444287:A:C,0.840208,25665,chr10:29418622-29418622,SVIL
10,29418622,10:29418622:A:G,10,29444780,10:29444780:C:G,0.852348,26158,chr10:29418622-29418622,SVIL
10,29418622,10:29418622:A:G,10,29447370,10:29447370:G:A,0.985661,28748,chr10:29418622-29418622,SVIL
10,29418622,10:29418622:A:G,10,29447371,10:29447371:C:T,0.836376,28749,chr10:29418622-29418622,SVIL
10,29418622,10:29418622:A:G,10,29449039,10:29449039:G:T,0.845843,30417,chr10:29418622-29418622,SVIL
10,29418622,10:29418622:A:G,10,29449266,10:29449266:C:A,0.845319,30644,chr10:29418622-29418622,SVIL
10,29418622,10:29418622:A:G,10,29449441,10:29449441:G:A,0.845843,30819,chr10:29418622-29418622,SVIL
10,29418622,10:29418622:A:G,10,29452059,10:29452059:TC:T,0.844803,33437,chr10:29418622-29418622,SVIL
10,29418622,10:29418622:A:G,10,29452102,10:29452102:G:A,0.848019,33480,chr10:29418622-29418622,SVIL
10,29418622,10:29418622:A:G,10,29454708,10:29454708:C:T,0.895992,36086,chr10:29418622-29418622,SVIL
10,29418622,10:29418622:A:G,10,29455702,10:29455702:GCTCACTGCA:G,0.894946,37080,chr10:29418622-29418622,SVIL
10,29418622,10:29418622:A:G,10,29457299,10:29457299:CA:C,0.817437,38677,chr10:29418622-29418622,SVIL
10,29418622,10:29418622:A:G,10,29457417,10:29457417:C:CTGTT,0.893,38795,chr10:29418622-29418622,SVIL
10,29418622,10:29418622:A:G,10,29458488,10:29458488:C:T,0.864651,39866,chr10:29418622-29418622,SVIL
10,29418622,10:29418622:A:G,10,29460801,10:29460801:G:T,0.864651,42179,chr10:29418622-29418622,SVIL
10,29418622,10:29418622:A:G,10,29461937,10:29461937:C:T,0.864651,43315,chr10:29418622-29418622,SVIL
10,29418622,10:29418622:A:G,10,29462539,10:29462539:C:T,0.864651,43917,chr10:29418622-29418622,SVIL
10,29418622,10:29418622:A:G,10,29463186,10:29463186:G:A,0.864651,44564,chr10:29418622-29418622,SVIL
10,29418622,10:29418622:A:G,10,29463282,10:29463282:T:G,0.864651,44660,chr10:29418622-29418622,SVIL
10,29418622,10:29418622:A:G,10,29464240,10:29464240:C:T,0.987485,45618,chr10:29418622-29418622,SVIL
10,29418622,10:29418622:A:G,10,29466791,10:29466791:T:C,0.813259,48169,chr10:29418622-29418622,SVIL
10,29418622,10:29418622:A:G,10,29468107,10:29468107:C:T,0.858861,49485,chr10:29418622-29418622,SVIL
10,29418622,10:29418622:A:G,10,29469236,10:29469236:G:A,0.834044,50614,chr10:29418622-29418622,SVIL
10,29418622,10:29418622:A:G,10,29469856,10:29469856:G:A,0.986234,51234,chr10:29418622-29418622,SVIL
10,29418622,10:29418622:A:G,10,29471722,10:29471722:T:G,0.888786,53100,chr10:29418622-29418622,SVIL
10,29418622,10:29418622:A:G,10,29472385,10:29472385:T:C,0.854082,53763,chr10:29418622-29418622,SVIL
10,29418622,10:29418622:A:G,10,29475646,10:29475646:T:C,0.858599,57024,chr10:29418622-29418622,SVIL
10,29418622,10:29418622:A:G,10,29475715,10:29475715:A:G,0.856922,57093,chr10:29418622-29418622,SVIL
10,29418622,10:29418622:A:G,10,29482615,10:29482615:TTTC:T,0.850624,63993,chr10:29418622-29418622,SVIL
10,29418622,10:29418622:A:G,10,29483592,10:29483592:A:G,0.879144,64970,chr10:29418622-29418622,SVIL
10,29418622,10:29418622:A:G,10,29485029,10:29485029:C:T,0.850176,66407,chr10:29418622-29418622,SVIL
10,29418622,10:29418622:A:G,10,29487396,10:29487396:TAA:T,0.876187,68774,chr10:29418622-29418622,SVIL
10,29418622,10:29418622:A:G,10,29487480,10:29487480:C:T,0.844552,68858,chr10:29418622-29418622,SVIL
10,73650119,10:73650119:C:T,10,73650119,10:73650119:C:T,1.0,0,chr10:73650119-73650119,MYOZ1/SYNPO2L
10,112745278,10:112745278:T:C,10,112696068,10:112696068:T:C,0.845187,49210,chr10:112745278-112745278,VTI1A/TCF7L2
10,112745278,10:112745278:T:C,10,112697341,10:112697341:A:G,0.83233,47937,chr10:112745278-112745278,VTI1A/TCF7L2
10,112745278,10:112745278:T:C,10,112707084,10:112707084:T:G,0.895272,38194,chr10:112745278-112745278,VTI1A/TCF7L2
10,112745278,10:112745278:T:C,10,112707571,10:112707571:G:A,0.889459,37707,chr10:112745278-112745278,VTI1A/TCF7L2
10,112745278,10:112745278:T:C,10,112708357,10:112708357:A:G,0.889428,36921,chr10:112745278-112745278,VTI1A/TCF7L2
10,112745278,10:112745278:T:C,10,112710208,10:112710208:C:CT,0.892042,35070,chr10:112745278-112745278,VTI1A/TCF7L2
10,112745278,10:112745278:T:C,10,112716007,10:112716007:T:C,0.873339,29271,chr10:112745278-112745278,VTI1A/TCF7L2
10,112745278,10:112745278:T:C,10,112717054,10:112717054:G:C,0.871889,28224,chr10:112745278-112745278,VTI1A/TCF7L2
10,112745278,10:112745278:T:C,10,112719518,10:112719518:A:G,0.92987,25760,chr10:112745278-112745278,VTI1A/TCF7L2
10,112745278,10:112745278:T:C,10,112722650,10:112722650:T:C,0.845354,22628,chr10:112745278-112745278,VTI1A/TCF7L2
10,112745278,10:112745278:T:C,10,112727426,10:112727427:GA:G,0.929577,17852,chr10:112745278-112745278,VTI1A/TCF7L2
10,112745278,10:112745278:T:C,10,112728053,10:112728053:G:A,0.904038,17225,chr10:112745278-112745278,VTI1A/TCF7L2
10,112745278,10:112745278:T:C,10,112730400,10:112730400:G:T,0.92487,14878,chr10:112745278-112745278,VTI1A/TCF7L2
10,112745278,10:112745278:T:C,10,112731575,10:112731575:CA:C,0.841887,13703,chr10:112745278-112745278,VTI1A/TCF7L2
10,112745278,10:112745278:T:C,10,112732165,10:112732165:T:C,0.925912,13113,chr10:112745278-112745278,VTI1A/TCF7L2
10,112745278,10:112745278:T:C,10,112734246,10:112734246:T:C,0.938981,11032,chr10:112745278-112745278,VTI1A/TCF7L2
10,112745278,10:112745278:T:C,10,112734921,10:112734921:T:C,0.936766,10357,chr10:112745278-112745278,VTI1A/TCF7L2
10,112745278,10:112745278:T:C,10,112740383,10:112740383:A:G,0.931127,4895,chr10:112745278-112745278,VTI1A/TCF7L2
10,112745278,10:112745278:T:C,10,112745278,10:112745278:T:C,1.0,0,chr10:112745278-112745278,VTI1A/TCF7L2
10,112745278,10:112745278:T:C,10,112745706,10:112745706:G:A,0.989957,428,chr10:112745278-112745278,VTI1A/TCF7L2
10,112745278,10:112745278:T:C,10,112746533,10:112746533:G:A,0.988959,1255,chr10:112745278-112745278,VTI1A/TCF7L2
10,112745278,10:112745278:T:C,10,112753067,10:112753067:GA:G,0.93922,7789,chr10:112745278-112745278,VTI1A/TCF7L2
10,112745278,10:112745278:T:C,10,112754292,10:112754292:C:T,0.88025,9014,chr10:112745278-112745278,VTI1A/TCF7L2
10,119667372,10:119667372:C:T,10,119656173,10:119656173:G:A,0.996644,11199,chr10:119667372-119667372,BAG3
10,119667372,10:119667372:C:T,10,119663324,10:119663324:G:C,0.994989,4048,chr10:119667372-119667372,BAG3
10,119667372,10:119667372:C:T,10,119665303,10:119665303:A:AT,0.954966,2069,chr10:119667372-119667372,BAG3
10,119667372,10:119667372:C:T,10,119665450,10:119665450:A:T,0.996644,1922,chr10:119667372-119667372,BAG3
10,119667372,10:119667372:C:T,10,119667372,10:119667372:C:T,1.0,0,chr10:119667372-119667372,BAG3
10,119667372,10:119667372:C:T,10,119670121,10:119670121:T:C,0.991609,2749,chr10:119667372-119667372,BAG3
10,119667372,10:119667372:C:T,10,119674163,10:119674163:C:T,0.991598,6791,chr10:119667372-119667372,BAG3
11,14353533,11:14353533:T:C,11,14256503,11:14256503:T:A,0.83538,97030,chr11:14353533-14353533,COPB1/RRAS2
11,14353533,11:14353533:T:C,11,14264354,11:14264354:C:A,0.846777,89179,chr11:14353533-14353533,COPB1/RRAS2
11,14353533,11:14353533:T:C,11,14266550,11:14266550:A:G,0.802455,86983,chr11:14353533-14353533,COPB1/RRAS2
11,14353533,11:14353533:T:C,11,14266582,11:14266582:G:T,0.804501,86951,chr11:14353533-14353533,COPB1/RRAS2
11,14353533,11:14353533:T:C,11,14267447,11:14267447:G:GA,0.804501,86086,chr11:14353533-14353533,COPB1/RRAS2
11,14353533,11:14353533:T:C,11,14267507,11:14267507:A:T,0.81061,86026,chr11:14353533-14353533,COPB1/RRAS2
11,14353533,11:14353533:T:C,11,14269399,11:14269399:G:A,0.838893,84134,chr11:14353533-14353533,COPB1/RRAS2
11,14353533,11:14353533:T:C,11,14270048,11:14270048:A:G,0.842139,83485,chr11:14353533-14353533,COPB1/RRAS2
11,14353533,11:14353533:T:C,11,14270484,11:14270484:C:CA,0.841561,83049,chr11:14353533-14353533,COPB1/RRAS2
11,14353533,11:14353533:T:C,11,14273162,11:14273162:C:T,0.851202,80371,chr11:14353533-14353533,COPB1/RRAS2
11,14353533,11:14353533:T:C,11,14273363,11:14273363:A:G,0.841425,80170,chr11:14353533-14353533,COPB1/RRAS2
11,14353533,11:14353533:T:C,11,14273821,11:14273821:C:G,0.833477,79712,chr11:14353533-14353533,COPB1/RRAS2
11,14353533,11:14353533:T:C,11,14276326,11:14276326:A:C,0.834562,77207,chr11:14353533-14353533,COPB1/RRAS2
11,14353533,11:14353533:T:C,11,14279213,11:14279213:C:G,0.844444,74320,chr11:14353533-14353533,COPB1/RRAS2
11,14353533,11:14353533:T:C,11,14282429,11:14282429:T:C,0.850623,71104,chr11:14353533-14353533,COPB1/RRAS2
11,14353533,11:14353533:T:C,11,14283198,11:14283198:C:T,0.854184,70335,chr11:14353533-14353533,COPB1/RRAS2
11,14353533,11:14353533:T:C,11,14283555,11:14283555:C:T,0.854812,69978,chr11:14353533-14353533,COPB1/RRAS2
11,14353533,11:14353533:T:C,11,14288736,11:14288736:G:A,0.846196,64797,chr11:14353533-14353533,COPB1/RRAS2
11,14353533,11:14353533:T:C,11,14294369,11:14294369:C:T,0.857674,59164,chr11:14353533-14353533,COPB1/RRAS2
11,14353533,11:14353533:T:C,11,14306076,11:14306076:A:AT,0.954076,47457,chr11:14353533-14353533,COPB1/RRAS2
11,14353533,11:14353533:T:C,11,14307143,11:14307143:A:G,0.989079,46390,chr11:14353533-14353533,COPB1/RRAS2
11,14353533,11:14353533:T:C,11,14318494,11:14318494:A:C,0.979648,35039,chr11:14353533-14353533,COPB1/RRAS2
11,14353533,11:14353533:T:C,11,14318958,11:14318958:T:C,0.98907,34575,chr11:14353533-14353533,COPB1/RRAS2
11,14353533,11:14353533:T:C,11,14321403,11:14321403:T:C,0.99111,32130,chr11:14353533-14353533,COPB1/RRAS2
11,14353533,11:14353533:T:C,11,14322276,11:14322276:C:CA,0.907352,31257,chr11:14353533-14353533,COPB1/RRAS2
11,14353533,11:14353533:T:C,11,14324013,11:14324013:T:G,0.996569,29520,chr11:14353533-14353533,COPB1/RRAS2
11,14353533,11:14353533:T:C,11,14328366,11:14328366:C:CAA,0.909942,25167,chr11:14353533-14353533,COPB1/RRAS2
11,14353533,11:14353533:T:C,11,14329068,11:14329068:TACAC:T,0.900812,24465,chr11:14353533-14353533,COPB1/RRAS2
11,14353533,11:14353533:T:C,11,14330653,11:14330653:T:TA,0.99315,22880,chr11:14353533-14353533,COPB1/RRAS2
11,14353533,11:14353533:T:C,11,14332411,11:14332411:G:C,0.98229,21122,chr11:14353533-14353533,COPB1/RRAS2
11,14353533,11:14353533:T:C,11,14333654,11:14333654:CT:C,0.957562,19879,chr11:14353533-14353533,COPB1/RRAS2
11,14353533,11:14353533:T:C,11,14334018,11:14334018:G:A,0.991085,19515,chr11:14353533-14353533,COPB1/RRAS2
11,14353533,11:14353533:T:C,11,14344983,11:14344984:C:CTT,0.86504,8550,chr11:14353533-14353533,COPB1/RRAS2
11,14353533,11:14353533:T:C,11,14348223,11:14348223:T:C,0.980308,5310,chr11:14353533-14353533,COPB1/RRAS2
11,14353533,11:14353533:T:C,11,14353533,11:14353533:T:C,1.0,0,chr11:14353533-14353533,COPB1/RRAS2
11,14353533,11:14353533:T:C,11,14354137,11:14354137:C:A,0.928144,604,chr11:14353533-14353533,COPB1/RRAS2
11,14353533,11:14353533:T:C,11,14354732,11:14354732:A:G,0.998628,1199,chr11:14353533-14353533,COPB1/RRAS2
11,14353533,11:14353533:T:C,11,14359282,11:14359282:G:A,0.997943,5749,chr11:14353533-14353533,COPB1/RRAS2
11,14353533,11:14353533:T:C,11,14359452,11:14359452:G:A,0.993828,5919,chr11:14353533-14353533,COPB1/RRAS2
11,14353533,11:14353533:T:C,11,14360195,11:14360195:TAA:T,0.981493,6662,chr11:14353533-14353533,COPB1/RRAS2
11,14353533,11:14353533:T:C,11,14360567,11:14360567:AT:A,0.983643,7034,chr11:14353533-14353533,COPB1/RRAS2
11,14353533,11:14353533:T:C,11,14364599,11:14364599:A:G,0.98303,11066,chr11:14353533-14353533,COPB1/RRAS2
11,14353533,11:14353533:T:C,11,14366549,11:14366549:AG:A,0.924919,13016,chr11:14353533-14353533,COPB1/RRAS2
11,14353533,11:14353533:T:C,11,14368917,11:14368917:G:T,0.994522,15384,chr11:14353533-14353533,COPB1/RRAS2
11,14353533,11:14353533:T:C,11,14372712,11:14372712:A:G,0.930398,19179,chr11:14353533-14353533,COPB1/RRAS2
11,14353533,11:14353533:T:C,11,14378018,11:14378018:T:TTG,0.851369,24485,chr11:14353533-14353533,COPB1/RRAS2
11,14353533,11:14353533:T:C,11,14384210,11:14384210:C:T,0.826784,30677,chr11:14353533-14353533,COPB1/RRAS2
11,14353533,11:14353533:T:C,11,14388269,11:14388269:G:A,0.807336,34736,chr11:14353533-14353533,COPB1/RRAS2
11,14353533,11:14353533:T:C,11,14391541,11:14391541:G:A,0.825118,38008,chr11:14353533-14353533,COPB1/RRAS2
11,14353533,11:14353533:T:C,11,14393088,11:14393088:A:C,0.807566,39555,chr11:14353533-14353533,COPB1/RRAS2
11,14353533,11:14353533:T:C,11,14404916,11:14404916:C:T,0.809378,51383,chr11:14353533-14353533,COPB1/RRAS2
11,57985437,11:57985437:G:A,11,57602506,11:57602506:C:T,0.870667,382931,chr11:57985437-57985437,MYBPC3
11,57985437,11:57985437:G:A,11,57749267,11:57749267:C:A,1.0,236170,chr11:57985437-57985437,MYBPC3
11,57985437,11:57985437:G:A,11,57805091,11:57805091:G:GTTTCACCAT,1.0,180346,chr11:57985437-57985437,MYBPC3
11,57985437,11:57985437:G:A,11,57811029,11:57811029:C:T,1.0,174408,chr11:57985437-57985437,MYBPC3
11,57985437,11:57985437:G:A,11,57985437,11:57985437:G:A,1.0,0,chr11:57985437-57985437,MYBPC3
11,101104156,11:101104156:A:G,11,101104156,11:101104156:A:G,1.0,0,chr11:101104156-101104156,PGR
11,101104156,11:101104156:A:G,11,101105740,11:101105740:A:G,0.836392,1584,chr11:101104156-101104156,PGR
11,101104156,11:101104156:A:G,11,101122152,11:101122153:C:CAA,0.815065,17996,chr11:101104156-101104156,PGR
12,20436249,12:20436249:A:G,12,20435641,12:20435641:G:A,0.965748,608,chr12:20436249-20436249,PDE3A
12,20436249,12:20436249:A:G,12,20436249,12:20436249:A:G,1.0,0,chr12:20436249-20436249,PDE3A
12,20436249,12:20436249:A:G,12,20436456,12:20436456:A:G,0.982758,207,chr12:20436249-20436249,PDE3A
12,26195371,12:26195371:T:C,12,26192593,12:26192593:C:T,0.992327,2778,chr12:26195371-26195371,SSPN
12,26195371,12:26195371:T:C,12,26192897,12:26192897:CCTA:C,0.993092,2474,chr12:26195371-26195371,SSPN
12,26195371,12:26195371:T:C,12,26194023,12:26194023:A:T,0.978571,1348,chr12:26195371-26195371,SSPN
12,26195371,12:26195371:T:C,12,26195371,12:26195371:T:C,1.0,0,chr12:26195371-26195371,SSPN
12,26195371,12:26195371:T:C,12,26195496,12:26195496:C:G,0.923201,125,chr12:26195371-26195371,SSPN
12,114924125,12:114924125:A:G,12,114908619,12:114908619:C:T,0.881986,15506,chr12:114924125-114924125,TBX3
12,114924125,12:114924125:A:G,12,114909112,12:114909112:T:TA,0.882238,15013,chr12:114924125-114924125,TBX3
12,114924125,12:114924125:A:G,12,114911692,12:114911692:T:C,0.882992,12433,chr12:114924125-114924125,TBX3
12,114924125,12:114924125:A:G,12,114913989,12:114913989:G:T,0.88483,10136,chr12:114924125-114924125,TBX3
12,114924125,12:114924125:A:G,12,114914104,12:114914104:A:C,0.884688,10021,chr12:114924125-114924125,TBX3
12,114924125,12:114924125:A:G,12,114915898,12:114915898:A:G,0.914743,8227,chr12:114924125-114924125,TBX3
12,114924125,12:114924125:A:G,12,114915996,12:114915996:C:T,0.824022,8129,chr12:114924125-114924125,TBX3
12,114924125,12:114924125:A:G,12,114916374,12:114916374:C:T,0.825396,7751,chr12:114924125-114924125,TBX3
12,114924125,12:114924125:A:G,12,114916423,12:114916423:A:AC,0.825396,7702,chr12:114924125-114924125,TBX3
12,114924125,12:114924125:A:G,12,114919198,12:114919198:G:A,0.93626,4927,chr12:114924125-114924125,TBX3
12,114924125,12:114924125:A:G,12,114921147,12:114921147:T:G,0.944726,2978,chr12:114924125-114924125,TBX3
12,114924125,12:114924125:A:G,12,114923019,12:114923019:G:A,0.978801,1106,chr12:114924125-114924125,TBX3
12,114924125,12:114924125:A:G,12,114923386,12:114923386:C:T,0.802048,739,chr12:114924125-114924125,TBX3
12,114924125,12:114924125:A:G,12,114923559,12:114923559:T:G,0.99747,566,chr12:114924125-114924125,TBX3
12,114924125,12:114924125:A:G,12,114923952,12:114923952:T:C,0.832085,173,chr12:114924125-114924125,TBX3
12,114924125,12:114924125:A:G,12,114924125,12:114924125:A:G,1.0,0,chr12:114924125-114924125,TBX3
12,114924125,12:114924125:A:G,12,114924809,12:114924809:A:T,0.832583,684,chr12:114924125-114924125,TBX3
12,114924125,12:114924125:A:G,12,114925306,12:114925306:T:C,0.821602,1181,chr12:114924125-114924125,TBX3
12,114924125,12:114924125:A:G,12,114925946,12:114925946:T:A,0.990552,1821,chr12:114924125-114924125,TBX3
12,114924125,12:114924125:A:G,12,114927406,12:114927406:A:G,0.990545,3281,chr12:114924125-114924125,TBX3
12,114924125,12:114924125:A:G,12,114928480,12:114928480:T:G,0.828926,4355,chr12:114924125-114924125,TBX3
12,114924125,12:114924125:A:G,12,114928864,12:114928864:A:T,0.827928,4739,chr12:114924125-114924125,TBX3
12,114924125,12:114924125:A:G,12,114929852,12:114929852:T:C,0.828801,5727,chr12:114924125-114924125,TBX3
12,114924125,12:114924125:A:G,12,114930035,12:114930035:A:G,0.828424,5910,chr12:114924125-114924125,TBX3
12,114924125,12:114924125:A:G,12,114933223,12:114933223:A:AAT,0.824795,9098,chr12:114924125-114924125,TBX3
12,114924125,12:114924125:A:G,12,114933337,12:114933337:C:G,0.824162,9212,chr12:114924125-114924125,TBX3
12,114924125,12:114924125:A:G,12,114933376,12:114933376:T:C,0.984282,9251,chr12:114924125-114924125,TBX3
12,114924125,12:114924125:A:G,12,114933403,12:114933403:G:C,0.804866,9278,chr12:114924125-114924125,TBX3
12,114924125,12:114924125:A:G,12,114933937,12:114933937:T:G,0.82353,9812,chr12:114924125-114924125,TBX3
12,114924125,12:114924125:A:G,12,114934153,12:114934153:T:C,0.82353,10028,chr12:114924125-114924125,TBX3
12,114924125,12:114924125:A:G,12,114934747,12:114934747:G:T,0.818721,10622,chr12:114924125-114924125,TBX3
12,114924125,12:114924125:A:G,12,114935523,12:114935524:CT:C,0.955219,11398,chr12:114924125-114924125,TBX3
12,114924125,12:114924125:A:G,12,114943266,12:114943266:T:C,0.913927,19141,chr12:114924125-114924125,TBX3
12,114924125,12:114924125:A:G,12,114943342,12:114943342:C:T,0.913331,19217,chr12:114924125-114924125,TBX3
12,114924125,12:114924125:A:G,12,114943935,12:114943935:G:A,0.914534,19810,chr12:114924125-114924125,TBX3
12,120230731,12:120230731:G:A,12,120209027,12:120209027:C:G,0.852562,21704,chr12:120230731-120230731,PXN
12,120230731,12:120230731:G:A,12,120230731,12:120230731:G:A,1.0,0,chr12:120230731-120230731,PXN
12,120230731,12:120230731:G:A,12,120233844,12:120233844:C:T,1.0,3113,chr12:120230731-120230731,PXN
13,110388451,13:110388451:A:C,13,110388451,13:110388451:A:C,1.0,0,chr13:110388451-110388451,COL4A2
13,113424243,13:113424243:A:C,13,113424243,13:113424243:A:C,1.0,0,chr13:113424243-113424243,ADPRHL1
14,52850149,14:52850149:T:G,14,52843222,14:52843222:C:G,0.869935,6927,chr14:52850149-52850149,FERMT2/ERO1A
14,52850149,14:52850149:T:G,14,52846379,14:52846379:C:T,0.867458,3770,chr14:52850149-52850149,FERMT2/ERO1A
14,52850149,14:52850149:T:G,14,52850149,14:52850149:T:G,1.0,0,chr14:52850149-52850149,FERMT2/ERO1A
14,52850149,14:52850149:T:G,14,52854528,14:52854528:C:T,0.939864,4379,chr14:52850149-52850149,FERMT2/ERO1A
14,52850149,14:52850149:T:G,14,52854555,14:52854555:C:T,0.960028,4406,chr14:52850149-52850149,FERMT2/ERO1A
14,52850149,14:52850149:T:G,14,52854622,14:52854622:G:A,0.816513,4473,chr14:52850149-52850149,FERMT2/ERO1A
14,52850149,14:52850149:T:G,14,52863289,14:52863289:T:C,0.837352,13140,chr14:52850149-52850149,FERMT2/ERO1A
14,52850149,14:52850149:T:G,14,52864002,14:52864002:AT:A,0.816173,13853,chr14:52850149-52850149,FERMT2/ERO1A
14,52850149,14:52850149:T:G,14,52864961,14:52864961:T:C,0.828964,14812,chr14:52850149-52850149,FERMT2/ERO1A
14,52850149,14:52850149:T:G,14,52866398,14:52866398:C:G,0.933207,16249,chr14:52850149-52850149,FERMT2/ERO1A
14,52850149,14:52850149:T:G,14,52881822,14:52881822:T:G,0.827852,31673,chr14:52850149-52850149,FERMT2/ERO1A
14,52850149,14:52850149:T:G,14,52890393,14:52890393:G:A,0.93693,40244,chr14:52850149-52850149,FERMT2/ERO1A
14,71367493,14:71367493:G:A,14,71281636,14:71281636:T:C,0.861065,85857,chr14:71367493-71367493,SIPA1L1
14,71367493,14:71367493:G:A,14,71285627,14:71285627:C:T,0.970049,81866,chr14:71367493-71367493,SIPA1L1
14,71367493,14:71367493:G:A,14,71290037,14:71290037:T:G,0.970049,77456,chr14:71367493-71367493,SIPA1L1
14,71367493,14:71367493:G:A,14,71290534,14:71290534:A:T,0.970049,76959,chr14:71367493-71367493,SIPA1L1
14,71367493,14:71367493:G:A,14,71293233,14:71293233:T:C,0.968081,74260,chr14:71367493-71367493,SIPA1L1
14,71367493,14:71367493:G:A,14,71295852,14:71295852:A:G,0.972116,71641,chr14:71367493-71367493,SIPA1L1
14,71367493,14:71367493:G:A,14,71298790,14:71298790:T:A,0.97207,68703,chr14:71367493-71367493,SIPA1L1
14,71367493,14:71367493:G:A,14,71303768,14:71303768:C:G,0.976159,63725,chr14:71367493-71367493,SIPA1L1
14,71367493,14:71367493:G:A,14,71306780,14:71306780:C:T,0.976186,60713,chr14:71367493-71367493,SIPA1L1
14,71367493,14:71367493:G:A,14,71313870,14:71313870:G:A,0.980331,53623,chr14:71367493-71367493,SIPA1L1
14,71367493,14:71367493:G:A,14,71318559,14:71318559:A:G,0.973275,48934,chr14:71367493-71367493,SIPA1L1
14,71367493,14:71367493:G:A,14,71322229,14:71322229:C:T,0.969045,45264,chr14:71367493-71367493,SIPA1L1
14,71367493,14:71367493:G:A,14,71323145,14:71323145:T:C,0.979309,44348,chr14:71367493-71367493,SIPA1L1
14,71367493,14:71367493:G:A,14,71329724,14:71329724:C:T,0.979258,37769,chr14:71367493-71367493,SIPA1L1
14,71367493,14:71367493:G:A,14,71332458,14:71332458:T:G,0.864958,35035,chr14:71367493-71367493,SIPA1L1
14,71367493,14:71367493:G:A,14,71341866,14:71341866:G:A,0.894405,25627,chr14:71367493-71367493,SIPA1L1
14,71367493,14:71367493:G:A,14,71367493,14:71367493:G:A,1.0,0,chr14:71367493-71367493,SIPA1L1
14,71367493,14:71367493:G:A,14,71376012,14:71376012:C:T,0.990642,8519,chr14:71367493-71367493,SIPA1L1
14,71367493,14:71367493:G:A,14,71380400,14:71380400:A:G,0.978447,12907,chr14:71367493-71367493,SIPA1L1
14,71367493,14:71367493:G:A,14,71383023,14:71383023:A:G,0.991711,15530,chr14:71367493-71367493,SIPA1L1
14,71367493,14:71367493:G:A,14,71389467,14:71389467:G:A,0.988584,21974,chr14:71367493-71367493,SIPA1L1
14,71367493,14:71367493:G:A,14,71393141,14:71393141:G:A,0.989615,25648,chr14:71367493-71367493,SIPA1L1
14,71367493,14:71367493:G:A,14,71478220,14:71478220:A:G,0.820741,110727,chr14:71367493-71367493,SIPA1L1
14,71367493,14:71367493:G:A,14,71489424,14:71489424:A:C,0.852144,121931,chr14:71367493-71367493,SIPA1L1
14,71367493,14:71367493:G:A,14,71489553,14:71489553:T:C,0.853102,122060,chr14:71367493-71367493,SIPA1L1
14,71367493,14:71367493:G:A,14,71505421,14:71505421:C:CT,0.852712,137928,chr14:71367493-71367493,SIPA1L1
14,71367493,14:71367493:G:A,14,71516921,14:71516921:T:C,0.864059,149428,chr14:71367493-71367493,SIPA1L1
14,71367493,14:71367493:G:A,14,71523216,14:71523216:C:T,0.855353,155723,chr14:71367493-71367493,SIPA1L1
14,71367493,14:71367493:G:A,14,71524130,14:71524130:C:CCTGT,0.860069,156637,chr14:71367493-71367493,SIPA1L1
14,71367493,14:71367493:G:A,14,71524959,14:71524959:T:A,0.862503,157466,chr14:71367493-71367493,SIPA1L1
14,71367493,14:71367493:G:A,14,71531006,14:71531006:A:G,0.860141,163513,chr14:71367493-71367493,SIPA1L1
14,88508423,14:88508423:C:T,14,88508423,14:88508423:C:T,1.0,0,chr14:88508423-88508423,PTPN21
14,94753320,14:94753320:G:T,14,94753320,14:94753320:G:T,1.0,0,chr14:94753320-94753320,GSC
15,78760672,15:78760672:A:G,15,78760672,15:78760672:A:G,1.0,0,chr15:78760672-78760672,ADAMTS7/MORF4L1
15,78760672,15:78760672:A:G,15,78771004,15:78771004:GGCAATCGCT:G,0.892787,10332,chr15:78760672-78760672,ADAMTS7/MORF4L1
15,84710027,15:84710027:C:T,15,84671998,15:84671998:C:T,0.89795,38029,chr15:84710027-84710027,ALPK3/NMB
15,84710027,15:84710027:C:T,15,84676407,15:84676407:C:T,0.897357,33620,chr15:84710027-84710027,ALPK3/NMB
15,84710027,15:84710027:C:T,15,84699298,15:84699298:G:A,0.980298,10729,chr15:84710027-84710027,ALPK3/NMB
15,84710027,15:84710027:C:T,15,84710027,15:84710027:C:T,1.0,0,chr15:84710027-84710027,ALPK3/NMB
15,84710027,15:84710027:C:T,15,84712154,15:84712154:T:C,0.886601,2127,chr15:84710027-84710027,ALPK3/NMB
15,84710027,15:84710027:C:T,15,84712241,15:84712241:TA:T,0.92907,2214,chr15:84710027-84710027,ALPK3/NMB
15,84710027,15:84710027:C:T,15,84712449,15:84712449:CT:C,0.819091,2422,chr15:84710027-84710027,ALPK3/NMB
15,84710027,15:84710027:C:T,15,84717037,15:84717037:A:G,0.91884,7010,chr15:84710027-84710027,ALPK3/NMB
15,84710027,15:84710027:C:T,15,84732405,15:84732405:C:CA,0.885652,22378,chr15:84710027-84710027,ALPK3/NMB
15,84710027,15:84710027:C:T,15,84733704,15:84733704:C:T,0.867908,23677,chr15:84710027-84710027,ALPK3/NMB
15,84710027,15:84710027:C:T,15,84734657,15:84734657:G:A,0.874986,24630,chr15:84710027-84710027,ALPK3/NMB
15,84710027,15:84710027:C:T,15,84764910,15:84764910:GT:G,0.843969,54883,chr15:84710027-84710027,ALPK3/NMB
15,84710027,15:84710027:C:T,15,84786327,15:84786327:C:T,0.848405,76300,chr15:84710027-84710027,ALPK3/NMB
15,84710027,15:84710027:C:T,15,84787514,15:84787514:C:T,0.87819,77487,chr15:84710027-84710027,ALPK3/NMB
15,84710027,15:84710027:C:T,15,84806850,15:84806850:T:C,0.831072,96823,chr15:84710027-84710027,ALPK3/NMB
15,84710027,15:84710027:C:T,15,84808105,15:84808105:A:AT,0.812626,98078,chr15:84710027-84710027,ALPK3/NMB
15,84710027,15:84710027:C:T,15,84811882,15:84811883:C:A,0.832325,101855,chr15:84710027-84710027,ALPK3/NMB
15,84710027,15:84710027:C:T,15,84812263,15:84812263:C:T,0.847736,102236,chr15:84710027-84710027,ALPK3/NMB
15,84710027,15:84710027:C:T,15,84820117,15:84820117:A:G,0.839347,110090,chr15:84710027-84710027,ALPK3/NMB
15,84710027,15:84710027:C:T,15,84820477,15:84820477:T:C,0.840039,110450,chr15:84710027-84710027,ALPK3/NMB
16,975464,16:975464:G:A,16,975464,16:975464:G:A,1.0,0,chr16:975464-975464,LMF1
16,2188930,16:2188930:G:A,16,2188930,16:2188930:G:A,1.0,0,chr16:2188930-2188930,MLST8/TSC2
16,4216061,16:4216061:G:A,16,4208307,16:4208307:A:G,0.802439,7754,chr16:4216061-4216061,SRL
16,4216061,16:4216061:G:A,16,4208311,16:4208311:G:A,0.802997,7750,chr16:4216061-4216061,SRL
16,4216061,16:4216061:G:A,16,4208394,16:4208394:G:C,0.845367,7667,chr16:4216061-4216061,SRL
16,4216061,16:4216061:G:A,16,4208512,16:4208512:T:C,0.824495,7549,chr16:4216061-4216061,SRL
16,4216061,16:4216061:G:A,16,4208828,16:4208828:A:G,0.846469,7233,chr16:4216061-4216061,SRL
16,4216061,16:4216061:G:A,16,4209560,16:4209560:A:G,0.845797,6501,chr16:4216061-4216061,SRL
16,4216061,16:4216061:G:A,16,4209668,16:4209668:T:C,0.885006,6393,chr16:4216061-4216061,SRL
16,4216061,16:4216061:G:A,16,4210290,16:4210290:T:C,0.894338,5771,chr16:4216061-4216061,SRL
16,4216061,16:4216061:G:A,16,4210790,16:4210790:T:C,0.880747,5271,chr16:4216061-4216061,SRL
16,4216061,16:4216061:G:A,16,4211118,16:4211118:A:G,0.881789,4943,chr16:4216061-4216061,SRL
16,4216061,16:4216061:G:A,16,4211781,16:4211781:A:G,0.886167,4280,chr16:4216061-4216061,SRL
16,4216061,16:4216061:G:A,16,4212337,16:4212337:C:G,0.908633,3724,chr16:4216061-4216061,SRL
16,4216061,16:4216061:G:A,16,4216061,16:4216061:G:A,1.0,0,chr16:4216061-4216061,SRL
16,4216061,16:4216061:G:A,16,4216787,16:4216787:G:A,0.969997,726,chr16:4216061-4216061,SRL
16,4216061,16:4216061:G:A,16,4218897,16:4218897:A:G,0.91956,2836,chr16:4216061-4216061,SRL
16,4216061,16:4216061:G:A,16,4219557,16:4219557:C:G,0.968081,3496,chr16:4216061-4216061,SRL
16,4216061,16:4216061:G:A,16,4221180,16:4221180:A:C,0.883715,5119,chr16:4216061-4216061,SRL
16,4216061,16:4216061:G:A,16,4221325,16:4221325:A:G,0.893445,5264,chr16:4216061-4216061,SRL
17,45610951,17:45610951:A:G,17,45592565,17:45592565:T:C,0.952722,18386,chr17:45610951-45610951,PLEKHM1/MAPT
17,45610951,17:45610951:A:G,17,45600424,17:45600424:T:C,0.967698,10527,chr17:45610951-45610951,PLEKHM1/MAPT
17,45610951,17:45610951:A:G,17,45606843,17:45606843:C:G,0.997491,4108,chr17:45610951-45610951,PLEKHM1/MAPT
17,45610951,17:45610951:A:G,17,45608985,17:45608985:T:TA,0.871021,1966,chr17:45610951-45610951,PLEKHM1/MAPT
17,45610951,17:45610951:A:G,17,45610951,17:45610951:A:G,1.0,0,chr17:45610951-45610951,PLEKHM1/MAPT
17,45610951,17:45610951:A:G,17,45611539,17:45611539:A:G,1.0,588,chr17:45610951-45610951,PLEKHM1/MAPT
17,45610951,17:45610951:A:G,17,45612318,17:45612318:C:G,0.953384,1367,chr17:45610951-45610951,PLEKHM1/MAPT
17,45610951,17:45610951:A:G,17,45614011,17:45614011:T:C,0.995614,3060,chr17:45610951-45610951,PLEKHM1/MAPT
17,45610951,17:45610951:A:G,17,45626869,17:45626869:T:C,0.9881,15918,chr17:45610951-45610951,PLEKHM1/MAPT
17,45610951,17:45610951:A:G,17,45628235,17:45628235:A:G,0.992478,17284,chr17:45610951-45610951,PLEKHM1/MAPT
17,45610951,17:45610951:A:G,17,45628390,17:45628390:G:C,0.992478,17439,chr17:45610951-45610951,PLEKHM1/MAPT
17,45610951,17:45610951:A:G,17,45631859,17:45631859:T:C,0.972643,20908,chr17:45610951-45610951,PLEKHM1/MAPT
17,45610951,17:45610951:A:G,17,45640970,17:45640970:T:C,0.992478,30019,chr17:45610951-45610951,PLEKHM1/MAPT
17,45610951,17:45610951:A:G,17,45641777,17:45641777:A:G,0.992478,30826,chr17:45610951-45610951,PLEKHM1/MAPT
17,45610951,17:45610951:A:G,17,46219479,17:46219479:A:C,0.818575,608528,chr17:45610951-45610951,PLEKHM1/MAPT
17,45610951,17:45610951:A:G,17,46219480,17:46219480:G:A,0.818575,608529,chr17:45610951-45610951,PLEKHM1/MAPT
17,45610951,17:45610951:A:G,17,46219782,17:46219782:G:A,0.831554,608831,chr17:45610951-45610951,PLEKHM1/MAPT
17,45610951,17:45610951:A:G,17,46220021,17:46220021:T:C,0.821752,609070,chr17:45610951-45610951,PLEKHM1/MAPT
17,45610951,17:45610951:A:G,17,46220060,17:46220060:G:A,0.812949,609109,chr17:45610951-45610951,PLEKHM1/MAPT
17,45610951,17:45610951:A:G,17,46220078,17:46220078:A:G,0.822837,609127,chr17:45610951-45610951,PLEKHM1/MAPT
17,45610951,17:45610951:A:G,17,46220093,17:46220093:G:A,0.822837,609142,chr17:45610951-45610951,PLEKHM1/MAPT
17,45610951,17:45610951:A:G,17,46220278,17:46220278:A:G,0.806338,609327,chr17:45610951-45610951,PLEKHM1/MAPT
17,45610951,17:45610951:A:G,17,46220351,17:46220351:C:G,0.818397,609400,chr17:45610951-45610951,PLEKHM1/MAPT
17,45610951,17:45610951:A:G,17,46220352,17:46220352:A:G,0.822314,609401,chr17:45610951-45610951,PLEKHM1/MAPT
17,45610951,17:45610951:A:G,17,46220463,17:46220463:G:T,0.815607,609512,chr17:45610951-45610951,PLEKHM1/MAPT
17,55299581,17:55299581:C:T,17,55290427,17:55290427:T:A,0.83284,9154,chr17:55299581-55299581,HLF
17,55299581,17:55299581:C:T,17,55293686,17:55293686:G:A,0.823867,5895,chr17:55299581-55299581,HLF
17,55299581,17:55299581:C:T,17,55299581,17:55299581:C:T,1.0,0,chr17:55299581-55299581,HLF
17,55299581,17:55299581:C:T,17,55302450,17:55302450:C:T,0.934748,2869,chr17:55299581-55299581,HLF
17,55299581,17:55299581:C:T,17,55305468,17:55305468:T:C,0.915159,5887,chr17:55299581-55299581,HLF
17,66310896,17:66310896:G:A,17,66305724,17:66305724:A:G,0.872292,5172,chr17:66310896-66310896,PRKCA
17,66310896,17:66310896:G:A,17,66306534,17:66306534:G:A,0.872292,4362,chr17:66310896-66310896,PRKCA
17,66310896,17:66310896:G:A,17,66307675,17:66307675:C:T,1.0,3221,chr17:66310896-66310896,PRKCA
17,66310896,17:66310896:G:A,17,66308887,17:66308887:GT:G,0.890676,2009,chr17:66310896-66310896,PRKCA
17,66310896,17:66310896:G:A,17,66308897,17:66308897:T:C,0.840401,1999,chr17:66310896-66310896,PRKCA
17,66310896,17:66310896:G:A,17,66310015,17:66310015:C:T,0.996943,881,chr17:66310896-66310896,PRKCA
17,66310896,17:66310896:G:A,17,66310896,17:66310896:G:A,1.0,0,chr17:66310896-66310896,PRKCA
17,66310896,17:66310896:G:A,17,66311493,17:66311493:C:A,0.896021,597,chr17:66310896-66310896,PRKCA
17,66310896,17:66310896:G:A,17,66311864,17:66311864:C:T,0.868579,968,chr17:66310896-66310896,PRKCA
17,66310896,17:66310896:G:A,17,66312157,17:66312157:T:G,0.865074,1261,chr17:66310896-66310896,PRKCA
17,66310896,17:66310896:G:A,17,66312355,17:66312355:T:C,0.865911,1459,chr17:66310896-66310896,PRKCA
17,66310896,17:66310896:G:A,17,66312629,17:66312629:G:C,0.865911,1733,chr17:66310896-66310896,PRKCA
17,66310896,17:66310896:G:A,17,66315131,17:66315131:C:T,0.860106,4235,chr17:66310896-66310896,PRKCA
17,66310896,17:66310896:G:A,17,66315565,17:66315565:C:T,0.833161,4669,chr17:66310896-66310896,PRKCA
17,66310896,17:66310896:G:A,17,66315622,17:66315622:G:A,0.833161,4726,chr17:66310896-66310896,PRKCA
17,66310896,17:66310896:G:A,17,66316345,17:66316345:A:G,0.859484,5449,chr17:66310896-66310896,PRKCA
17,66310896,17:66310896:G:A,17,66316959,17:66316959:G:A,0.830759,6063,chr17:66310896-66310896,PRKCA
17,66310896,17:66310896:G:A,17,66317035,17:66317035:G:A,0.830759,6139,chr17:66310896-66310896,PRKCA
17,66310896,17:66310896:G:A,17,66318430,17:66318430:T:C,0.81621,7534,chr17:66310896-66310896,PRKCA
17,66310896,17:66310896:G:A,17,66319087,17:66319087:A:C,0.815011,8191,chr17:66310896-66310896,PRKCA
17,66310896,17:66310896:G:A,17,66319248,17:66319248:G:C,0.81621,8352,chr17:66310896-66310896,PRKCA
17,66310896,17:66310896:G:A,17,66319451,17:66319451:T:C,0.81621,8555,chr17:66310896-66310896,PRKCA
17,66310896,17:66310896:G:A,17,66319735,17:66319735:CT:C,0.812217,8839,chr17:66310896-66310896,PRKCA
17,66310896,17:66310896:G:A,17,66322239,17:66322239:G:C,0.81621,11343,chr17:66310896-66310896,PRKCA
17,66310896,17:66310896:G:A,17,66323967,17:66323967:A:G,0.81621,13071,chr17:66310896-66310896,PRKCA
17,66310896,17:66310896:G:A,17,66325449,17:66325449:C:T,0.815011,14553,chr17:66310896-66310896,PRKCA
17,66310896,17:66310896:G:A,17,66325899,17:66325899:A:C,0.81621,15003,chr17:66310896-66310896,PRKCA
18,35092872,18:35092872:G:A,18,35058564,18:35058564:T:C,0.83217,34308,chr18:35092872-35092872,MAPRE2
18,35092872,18:35092872:G:A,18,35064292,18:35064292:C:T,0.819446,28580,chr18:35092872-35092872,MAPRE2
18,35092872,18:35092872:G:A,18,35085797,18:35085797:C:G,0.824278,7075,chr18:35092872-35092872,MAPRE2
18,35092872,18:35092872:G:A,18,35090057,18:35090057:T:C,0.995914,2815,chr18:35092872-35092872,MAPRE2
18,35092872,18:35092872:G:A,18,35092872,18:35092872:G:A,1.0,0,chr18:35092872-35092872,MAPRE2
18,35092872,18:35092872:G:A,18,35142904,18:35142904:A:G,0.84817,50032,chr18:35092872-35092872,MAPRE2
18,35092872,18:35092872:G:A,18,35142905,18:35142905:T:G,0.84817,50033,chr18:35092872-35092872,MAPRE2
18,36643603,18:36643603:T:C,18,36639271,18:36639271:G:T,0.830577,4332,chr18:36643603-36643603,FHOD3/TPGS2
18,36643603,18:36643603:T:C,18,36639814,18:36639815:G:GTT,0.840297,3789,chr18:36643603-36643603,FHOD3/TPGS2
18,36643603,18:36643603:T:C,18,36643603,18:36643603:T:C,1.0,0,chr18:36643603-36643603,FHOD3/TPGS2
18,58255557,18:58255557:A:G,18,58252761,18:58252761:A:G,0.817362,2796,chr18:58255557-58255557,NEDD4L
18,58255557,18:58255557:A:G,18,58255557,18:58255557:A:G,1.0,0,chr18:58255557-58255557,NEDD4L
19,45808819,19:45808819:G:A,19,45801142,19:45801142:G:A,0.867056,7677,chr19:45808819-45808819,DMPK/SYMPK
19,45808819,19:45808819:G:A,19,45803646,19:45803646:C:T,0.863026,5173,chr19:45808819-45808819,DMPK/SYMPK
19,45808819,19:45808819:G:A,19,45808162,19:45808162:C:T,0.954614,657,chr19:45808819-45808819,DMPK/SYMPK
19,45808819,19:45808819:G:A,19,45808657,19:45808657:CTTT:C,0.850329,162,chr19:45808819-45808819,DMPK/SYMPK
19,45808819,19:45808819:G:A,19,45808819,19:45808819:G:A,1.0,0,chr19:45808819-45808819,DMPK/SYMPK
19,45808819,19:45808819:G:A,19,45809087,19:45809087:C:T,0.982828,268,chr19:45808819-45808819,DMPK/SYMPK
21,29157810,21:29157810:G:A,21,29147949,21:29147949:CTA:C,0.956415,9861,chr21:29157810-29157810,CCT8
21,29157810,21:29157810:G:A,21,29151972,21:29151972:C:A,0.959283,5838,chr21:29157810-29157810,CCT8
21,29157810,21:29157810:G:A,21,29153097,21:29153097:T:G,0.989233,4713,chr21:29157810-29157810,CCT8
21,29157810,21:29157810:G:A,21,29155923,21:29155923:A:T,0.972148,1887,chr21:29157810-29157810,CCT8
21,29157810,21:29157810:G:A,21,29157810,21:29157810:G:A,1.0,0,chr21:29157810-29157810,CCT8
21,29157810,21:29157810:G:A,21,29158767,21:29158767:TAGAG:T,0.998039,957,chr21:29157810-29157810,CCT8
22,23819530,22:23819530:C:T,22,23803540,22:23803540:C:T,0.893164,15990,chr22:23819530-23819530,VPREB3/SMARCB1
22,23819530,22:23819530:C:T,22,23806086,22:23806086:A:G,0.8959,13444,chr22:23819530-23819530,VPREB3/SMARCB1
22,23819530,22:23819530:C:T,22,23812865,22:23812865:A:AT,0.840563,6665,chr22:23819530-23819530,VPREB3/SMARCB1
22,23819530,22:23819530:C:T,22,23812924,22:23812924:G:C,0.900989,6606,chr22:23819530-23819530,VPREB3/SMARCB1
22,23819530,22:23819530:C:T,22,23817120,22:23817120:A:T,0.998203,2410,chr22:23819530-23819530,VPREB3/SMARCB1
22,23819530,22:23819530:C:T,22,23819530,22:23819530:C:T,1.0,0,chr22:23819530-23819530,VPREB3/SMARCB1
22,23819530,22:23819530:C:T,22,23824601,22:23824601:G:A,0.998802,5071,chr22:23819530-23819530,VPREB3/SMARCB1
22,23819530,22:23819530:C:T,22,23827564,22:23827564:C:T,0.998802,8034,chr22:23819530-23819530,VPREB3/SMARCB1
22,23819530,22:23819530:C:T,22,23829118,22:23829118:A:G,0.998802,9588,chr22:23819530-23819530,VPREB3/SMARCB1
22,23819530,22:23819530:C:T,22,23836092,22:23836092:G:A,0.994627,16562,chr22:23819530-23819530,VPREB3/SMARCB1
22,40330745,22:40330745:C:T,22,40330745,22:40330745:C:T,1.0,0,chr22:40330745-40330745,ADSL
22,40330745,22:40330745:C:T,22,40330758,22:40330758:A:G,0.985435,13,chr22:40330745-40330745,ADSL
22,40330745,22:40330745:C:T,22,40407182,22:40407182:G:T,0.905297,76437,chr22:40330745-40330745,ADSL
