CHR_A,BP_A,SNP_A,CHR_B,BP_B,SNP_B,R2,distance,lead_SNP,prioritized_gene
1,2212668,1:2212668:A:G,1,2212668,1:2212668:A:G,1.0,0,chr1:2212668-2212668,FAAP20/SKI
1,6203732,1:6203732:A:G,1,6202171,1:6202171:A:T,0.985316,1561,chr1:6203732-6203732,RNF207
1,6203732,1:6203732:A:G,1,6203732,1:6203732:A:G,1.0,0,chr1:6203732-6203732,RNF207
1,16014384,1:16014384:T:G,1,15970694,1:15970694:G:A,0.82106,43690,chr1:16014384-16014384,HSPB7
1,16014384,1:16014384:T:G,1,15971243,1:15971243:GA:G,0.806016,43141,chr1:16014384-16014384,HSPB7
1,16014384,1:16014384:T:G,1,15980351,1:15980351:G:A,0.82106,34033,chr1:16014384-16014384,HSPB7
1,16014384,1:16014384:T:G,1,15985588,1:15985588:C:CA,0.82106,28796,chr1:16014384-16014384,HSPB7
1,16014384,1:16014384:T:G,1,15986677,1:15986677:C:T,0.82106,27707,chr1:16014384-16014384,HSPB7
1,16014384,1:16014384:T:G,1,15987293,1:15987293:C:T,0.813844,27091,chr1:16014384-16014384,HSPB7
1,16014384,1:16014384:T:G,1,15993462,1:15993462:C:T,0.900872,20922,chr1:16014384-16014384,HSPB7
1,16014384,1:16014384:T:G,1,15993533,1:15993533:G:A,0.852182,20851,chr1:16014384-16014384,HSPB7
1,16014384,1:16014384:T:G,1,15994004,1:15994004:G:C,0.900872,20380,chr1:16014384-16014384,HSPB7
1,16014384,1:16014384:T:G,1,16000440,1:16000440:A:G,0.974959,13944,chr1:16014384-16014384,HSPB7
1,16014384,1:16014384:T:G,1,16001621,1:16001621:C:T,0.974959,12763,chr1:16014384-16014384,HSPB7
1,16014384,1:16014384:T:G,1,16004613,1:16004613:T:C,0.974959,9771,chr1:16014384-16014384,HSPB7
1,16014384,1:16014384:T:G,1,16008649,1:16008649:T:C,0.974959,5735,chr1:16014384-16014384,HSPB7
1,16014384,1:16014384:T:G,1,16008807,1:16008807:CA:C,0.974959,5577,chr1:16014384-16014384,HSPB7
1,16014384,1:16014384:T:G,1,16009032,1:16009032:G:C,0.974959,5352,chr1:16014384-16014384,HSPB7
1,16014384,1:16014384:T:G,1,16011787,1:16011787:A:G,1.0,2597,chr1:16014384-16014384,HSPB7
1,16014384,1:16014384:T:G,1,16011979,1:16011979:T:C,1.0,2405,chr1:16014384-16014384,HSPB7
1,16014384,1:16014384:T:G,1,16012430,1:16012430:T:G,0.991517,1954,chr1:16014384-16014384,HSPB7
1,16014384,1:16014384:T:G,1,16013314,1:16013314:T:C,0.974885,1070,chr1:16014384-16014384,HSPB7
1,16014384,1:16014384:T:G,1,16014348,1:16014348:TC:T,1.0,36,chr1:16014384-16014384,HSPB7
1,16014384,1:16014384:T:G,1,16014384,1:16014384:T:G,1.0,0,chr1:16014384-16014384,HSPB7
1,16014384,1:16014384:T:G,1,16014456,1:16014456:A:T,1.0,72,chr1:16014384-16014384,HSPB7
1,16014384,1:16014384:T:G,1,16018235,1:16018235:T:C,1.0,3851,chr1:16014384-16014384,HSPB7
1,16014384,1:16014384:T:G,1,16020493,1:16020493:A:G,0.991499,6109,chr1:16014384-16014384,HSPB7
1,16014384,1:16014384:T:G,1,16021039,1:16021039:A:G,0.991499,6655,chr1:16014384-16014384,HSPB7
1,16014384,1:16014384:T:G,1,16021588,1:16021588:A:T,0.974546,7204,chr1:16014384-16014384,HSPB7
1,16014384,1:16014384:T:G,1,16021917,1:16021917:T:C,0.974546,7533,chr1:16014384-16014384,HSPB7
1,16014384,1:16014384:T:G,1,16022965,1:16022965:T:C,0.974546,8581,chr1:16014384-16014384,HSPB7
1,16014384,1:16014384:T:G,1,16023533,1:16023533:A:G,0.974546,9149,chr1:16014384-16014384,HSPB7
1,16014384,1:16014384:T:G,1,16026905,1:16026905:T:C,0.974546,12521,chr1:16014384-16014384,HSPB7
1,16014384,1:16014384:T:G,1,16031653,1:16031653:T:C,0.957884,17269,chr1:16014384-16014384,HSPB7
1,16014384,1:16014384:T:G,1,16032437,1:16032437:T:C,0.957884,18053,chr1:16014384-16014384,HSPB7
1,16014384,1:16014384:T:G,1,16032628,1:16032628:A:G,0.957884,18244,chr1:16014384-16014384,HSPB7
1,78038580,1:78038580:A:G,1,77557488,1:77557488:C:T,0.807307,481092,chr1:78038580-78038580,DNAJB4/NEXN
1,78038580,1:78038580:A:G,1,77604773,1:77604773:C:T,0.807307,433807,chr1:78038580-78038580,DNAJB4/NEXN
1,78038580,1:78038580:A:G,1,77683091,1:77683091:CGCCGTCGCA:C,0.807307,355489,chr1:78038580-78038580,DNAJB4/NEXN
1,78038580,1:78038580:A:G,1,77726042,1:77726042:T:C,0.827252,312538,chr1:78038580-78038580,DNAJB4/NEXN
1,78038580,1:78038580:A:G,1,77811292,1:77811292:G:A,0.837777,227288,chr1:78038580-78038580,DNAJB4/NEXN
1,78038580,1:78038580:A:G,1,77865541,1:77865541:C:T,0.954744,173039,chr1:78038580-78038580,DNAJB4/NEXN
1,78038580,1:78038580:A:G,1,77926761,1:77926761:G:A,0.965965,111819,chr1:78038580-78038580,DNAJB4/NEXN
1,78038580,1:78038580:A:G,1,77995251,1:77995251:G:A,0.943324,43329,chr1:78038580-78038580,DNAJB4/NEXN
1,78038580,1:78038580:A:G,1,78019850,1:78019850:G:GA,0.943685,18730,chr1:78038580-78038580,DNAJB4/NEXN
1,78038580,1:78038580:A:G,1,78029491,1:78029491:G:A,0.943324,9089,chr1:78038580-78038580,DNAJB4/NEXN
1,78038580,1:78038580:A:G,1,78038580,1:78038580:A:G,1.0,0,chr1:78038580-78038580,DNAJB4/NEXN
1,78038580,1:78038580:A:G,1,78053255,1:78053255:A:G,0.955647,14675,chr1:78038580-78038580,DNAJB4/NEXN
1,88866482,1:88866482:C:T,1,88653570,1:88653570:T:C,0.814897,212912,chr1:88866482-88866482,KYAT3/CCBL2
1,88866482,1:88866482:C:T,1,88653622,1:88653622:C:T,0.814897,212860,chr1:88866482-88866482,KYAT3/CCBL2
1,88866482,1:88866482:C:T,1,88653772,1:88653772:T:C,0.814897,212710,chr1:88866482-88866482,KYAT3/CCBL2
1,88866482,1:88866482:C:T,1,88655525,1:88655525:G:A,0.814897,210957,chr1:88866482-88866482,KYAT3/CCBL2
1,88866482,1:88866482:C:T,1,88658353,1:88658353:T:C,0.814897,208129,chr1:88866482-88866482,KYAT3/CCBL2
1,88866482,1:88866482:C:T,1,88659180,1:88659180:C:T,0.814897,207302,chr1:88866482-88866482,KYAT3/CCBL2
1,88866482,1:88866482:C:T,1,88660157,1:88660157:C:T,0.814897,206325,chr1:88866482-88866482,KYAT3/CCBL2
1,88866482,1:88866482:C:T,1,88660218,1:88660218:G:A,0.814897,206264,chr1:88866482-88866482,KYAT3/CCBL2
1,88866482,1:88866482:C:T,1,88660222,1:88660222:G:A,0.814897,206260,chr1:88866482-88866482,KYAT3/CCBL2
1,88866482,1:88866482:C:T,1,88660496,1:88660496:C:CA,0.814897,205986,chr1:88866482-88866482,KYAT3/CCBL2
1,88866482,1:88866482:C:T,1,88662562,1:88662562:G:A,0.814897,203920,chr1:88866482-88866482,KYAT3/CCBL2
1,88866482,1:88866482:C:T,1,88662610,1:88662610:G:A,0.814897,203872,chr1:88866482-88866482,KYAT3/CCBL2
1,88866482,1:88866482:C:T,1,88662967,1:88662967:C:A,0.814897,203515,chr1:88866482-88866482,KYAT3/CCBL2
1,88866482,1:88866482:C:T,1,88663836,1:88663836:A:G,0.814897,202646,chr1:88866482-88866482,KYAT3/CCBL2
1,88866482,1:88866482:C:T,1,88666664,1:88666664:T:G,0.814897,199818,chr1:88866482-88866482,KYAT3/CCBL2
1,88866482,1:88866482:C:T,1,88667180,1:88667180:C:T,0.814897,199302,chr1:88866482-88866482,KYAT3/CCBL2
1,88866482,1:88866482:C:T,1,88667595,1:88667595:T:C,0.814897,198887,chr1:88866482-88866482,KYAT3/CCBL2
1,88866482,1:88866482:C:T,1,88669369,1:88669369:T:C,0.814897,197113,chr1:88866482-88866482,KYAT3/CCBL2
1,88866482,1:88866482:C:T,1,88673669,1:88673669:AT:A,0.814044,192813,chr1:88866482-88866482,KYAT3/CCBL2
1,88866482,1:88866482:C:T,1,88673842,1:88673842:C:G,0.814044,192640,chr1:88866482-88866482,KYAT3/CCBL2
1,88866482,1:88866482:C:T,1,88674108,1:88674108:C:T,0.814044,192374,chr1:88866482-88866482,KYAT3/CCBL2
1,88866482,1:88866482:C:T,1,88676459,1:88676459:C:A,0.899362,190023,chr1:88866482-88866482,KYAT3/CCBL2
1,88866482,1:88866482:C:T,1,88678159,1:88678159:C:T,0.899362,188323,chr1:88866482-88866482,KYAT3/CCBL2
1,88866482,1:88866482:C:T,1,88679709,1:88679709:C:CT,0.892153,186773,chr1:88866482-88866482,KYAT3/CCBL2
1,88866482,1:88866482:C:T,1,88681076,1:88681076:C:T,0.899362,185406,chr1:88866482-88866482,KYAT3/CCBL2
1,88866482,1:88866482:C:T,1,88681530,1:88681530:A:T,0.899362,184952,chr1:88866482-88866482,KYAT3/CCBL2
1,88866482,1:88866482:C:T,1,88681642,1:88681642:T:C,0.899362,184840,chr1:88866482-88866482,KYAT3/CCBL2
1,88866482,1:88866482:C:T,1,88681952,1:88681952:T:C,0.899362,184530,chr1:88866482-88866482,KYAT3/CCBL2
1,88866482,1:88866482:C:T,1,88682237,1:88682237:A:T,0.899362,184245,chr1:88866482-88866482,KYAT3/CCBL2
1,88866482,1:88866482:C:T,1,88693330,1:88693330:T:C,0.934766,173152,chr1:88866482-88866482,KYAT3/CCBL2
1,88866482,1:88866482:C:T,1,88696576,1:88696576:T:A,0.934766,169906,chr1:88866482-88866482,KYAT3/CCBL2
1,88866482,1:88866482:C:T,1,88706048,1:88706048:T:TG,0.934766,160434,chr1:88866482-88866482,KYAT3/CCBL2
1,88866482,1:88866482:C:T,1,88708546,1:88708546:T:C,0.934766,157936,chr1:88866482-88866482,KYAT3/CCBL2
1,88866482,1:88866482:C:T,1,88708570,1:88708570:A:T,0.92826,157912,chr1:88866482-88866482,KYAT3/CCBL2
1,88866482,1:88866482:C:T,1,88713152,1:88713152:A:G,0.934766,153330,chr1:88866482-88866482,KYAT3/CCBL2
1,88866482,1:88866482:C:T,1,88713648,1:88713648:G:C,0.934766,152834,chr1:88866482-88866482,KYAT3/CCBL2
1,88866482,1:88866482:C:T,1,88720108,1:88720108:A:G,0.934766,146374,chr1:88866482-88866482,KYAT3/CCBL2
1,88866482,1:88866482:C:T,1,88722861,1:88722861:A:G,0.934766,143621,chr1:88866482-88866482,KYAT3/CCBL2
1,88866482,1:88866482:C:T,1,88728016,1:88728016:C:CT,0.907835,138466,chr1:88866482-88866482,KYAT3/CCBL2
1,88866482,1:88866482:C:T,1,88733143,1:88733143:A:G,0.934766,133339,chr1:88866482-88866482,KYAT3/CCBL2
1,88866482,1:88866482:C:T,1,88734968,1:88734968:AAT:A,0.934766,131514,chr1:88866482-88866482,KYAT3/CCBL2
1,88866482,1:88866482:C:T,1,88738168,1:88738168:AAAAC:A,0.927673,128314,chr1:88866482-88866482,KYAT3/CCBL2
1,88866482,1:88866482:C:T,1,88742397,1:88742397:G:A,0.934766,124085,chr1:88866482-88866482,KYAT3/CCBL2
1,88866482,1:88866482:C:T,1,88746500,1:88746500:G:GA,0.934766,119982,chr1:88866482-88866482,KYAT3/CCBL2
1,88866482,1:88866482:C:T,1,88749403,1:88749403:C:CA,0.806631,117079,chr1:88866482-88866482,KYAT3/CCBL2
1,88866482,1:88866482:C:T,1,88756737,1:88756737:G:A,0.934766,109745,chr1:88866482-88866482,KYAT3/CCBL2
1,88866482,1:88866482:C:T,1,88759713,1:88759713:A:G,0.934766,106769,chr1:88866482-88866482,KYAT3/CCBL2
1,88866482,1:88866482:C:T,1,88763607,1:88763607:C:CA,0.883793,102875,chr1:88866482-88866482,KYAT3/CCBL2
1,88866482,1:88866482:C:T,1,88765282,1:88765282:C:CAA,0.91426,101200,chr1:88866482-88866482,KYAT3/CCBL2
1,88866482,1:88866482:C:T,1,88766080,1:88766080:T:A,0.934766,100402,chr1:88866482-88866482,KYAT3/CCBL2
1,88866482,1:88866482:C:T,1,88770346,1:88770346:T:A,0.934766,96136,chr1:88866482-88866482,KYAT3/CCBL2
1,88866482,1:88866482:C:T,1,88779217,1:88779217:G:GT,0.934766,87265,chr1:88866482-88866482,KYAT3/CCBL2
1,88866482,1:88866482:C:T,1,88784469,1:88784469:G:A,0.92826,82013,chr1:88866482-88866482,KYAT3/CCBL2
1,88866482,1:88866482:C:T,1,88794179,1:88794179:C:T,0.908064,72303,chr1:88866482-88866482,KYAT3/CCBL2
1,88866482,1:88866482:C:T,1,88805891,1:88805891:T:C,0.934766,60591,chr1:88866482-88866482,KYAT3/CCBL2
1,88866482,1:88866482:C:T,1,88815282,1:88815282:A:G,0.934766,51200,chr1:88866482-88866482,KYAT3/CCBL2
1,88866482,1:88866482:C:T,1,88816142,1:88816142:T:TA,0.934766,50340,chr1:88866482-88866482,KYAT3/CCBL2
1,88866482,1:88866482:C:T,1,88820852,1:88820852:T:A,0.92826,45630,chr1:88866482-88866482,KYAT3/CCBL2
1,88866482,1:88866482:C:T,1,88822300,1:88822300:A:G,0.934766,44182,chr1:88866482-88866482,KYAT3/CCBL2
1,88866482,1:88866482:C:T,1,88825174,1:88825174:C:T,0.92826,41308,chr1:88866482-88866482,KYAT3/CCBL2
1,88866482,1:88866482:C:T,1,88827611,1:88827611:CCCCTTCCCT:C,0.92826,38871,chr1:88866482-88866482,KYAT3/CCBL2
1,88866482,1:88866482:C:T,1,88830142,1:88830142:C:G,0.934766,36340,chr1:88866482-88866482,KYAT3/CCBL2
1,88866482,1:88866482:C:T,1,88856804,1:88856804:G:GT,0.904945,9678,chr1:88866482-88866482,KYAT3/CCBL2
1,88866482,1:88866482:C:T,1,88858044,1:88858044:C:T,1.0,8438,chr1:88866482-88866482,KYAT3/CCBL2
1,88866482,1:88866482:C:T,1,88866482,1:88866482:C:T,1.0,0,chr1:88866482-88866482,KYAT3/CCBL2
1,88866482,1:88866482:C:T,1,88872012,1:88872012:C:A,0.977631,5530,chr1:88866482-88866482,KYAT3/CCBL2
1,88866482,1:88866482:C:T,1,88878573,1:88878573:G:A,0.977631,12091,chr1:88866482-88866482,KYAT3/CCBL2
1,88866482,1:88866482:C:T,1,88884028,1:88884028:T:G,0.956376,17546,chr1:88866482-88866482,KYAT3/CCBL2
1,88866482,1:88866482:C:T,1,88886128,1:88886128:C:A,0.977631,19646,chr1:88866482-88866482,KYAT3/CCBL2
1,88866482,1:88866482:C:T,1,88886814,1:88886814:TG:T,0.955781,20332,chr1:88866482-88866482,KYAT3/CCBL2
1,214111878,1:214111878:C:T,1,214085739,1:214085739:T:C,0.92406,26139,chr1:214111878-214111878,PROX1
1,214111878,1:214111878:C:T,1,214100304,1:214100304:C:T,0.92406,11574,chr1:214111878-214111878,PROX1
1,214111878,1:214111878:C:T,1,214101464,1:214101464:C:T,0.92406,10414,chr1:214111878-214111878,PROX1
1,214111878,1:214111878:C:T,1,214103624,1:214103624:AG:A,0.92406,8254,chr1:214111878-214111878,PROX1
1,214111878,1:214111878:C:T,1,214103820,1:214103820:G:A,0.92406,8058,chr1:214111878-214111878,PROX1
1,214111878,1:214111878:C:T,1,214107516,1:214107516:A:C,0.92406,4362,chr1:214111878-214111878,PROX1
1,214111878,1:214111878:C:T,1,214107731,1:214107731:A:AC,0.960674,4147,chr1:214111878-214111878,PROX1
1,214111878,1:214111878:C:T,1,214111812,1:214111812:T:C,1.0,66,chr1:214111878-214111878,PROX1
1,214111878,1:214111878:C:T,1,214111878,1:214111878:C:T,1.0,0,chr1:214111878-214111878,PROX1
1,214111878,1:214111878:C:T,1,214111956,1:214111956:G:C,1.0,78,chr1:214111878-214111878,PROX1
1,214111878,1:214111878:C:T,1,214113446,1:214113446:G:A,0.960674,1568,chr1:214111878-214111878,PROX1
1,214111878,1:214111878:C:T,1,214113755,1:214113755:A:T,0.960674,1877,chr1:214111878-214111878,PROX1
1,214111878,1:214111878:C:T,1,214113857,1:214113857:CT:C,0.960674,1979,chr1:214111878-214111878,PROX1
1,236637785,1:236637785:T:C,1,236637785,1:236637785:T:C,1.0,0,chr1:236637785-236637785,LGALS8/ACTN2
1,236637785,1:236637785:T:C,1,236637916,1:236637916:A:AGTTAGCAGG,0.955933,131,chr1:236637785-236637785,LGALS8/ACTN2
1,236637785,1:236637785:T:C,1,236638104,1:236638104:A:G,0.955933,319,chr1:236637785-236637785,LGALS8/ACTN2
1,236637785,1:236637785:T:C,1,236638446,1:236638446:T:G,0.955933,661,chr1:236637785-236637785,LGALS8/ACTN2
1,236637785,1:236637785:T:C,1,236638793,1:236638793:G:A,0.955933,1008,chr1:236637785-236637785,LGALS8/ACTN2
1,236637785,1:236637785:T:C,1,236638886,1:236638886:A:G,0.955933,1101,chr1:236637785-236637785,LGALS8/ACTN2
1,236637785,1:236637785:T:C,1,236639003,1:236639003:A:G,0.955933,1218,chr1:236637785-236637785,LGALS8/ACTN2
1,236637785,1:236637785:T:C,1,236639694,1:236639694:G:A,0.945096,1909,chr1:236637785-236637785,LGALS8/ACTN2
1,236637785,1:236637785:T:C,1,236640102,1:236640102:A:G,0.889444,2317,chr1:236637785-236637785,LGALS8/ACTN2
2,11444071,2:11444071:C:A,2,11415777,2:11415777:T:A,0.820624,28294,chr2:11444071-11444071,E2F6/ROCK2
2,11444071,2:11444071:C:A,2,11415980,2:11415980:G:A,0.827049,28091,chr2:11444071-11444071,E2F6/ROCK2
2,11444071,2:11444071:C:A,2,11416273,2:11416273:A:G,0.820624,27798,chr2:11444071-11444071,E2F6/ROCK2
2,11444071,2:11444071:C:A,2,11416418,2:11416418:G:A,0.827049,27653,chr2:11444071-11444071,E2F6/ROCK2
2,11444071,2:11444071:C:A,2,11417284,2:11417284:G:A,0.827049,26787,chr2:11444071-11444071,E2F6/ROCK2
2,11444071,2:11444071:C:A,2,11417674,2:11417674:G:A,0.827049,26397,chr2:11444071-11444071,E2F6/ROCK2
2,11444071,2:11444071:C:A,2,11419248,2:11419248:T:C,0.827049,24823,chr2:11444071-11444071,E2F6/ROCK2
2,11444071,2:11444071:C:A,2,11419457,2:11419457:T:C,0.827049,24614,chr2:11444071-11444071,E2F6/ROCK2
2,11444071,2:11444071:C:A,2,11419485,2:11419485:C:T,0.827049,24586,chr2:11444071-11444071,E2F6/ROCK2
2,11444071,2:11444071:C:A,2,11419508,2:11419508:A:AAAAC,0.827049,24563,chr2:11444071-11444071,E2F6/ROCK2
2,11444071,2:11444071:C:A,2,11419634,2:11419634:A:G,0.827049,24437,chr2:11444071-11444071,E2F6/ROCK2
2,11444071,2:11444071:C:A,2,11419688,2:11419688:C:A,0.827049,24383,chr2:11444071-11444071,E2F6/ROCK2
2,11444071,2:11444071:C:A,2,11419765,2:11419765:C:T,0.827049,24306,chr2:11444071-11444071,E2F6/ROCK2
2,11444071,2:11444071:C:A,2,11419813,2:11419813:A:C,0.827049,24258,chr2:11444071-11444071,E2F6/ROCK2
2,11444071,2:11444071:C:A,2,11419851,2:11419851:A:G,0.827049,24220,chr2:11444071-11444071,E2F6/ROCK2
2,11444071,2:11444071:C:A,2,11420113,2:11420113:C:T,0.827049,23958,chr2:11444071-11444071,E2F6/ROCK2
2,11444071,2:11444071:C:A,2,11420386,2:11420386:A:G,0.827049,23685,chr2:11444071-11444071,E2F6/ROCK2
2,11444071,2:11444071:C:A,2,11420643,2:11420643:T:C,0.827049,23428,chr2:11444071-11444071,E2F6/ROCK2
2,11444071,2:11444071:C:A,2,11421411,2:11421411:C:A,0.827049,22660,chr2:11444071-11444071,E2F6/ROCK2
2,11444071,2:11444071:C:A,2,11421693,2:11421693:A:G,0.827049,22378,chr2:11444071-11444071,E2F6/ROCK2
2,11444071,2:11444071:C:A,2,11421776,2:11421776:A:C,0.827049,22295,chr2:11444071-11444071,E2F6/ROCK2
2,11444071,2:11444071:C:A,2,11422248,2:11422248:G:A,0.827049,21823,chr2:11444071-11444071,E2F6/ROCK2
2,11444071,2:11444071:C:A,2,11422504,2:11422504:T:C,0.827049,21567,chr2:11444071-11444071,E2F6/ROCK2
2,11444071,2:11444071:C:A,2,11422543,2:11422543:T:C,0.827049,21528,chr2:11444071-11444071,E2F6/ROCK2
2,11444071,2:11444071:C:A,2,11422678,2:11422678:C:G,0.827049,21393,chr2:11444071-11444071,E2F6/ROCK2
2,11444071,2:11444071:C:A,2,11422909,2:11422909:A:G,0.889121,21162,chr2:11444071-11444071,E2F6/ROCK2
2,11444071,2:11444071:C:A,2,11423016,2:11423016:C:T,0.902454,21055,chr2:11444071-11444071,E2F6/ROCK2
2,11444071,2:11444071:C:A,2,11423581,2:11423581:G:A,0.852638,20490,chr2:11444071-11444071,E2F6/ROCK2
2,11444071,2:11444071:C:A,2,11423749,2:11423749:T:A,0.820985,20322,chr2:11444071-11444071,E2F6/ROCK2
2,11444071,2:11444071:C:A,2,11423796,2:11423796:A:C,0.820985,20275,chr2:11444071-11444071,E2F6/ROCK2
2,11444071,2:11444071:C:A,2,11423834,2:11423834:T:C,0.917239,20237,chr2:11444071-11444071,E2F6/ROCK2
2,11444071,2:11444071:C:A,2,11424555,2:11424555:G:A,0.902454,19516,chr2:11444071-11444071,E2F6/ROCK2
2,11444071,2:11444071:C:A,2,11424938,2:11424938:G:A,0.820985,19133,chr2:11444071-11444071,E2F6/ROCK2
2,11444071,2:11444071:C:A,2,11426194,2:11426194:C:CT,0.902661,17877,chr2:11444071-11444071,E2F6/ROCK2
2,11444071,2:11444071:C:A,2,11427185,2:11427185:A:G,0.844588,16886,chr2:11444071-11444071,E2F6/ROCK2
2,11444071,2:11444071:C:A,2,11427355,2:11427355:TAAG:T,0.850052,16716,chr2:11444071-11444071,E2F6/ROCK2
2,11444071,2:11444071:C:A,2,11428032,2:11428032:C:T,0.850052,16039,chr2:11444071-11444071,E2F6/ROCK2
2,11444071,2:11444071:C:A,2,11428614,2:11428614:A:G,0.924926,15457,chr2:11444071-11444071,E2F6/ROCK2
2,11444071,2:11444071:C:A,2,11430311,2:11430311:G:A,0.954386,13760,chr2:11444071-11444071,E2F6/ROCK2
2,11444071,2:11444071:C:A,2,11431840,2:11431840:C:T,0.962293,12231,chr2:11444071-11444071,E2F6/ROCK2
2,11444071,2:11444071:C:A,2,11432689,2:11432689:G:A,0.869802,11382,chr2:11444071-11444071,E2F6/ROCK2
2,11444071,2:11444071:C:A,2,11432780,2:11432780:G:C,0.954264,11291,chr2:11444071-11444071,E2F6/ROCK2
2,11444071,2:11444071:C:A,2,11433272,2:11433272:A:C,0.862742,10799,chr2:11444071-11444071,E2F6/ROCK2
2,11444071,2:11444071:C:A,2,11434774,2:11434774:A:G,0.892709,9297,chr2:11444071-11444071,E2F6/ROCK2
2,11444071,2:11444071:C:A,2,11436113,2:11436113:TAATA:T,0.969412,7958,chr2:11444071-11444071,E2F6/ROCK2
2,11444071,2:11444071:C:A,2,11436287,2:11436287:C:A,0.992298,7784,chr2:11444071-11444071,E2F6/ROCK2
2,11444071,2:11444071:C:A,2,11436399,2:11436399:A:G,0.905745,7672,chr2:11444071-11444071,E2F6/ROCK2
2,11444071,2:11444071:C:A,2,11438928,2:11438928:T:C,0.900154,5143,chr2:11444071-11444071,E2F6/ROCK2
2,11444071,2:11444071:C:A,2,11440191,2:11440191:T:G,1.0,3880,chr2:11444071-11444071,E2F6/ROCK2
2,11444071,2:11444071:C:A,2,11441764,2:11441764:G:C,1.0,2307,chr2:11444071-11444071,E2F6/ROCK2
2,11444071,2:11444071:C:A,2,11442207,2:11442207:A:G,0.900154,1864,chr2:11444071-11444071,E2F6/ROCK2
2,11444071,2:11444071:C:A,2,11443167,2:11443167:A:G,0.900154,904,chr2:11444071-11444071,E2F6/ROCK2
2,11444071,2:11444071:C:A,2,11443871,2:11443871:G:C,0.900154,200,chr2:11444071-11444071,E2F6/ROCK2
2,11444071,2:11444071:C:A,2,11444071,2:11444071:C:A,1.0,0,chr2:11444071-11444071,E2F6/ROCK2
2,11444071,2:11444071:C:A,2,11444141,2:11444141:A:G,0.913215,70,chr2:11444071-11444071,E2F6/ROCK2
2,11444071,2:11444071:C:A,2,11445909,2:11445909:G:A,0.892709,1838,chr2:11444071-11444071,E2F6/ROCK2
2,11444071,2:11444071:C:A,2,11446093,2:11446093:A:G,0.992298,2022,chr2:11444071-11444071,E2F6/ROCK2
2,11444071,2:11444071:C:A,2,11449148,2:11449148:G:A,0.905745,5077,chr2:11444071-11444071,E2F6/ROCK2
2,11444071,2:11444071:C:A,2,11449236,2:11449236:C:A,0.892709,5165,chr2:11444071-11444071,E2F6/ROCK2
2,11444071,2:11444071:C:A,2,11451348,2:11451348:CT:C,0.82238,7277,chr2:11444071-11444071,E2F6/ROCK2
2,11444071,2:11444071:C:A,2,11452168,2:11452168:G:T,0.992298,8097,chr2:11444071-11444071,E2F6/ROCK2
2,11444071,2:11444071:C:A,2,11453370,2:11453370:A:G,0.992298,9299,chr2:11444071-11444071,E2F6/ROCK2
2,11444071,2:11444071:C:A,2,11454629,2:11454629:A:G,0.878872,10558,chr2:11444071-11444071,E2F6/ROCK2
2,11444071,2:11444071:C:A,2,11459150,2:11459150:C:T,0.892709,15079,chr2:11444071-11444071,E2F6/ROCK2
2,11444071,2:11444071:C:A,2,11459606,2:11459606:G:A,0.962293,15535,chr2:11444071-11444071,E2F6/ROCK2
2,11444071,2:11444071:C:A,2,11459679,2:11459679:C:G,0.962293,15608,chr2:11444071-11444071,E2F6/ROCK2
2,11444071,2:11444071:C:A,2,11459883,2:11459883:CA:C,0.875799,15812,chr2:11444071-11444071,E2F6/ROCK2
2,11444071,2:11444071:C:A,2,11461382,2:11461382:A:G,0.862742,17311,chr2:11444071-11444071,E2F6/ROCK2
2,11444071,2:11444071:C:A,2,11461438,2:11461438:A:G,0.962293,17367,chr2:11444071-11444071,E2F6/ROCK2
2,11444071,2:11444071:C:A,2,11462162,2:11462162:G:A,0.818625,18091,chr2:11444071-11444071,E2F6/ROCK2
2,11444071,2:11444071:C:A,2,11465178,2:11465178:C:CAA,0.822913,21107,chr2:11444071-11444071,E2F6/ROCK2
2,11444071,2:11444071:C:A,2,11467769,2:11467769:C:T,0.866566,23698,chr2:11444071-11444071,E2F6/ROCK2
2,11444071,2:11444071:C:A,2,11473026,2:11473026:G:A,0.881238,28955,chr2:11444071-11444071,E2F6/ROCK2
2,36905984,2:36905984:C:T,2,36832414,2:36832414:C:G,0.803088,73570,chr2:36905984-36905984,STRN
2,36905984,2:36905984:C:T,2,36836097,2:36836097:C:CT,0.868234,69887,chr2:36905984-36905984,STRN
2,36905984,2:36905984:C:T,2,36850952,2:36850953:A:AT,0.804541,55032,chr2:36905984-36905984,STRN
2,36905984,2:36905984:C:T,2,36859054,2:36859054:G:C,0.827878,46930,chr2:36905984-36905984,STRN
2,36905984,2:36905984:C:T,2,36863090,2:36863090:T:C,0.817708,42894,chr2:36905984-36905984,STRN
2,36905984,2:36905984:C:T,2,36868254,2:36868254:G:GA,0.881456,37730,chr2:36905984-36905984,STRN
2,36905984,2:36905984:C:T,2,36872196,2:36872196:T:C,0.835172,33788,chr2:36905984-36905984,STRN
2,36905984,2:36905984:C:T,2,36875477,2:36875477:T:C,0.852417,30507,chr2:36905984-36905984,STRN
2,36905984,2:36905984:C:T,2,36883902,2:36883902:T:A,0.84877,22082,chr2:36905984-36905984,STRN
2,36905984,2:36905984:C:T,2,36891522,2:36891522:C:CA,0.890171,14462,chr2:36905984-36905984,STRN
2,36905984,2:36905984:C:T,2,36895409,2:36895409:A:G,0.980606,10575,chr2:36905984-36905984,STRN
2,36905984,2:36905984:C:T,2,36895756,2:36895756:CA:C,0.866389,10228,chr2:36905984-36905984,STRN
2,36905984,2:36905984:C:T,2,36895756,2:36895757:CAA:C,0.974437,10228,chr2:36905984-36905984,STRN
2,36905984,2:36905984:C:T,2,36896240,2:36896240:T:C,0.967773,9744,chr2:36905984-36905984,STRN
2,36905984,2:36905984:C:T,2,36897429,2:36897429:T:TAA,0.9307,8555,chr2:36905984-36905984,STRN
2,36905984,2:36905984:C:T,2,36897436,2:36897436:T:A,0.936947,8548,chr2:36905984-36905984,STRN
2,36905984,2:36905984:C:T,2,36897612,2:36897612:T:C,0.961906,8372,chr2:36905984-36905984,STRN
2,36905984,2:36905984:C:T,2,36904969,2:36904969:CT:C,0.875986,1015,chr2:36905984-36905984,STRN
2,36905984,2:36905984:C:T,2,36905984,2:36905984:C:T,1.0,0,chr2:36905984-36905984,STRN
2,36905984,2:36905984:C:T,2,36906939,2:36906939:C:CA,0.813379,955,chr2:36905984-36905984,STRN
2,36905984,2:36905984:C:T,2,36906949,2:36906949:C:A,0.8195,965,chr2:36905984-36905984,STRN
2,36905984,2:36905984:C:T,2,36908893,2:36908893:A:C,0.891082,2909,chr2:36905984-36905984,STRN
2,36905984,2:36905984:C:T,2,36909495,2:36909495:T:C,0.937053,3511,chr2:36905984-36905984,STRN
2,36905984,2:36905984:C:T,2,36909617,2:36909617:T:C,0.930438,3633,chr2:36905984-36905984,STRN
2,36905984,2:36905984:C:T,2,36910110,2:36910110:C:T,0.936274,4126,chr2:36905984-36905984,STRN
2,36905984,2:36905984:C:T,2,36910903,2:36910903:C:A,0.94293,4919,chr2:36905984-36905984,STRN
2,36905984,2:36905984:C:T,2,36911322,2:36911322:C:G,0.903045,5338,chr2:36905984-36905984,STRN
2,36905984,2:36905984:C:T,2,36913570,2:36913570:A:C,0.937053,7586,chr2:36905984-36905984,STRN
2,36905984,2:36905984:C:T,2,36913942,2:36913942:C:T,0.918024,7958,chr2:36905984-36905984,STRN
2,36905984,2:36905984:C:T,2,36914193,2:36914193:A:G,0.967971,8209,chr2:36905984-36905984,STRN
2,36905984,2:36905984:C:T,2,36914352,2:36914352:C:T,0.974437,8368,chr2:36905984-36905984,STRN
2,36905984,2:36905984:C:T,2,36917052,2:36917052:T:A,0.900804,11068,chr2:36905984-36905984,STRN
2,36905984,2:36905984:C:T,2,36920085,2:36920085:GAATT:G,0.928677,14101,chr2:36905984-36905984,STRN
2,36905984,2:36905984:C:T,2,36920832,2:36920832:T:G,0.948496,14848,chr2:36905984-36905984,STRN
2,36905984,2:36905984:C:T,2,36921712,2:36921712:G:GTC,0.916077,15728,chr2:36905984-36905984,STRN
2,36905984,2:36905984:C:T,2,36922355,2:36922355:T:C,0.916077,16371,chr2:36905984-36905984,STRN
2,36905984,2:36905984:C:T,2,36927282,2:36927282:T:A,0.929369,21298,chr2:36905984-36905984,STRN
2,36905984,2:36905984:C:T,2,36932656,2:36932656:A:G,0.935666,26672,chr2:36905984-36905984,STRN
2,36905984,2:36905984:C:T,2,36941906,2:36941906:G:A,0.916077,35922,chr2:36905984-36905984,STRN
2,36905984,2:36905984:C:T,2,36948301,2:36948301:T:C,0.928846,42317,chr2:36905984-36905984,STRN
2,36905984,2:36905984:C:T,2,36949070,2:36949070:G:A,0.922457,43086,chr2:36905984-36905984,STRN
2,36905984,2:36905984:C:T,2,36957342,2:36957342:C:T,0.928846,51358,chr2:36905984-36905984,STRN
2,36905984,2:36905984:C:T,2,36962153,2:36962153:T:C,0.942231,56169,chr2:36905984-36905984,STRN
2,36905984,2:36905984:C:T,2,36965352,2:36965352:T:C,0.929369,59368,chr2:36905984-36905984,STRN
2,65049318,2:65049318:T:C,2,65049318,2:65049318:T:C,1.0,0,chr2:65049318-65049318,CEP68
2,65049318,2:65049318:T:C,2,65049602,2:65049602:A:G,1.0,284,chr2:65049318-65049318,CEP68
2,65049318,2:65049318:T:C,2,65050232,2:65050232:CATTT:C,1.0,914,chr2:65049318-65049318,CEP68
2,65049318,2:65049318:T:C,2,65052089,2:65052089:C:T,0.870723,2771,chr2:65049318-65049318,CEP68
2,65049318,2:65049318:T:C,2,65052187,2:65052187:T:G,0.870723,2869,chr2:65049318-65049318,CEP68
2,65049318,2:65049318:T:C,2,65052280,2:65052280:A:G,1.0,2962,chr2:65049318-65049318,CEP68
2,65049318,2:65049318:T:C,2,65052671,2:65052671:T:C,1.0,3353,chr2:65049318-65049318,CEP68
2,65049318,2:65049318:T:C,2,65053086,2:65053086:G:A,0.870723,3768,chr2:65049318-65049318,CEP68
2,65049318,2:65049318:T:C,2,65056838,2:65056838:T:C,0.979407,7520,chr2:65049318-65049318,CEP68
2,65049318,2:65049318:T:C,2,65057022,2:65057022:C:CGTGGATGCA,1.0,7704,chr2:65049318-65049318,CEP68
2,65049318,2:65049318:T:C,2,65057097,2:65057097:A:T,1.0,7779,chr2:65049318-65049318,CEP68
2,65049318,2:65049318:T:C,2,65057489,2:65057489:T:C,0.870723,8171,chr2:65049318-65049318,CEP68
2,65049318,2:65049318:T:C,2,65060230,2:65060230:A:AT,0.952738,10912,chr2:65049318-65049318,CEP68
2,65049318,2:65049318:T:C,2,65060762,2:65060762:A:G,0.952738,11444,chr2:65049318-65049318,CEP68
2,65049318,2:65049318:T:C,2,65062489,2:65062489:C:T,0.806898,13171,chr2:65049318-65049318,CEP68
2,65049318,2:65049318:T:C,2,65062691,2:65062691:A:G,0.952738,13373,chr2:65049318-65049318,CEP68
2,65049318,2:65049318:T:C,2,65062815,2:65062815:C:T,0.812768,13497,chr2:65049318-65049318,CEP68
2,65049318,2:65049318:T:C,2,65062836,2:65062836:CA:C,0.952738,13518,chr2:65049318-65049318,CEP68
2,65049318,2:65049318:T:C,2,65066775,2:65066775:CAA:C,0.921868,17457,chr2:65049318-65049318,CEP68
2,65049318,2:65049318:T:C,2,65069146,2:65069146:T:C,0.952738,19828,chr2:65049318-65049318,CEP68
2,65049318,2:65049318:T:C,2,65070225,2:65070225:C:G,0.812768,20907,chr2:65049318-65049318,CEP68
2,65049318,2:65049318:T:C,2,65070552,2:65070552:C:T,0.812768,21234,chr2:65049318-65049318,CEP68
2,65049318,2:65049318:T:C,2,65071148,2:65071148:T:A,0.812768,21830,chr2:65049318-65049318,CEP68
2,102809718,2:102809718:C:T,2,102723555,2:102723555:AG:A,0.965996,86163,chr2:102809718-102809718,TMEM182/MFSD9
2,102809718,2:102809718:C:T,2,102809718,2:102809718:C:T,1.0,0,chr2:102809718-102809718,TMEM182/MFSD9
2,102809718,2:102809718:C:T,2,102834671,2:102834671:C:T,0.836046,24953,chr2:102809718-102809718,TMEM182/MFSD9
2,178894707,2:178894707:G:A,2,178894707,2:178894707:G:A,1.0,0,chr2:178894707-178894707,CCDC141/SESTD1
2,178894707,2:178894707:G:A,2,178897263,2:178897263:G:A,1.0,2556,chr2:178894707-178894707,CCDC141/SESTD1
2,178894707,2:178894707:G:A,2,178899757,2:178899757:T:A,0.966494,5050,chr2:178894707-178894707,CCDC141/SESTD1
2,178894707,2:178894707:G:A,2,178909546,2:178909546:G:A,0.979815,14839,chr2:178894707-178894707,CCDC141/SESTD1
2,178894707,2:178894707:G:A,2,178910425,2:178910425:T:C,0.993216,15718,chr2:178894707-178894707,CCDC141/SESTD1
2,178894707,2:178894707:G:A,2,178911765,2:178911765:C:T,0.993216,17058,chr2:178894707-178894707,CCDC141/SESTD1
2,200330879,2:200330879:C:T,2,200229428,2:200229428:G:T,0.815958,101451,chr2:200330879-200330879,SPATS2L
2,200330879,2:200330879:C:T,2,200240201,2:200240201:T:A,0.826615,90678,chr2:200330879-200330879,SPATS2L
2,200330879,2:200330879:C:T,2,200240274,2:200240274:C:T,0.826615,90605,chr2:200330879-200330879,SPATS2L
2,200330879,2:200330879:C:T,2,200242092,2:200242092:C:G,0.826615,88787,chr2:200330879-200330879,SPATS2L
2,200330879,2:200330879:C:T,2,200242238,2:200242238:CT:C,0.826615,88641,chr2:200330879-200330879,SPATS2L
2,200330879,2:200330879:C:T,2,200245500,2:200245500:C:T,0.879168,85379,chr2:200330879-200330879,SPATS2L
2,200330879,2:200330879:C:T,2,200249929,2:200249929:A:G,0.813547,80950,chr2:200330879-200330879,SPATS2L
2,200330879,2:200330879:C:T,2,200251388,2:200251388:G:C,0.813547,79491,chr2:200330879-200330879,SPATS2L
2,200330879,2:200330879:C:T,2,200253221,2:200253221:C:T,0.879168,77658,chr2:200330879-200330879,SPATS2L
2,200330879,2:200330879:C:T,2,200254248,2:200254248:CT:C,0.873086,76631,chr2:200330879-200330879,SPATS2L
2,200330879,2:200330879:C:T,2,200266401,2:200266401:A:G,0.890942,64478,chr2:200330879-200330879,SPATS2L
2,200330879,2:200330879:C:T,2,200266505,2:200266505:A:T,0.813547,64374,chr2:200330879-200330879,SPATS2L
2,200330879,2:200330879:C:T,2,200268982,2:200268982:CTA:C,0.829434,61897,chr2:200330879-200330879,SPATS2L
2,200330879,2:200330879:C:T,2,200270013,2:200270013:G:A,0.817833,60866,chr2:200330879-200330879,SPATS2L
2,200330879,2:200330879:C:T,2,200270303,2:200270303:A:AGTC,0.822195,60576,chr2:200330879-200330879,SPATS2L
2,200330879,2:200330879:C:T,2,200271420,2:200271420:A:G,0.822195,59459,chr2:200330879-200330879,SPATS2L
2,200330879,2:200330879:C:T,2,200275238,2:200275238:C:T,0.81671,55641,chr2:200330879-200330879,SPATS2L
2,200330879,2:200330879:C:T,2,200276279,2:200276279:G:C,0.902673,54600,chr2:200330879-200330879,SPATS2L
2,200330879,2:200330879:C:T,2,200282594,2:200282595:C:CA,0.804025,48285,chr2:200330879-200330879,SPATS2L
2,200330879,2:200330879:C:T,2,200282594,2:200282594:C:CAA,0.816989,48285,chr2:200330879-200330879,SPATS2L
2,200330879,2:200330879:C:T,2,200285317,2:200285317:C:T,0.927412,45562,chr2:200330879-200330879,SPATS2L
2,200330879,2:200330879:C:T,2,200293688,2:200293688:C:T,0.919702,37191,chr2:200330879-200330879,SPATS2L
2,200330879,2:200330879:C:T,2,200295265,2:200295265:T:A,0.963361,35614,chr2:200330879-200330879,SPATS2L
2,200330879,2:200330879:C:T,2,200298833,2:200298833:A:G,0.924773,32046,chr2:200330879-200330879,SPATS2L
2,200330879,2:200330879:C:T,2,200305786,2:200305786:CA:C,0.866765,25093,chr2:200330879-200330879,SPATS2L
2,200330879,2:200330879:C:T,2,200308239,2:200308239:G:GA,0.914134,22640,chr2:200330879-200330879,SPATS2L
2,200330879,2:200330879:C:T,2,200310521,2:200310521:C:T,0.919163,20358,chr2:200330879-200330879,SPATS2L
2,200330879,2:200330879:C:T,2,200312221,2:200312221:C:T,0.919163,18658,chr2:200330879-200330879,SPATS2L
2,200330879,2:200330879:C:T,2,200319625,2:200319625:T:C,0.919163,11254,chr2:200330879-200330879,SPATS2L
2,200330879,2:200330879:C:T,2,200319990,2:200319990:A:G,0.919163,10889,chr2:200330879-200330879,SPATS2L
2,200330879,2:200330879:C:T,2,200323052,2:200323052:A:G,0.919163,7827,chr2:200330879-200330879,SPATS2L
2,200330879,2:200330879:C:T,2,200325927,2:200325927:TA:T,0.919163,4952,chr2:200330879-200330879,SPATS2L
2,200330879,2:200330879:C:T,2,200327403,2:200327403:C:CA,0.906787,3476,chr2:200330879-200330879,SPATS2L
2,200330879,2:200330879:C:T,2,200329556,2:200329556:C:A,0.919163,1323,chr2:200330879-200330879,SPATS2L
2,200330879,2:200330879:C:T,2,200330213,HGSV_36559,0.919163,666,chr2:200330879-200330879,SPATS2L
2,200330879,2:200330879:C:T,2,200330680,2:200330680:G:A,0.919163,199,chr2:200330879-200330879,SPATS2L
2,200330879,2:200330879:C:T,2,200330879,2:200330879:C:T,1.0,0,chr2:200330879-200330879,SPATS2L
2,200330879,2:200330879:C:T,2,200333093,2:200333093:C:G,0.919163,2214,chr2:200330879-200330879,SPATS2L
2,200330879,2:200330879:C:T,2,200333748,2:200333748:T:C,0.924773,2869,chr2:200330879-200330879,SPATS2L
2,200330879,2:200330879:C:T,2,200346993,2:200346993:A:G,0.813096,16114,chr2:200330879-200330879,SPATS2L
2,200330879,2:200330879:C:T,2,200349348,2:200349348:C:A,0.813096,18469,chr2:200330879-200330879,SPATS2L
3,12539917,3:12539917:T:C,3,12539917,3:12539917:T:C,1.0,0,chr3:12539917-12539917,RAF1/TSEN2
3,14234738,3:14234738:G:A,3,14231914,3:14231914:G:C,1.0,2824,chr3:14234738-14234738,LSM3/SLC6A6
3,14234738,3:14234738:G:A,3,14231964,3:14231964:C:T,1.0,2774,chr3:14234738-14234738,LSM3/SLC6A6
3,14234738,3:14234738:G:A,3,14231972,3:14231972:C:T,1.0,2766,chr3:14234738-14234738,LSM3/SLC6A6
3,14234738,3:14234738:G:A,3,14232793,3:14232793:C:T,1.0,1945,chr3:14234738-14234738,LSM3/SLC6A6
3,14234738,3:14234738:G:A,3,14234259,3:14234259:C:G,1.0,479,chr3:14234738-14234738,LSM3/SLC6A6
3,14234738,3:14234738:G:A,3,14234738,3:14234738:G:A,1.0,0,chr3:14234738-14234738,LSM3/SLC6A6
3,14234738,3:14234738:G:A,3,14234994,3:14234994:G:A,1.0,256,chr3:14234738-14234738,LSM3/SLC6A6
3,14234738,3:14234738:G:A,3,14235482,3:14235482:G:A,1.0,744,chr3:14234738-14234738,LSM3/SLC6A6
3,14234738,3:14234738:G:A,3,14235797,3:14235797:A:G,1.0,1059,chr3:14234738-14234738,LSM3/SLC6A6
3,14234738,3:14234738:G:A,3,14239370,3:14239370:G:T,1.0,4632,chr3:14234738-14234738,LSM3/SLC6A6
3,14234738,3:14234738:G:A,3,14239551,3:14239551:G:T,1.0,4813,chr3:14234738-14234738,LSM3/SLC6A6
3,14234738,3:14234738:G:A,3,14242316,3:14242317:A:AT,0.990751,7578,chr3:14234738-14234738,LSM3/SLC6A6
3,14234738,3:14234738:G:A,3,14254605,3:14254605:T:TTG,0.883617,19867,chr3:14234738-14234738,LSM3/SLC6A6
3,14234738,3:14234738:G:A,3,14254680,3:14254680:T:A,0.883617,19942,chr3:14234738-14234738,LSM3/SLC6A6
3,14234738,3:14234738:G:A,3,14254811,3:14254811:C:T,0.883617,20073,chr3:14234738-14234738,LSM3/SLC6A6
3,14234738,3:14234738:G:A,3,14254889,3:14254889:CTG:C,0.858016,20151,chr3:14234738-14234738,LSM3/SLC6A6
3,14234738,3:14234738:G:A,3,14255281,3:14255281:G:A,0.883617,20543,chr3:14234738-14234738,LSM3/SLC6A6
3,14234738,3:14234738:G:A,3,14255659,3:14255659:C:T,0.883617,20921,chr3:14234738-14234738,LSM3/SLC6A6
3,14234738,3:14234738:G:A,3,14255790,3:14255790:G:A,0.883617,21052,chr3:14234738-14234738,LSM3/SLC6A6
3,14234738,3:14234738:G:A,3,14255804,3:14255804:C:T,0.883617,21066,chr3:14234738-14234738,LSM3/SLC6A6
3,14234738,3:14234738:G:A,3,14256355,3:14256355:G:A,0.883617,21617,chr3:14234738-14234738,LSM3/SLC6A6
3,14234738,3:14234738:G:A,3,14256847,3:14256847:G:C,0.883617,22109,chr3:14234738-14234738,LSM3/SLC6A6
3,14234738,3:14234738:G:A,3,14256907,3:14256907:A:G,0.883617,22169,chr3:14234738-14234738,LSM3/SLC6A6
3,14234738,3:14234738:G:A,3,14257010,3:14257010:G:C,0.883617,22272,chr3:14234738-14234738,LSM3/SLC6A6
3,52325662,3:52325662:T:C,3,52265505,3:52265505:T:C,0.963116,60157,chr3:52325662-52325662,SEMA3G/SFMBT1
3,52325662,3:52325662:T:C,3,52281176,3:52281176:A:G,0.952327,44486,chr3:52325662-52325662,SEMA3G/SFMBT1
3,52325662,3:52325662:T:C,3,52290153,3:52290153:A:G,0.844979,35509,chr3:52325662-52325662,SEMA3G/SFMBT1
3,52325662,3:52325662:T:C,3,52310664,3:52310664:A:G,0.975258,14998,chr3:52325662-52325662,SEMA3G/SFMBT1
3,52325662,3:52325662:T:C,3,52312224,3:52312224:T:G,0.975258,13438,chr3:52325662-52325662,SEMA3G/SFMBT1
3,52325662,3:52325662:T:C,3,52312714,3:52312714:G:T,0.95018,12948,chr3:52325662-52325662,SEMA3G/SFMBT1
3,52325662,3:52325662:T:C,3,52316196,3:52316196:A:G,0.987373,9466,chr3:52325662-52325662,SEMA3G/SFMBT1
3,52325662,3:52325662:T:C,3,52316729,3:52316729:G:A,0.987373,8933,chr3:52325662-52325662,SEMA3G/SFMBT1
3,52325662,3:52325662:T:C,3,52318848,3:52318848:C:T,0.95018,6814,chr3:52325662-52325662,SEMA3G/SFMBT1
3,52325662,3:52325662:T:C,3,52320226,3:52320226:C:G,0.987373,5436,chr3:52325662-52325662,SEMA3G/SFMBT1
3,52325662,3:52325662:T:C,3,52320360,3:52320360:G:A,0.95018,5302,chr3:52325662-52325662,SEMA3G/SFMBT1
3,52325662,3:52325662:T:C,3,52320416,3:52320416:A:G,0.987373,5246,chr3:52325662-52325662,SEMA3G/SFMBT1
3,52325662,3:52325662:T:C,3,52320756,3:52320756:C:T,0.95018,4906,chr3:52325662-52325662,SEMA3G/SFMBT1
3,52325662,3:52325662:T:C,3,52321122,3:52321122:CT:C,0.904231,4540,chr3:52325662-52325662,SEMA3G/SFMBT1
3,52325662,3:52325662:T:C,3,52324101,3:52324101:T:C,0.974791,1561,chr3:52325662-52325662,SEMA3G/SFMBT1
3,52325662,3:52325662:T:C,3,52324401,3:52324401:C:G,0.95018,1261,chr3:52325662-52325662,SEMA3G/SFMBT1
3,52325662,3:52325662:T:C,3,52325024,3:52325024:C:T,0.95018,638,chr3:52325662-52325662,SEMA3G/SFMBT1
3,52325662,3:52325662:T:C,3,52325662,3:52325662:T:C,1.0,0,chr3:52325662-52325662,SEMA3G/SFMBT1
3,52325662,3:52325662:T:C,3,52332028,3:52332028:G:A,0.925166,6366,chr3:52325662-52325662,SEMA3G/SFMBT1
3,52325662,3:52325662:T:C,3,52334371,3:52334371:T:C,0.925166,8709,chr3:52325662-52325662,SEMA3G/SFMBT1
3,52325662,3:52325662:T:C,3,52334931,3:52334931:A:C,0.962444,9269,chr3:52325662-52325662,SEMA3G/SFMBT1
3,52325662,3:52325662:T:C,3,52335151,3:52335151:AT:A,0.80449,9489,chr3:52325662-52325662,SEMA3G/SFMBT1
3,52325662,3:52325662:T:C,3,52337773,3:52337773:T:G,0.962444,12111,chr3:52325662-52325662,SEMA3G/SFMBT1
3,52325662,3:52325662:T:C,3,52337975,3:52337975:T:G,0.896687,12313,chr3:52325662-52325662,SEMA3G/SFMBT1
3,52325662,3:52325662:T:C,3,52338112,3:52338112:T:A,0.913016,12450,chr3:52325662-52325662,SEMA3G/SFMBT1
3,52325662,3:52325662:T:C,3,52338350,3:52338350:T:C,0.896687,12688,chr3:52325662-52325662,SEMA3G/SFMBT1
3,52325662,3:52325662:T:C,3,52339776,3:52339776:G:T,0.896687,14114,chr3:52325662-52325662,SEMA3G/SFMBT1
3,52325662,3:52325662:T:C,3,52340500,3:52340500:T:G,0.913016,14838,chr3:52325662-52325662,SEMA3G/SFMBT1
3,52325662,3:52325662:T:C,3,52340873,3:52340873:T:A,0.869874,15211,chr3:52325662-52325662,SEMA3G/SFMBT1
3,52325662,3:52325662:T:C,3,52341695,3:52341695:T:C,0.962444,16033,chr3:52325662-52325662,SEMA3G/SFMBT1
3,52325662,3:52325662:T:C,3,52343278,3:52343278:A:G,0.896687,17616,chr3:52325662-52325662,SEMA3G/SFMBT1
3,52325662,3:52325662:T:C,3,52345404,3:52345404:T:C,0.962444,19742,chr3:52325662-52325662,SEMA3G/SFMBT1
3,52325662,3:52325662:T:C,3,52346975,3:52346975:C:T,0.925166,21313,chr3:52325662-52325662,SEMA3G/SFMBT1
3,52325662,3:52325662:T:C,3,52349104,3:52349104:G:A,0.925166,23442,chr3:52325662-52325662,SEMA3G/SFMBT1
3,52325662,3:52325662:T:C,3,52351099,3:52351099:C:T,0.912965,25437,chr3:52325662-52325662,SEMA3G/SFMBT1
3,52325662,3:52325662:T:C,3,52353062,3:52353062:T:C,0.896687,27400,chr3:52325662-52325662,SEMA3G/SFMBT1
3,52325662,3:52325662:T:C,3,52356539,3:52356539:C:T,0.896687,30877,chr3:52325662-52325662,SEMA3G/SFMBT1
3,52325662,3:52325662:T:C,3,52357719,3:52357719:A:C,0.962444,32057,chr3:52325662-52325662,SEMA3G/SFMBT1
3,52325662,3:52325662:T:C,3,52358861,3:52358861:G:A,0.925166,33199,chr3:52325662-52325662,SEMA3G/SFMBT1
3,52325662,3:52325662:T:C,3,52365262,3:52365262:G:A,0.925166,39600,chr3:52325662-52325662,SEMA3G/SFMBT1
3,52325662,3:52325662:T:C,3,52365611,3:52365611:G:A,0.925166,39949,chr3:52325662-52325662,SEMA3G/SFMBT1
3,52325662,3:52325662:T:C,3,52366724,3:52366724:G:C,0.925166,41062,chr3:52325662-52325662,SEMA3G/SFMBT1
3,52325662,3:52325662:T:C,3,52369510,3:52369510:A:G,0.896687,43848,chr3:52325662-52325662,SEMA3G/SFMBT1
3,52325662,3:52325662:T:C,3,52373917,3:52373917:T:C,0.962444,48255,chr3:52325662-52325662,SEMA3G/SFMBT1
3,52325662,3:52325662:T:C,3,52377913,3:52377913:T:A,0.925166,52251,chr3:52325662-52325662,SEMA3G/SFMBT1
3,52325662,3:52325662:T:C,3,52377990,3:52377990:A:T,0.925166,52328,chr3:52325662-52325662,SEMA3G/SFMBT1
3,52325662,3:52325662:T:C,3,52383622,3:52383622:T:C,0.896687,57960,chr3:52325662-52325662,SEMA3G/SFMBT1
3,52325662,3:52325662:T:C,3,52389985,3:52389985:A:G,0.896687,64323,chr3:52325662-52325662,SEMA3G/SFMBT1
3,52325662,3:52325662:T:C,3,52397655,3:52397655:G:A,0.962444,71993,chr3:52325662-52325662,SEMA3G/SFMBT1
3,52325662,3:52325662:T:C,3,52400951,3:52400951:T:C,0.886128,75289,chr3:52325662-52325662,SEMA3G/SFMBT1
3,52325662,3:52325662:T:C,3,52408338,3:52408338:G:C,0.936901,82676,chr3:52325662-52325662,SEMA3G/SFMBT1
3,52325662,3:52325662:T:C,3,52412201,3:52412201:G:GA,0.92455,86539,chr3:52325662-52325662,SEMA3G/SFMBT1
3,52325662,3:52325662:T:C,3,52437926,3:52437926:G:A,0.936901,112264,chr3:52325662-52325662,SEMA3G/SFMBT1
3,52325662,3:52325662:T:C,3,52443064,3:52443064:T:C,0.911732,117402,chr3:52325662-52325662,SEMA3G/SFMBT1
3,52325662,3:52325662:T:C,3,52448835,3:52448835:A:G,0.801929,123173,chr3:52325662-52325662,SEMA3G/SFMBT1
3,52325662,3:52325662:T:C,3,52456375,3:52456375:A:G,0.812255,130713,chr3:52325662-52325662,SEMA3G/SFMBT1
3,52325662,3:52325662:T:C,3,52467435,3:52467435:G:T,0.887631,141773,chr3:52325662-52325662,SEMA3G/SFMBT1
3,52325662,3:52325662:T:C,3,52482277,3:52482277:C:G,0.875549,156615,chr3:52325662-52325662,SEMA3G/SFMBT1
3,69807602,3:69807602:C:T,3,69795457,3:69795457:G:A,0.884583,12145,chr3:69807602-69807602,MITF
3,69807602,3:69807602:C:T,3,69795494,3:69795494:G:A,0.884583,12108,chr3:69807602-69807602,MITF
3,69807602,3:69807602:C:T,3,69795694,3:69795694:C:T,0.884583,11908,chr3:69807602-69807602,MITF
3,69807602,3:69807602:C:T,3,69800684,3:69800684:T:C,0.884583,6918,chr3:69807602-69807602,MITF
3,69807602,3:69807602:C:T,3,69801056,3:69801057:C:CTT,0.870114,6546,chr3:69807602-69807602,MITF
3,69807602,3:69807602:C:T,3,69802154,3:69802154:T:C,0.884583,5448,chr3:69807602-69807602,MITF
3,69807602,3:69807602:C:T,3,69802199,3:69802199:C:T,0.987953,5403,chr3:69807602-69807602,MITF
3,69807602,3:69807602:C:T,3,69805359,3:69805359:C:G,0.987953,2243,chr3:69807602-69807602,MITF
3,69807602,3:69807602:C:T,3,69805540,3:69805540:C:G,0.987953,2062,chr3:69807602-69807602,MITF
3,69807602,3:69807602:C:T,3,69805547,3:69805547:G:A,0.987953,2055,chr3:69807602-69807602,MITF
3,69807602,3:69807602:C:T,3,69807602,3:69807602:C:T,1.0,0,chr3:69807602-69807602,MITF
3,69807602,3:69807602:C:T,3,69808152,3:69808152:A:C,0.884583,550,chr3:69807602-69807602,MITF
3,69807602,3:69807602:C:T,3,69808622,3:69808622:C:T,0.987953,1020,chr3:69807602-69807602,MITF
3,69807602,3:69807602:C:T,3,69809626,3:69809626:AT:A,0.85477,2024,chr3:69807602-69807602,MITF
3,69807602,3:69807602:C:T,3,69809825,3:69809825:G:A,0.893942,2223,chr3:69807602-69807602,MITF
3,69807602,3:69807602:C:T,3,69810119,3:69810119:G:A,0.893942,2517,chr3:69807602-69807602,MITF
3,69807602,3:69807602:C:T,3,69810500,3:69810500:A:G,0.893942,2898,chr3:69807602-69807602,MITF
3,69807602,3:69807602:C:T,3,69811337,3:69811337:G:A,0.893942,3735,chr3:69807602-69807602,MITF
3,69807602,3:69807602:C:T,3,69811353,3:69811353:A:G,0.893942,3751,chr3:69807602-69807602,MITF
3,69807602,3:69807602:C:T,3,69811754,3:69811754:T:G,0.893942,4152,chr3:69807602-69807602,MITF
3,69807602,3:69807602:C:T,3,69811902,3:69811902:C:G,0.893942,4300,chr3:69807602-69807602,MITF
3,69807602,3:69807602:C:T,3,69811921,3:69811921:G:A,0.88246,4319,chr3:69807602-69807602,MITF
3,69807602,3:69807602:C:T,3,69812035,3:69812035:G:A,0.893942,4433,chr3:69807602-69807602,MITF
3,69807602,3:69807602:C:T,3,69812077,3:69812077:T:TTAGATTAG,0.893942,4475,chr3:69807602-69807602,MITF
3,69807602,3:69807602:C:T,3,69812272,3:69812272:G:A,0.893942,4670,chr3:69807602-69807602,MITF
3,69807602,3:69807602:C:T,3,69812954,3:69812954:A:C,0.884583,5352,chr3:69807602-69807602,MITF
3,69807602,3:69807602:C:T,3,69813002,3:69813002:T:G,0.884583,5400,chr3:69807602-69807602,MITF
3,69807602,3:69807602:C:T,3,69813038,3:69813038:A:G,0.884583,5436,chr3:69807602-69807602,MITF
3,69807602,3:69807602:C:T,3,69813225,3:69813225:T:C,0.884583,5623,chr3:69807602-69807602,MITF
3,69807602,3:69807602:C:T,3,69813303,3:69813303:C:G,0.884583,5701,chr3:69807602-69807602,MITF
3,69807602,3:69807602:C:T,3,69814135,3:69814135:A:G,0.884583,6533,chr3:69807602-69807602,MITF
3,69807602,3:69807602:C:T,3,69814325,3:69814325:T:C,0.884583,6723,chr3:69807602-69807602,MITF
3,69807602,3:69807602:C:T,3,69815581,3:69815581:T:C,0.884583,7979,chr3:69807602-69807602,MITF
3,69807602,3:69807602:C:T,3,69815797,3:69815797:G:A,0.893942,8195,chr3:69807602-69807602,MITF
3,69807602,3:69807602:C:T,3,69815932,3:69815932:T:C,0.884583,8330,chr3:69807602-69807602,MITF
3,69807602,3:69807602:C:T,3,69815976,3:69815976:G:A,0.884583,8374,chr3:69807602-69807602,MITF
3,69807602,3:69807602:C:T,3,69816201,3:69816201:G:A,0.884583,8599,chr3:69807602-69807602,MITF
3,69807602,3:69807602:C:T,3,69820233,3:69820233:T:C,0.884583,12631,chr3:69807602-69807602,MITF
3,69807602,3:69807602:C:T,3,69820882,3:69820882:C:A,0.893942,13280,chr3:69807602-69807602,MITF
3,69807602,3:69807602:C:T,3,69821314,3:69821314:T:A,0.893942,13712,chr3:69807602-69807602,MITF
3,69807602,3:69807602:C:T,3,69821677,3:69821677:G:GA,0.887612,14075,chr3:69807602-69807602,MITF
3,69807602,3:69807602:C:T,3,69821720,3:69821720:C:T,0.887612,14118,chr3:69807602-69807602,MITF
3,69807602,3:69807602:C:T,3,69822261,3:69822261:G:A,0.893942,14659,chr3:69807602-69807602,MITF
3,69807602,3:69807602:C:T,3,69822903,3:69822903:G:GT,0.893942,15301,chr3:69807602-69807602,MITF
3,69807602,3:69807602:C:T,3,69823546,3:69823546:C:T,0.893942,15944,chr3:69807602-69807602,MITF
3,69807602,3:69807602:C:T,3,69823562,3:69823562:G:A,0.893942,15960,chr3:69807602-69807602,MITF
3,69807602,3:69807602:C:T,3,69824184,3:69824184:T:C,0.893942,16582,chr3:69807602-69807602,MITF
3,69807602,3:69807602:C:T,3,69825146,3:69825146:A:G,0.893942,17544,chr3:69807602-69807602,MITF
3,69807602,3:69807602:C:T,3,69825232,3:69825232:T:A,0.893942,17630,chr3:69807602-69807602,MITF
3,69807602,3:69807602:C:T,3,69827168,3:69827168:G:T,0.893942,19566,chr3:69807602-69807602,MITF
3,69807602,3:69807602:C:T,3,69827532,3:69827532:T:G,0.893942,19930,chr3:69807602-69807602,MITF
3,69807602,3:69807602:C:T,3,69828877,3:69828877:A:C,0.893942,21275,chr3:69807602-69807602,MITF
3,69807602,3:69807602:C:T,3,69828945,3:69828945:A:AGT,0.88246,21343,chr3:69807602-69807602,MITF
3,69807602,3:69807602:C:T,3,69829672,3:69829673:GCACACACA:G,0.893942,22070,chr3:69807602-69807602,MITF
3,69807602,3:69807602:C:T,3,69830358,3:69830358:A:G,0.893942,22756,chr3:69807602-69807602,MITF
3,69807602,3:69807602:C:T,3,69831401,3:69831401:C:T,0.893942,23799,chr3:69807602-69807602,MITF
3,69807602,3:69807602:C:T,3,69831522,3:69831522:A:T,0.893942,23920,chr3:69807602-69807602,MITF
3,69807602,3:69807602:C:T,3,69831578,3:69831578:C:T,0.893942,23976,chr3:69807602-69807602,MITF
3,69807602,3:69807602:C:T,3,69831985,3:69831985:G:A,0.893942,24383,chr3:69807602-69807602,MITF
3,69807602,3:69807602:C:T,3,69832035,3:69832035:T:A,0.893942,24433,chr3:69807602-69807602,MITF
3,69807602,3:69807602:C:T,3,69832282,3:69832282:A:G,0.893942,24680,chr3:69807602-69807602,MITF
3,69807602,3:69807602:C:T,3,69832690,3:69832690:T:A,0.893942,25088,chr3:69807602-69807602,MITF
3,69807602,3:69807602:C:T,3,69833417,3:69833417:C:T,0.884583,25815,chr3:69807602-69807602,MITF
3,69807602,3:69807602:C:T,3,69833597,3:69833597:T:C,0.884583,25995,chr3:69807602-69807602,MITF
3,69807602,3:69807602:C:T,3,69834904,3:69834904:C:T,0.875353,27302,chr3:69807602-69807602,MITF
3,69807602,3:69807602:C:T,3,69836095,3:69836095:G:A,0.884583,28493,chr3:69807602-69807602,MITF
3,69807602,3:69807602:C:T,3,69836855,3:69836855:A:G,0.884583,29253,chr3:69807602-69807602,MITF
3,69807602,3:69807602:C:T,3,69837665,3:69837665:G:A,0.884583,30063,chr3:69807602-69807602,MITF
3,69807602,3:69807602:C:T,3,69838505,3:69838505:A:G,0.884583,30903,chr3:69807602-69807602,MITF
3,69807602,3:69807602:C:T,3,69839091,3:69839091:C:A,0.893942,31489,chr3:69807602-69807602,MITF
3,69807602,3:69807602:C:T,3,69839256,3:69839256:C:G,0.884583,31654,chr3:69807602-69807602,MITF
3,69807602,3:69807602:C:T,3,69839531,3:69839531:C:T,0.884583,31929,chr3:69807602-69807602,MITF
3,69807602,3:69807602:C:T,3,69839855,3:69839855:T:A,0.884583,32253,chr3:69807602-69807602,MITF
3,69807602,3:69807602:C:T,3,69840106,3:69840106:A:T,0.884583,32504,chr3:69807602-69807602,MITF
3,69807602,3:69807602:C:T,3,69840913,3:69840913:G:A,0.884583,33311,chr3:69807602-69807602,MITF
3,69807602,3:69807602:C:T,3,69841288,3:69841288:A:G,0.884583,33686,chr3:69807602-69807602,MITF
3,69807602,3:69807602:C:T,3,69841323,3:69841323:T:G,0.884583,33721,chr3:69807602-69807602,MITF
3,69807602,3:69807602:C:T,3,69844344,3:69844344:A:G,0.884583,36742,chr3:69807602-69807602,MITF
3,69807602,3:69807602:C:T,3,69844419,3:69844419:T:C,0.884583,36817,chr3:69807602-69807602,MITF
3,69807602,3:69807602:C:T,3,69844820,3:69844820:G:T,0.884583,37218,chr3:69807602-69807602,MITF
3,69807602,3:69807602:C:T,3,69844891,3:69844891:C:T,0.884583,37289,chr3:69807602-69807602,MITF
3,69807602,3:69807602:C:T,3,69845442,3:69845442:C:CTT,0.893942,37840,chr3:69807602-69807602,MITF
3,69807602,3:69807602:C:T,3,69845871,3:69845871:G:A,0.884583,38269,chr3:69807602-69807602,MITF
3,69807602,3:69807602:C:T,3,69846816,3:69846816:CAA:C,0.810729,39214,chr3:69807602-69807602,MITF
3,69807602,3:69807602:C:T,3,69848299,3:69848299:G:T,0.858665,40697,chr3:69807602-69807602,MITF
3,69807602,3:69807602:C:T,3,69849263,3:69849263:C:T,0.840155,41661,chr3:69807602-69807602,MITF
3,69807602,3:69807602:C:T,3,69857080,3:69857080:T:G,0.893825,49478,chr3:69807602-69807602,MITF
3,69807602,3:69807602:C:T,3,69857116,3:69857116:T:C,0.928384,49514,chr3:69807602-69807602,MITF
3,69807602,3:69807602:C:T,3,69857219,3:69857219:T:C,0.893825,49617,chr3:69807602-69807602,MITF
3,69807602,3:69807602:C:T,3,69857335,3:69857335:C:A,0.893825,49733,chr3:69807602-69807602,MITF
3,69807602,3:69807602:C:T,3,69857352,3:69857352:GC:G,0.883474,49750,chr3:69807602-69807602,MITF
3,69807602,3:69807602:C:T,3,69857421,3:69857421:A:G,0.893825,49819,chr3:69807602-69807602,MITF
3,69807602,3:69807602:C:T,3,69857604,3:69857604:A:G,0.893825,50002,chr3:69807602-69807602,MITF
3,69807602,3:69807602:C:T,3,69857964,3:69857964:G:A,0.893825,50362,chr3:69807602-69807602,MITF
3,69807602,3:69807602:C:T,3,69858193,3:69858193:C:T,0.882109,50591,chr3:69807602-69807602,MITF
3,69807602,3:69807602:C:T,3,69858555,3:69858555:C:T,0.882109,50953,chr3:69807602-69807602,MITF
3,69807602,3:69807602:C:T,3,69858724,3:69858724:G:A,0.882109,51122,chr3:69807602-69807602,MITF
3,69807602,3:69807602:C:T,3,69859943,3:69859943:A:G,0.906427,52341,chr3:69807602-69807602,MITF
3,69807602,3:69807602:C:T,3,69860274,3:69860274:T:C,0.906427,52672,chr3:69807602-69807602,MITF
3,172082466,3:172082466:A:G,3,172041359,3:172041359:T:TTTTC,0.817159,41107,chr3:172082466-172082466,FNDC3B
3,172082466,3:172082466:A:G,3,172041620,3:172041620:C:CT,0.968308,40846,chr3:172082466-172082466,FNDC3B
3,172082466,3:172082466:A:G,3,172042637,3:172042637:T:C,0.968308,39829,chr3:172082466-172082466,FNDC3B
3,172082466,3:172082466:A:G,3,172053776,3:172053776:CA:C,0.867022,28690,chr3:172082466-172082466,FNDC3B
3,172082466,3:172082466:A:G,3,172056811,3:172056811:G:C,0.983906,25655,chr3:172082466-172082466,FNDC3B
3,172082466,3:172082466:A:G,3,172067378,3:172067378:G:C,0.991984,15088,chr3:172082466-172082466,FNDC3B
3,172082466,3:172082466:A:G,3,172082466,3:172082466:A:G,1.0,0,chr3:172082466-172082466,FNDC3B
3,172082466,3:172082466:A:G,3,172115476,3:172115476:G:C,0.838604,33010,chr3:172082466-172082466,FNDC3B
4,16031325,4:16031325:T:C,4,16027243,4:16027243:T:G,0.902344,4082,chr4:16031325-16031325,PROM1
4,16031325,4:16031325:T:C,4,16028689,4:16028689:AT:A,0.902344,2636,chr4:16031325-16031325,PROM1
4,16031325,4:16031325:T:C,4,16029825,4:16029825:C:T,0.822228,1500,chr4:16031325-16031325,PROM1
4,16031325,4:16031325:T:C,4,16031325,4:16031325:T:C,1.0,0,chr4:16031325-16031325,PROM1
4,16031325,4:16031325:T:C,4,16032966,4:16032966:C:T,0.869864,1641,chr4:16031325-16031325,PROM1
4,16031325,4:16031325:T:C,4,16033011,4:16033011:G:A,0.869864,1686,chr4:16031325-16031325,PROM1
4,16031325,4:16031325:T:C,4,16034172,4:16034172:A:C,1.0,2847,chr4:16031325-16031325,PROM1
4,16031325,4:16031325:T:C,4,16035461,4:16035461:C:G,1.0,4136,chr4:16031325-16031325,PROM1
5,36630107,5:36630107:G:A,5,36630107,5:36630107:G:A,1.0,0,chr5:36630107-36630107,SLC1A3
5,36630107,5:36630107:G:A,5,36638487,5:36638487:G:A,0.948905,8380,chr5:36630107-36630107,SLC1A3
5,57715577,5:57715577:G:A,5,57660094,5:57660094:A:G,0.884499,55483,chr5:57715577-57715577,ACTBL2
5,57715577,5:57715577:G:A,5,57660157,5:57660157:A:G,0.884499,55420,chr5:57715577-57715577,ACTBL2
5,57715577,5:57715577:G:A,5,57663792,5:57663792:A:G,0.895416,51785,chr5:57715577-57715577,ACTBL2
5,57715577,5:57715577:G:A,5,57663793,5:57663794:C:CTT,0.877113,51784,chr5:57715577-57715577,ACTBL2
5,57715577,5:57715577:G:A,5,57668936,5:57668936:C:T,0.914736,46641,chr5:57715577-57715577,ACTBL2
5,57715577,5:57715577:G:A,5,57670275,5:57670275:G:T,0.914736,45302,chr5:57715577-57715577,ACTBL2
5,57715577,5:57715577:G:A,5,57670715,5:57670715:T:G,0.914736,44862,chr5:57715577-57715577,ACTBL2
5,57715577,5:57715577:G:A,5,57679233,5:57679233:A:G,0.904515,36344,chr5:57715577-57715577,ACTBL2
5,57715577,5:57715577:G:A,5,57679835,5:57679835:A:G,0.810108,35742,chr5:57715577-57715577,ACTBL2
5,57715577,5:57715577:G:A,5,57680271,5:57680271:A:G,0.904515,35306,chr5:57715577-57715577,ACTBL2
5,57715577,5:57715577:G:A,5,57681404,5:57681404:C:T,0.904515,34173,chr5:57715577-57715577,ACTBL2
5,57715577,5:57715577:G:A,5,57683686,5:57683686:A:G,0.914736,31891,chr5:57715577-57715577,ACTBL2
5,57715577,5:57715577:G:A,5,57685000,5:57685000:A:T,0.914736,30577,chr5:57715577-57715577,ACTBL2
5,57715577,5:57715577:G:A,5,57686488,5:57686488:C:G,0.894437,29089,chr5:57715577-57715577,ACTBL2
5,57715577,5:57715577:G:A,5,57688674,5:57688674:T:C,0.914736,26903,chr5:57715577-57715577,ACTBL2
5,57715577,5:57715577:G:A,5,57690333,5:57690333:C:A,0.865841,25244,chr5:57715577-57715577,ACTBL2
5,57715577,5:57715577:G:A,5,57690624,5:57690624:C:A,0.810108,24953,chr5:57715577-57715577,ACTBL2
5,57715577,5:57715577:G:A,5,57690889,5:57690889:T:C,0.924067,24688,chr5:57715577-57715577,ACTBL2
5,57715577,5:57715577:G:A,5,57693080,5:57693080:T:TA,1.0,22497,chr5:57715577-57715577,ACTBL2
5,57715577,5:57715577:G:A,5,57697463,5:57697463:A:C,0.810108,18114,chr5:57715577-57715577,ACTBL2
5,57715577,5:57715577:G:A,5,57698702,5:57698702:A:C,1.0,16875,chr5:57715577-57715577,ACTBL2
5,57715577,5:57715577:G:A,5,57699211,5:57699211:A:C,1.0,16366,chr5:57715577-57715577,ACTBL2
5,57715577,5:57715577:G:A,5,57699822,5:57699822:C:T,0.990285,15755,chr5:57715577-57715577,ACTBL2
5,57715577,5:57715577:G:A,5,57700364,5:57700364:A:T,0.990285,15213,chr5:57715577-57715577,ACTBL2
5,57715577,5:57715577:G:A,5,57700733,5:57700733:G:C,1.0,14844,chr5:57715577-57715577,ACTBL2
5,57715577,5:57715577:G:A,5,57701274,5:57701274:A:T,1.0,14303,chr5:57715577-57715577,ACTBL2
5,57715577,5:57715577:G:A,5,57702028,5:57702028:T:C,1.0,13549,chr5:57715577-57715577,ACTBL2
5,57715577,5:57715577:G:A,5,57703866,5:57703866:A:G,1.0,11711,chr5:57715577-57715577,ACTBL2
5,57715577,5:57715577:G:A,5,57706502,5:57706502:C:T,1.0,9075,chr5:57715577-57715577,ACTBL2
5,57715577,5:57715577:G:A,5,57708128,5:57708128:T:C,1.0,7449,chr5:57715577-57715577,ACTBL2
5,57715577,5:57715577:G:A,5,57715577,5:57715577:G:A,1.0,0,chr5:57715577-57715577,ACTBL2
5,57715577,5:57715577:G:A,5,57715642,5:57715642:A:T,1.0,65,chr5:57715577-57715577,ACTBL2
5,57715577,5:57715577:G:A,5,57715757,5:57715757:C:T,0.853703,180,chr5:57715577-57715577,ACTBL2
5,57715577,5:57715577:G:A,5,57718369,5:57718369:C:T,0.990285,2792,chr5:57715577-57715577,ACTBL2
5,57715577,5:57715577:G:A,5,57718473,5:57718473:A:G,0.810108,2896,chr5:57715577-57715577,ACTBL2
5,57715577,5:57715577:G:A,5,57719100,5:57719100:G:A,0.990285,3523,chr5:57715577-57715577,ACTBL2
5,57715577,5:57715577:G:A,5,57723264,5:57723264:T:C,1.0,7687,chr5:57715577-57715577,ACTBL2
5,57715577,5:57715577:G:A,5,57731815,5:57731815:A:G,0.980648,16238,chr5:57715577-57715577,ACTBL2
5,57715577,5:57715577:G:A,5,57733441,5:57733441:A:G,0.980648,17864,chr5:57715577-57715577,ACTBL2
5,57715577,5:57715577:G:A,5,57740394,5:57740394:T:C,0.801942,24817,chr5:57715577-57715577,ACTBL2
5,57715577,5:57715577:G:A,5,57740824,5:57740824:G:A,0.990285,25247,chr5:57715577-57715577,ACTBL2
5,139394348,5:139394348:T:C,5,139374887,5:139374887:G:C,0.829109,19461,chr5:139394348-139394348,PROB1/SPATA24
5,139394348,5:139394348:T:C,5,139383969,5:139383969:T:C,0.867519,10379,chr5:139394348-139394348,PROB1/SPATA24
5,139394348,5:139394348:T:C,5,139384419,5:139384419:C:T,0.867519,9929,chr5:139394348-139394348,PROB1/SPATA24
5,139394348,5:139394348:T:C,5,139394348,5:139394348:T:C,1.0,0,chr5:139394348-139394348,PROB1/SPATA24
5,139394348,5:139394348:T:C,5,139396414,5:139396414:A:T,0.84512,2066,chr5:139394348-139394348,PROB1/SPATA24
5,139394348,5:139394348:T:C,5,139407567,5:139407567:A:G,0.828531,13219,chr5:139394348-139394348,PROB1/SPATA24
5,139394348,5:139394348:T:C,5,139409996,5:139409996:G:A,0.846607,15648,chr5:139394348-139394348,PROB1/SPATA24
5,139394348,5:139394348:T:C,5,139410645,5:139410645:G:C,0.852087,16297,chr5:139394348-139394348,PROB1/SPATA24
5,139394348,5:139394348:T:C,5,139411771,5:139411771:T:C,0.842654,17423,chr5:139394348-139394348,PROB1/SPATA24
5,139394348,5:139394348:T:C,5,139418036,5:139418036:C:A,0.846607,23688,chr5:139394348-139394348,PROB1/SPATA24
5,139394348,5:139394348:T:C,5,139419052,5:139419052:T:C,0.849801,24704,chr5:139394348-139394348,PROB1/SPATA24
5,139394348,5:139394348:T:C,5,139421136,5:139421136:A:G,0.842654,26788,chr5:139394348-139394348,PROB1/SPATA24
5,139394348,5:139394348:T:C,5,139421723,5:139421723:C:G,0.849801,27375,chr5:139394348-139394348,PROB1/SPATA24
5,139394348,5:139394348:T:C,5,139423390,5:139423390:CT:C,0.85867,29042,chr5:139394348-139394348,PROB1/SPATA24
5,139394348,5:139394348:T:C,5,139426616,5:139426616:T:G,0.968262,32268,chr5:139394348-139394348,PROB1/SPATA24
5,139394348,5:139394348:T:C,5,139427309,5:139427309:G:A,0.859109,32961,chr5:139394348-139394348,PROB1/SPATA24
5,139394348,5:139394348:T:C,5,139434748,5:139434748:T:TTG,0.835257,40400,chr5:139394348-139394348,PROB1/SPATA24
5,139394348,5:139394348:T:C,5,139436491,5:139436491:G:A,0.851573,42143,chr5:139394348-139394348,PROB1/SPATA24
5,139394348,5:139394348:T:C,5,139438185,5:139438185:A:G,0.805132,43837,chr5:139394348-139394348,PROB1/SPATA24
5,139394348,5:139394348:T:C,5,139438342,5:139438342:AT:A,0.805132,43994,chr5:139394348-139394348,PROB1/SPATA24
5,139394348,5:139394348:T:C,5,139439484,5:139439484:T:C,0.891825,45136,chr5:139394348-139394348,PROB1/SPATA24
5,139394348,5:139394348:T:C,5,139439612,5:139439612:C:T,0.891825,45264,chr5:139394348-139394348,PROB1/SPATA24
6,16280956,6:16280956:C:T,6,16247791,6:16247791:CAG:C,0.954108,33165,chr6:16280956-16280956,GMPR
6,16280956,6:16280956:C:T,6,16251414,6:16251414:T:C,0.954108,29542,chr6:16280956-16280956,GMPR
6,16280956,6:16280956:C:T,6,16252248,6:16252248:C:T,0.954108,28708,chr6:16280956-16280956,GMPR
6,16280956,6:16280956:C:T,6,16252622,6:16252622:T:C,0.954108,28334,chr6:16280956-16280956,GMPR
6,16280956,6:16280956:C:T,6,16254354,6:16254354:C:T,0.969132,26602,chr6:16280956-16280956,GMPR
6,16280956,6:16280956:C:T,6,16256351,6:16256351:TAAAAAA:T,0.931293,24605,chr6:16280956-16280956,GMPR
6,16280956,6:16280956:C:T,6,16280956,6:16280956:C:T,1.0,0,chr6:16280956-16280956,GMPR
6,16280956,6:16280956:C:T,6,16282287,6:16282287:AG:A,1.0,1331,chr6:16280956-16280956,GMPR
6,36679512,6:36679512:G:A,6,36678191,6:36678191:G:C,0.973522,1321,chr6:36679512-36679512,CDKN1A
6,36679512,6:36679512:G:A,6,36678211,6:36678211:G:C,0.973522,1301,chr6:36679512-36679512,CDKN1A
6,36679512,6:36679512:G:A,6,36678991,6:36678991:C:CTA,0.98663,521,chr6:36679512-36679512,CDKN1A
6,36679512,6:36679512:G:A,6,36679512,6:36679512:G:A,1.0,0,chr6:36679512-36679512,CDKN1A
6,36679512,6:36679512:G:A,6,36680287,6:36680287:CGCGT:C,0.973176,775,chr6:36679512-36679512,CDKN1A
6,54134227,6:54134227:A:C,6,54096529,6:54096529:A:G,0.941054,37698,chr6:54134227-54134227,MLIP
6,54134227,6:54134227:A:C,6,54096715,6:54096715:G:T,0.941517,37512,chr6:54134227-54134227,MLIP
6,54134227,6:54134227:A:C,6,54096986,6:54096986:A:G,0.947686,37241,chr6:54134227-54134227,MLIP
6,54134227,6:54134227:A:C,6,54098150,6:54098150:T:TTC,0.905677,36077,chr6:54134227-54134227,MLIP
6,54134227,6:54134227:A:C,6,54099906,6:54099906:T:G,0.934912,34321,chr6:54134227-54134227,MLIP
6,54134227,6:54134227:A:C,6,54101416,6:54101416:CTTAAT:C,0.935428,32811,chr6:54134227-54134227,MLIP
6,54134227,6:54134227:A:C,6,54104112,6:54104112:C:T,0.935428,30115,chr6:54134227-54134227,MLIP
6,54134227,6:54134227:A:C,6,54105134,6:54105134:G:C,0.947686,29093,chr6:54134227-54134227,MLIP
6,54134227,6:54134227:A:C,6,54105520,6:54105520:T:G,0.947686,28707,chr6:54134227-54134227,MLIP
6,54134227,6:54134227:A:C,6,54106603,6:54106603:G:A,0.953936,27624,chr6:54134227-54134227,MLIP
6,54134227,6:54134227:A:C,6,54107123,6:54107123:T:C,0.941517,27104,chr6:54134227-54134227,MLIP
6,54134227,6:54134227:A:C,6,54108972,6:54108972:C:T,0.935428,25255,chr6:54134227-54134227,MLIP
6,54134227,6:54134227:A:C,6,54109046,6:54109046:C:CAT,0.941517,25181,chr6:54134227-54134227,MLIP
6,54134227,6:54134227:A:C,6,54110389,6:54110389:T:C,0.947686,23838,chr6:54134227-54134227,MLIP
6,54134227,6:54134227:A:C,6,54112651,6:54112651:C:T,0.947686,21576,chr6:54134227-54134227,MLIP
6,54134227,6:54134227:A:C,6,54112666,6:54112666:T:TA,0.947686,21561,chr6:54134227-54134227,MLIP
6,54134227,6:54134227:A:C,6,54112697,6:54112697:A:G,0.947686,21530,chr6:54134227-54134227,MLIP
6,54134227,6:54134227:A:C,6,54113113,6:54113113:A:T,0.947686,21114,chr6:54134227-54134227,MLIP
6,54134227,6:54134227:A:C,6,54114019,6:54114019:T:G,0.947686,20208,chr6:54134227-54134227,MLIP
6,54134227,6:54134227:A:C,6,54117211,6:54117213:CTTTTTT:C,0.909416,17016,chr6:54134227-54134227,MLIP
6,54134227,6:54134227:A:C,6,54117762,6:54117762:T:C,0.941517,16465,chr6:54134227-54134227,MLIP
6,54134227,6:54134227:A:C,6,54117832,6:54117832:G:A,0.933975,16395,chr6:54134227-54134227,MLIP
6,54134227,6:54134227:A:C,6,54117969,6:54117969:GCAA:G,0.893458,16258,chr6:54134227-54134227,MLIP
6,54134227,6:54134227:A:C,6,54118192,6:54118192:A:C,0.947686,16035,chr6:54134227-54134227,MLIP
6,54134227,6:54134227:A:C,6,54120101,6:54120101:C:T,0.993308,14126,chr6:54134227-54134227,MLIP
6,54134227,6:54134227:A:C,6,54120240,6:54120240:AT:A,0.979993,13987,chr6:54134227-54134227,MLIP
6,54134227,6:54134227:A:C,6,54120277,6:54120277:A:C,0.993308,13950,chr6:54134227-54134227,MLIP
6,54134227,6:54134227:A:C,6,54120355,6:54120355:C:T,0.993308,13872,chr6:54134227-54134227,MLIP
6,54134227,6:54134227:A:C,6,54120369,6:54120369:A:G,0.993308,13858,chr6:54134227-54134227,MLIP
6,54134227,6:54134227:A:C,6,54120401,6:54120402:A:AT,0.9866,13826,chr6:54134227-54134227,MLIP
6,54134227,6:54134227:A:C,6,54120401,6:54120401:AT:A,0.993308,13826,chr6:54134227-54134227,MLIP
6,54134227,6:54134227:A:C,6,54120541,6:54120541:T:C,0.993308,13686,chr6:54134227-54134227,MLIP
6,54134227,6:54134227:A:C,6,54122079,6:54122079:A:G,0.9866,12148,chr6:54134227-54134227,MLIP
6,54134227,6:54134227:A:C,6,54122130,6:54122130:T:C,0.9866,12097,chr6:54134227-54134227,MLIP
6,54134227,6:54134227:A:C,6,54122474,6:54122474:A:G,0.9866,11753,chr6:54134227-54134227,MLIP
6,54134227,6:54134227:A:C,6,54122481,6:54122481:C:G,0.9866,11746,chr6:54134227-54134227,MLIP
6,54134227,6:54134227:A:C,6,54122584,6:54122584:T:A,0.9866,11643,chr6:54134227-54134227,MLIP
6,54134227,6:54134227:A:C,6,54123100,6:54123100:A:AT,0.9866,11127,chr6:54134227-54134227,MLIP
6,54134227,6:54134227:A:C,6,54123737,6:54123737:A:G,0.9866,10490,chr6:54134227-54134227,MLIP
6,54134227,6:54134227:A:C,6,54123842,6:54123842:T:C,0.9866,10385,chr6:54134227-54134227,MLIP
6,54134227,6:54134227:A:C,6,54124054,6:54124054:A:C,0.9866,10173,chr6:54134227-54134227,MLIP
6,54134227,6:54134227:A:C,6,54124728,6:54124728:G:A,0.993308,9499,chr6:54134227-54134227,MLIP
6,54134227,6:54134227:A:C,6,54125513,6:54125513:A:G,0.9866,8714,chr6:54134227-54134227,MLIP
6,54134227,6:54134227:A:C,6,54125667,6:54125667:G:A,0.993308,8560,chr6:54134227-54134227,MLIP
6,54134227,6:54134227:A:C,6,54127098,6:54127098:G:T,0.986624,7129,chr6:54134227-54134227,MLIP
6,54134227,6:54134227:A:C,6,54127227,6:54127227:GA:G,0.993308,7000,chr6:54134227-54134227,MLIP
6,54134227,6:54134227:A:C,6,54127461,6:54127461:T:C,0.9866,6766,chr6:54134227-54134227,MLIP
6,54134227,6:54134227:A:C,6,54130744,6:54130744:G:C,0.993255,3483,chr6:54134227-54134227,MLIP
6,54134227,6:54134227:A:C,6,54133325,6:54133325:T:G,0.973233,902,chr6:54134227-54134227,MLIP
6,54134227,6:54134227:A:C,6,54134227,6:54134227:A:C,1.0,0,chr6:54134227-54134227,MLIP
6,54134227,6:54134227:A:C,6,54140245,6:54140245:A:G,0.993236,6018,chr6:54134227-54134227,MLIP
6,54134227,6:54134227:A:C,6,54142486,6:54142486:G:A,0.993236,8259,chr6:54134227-54134227,MLIP
6,54134227,6:54134227:A:C,6,54144578,6:54144578:T:C,0.993236,10351,chr6:54134227-54134227,MLIP
6,54134227,6:54134227:A:C,6,54147554,6:54147554:G:C,0.993236,13327,chr6:54134227-54134227,MLIP
6,54134227,6:54134227:A:C,6,54148967,6:54148967:A:G,0.993236,14740,chr6:54134227-54134227,MLIP
6,54134227,6:54134227:A:C,6,54152079,6:54152079:A:G,0.993236,17852,chr6:54134227-54134227,MLIP
6,54134227,6:54134227:A:C,6,54152867,6:54152867:A:AGAAT,0.993236,18640,chr6:54134227-54134227,MLIP
6,54134227,6:54134227:A:C,6,54154303,6:54154303:A:C,0.993236,20076,chr6:54134227-54134227,MLIP
6,54134227,6:54134227:A:C,6,54157573,6:54157573:A:G,0.993236,23346,chr6:54134227-54134227,MLIP
6,54134227,6:54134227:A:C,6,54157643,6:54157643:C:G,0.993236,23416,chr6:54134227-54134227,MLIP
6,54134227,6:54134227:A:C,6,54157902,6:54157902:A:G,0.993236,23675,chr6:54134227-54134227,MLIP
6,54134227,6:54134227:A:C,6,54159845,6:54159845:G:A,0.993236,25618,chr6:54134227-54134227,MLIP
6,54134227,6:54134227:A:C,6,54161061,6:54161061:T:A,0.993236,26834,chr6:54134227-54134227,MLIP
6,54134227,6:54134227:A:C,6,54163271,6:54163271:T:C,0.834828,29044,chr6:54134227-54134227,MLIP
6,54134227,6:54134227:A:C,6,54164354,6:54164354:G:C,0.993236,30127,chr6:54134227-54134227,MLIP
6,54134227,6:54134227:A:C,6,54174329,6:54174329:T:C,0.972936,40102,chr6:54134227-54134227,MLIP
6,54134227,6:54134227:A:C,6,54176728,6:54176728:G:A,0.972936,42501,chr6:54134227-54134227,MLIP
6,54134227,6:54134227:A:C,6,54190039,6:54190039:A:G,0.972936,55812,chr6:54134227-54134227,MLIP
6,54134227,6:54134227:A:C,6,54206615,6:54206615:C:T,0.867651,72388,chr6:54134227-54134227,MLIP
6,118331912,6:118331912:G:A,6,118331912,6:118331912:G:A,1.0,0,chr6:118331912-118331912,SLC35F1/PLN
6,118331912,6:118331912:G:A,6,118332041,6:118332041:G:C,1.0,129,chr6:118331912-118331912,SLC35F1/PLN
6,118331912,6:118331912:G:A,6,118333145,6:118333145:G:C,1.0,1233,chr6:118331912-118331912,SLC35F1/PLN
6,118331912,6:118331912:G:A,6,118343691,6:118343691:G:A,0.812474,11779,chr6:118331912-118331912,SLC35F1/PLN
6,118331912,6:118331912:G:A,6,118359389,6:118359389:G:C,0.957964,27477,chr6:118331912-118331912,SLC35F1/PLN
6,118331912,6:118331912:G:A,6,118363661,6:118363661:A:T,0.874823,31749,chr6:118331912-118331912,SLC35F1/PLN
6,118331912,6:118331912:G:A,6,118370282,6:118370282:G:C,0.957964,38370,chr6:118331912-118331912,SLC35F1/PLN
6,118331912,6:118331912:G:A,6,118370989,6:118370989:G:C,0.957964,39077,chr6:118331912-118331912,SLC35F1/PLN
6,125769131,6:125769131:T:C,6,125724002,6:125724002:T:A,0.926025,45129,chr6:125769131-125769131,HEY2
6,125769131,6:125769131:T:C,6,125724414,6:125724414:G:C,0.841123,44717,chr6:125769131-125769131,HEY2
6,125769131,6:125769131:T:C,6,125725318,6:125725319:G:GA,0.808723,43813,chr6:125769131-125769131,HEY2
6,125769131,6:125769131:T:C,6,125731105,6:125731105:A:AT,0.932306,38026,chr6:125769131-125769131,HEY2
6,125769131,6:125769131:T:C,6,125731213,6:125731213:A:G,0.938717,37918,chr6:125769131-125769131,HEY2
6,125769131,6:125769131:T:C,6,125740356,6:125740356:G:A,0.931891,28775,chr6:125769131-125769131,HEY2
6,125769131,6:125769131:T:C,6,125743774,6:125743774:T:A,0.938717,25357,chr6:125769131-125769131,HEY2
6,125769131,6:125769131:T:C,6,125744680,6:125744680:GTCT:G,0.931891,24451,chr6:125769131-125769131,HEY2
6,125769131,6:125769131:T:C,6,125746509,6:125746509:C:A,0.972833,22622,chr6:125769131-125769131,HEY2
6,125769131,6:125769131:T:C,6,125746855,6:125746855:T:G,0.979567,22276,chr6:125769131-125769131,HEY2
6,125769131,6:125769131:T:C,6,125748490,6:125748490:G:C,0.993127,20641,chr6:125769131-125769131,HEY2
6,125769131,6:125769131:T:C,6,125749643,6:125749643:T:G,0.993127,19488,chr6:125769131-125769131,HEY2
6,125769131,6:125769131:T:C,6,125750429,6:125750429:G:C,0.993127,18702,chr6:125769131-125769131,HEY2
6,125769131,6:125769131:T:C,6,125754167,6:125754167:T:C,0.993127,14964,chr6:125769131-125769131,HEY2
6,125769131,6:125769131:T:C,6,125754563,6:125754564:AT:A,0.95876,14568,chr6:125769131-125769131,HEY2
6,125769131,6:125769131:T:C,6,125756511,6:125756511:G:A,0.993127,12620,chr6:125769131-125769131,HEY2
6,125769131,6:125769131:T:C,6,125757215,6:125757215:A:G,0.993127,11916,chr6:125769131-125769131,HEY2
6,125769131,6:125769131:T:C,6,125758822,6:125758822:G:A,0.993127,10309,chr6:125769131-125769131,HEY2
6,125769131,6:125769131:T:C,6,125762512,6:125762512:G:A,1.0,6619,chr6:125769131-125769131,HEY2
6,125769131,6:125769131:T:C,6,125768139,6:125768139:G:C,1.0,992,chr6:125769131-125769131,HEY2
6,125769131,6:125769131:T:C,6,125769131,6:125769131:T:C,1.0,0,chr6:125769131-125769131,HEY2
6,125769131,6:125769131:T:C,6,125769231,6:125769231:T:C,0.986346,100,chr6:125769131-125769131,HEY2
6,125769131,6:125769131:T:C,6,125769462,6:125769462:A:G,1.0,331,chr6:125769131-125769131,HEY2
6,125769131,6:125769131:T:C,6,125771654,6:125771654:C:CA,0.891496,2523,chr6:125769131-125769131,HEY2
6,125769131,6:125769131:T:C,6,125772045,6:125772045:CT:C,0.812738,2914,chr6:125769131-125769131,HEY2
6,125769131,6:125769131:T:C,6,125773611,6:125773611:A:T,1.0,4480,chr6:125769131-125769131,HEY2
6,125769131,6:125769131:T:C,6,125773998,6:125773998:C:A,1.0,4867,chr6:125769131-125769131,HEY2
6,125769131,6:125769131:T:C,6,125776228,6:125776228:GC:G,0.979521,7097,chr6:125769131-125769131,HEY2
6,125769131,6:125769131:T:C,6,125779052,6:125779052:G:A,0.966276,9921,chr6:125769131-125769131,HEY2
6,125769131,6:125769131:T:C,6,125779330,6:125779330:TA:T,0.899769,10199,chr6:125769131-125769131,HEY2
6,125769131,6:125769131:T:C,6,125781835,6:125781835:A:T,0.966276,12704,chr6:125769131-125769131,HEY2
6,125769131,6:125769131:T:C,6,125782972,6:125782972:A:G,0.966276,13841,chr6:125769131-125769131,HEY2
6,125769131,6:125769131:T:C,6,125785427,6:125785427:G:T,0.966276,16296,chr6:125769131-125769131,HEY2
6,125769131,6:125769131:T:C,6,125786573,6:125786573:CTTT:C,0.894772,17442,chr6:125769131-125769131,HEY2
6,125769131,6:125769131:T:C,6,125786805,6:125786805:A:C,0.966276,17674,chr6:125769131-125769131,HEY2
6,125769131,6:125769131:T:C,6,125790283,6:125790283:A:T,0.966276,21152,chr6:125769131-125769131,HEY2
6,125769131,6:125769131:T:C,6,125790654,6:125790654:G:A,0.953559,21523,chr6:125769131-125769131,HEY2
6,125769131,6:125769131:T:C,6,125794237,6:125794237:A:C,0.938892,25106,chr6:125769131-125769131,HEY2
6,125769131,6:125769131:T:C,6,125794675,6:125794675:T:C,0.938892,25544,chr6:125769131-125769131,HEY2
6,125769131,6:125769131:T:C,6,125795807,6:125795807:A:G,0.895887,26676,chr6:125769131-125769131,HEY2
6,149843242,6:149843242:G:A,6,149553763,6:149553763:T:G,0.883352,289479,chr6:149843242-149843242,NUP43/PCMT1
6,149843242,6:149843242:G:A,6,149556109,6:149556109:A:G,0.883352,287133,chr6:149843242-149843242,NUP43/PCMT1
6,149843242,6:149843242:G:A,6,149558971,6:149558971:T:C,0.8757,284271,chr6:149843242-149843242,NUP43/PCMT1
6,149843242,6:149843242:G:A,6,149563244,6:149563244:T:C,0.877682,279998,chr6:149843242-149843242,NUP43/PCMT1
6,149843242,6:149843242:G:A,6,149563461,6:149563461:T:C,0.877682,279781,chr6:149843242-149843242,NUP43/PCMT1
6,149843242,6:149843242:G:A,6,149565339,6:149565339:A:G,0.836454,277903,chr6:149843242-149843242,NUP43/PCMT1
6,149843242,6:149843242:G:A,6,149566308,6:149566308:T:C,0.853163,276934,chr6:149843242-149843242,NUP43/PCMT1
6,149843242,6:149843242:G:A,6,149567128,6:149567128:G:A,0.883352,276114,chr6:149843242-149843242,NUP43/PCMT1
6,149843242,6:149843242:G:A,6,149569337,6:149569338:C:CTT,0.868238,273905,chr6:149843242-149843242,NUP43/PCMT1
6,149843242,6:149843242:G:A,6,149570534,6:149570534:CAA:C,0.874799,272708,chr6:149843242-149843242,NUP43/PCMT1
6,149843242,6:149843242:G:A,6,149572078,6:149572078:A:AAAAT,0.87118,271164,chr6:149843242-149843242,NUP43/PCMT1
6,149843242,6:149843242:G:A,6,149575182,6:149575182:T:C,0.90293,268060,chr6:149843242-149843242,NUP43/PCMT1
6,149843242,6:149843242:G:A,6,149575540,6:149575540:C:G,0.922759,267702,chr6:149843242-149843242,NUP43/PCMT1
6,149843242,6:149843242:G:A,6,149576319,6:149576319:A:G,0.910417,266923,chr6:149843242-149843242,NUP43/PCMT1
6,149843242,6:149843242:G:A,6,149579515,6:149579515:ACT:A,0.889842,263727,chr6:149843242-149843242,NUP43/PCMT1
6,149843242,6:149843242:G:A,6,149582978,6:149582978:T:TGTA,0.881582,260264,chr6:149843242-149843242,NUP43/PCMT1
6,149843242,6:149843242:G:A,6,149585576,6:149585576:T:G,0.90891,257666,chr6:149843242-149843242,NUP43/PCMT1
6,149843242,6:149843242:G:A,6,149588241,6:149588241:T:G,0.936245,255001,chr6:149843242-149843242,NUP43/PCMT1
6,149843242,6:149843242:G:A,6,149588355,6:149588355:C:T,0.82356,254887,chr6:149843242-149843242,NUP43/PCMT1
6,149843242,6:149843242:G:A,6,149588797,6:149588797:T:C,0.92946,254445,chr6:149843242-149843242,NUP43/PCMT1
6,149843242,6:149843242:G:A,6,149589051,6:149589051:G:A,0.883617,254191,chr6:149843242-149843242,NUP43/PCMT1
6,149843242,6:149843242:G:A,6,149591721,6:149591721:C:CT,0.841557,251521,chr6:149843242-149843242,NUP43/PCMT1
6,149843242,6:149843242:G:A,6,149592448,6:149592448:C:T,0.877476,250794,chr6:149843242-149843242,NUP43/PCMT1
6,149843242,6:149843242:G:A,6,149592731,6:149592731:T:G,0.889842,250511,chr6:149843242-149843242,NUP43/PCMT1
6,149843242,6:149843242:G:A,6,149593202,6:149593202:GA:G,0.889842,250040,chr6:149843242-149843242,NUP43/PCMT1
6,149843242,6:149843242:G:A,6,149593917,6:149593917:C:T,0.889842,249325,chr6:149843242-149843242,NUP43/PCMT1
6,149843242,6:149843242:G:A,6,149594582,6:149594583:CA:C,0.829381,248660,chr6:149843242-149843242,NUP43/PCMT1
6,149843242,6:149843242:G:A,6,149594921,6:149594921:T:A,0.901403,248321,chr6:149843242-149843242,NUP43/PCMT1
6,149843242,6:149843242:G:A,6,149596021,6:149596021:G:A,0.889842,247221,chr6:149843242-149843242,NUP43/PCMT1
6,149843242,6:149843242:G:A,6,149596311,6:149596311:G:A,0.889842,246931,chr6:149843242-149843242,NUP43/PCMT1
6,149843242,6:149843242:G:A,6,149596392,6:149596392:A:G,0.901403,246850,chr6:149843242-149843242,NUP43/PCMT1
6,149843242,6:149843242:G:A,6,149598007,6:149598007:T:G,0.901403,245235,chr6:149843242-149843242,NUP43/PCMT1
6,149843242,6:149843242:G:A,6,149598747,6:149598747:AAAC:A,0.889842,244495,chr6:149843242-149843242,NUP43/PCMT1
6,149843242,6:149843242:G:A,6,149599113,6:149599113:C:T,0.882864,244129,chr6:149843242-149843242,NUP43/PCMT1
6,149843242,6:149843242:G:A,6,149600252,6:149600252:G:A,0.914866,242990,chr6:149843242-149843242,NUP43/PCMT1
6,149843242,6:149843242:G:A,6,149600770,6:149600771:T:TAA,0.916292,242472,chr6:149843242-149843242,NUP43/PCMT1
6,149843242,6:149843242:G:A,6,149600862,6:149600862:G:A,0.936245,242380,chr6:149843242-149843242,NUP43/PCMT1
6,149843242,6:149843242:G:A,6,149603650,6:149603650:A:T,0.936245,239592,chr6:149843242-149843242,NUP43/PCMT1
6,149843242,6:149843242:G:A,6,149607655,6:149607655:C:T,0.901403,235587,chr6:149843242-149843242,NUP43/PCMT1
6,149843242,6:149843242:G:A,6,149608038,6:149608038:C:A,0.943245,235204,chr6:149843242-149843242,NUP43/PCMT1
6,149843242,6:149843242:G:A,6,149609680,6:149609680:A:G,0.936245,233562,chr6:149843242-149843242,NUP43/PCMT1
6,149843242,6:149843242:G:A,6,149610982,6:149610982:A:G,0.936245,232260,chr6:149843242-149843242,NUP43/PCMT1
6,149843242,6:149843242:G:A,6,149612718,6:149612718:C:T,0.936245,230524,chr6:149843242-149843242,NUP43/PCMT1
6,149843242,6:149843242:G:A,6,149613040,6:149613040:T:C,0.936245,230202,chr6:149843242-149843242,NUP43/PCMT1
6,149843242,6:149843242:G:A,6,149613041,6:149613041:G:A,0.936245,230201,chr6:149843242-149843242,NUP43/PCMT1
6,149843242,6:149843242:G:A,6,149613143,6:149613143:G:A,0.936245,230099,chr6:149843242-149843242,NUP43/PCMT1
6,149843242,6:149843242:G:A,6,149613607,6:149613607:T:C,0.964467,229635,chr6:149843242-149843242,NUP43/PCMT1
6,149843242,6:149843242:G:A,6,149616188,6:149616188:C:T,0.964467,227054,chr6:149843242-149843242,NUP43/PCMT1
6,149843242,6:149843242:G:A,6,149616860,6:149616860:T:C,0.964467,226382,chr6:149843242-149843242,NUP43/PCMT1
6,149843242,6:149843242:G:A,6,149616921,6:149616921:A:C,0.964467,226321,chr6:149843242-149843242,NUP43/PCMT1
6,149843242,6:149843242:G:A,6,149617659,6:149617659:A:G,0.964467,225583,chr6:149843242-149843242,NUP43/PCMT1
6,149843242,6:149843242:G:A,6,149617860,6:149617860:T:C,0.957219,225382,chr6:149843242-149843242,NUP43/PCMT1
6,149843242,6:149843242:G:A,6,149617914,6:149617914:T:C,0.957219,225328,chr6:149843242-149843242,NUP43/PCMT1
6,149843242,6:149843242:G:A,6,149617989,6:149617989:A:T,0.936483,225253,chr6:149843242-149843242,NUP43/PCMT1
6,149843242,6:149843242:G:A,6,149618427,6:149618427:G:A,0.964467,224815,chr6:149843242-149843242,NUP43/PCMT1
6,149843242,6:149843242:G:A,6,149618465,6:149618465:G:A,0.964467,224777,chr6:149843242-149843242,NUP43/PCMT1
6,149843242,6:149843242:G:A,6,149618888,6:149618888:T:C,0.964467,224354,chr6:149843242-149843242,NUP43/PCMT1
6,149843242,6:149843242:G:A,6,149619645,6:149619645:T:G,0.964467,223597,chr6:149843242-149843242,NUP43/PCMT1
6,149843242,6:149843242:G:A,6,149619960,6:149619960:TATAC:T,0.964467,223282,chr6:149843242-149843242,NUP43/PCMT1
6,149843242,6:149843242:G:A,6,149620161,6:149620161:C:G,0.964467,223081,chr6:149843242-149843242,NUP43/PCMT1
6,149843242,6:149843242:G:A,6,149620485,6:149620485:T:G,0.964467,222757,chr6:149843242-149843242,NUP43/PCMT1
6,149843242,6:149843242:G:A,6,149622016,6:149622016:A:G,0.964467,221226,chr6:149843242-149843242,NUP43/PCMT1
6,149843242,6:149843242:G:A,6,149622132,6:149622132:GT:G,0.930306,221110,chr6:149843242-149843242,NUP43/PCMT1
6,149843242,6:149843242:G:A,6,149622458,6:149622458:A:G,0.964467,220784,chr6:149843242-149843242,NUP43/PCMT1
6,149843242,6:149843242:G:A,6,149622577,6:149622577:C:A,0.930306,220665,chr6:149843242-149843242,NUP43/PCMT1
6,149843242,6:149843242:G:A,6,149622592,6:149622592:A:G,0.964467,220650,chr6:149843242-149843242,NUP43/PCMT1
6,149843242,6:149843242:G:A,6,149622669,6:149622669:G:T,0.964467,220573,chr6:149843242-149843242,NUP43/PCMT1
6,149843242,6:149843242:G:A,6,149622987,6:149622987:T:C,0.964467,220255,chr6:149843242-149843242,NUP43/PCMT1
6,149843242,6:149843242:G:A,6,149623772,6:149623772:T:C,0.964467,219470,chr6:149843242-149843242,NUP43/PCMT1
6,149843242,6:149843242:G:A,6,149625336,6:149625336:G:T,0.964467,217906,chr6:149843242-149843242,NUP43/PCMT1
6,149843242,6:149843242:G:A,6,149625933,6:149625933:CAAA:C,0.964467,217309,chr6:149843242-149843242,NUP43/PCMT1
6,149843242,6:149843242:G:A,6,149626749,6:149626749:T:C,0.964467,216493,chr6:149843242-149843242,NUP43/PCMT1
6,149843242,6:149843242:G:A,6,149627553,6:149627553:T:C,0.964467,215689,chr6:149843242-149843242,NUP43/PCMT1
6,149843242,6:149843242:G:A,6,149627681,6:149627681:C:CAA,0.964467,215561,chr6:149843242-149843242,NUP43/PCMT1
6,149843242,6:149843242:G:A,6,149627691,6:149627691:G:A,0.964467,215551,chr6:149843242-149843242,NUP43/PCMT1
6,149843242,6:149843242:G:A,6,149628264,6:149628264:A:AT,0.833308,214978,chr6:149843242-149843242,NUP43/PCMT1
6,149843242,6:149843242:G:A,6,149628792,6:149628792:C:G,0.964467,214450,chr6:149843242-149843242,NUP43/PCMT1
6,149843242,6:149843242:G:A,6,149628899,6:149628899:A:C,0.964467,214343,chr6:149843242-149843242,NUP43/PCMT1
6,149843242,6:149843242:G:A,6,149628912,6:149628912:C:T,0.964467,214330,chr6:149843242-149843242,NUP43/PCMT1
6,149843242,6:149843242:G:A,6,149629684,6:149629684:T:TACTC,0.964467,213558,chr6:149843242-149843242,NUP43/PCMT1
6,149843242,6:149843242:G:A,6,149629690,6:149629690:C:T,0.964467,213552,chr6:149843242-149843242,NUP43/PCMT1
6,149843242,6:149843242:G:A,6,149630078,6:149630078:G:A,0.964467,213164,chr6:149843242-149843242,NUP43/PCMT1
6,149843242,6:149843242:G:A,6,149631564,6:149631564:C:CA,0.923254,211678,chr6:149843242-149843242,NUP43/PCMT1
6,149843242,6:149843242:G:A,6,149631585,6:149631585:C:A,0.964467,211657,chr6:149843242-149843242,NUP43/PCMT1
6,149843242,6:149843242:G:A,6,149631973,6:149631973:A:C,0.964467,211269,chr6:149843242-149843242,NUP43/PCMT1
6,149843242,6:149843242:G:A,6,149632121,6:149632121:C:T,0.964467,211121,chr6:149843242-149843242,NUP43/PCMT1
6,149843242,6:149843242:G:A,6,149632372,6:149632372:T:TA,0.964467,210870,chr6:149843242-149843242,NUP43/PCMT1
6,149843242,6:149843242:G:A,6,149632845,6:149632845:C:T,0.964467,210397,chr6:149843242-149843242,NUP43/PCMT1
6,149843242,6:149843242:G:A,6,149633100,6:149633100:A:AT,0.937087,210142,chr6:149843242-149843242,NUP43/PCMT1
6,149843242,6:149843242:G:A,6,149633142,6:149633142:C:T,0.964467,210100,chr6:149843242-149843242,NUP43/PCMT1
6,149843242,6:149843242:G:A,6,149633256,6:149633256:C:T,0.964467,209986,chr6:149843242-149843242,NUP43/PCMT1
6,149843242,6:149843242:G:A,6,149633501,6:149633501:T:C,0.964467,209741,chr6:149843242-149843242,NUP43/PCMT1
6,149843242,6:149843242:G:A,6,149633581,6:149633581:AAGTT:A,0.964467,209661,chr6:149843242-149843242,NUP43/PCMT1
6,149843242,6:149843242:G:A,6,149633663,6:149633663:A:G,0.964467,209579,chr6:149843242-149843242,NUP43/PCMT1
6,149843242,6:149843242:G:A,6,149633832,6:149633832:C:T,0.964467,209410,chr6:149843242-149843242,NUP43/PCMT1
6,149843242,6:149843242:G:A,6,149633912,6:149633912:A:G,0.964467,209330,chr6:149843242-149843242,NUP43/PCMT1
6,149843242,6:149843242:G:A,6,149634142,6:149634142:G:A,0.964467,209100,chr6:149843242-149843242,NUP43/PCMT1
6,149843242,6:149843242:G:A,6,149634204,6:149634204:C:T,0.964467,209038,chr6:149843242-149843242,NUP43/PCMT1
6,149843242,6:149843242:G:A,6,149634464,6:149634464:A:C,0.964467,208778,chr6:149843242-149843242,NUP43/PCMT1
6,149843242,6:149843242:G:A,6,149634941,6:149634942:C:CT,0.971392,208301,chr6:149843242-149843242,NUP43/PCMT1
6,149843242,6:149843242:G:A,6,149635330,6:149635330:T:C,0.971392,207912,chr6:149843242-149843242,NUP43/PCMT1
6,149843242,6:149843242:G:A,6,149635657,6:149635657:C:T,0.971392,207585,chr6:149843242-149843242,NUP43/PCMT1
6,149843242,6:149843242:G:A,6,149636047,6:149636047:A:C,0.971392,207195,chr6:149843242-149843242,NUP43/PCMT1
6,149843242,6:149843242:G:A,6,149636471,6:149636471:A:AT,0.964467,206771,chr6:149843242-149843242,NUP43/PCMT1
6,149843242,6:149843242:G:A,6,149636647,6:149636647:A:AT,0.964467,206595,chr6:149843242-149843242,NUP43/PCMT1
6,149843242,6:149843242:G:A,6,149636726,6:149636726:T:C,0.964467,206516,chr6:149843242-149843242,NUP43/PCMT1
6,149843242,6:149843242:G:A,6,149637048,6:149637048:T:C,0.964467,206194,chr6:149843242-149843242,NUP43/PCMT1
6,149843242,6:149843242:G:A,6,149637911,6:149637911:C:A,0.936702,205331,chr6:149843242-149843242,NUP43/PCMT1
6,149843242,6:149843242:G:A,6,149637924,6:149637924:G:T,0.971392,205318,chr6:149843242-149843242,NUP43/PCMT1
6,149843242,6:149843242:G:A,6,149638717,6:149638717:TA:T,0.964352,204525,chr6:149843242-149843242,NUP43/PCMT1
6,149843242,6:149843242:G:A,6,149638727,6:149638727:A:G,0.964352,204515,chr6:149843242-149843242,NUP43/PCMT1
6,149843242,6:149843242:G:A,6,149639034,6:149639034:T:C,0.971392,204208,chr6:149843242-149843242,NUP43/PCMT1
6,149843242,6:149843242:G:A,6,149639648,6:149639648:G:A,0.971392,203594,chr6:149843242-149843242,NUP43/PCMT1
6,149843242,6:149843242:G:A,6,149640116,6:149640116:C:T,0.971392,203126,chr6:149843242-149843242,NUP43/PCMT1
6,149843242,6:149843242:G:A,6,149640416,6:149640416:C:T,0.971392,202826,chr6:149843242-149843242,NUP43/PCMT1
6,149843242,6:149843242:G:A,6,149641179,6:149641180:GT:G,0.957219,202063,chr6:149843242-149843242,NUP43/PCMT1
6,149843242,6:149843242:G:A,6,149641317,6:149641317:C:T,0.971392,201925,chr6:149843242-149843242,NUP43/PCMT1
6,149843242,6:149843242:G:A,6,149641427,6:149641427:A:C,0.971392,201815,chr6:149843242-149843242,NUP43/PCMT1
6,149843242,6:149843242:G:A,6,149641481,6:149641481:T:C,0.936702,201761,chr6:149843242-149843242,NUP43/PCMT1
6,149843242,6:149843242:G:A,6,149641947,6:149641947:G:C,0.971392,201295,chr6:149843242-149843242,NUP43/PCMT1
6,149843242,6:149843242:G:A,6,149642969,6:149642969:T:A,0.971392,200273,chr6:149843242-149843242,NUP43/PCMT1
6,149843242,6:149843242:G:A,6,149644487,6:149644487:C:T,0.971392,198755,chr6:149843242-149843242,NUP43/PCMT1
6,149843242,6:149843242:G:A,6,149644540,6:149644540:A:G,0.971392,198702,chr6:149843242-149843242,NUP43/PCMT1
6,149843242,6:149843242:G:A,6,149644604,6:149644604:G:A,0.971392,198638,chr6:149843242-149843242,NUP43/PCMT1
6,149843242,6:149843242:G:A,6,149644992,6:149644992:C:G,0.971392,198250,chr6:149843242-149843242,NUP43/PCMT1
6,149843242,6:149843242:G:A,6,149645456,6:149645457:C:CA,0.957444,197786,chr6:149843242-149843242,NUP43/PCMT1
6,149843242,6:149843242:G:A,6,149645947,6:149645947:T:C,0.919595,197295,chr6:149843242-149843242,NUP43/PCMT1
6,149843242,6:149843242:G:A,6,149647022,6:149647022:T:C,0.919595,196220,chr6:149843242-149843242,NUP43/PCMT1
6,149843242,6:149843242:G:A,6,149650630,6:149650630:G:GTTGTT,0.971392,192612,chr6:149843242-149843242,NUP43/PCMT1
6,149843242,6:149843242:G:A,6,149650951,6:149650951:G:A,0.971392,192291,chr6:149843242-149843242,NUP43/PCMT1
6,149843242,6:149843242:G:A,6,149650996,6:149650996:G:A,0.971392,192246,chr6:149843242-149843242,NUP43/PCMT1
6,149843242,6:149843242:G:A,6,149652628,6:149652628:G:A,0.916889,190614,chr6:149843242-149843242,NUP43/PCMT1
6,149843242,6:149843242:G:A,6,149655662,6:149655662:G:A,0.978534,187580,chr6:149843242-149843242,NUP43/PCMT1
6,149843242,6:149843242:G:A,6,149655935,6:149655935:C:A,0.978534,187307,chr6:149843242-149843242,NUP43/PCMT1
6,149843242,6:149843242:G:A,6,149656666,6:149656666:G:A,0.978534,186576,chr6:149843242-149843242,NUP43/PCMT1
6,149843242,6:149843242:G:A,6,149657185,6:149657185:G:A,0.985783,186057,chr6:149843242-149843242,NUP43/PCMT1
6,149843242,6:149843242:G:A,6,149657419,6:149657419:A:T,0.985783,185823,chr6:149843242-149843242,NUP43/PCMT1
6,149843242,6:149843242:G:A,6,149657633,6:149657633:T:C,0.951448,185609,chr6:149843242-149843242,NUP43/PCMT1
6,149843242,6:149843242:G:A,6,149658280,6:149658280:G:A,0.9503,184962,chr6:149843242-149843242,NUP43/PCMT1
6,149843242,6:149843242:G:A,6,149658547,6:149658547:A:T,0.985783,184695,chr6:149843242-149843242,NUP43/PCMT1
6,149843242,6:149843242:G:A,6,149658764,6:149658764:G:A,0.978893,184478,chr6:149843242-149843242,NUP43/PCMT1
6,149843242,6:149843242:G:A,6,149659317,6:149659317:A:C,0.985783,183925,chr6:149843242-149843242,NUP43/PCMT1
6,149843242,6:149843242:G:A,6,149659591,6:149659591:A:G,0.944721,183651,chr6:149843242-149843242,NUP43/PCMT1
6,149843242,6:149843242:G:A,6,149660323,6:149660323:A:G,0.985783,182919,chr6:149843242-149843242,NUP43/PCMT1
6,149843242,6:149843242:G:A,6,149661115,6:149661115:T:TG,0.910448,182127,chr6:149843242-149843242,NUP43/PCMT1
6,149843242,6:149843242:G:A,6,149661281,6:149661281:A:G,0.985783,181961,chr6:149843242-149843242,NUP43/PCMT1
6,149843242,6:149843242:G:A,6,149662080,6:149662080:G:A,0.985783,181162,chr6:149843242-149843242,NUP43/PCMT1
6,149843242,6:149843242:G:A,6,149662966,6:149662966:CA:C,0.95178,180276,chr6:149843242-149843242,NUP43/PCMT1
6,149843242,6:149843242:G:A,6,149662982,6:149662982:A:G,0.978759,180260,chr6:149843242-149843242,NUP43/PCMT1
6,149843242,6:149843242:G:A,6,149664079,6:149664079:T:G,0.951448,179163,chr6:149843242-149843242,NUP43/PCMT1
6,149843242,6:149843242:G:A,6,149664161,6:149664161:CA:C,0.978614,179081,chr6:149843242-149843242,NUP43/PCMT1
6,149843242,6:149843242:G:A,6,149664340,6:149664340:T:TGAG,0.985783,178902,chr6:149843242-149843242,NUP43/PCMT1
6,149843242,6:149843242:G:A,6,149666139,6:149666141:C:CAA,0.896133,177103,chr6:149843242-149843242,NUP43/PCMT1
6,149843242,6:149843242:G:A,6,149667929,6:149667929:T:C,0.985783,175313,chr6:149843242-149843242,NUP43/PCMT1
6,149843242,6:149843242:G:A,6,149668443,6:149668443:A:AT,0.985783,174799,chr6:149843242-149843242,NUP43/PCMT1
6,149843242,6:149843242:G:A,6,149668608,6:149668608:AT:A,0.978759,174634,chr6:149843242-149843242,NUP43/PCMT1
6,149843242,6:149843242:G:A,6,149668635,6:149668635:T:C,0.985783,174607,chr6:149843242-149843242,NUP43/PCMT1
6,149843242,6:149843242:G:A,6,149669173,6:149669173:A:G,0.985783,174069,chr6:149843242-149843242,NUP43/PCMT1
6,149843242,6:149843242:G:A,6,149669447,6:149669447:A:G,0.985783,173795,chr6:149843242-149843242,NUP43/PCMT1
6,149843242,6:149843242:G:A,6,149670380,6:149670380:G:T,0.985783,172862,chr6:149843242-149843242,NUP43/PCMT1
6,149843242,6:149843242:G:A,6,149670625,6:149670625:T:C,0.951448,172617,chr6:149843242-149843242,NUP43/PCMT1
6,149843242,6:149843242:G:A,6,149671122,6:149671122:TTTTG:T,0.978534,172120,chr6:149843242-149843242,NUP43/PCMT1
6,149843242,6:149843242:G:A,6,149671172,6:149671172:A:G,0.985783,172070,chr6:149843242-149843242,NUP43/PCMT1
6,149843242,6:149843242:G:A,6,149671240,6:149671240:C:T,0.985783,172002,chr6:149843242-149843242,NUP43/PCMT1
6,149843242,6:149843242:G:A,6,149671572,6:149671572:C:G,0.985783,171670,chr6:149843242-149843242,NUP43/PCMT1
6,149843242,6:149843242:G:A,6,149671999,6:149671999:C:T,0.985783,171243,chr6:149843242-149843242,NUP43/PCMT1
6,149843242,6:149843242:G:A,6,149672905,6:149672905:T:C,0.985783,170337,chr6:149843242-149843242,NUP43/PCMT1
6,149843242,6:149843242:G:A,6,149673096,6:149673096:CTTT:C,0.839197,170146,chr6:149843242-149843242,NUP43/PCMT1
6,149843242,6:149843242:G:A,6,149674639,6:149674639:G:A,0.978614,168603,chr6:149843242-149843242,NUP43/PCMT1
6,149843242,6:149843242:G:A,6,149675215,6:149675215:CA:C,0.957411,168027,chr6:149843242-149843242,NUP43/PCMT1
6,149843242,6:149843242:G:A,6,149675588,6:149675588:G:A,0.985783,167654,chr6:149843242-149843242,NUP43/PCMT1
6,149843242,6:149843242:G:A,6,149675705,6:149675705:T:C,0.951448,167537,chr6:149843242-149843242,NUP43/PCMT1
6,149843242,6:149843242:G:A,6,149675847,6:149675847:G:A,0.985783,167395,chr6:149843242-149843242,NUP43/PCMT1
6,149843242,6:149843242:G:A,6,149676521,6:149676521:T:C,0.951448,166721,chr6:149843242-149843242,NUP43/PCMT1
6,149843242,6:149843242:G:A,6,149677147,6:149677147:A:AAAAC,0.951448,166095,chr6:149843242-149843242,NUP43/PCMT1
6,149843242,6:149843242:G:A,6,149677438,6:149677438:T:C,0.951448,165804,chr6:149843242-149843242,NUP43/PCMT1
6,149843242,6:149843242:G:A,6,149677587,6:149677587:A:G,0.985783,165655,chr6:149843242-149843242,NUP43/PCMT1
6,149843242,6:149843242:G:A,6,149678018,6:149678018:CA:C,0.964352,165224,chr6:149843242-149843242,NUP43/PCMT1
6,149843242,6:149843242:G:A,6,149678086,6:149678086:A:G,0.985783,165156,chr6:149843242-149843242,NUP43/PCMT1
6,149843242,6:149843242:G:A,6,149678345,6:149678345:A:AAAAC,0.978614,164897,chr6:149843242-149843242,NUP43/PCMT1
6,149843242,6:149843242:G:A,6,149679506,6:149679506:G:C,0.985783,163736,chr6:149843242-149843242,NUP43/PCMT1
6,149843242,6:149843242:G:A,6,149680743,6:149680743:G:GA,0.9648,162499,chr6:149843242-149843242,NUP43/PCMT1
6,149843242,6:149843242:G:A,6,149681766,6:149681766:T:C,0.985783,161476,chr6:149843242-149843242,NUP43/PCMT1
6,149843242,6:149843242:G:A,6,149682090,6:149682090:GAC:G,0.985783,161152,chr6:149843242-149843242,NUP43/PCMT1
6,149843242,6:149843242:G:A,6,149682110,6:149682110:C:CA,0.985783,161132,chr6:149843242-149843242,NUP43/PCMT1
6,149843242,6:149843242:G:A,6,149682891,6:149682891:A:C,0.985783,160351,chr6:149843242-149843242,NUP43/PCMT1
6,149843242,6:149843242:G:A,6,149683643,6:149683643:A:G,0.985783,159599,chr6:149843242-149843242,NUP43/PCMT1
6,149843242,6:149843242:G:A,6,149685803,6:149685803:CA:C,0.978534,157439,chr6:149843242-149843242,NUP43/PCMT1
6,149843242,6:149843242:G:A,6,149688122,6:149688122:G:C,0.985783,155120,chr6:149843242-149843242,NUP43/PCMT1
6,149843242,6:149843242:G:A,6,149688459,6:149688459:C:T,0.985783,154783,chr6:149843242-149843242,NUP43/PCMT1
6,149843242,6:149843242:G:A,6,149689418,6:149689418:C:CA,0.895923,153824,chr6:149843242-149843242,NUP43/PCMT1
6,149843242,6:149843242:G:A,6,149690150,6:149690150:C:T,0.951448,153092,chr6:149843242-149843242,NUP43/PCMT1
6,149843242,6:149843242:G:A,6,149690213,6:149690213:CT:C,0.964204,153029,chr6:149843242-149843242,NUP43/PCMT1
6,149843242,6:149843242:G:A,6,149691226,6:149691226:T:C,0.985783,152016,chr6:149843242-149843242,NUP43/PCMT1
6,149843242,6:149843242:G:A,6,149692821,6:149692821:C:T,0.985783,150421,chr6:149843242-149843242,NUP43/PCMT1
6,149843242,6:149843242:G:A,6,149693334,6:149693334:A:G,0.951448,149908,chr6:149843242-149843242,NUP43/PCMT1
6,149843242,6:149843242:G:A,6,149693611,6:149693611:AAAACAAAC:A,0.985783,149631,chr6:149843242-149843242,NUP43/PCMT1
6,149843242,6:149843242:G:A,6,149693894,6:149693894:A:T,0.985783,149348,chr6:149843242-149843242,NUP43/PCMT1
6,149843242,6:149843242:G:A,6,149694122,6:149694122:G:A,0.951448,149120,chr6:149843242-149843242,NUP43/PCMT1
6,149843242,6:149843242:G:A,6,149695440,6:149695440:G:A,0.985783,147802,chr6:149843242-149843242,NUP43/PCMT1
6,149843242,6:149843242:G:A,6,149696642,6:149696642:C:T,0.978614,146600,chr6:149843242-149843242,NUP43/PCMT1
6,149843242,6:149843242:G:A,6,149698239,6:149698239:CTT:C,0.985783,145003,chr6:149843242-149843242,NUP43/PCMT1
6,149843242,6:149843242:G:A,6,149699058,6:149699058:CA:C,0.978759,144184,chr6:149843242-149843242,NUP43/PCMT1
6,149843242,6:149843242:G:A,6,149699417,6:149699417:G:T,0.985783,143825,chr6:149843242-149843242,NUP43/PCMT1
6,149843242,6:149843242:G:A,6,149700161,6:149700161:C:T,0.985783,143081,chr6:149843242-149843242,NUP43/PCMT1
6,149843242,6:149843242:G:A,6,149700741,6:149700741:AT:A,0.985783,142501,chr6:149843242-149843242,NUP43/PCMT1
6,149843242,6:149843242:G:A,6,149702212,6:149702212:C:G,0.985783,141030,chr6:149843242-149843242,NUP43/PCMT1
6,149843242,6:149843242:G:A,6,149702517,6:149702517:C:T,0.985783,140725,chr6:149843242-149843242,NUP43/PCMT1
6,149843242,6:149843242:G:A,6,149702732,6:149702732:T:C,0.951448,140510,chr6:149843242-149843242,NUP43/PCMT1
6,149843242,6:149843242:G:A,6,149702964,6:149702964:T:C,0.985783,140278,chr6:149843242-149843242,NUP43/PCMT1
6,149843242,6:149843242:G:A,6,149703986,6:149703986:C:T,0.985783,139256,chr6:149843242-149843242,NUP43/PCMT1
6,149843242,6:149843242:G:A,6,149704493,6:149704493:G:GT,0.98589,138749,chr6:149843242-149843242,NUP43/PCMT1
6,149843242,6:149843242:G:A,6,149705060,6:149705060:T:C,0.985783,138182,chr6:149843242-149843242,NUP43/PCMT1
6,149843242,6:149843242:G:A,6,149707011,6:149707011:C:CT,0.915621,136231,chr6:149843242-149843242,NUP43/PCMT1
6,149843242,6:149843242:G:A,6,149708414,6:149708414:CA:C,0.971769,134828,chr6:149843242-149843242,NUP43/PCMT1
6,149843242,6:149843242:G:A,6,149711111,6:149711111:T:C,0.985783,132131,chr6:149843242-149843242,NUP43/PCMT1
6,149843242,6:149843242:G:A,6,149711896,6:149711896:T:C,0.985783,131346,chr6:149843242-149843242,NUP43/PCMT1
6,149843242,6:149843242:G:A,6,149712355,6:149712355:C:T,0.985783,130887,chr6:149843242-149843242,NUP43/PCMT1
6,149843242,6:149843242:G:A,6,149713919,6:149713919:C:T,0.985783,129323,chr6:149843242-149843242,NUP43/PCMT1
6,149843242,6:149843242:G:A,6,149714640,6:149714640:T:G,0.985783,128602,chr6:149843242-149843242,NUP43/PCMT1
6,149843242,6:149843242:G:A,6,149716268,6:149716268:T:C,0.985783,126974,chr6:149843242-149843242,NUP43/PCMT1
6,149843242,6:149843242:G:A,6,149716436,6:149716436:A:G,0.985783,126806,chr6:149843242-149843242,NUP43/PCMT1
6,149843242,6:149843242:G:A,6,149716807,6:149716807:A:G,0.985783,126435,chr6:149843242-149843242,NUP43/PCMT1
6,149843242,6:149843242:G:A,6,149718012,6:149718012:G:A,0.985783,125230,chr6:149843242-149843242,NUP43/PCMT1
6,149843242,6:149843242:G:A,6,149718157,6:149718157:T:C,0.985783,125085,chr6:149843242-149843242,NUP43/PCMT1
6,149843242,6:149843242:G:A,6,149718225,6:149718225:C:G,0.985783,125017,chr6:149843242-149843242,NUP43/PCMT1
6,149843242,6:149843242:G:A,6,149718360,6:149718360:T:C,0.985783,124882,chr6:149843242-149843242,NUP43/PCMT1
6,149843242,6:149843242:G:A,6,149718584,6:149718584:G:C,0.985783,124658,chr6:149843242-149843242,NUP43/PCMT1
6,149843242,6:149843242:G:A,6,149720309,6:149720309:G:A,0.985783,122933,chr6:149843242-149843242,NUP43/PCMT1
6,149843242,6:149843242:G:A,6,149721194,6:149721194:G:A,0.985783,122048,chr6:149843242-149843242,NUP43/PCMT1
6,149843242,6:149843242:G:A,6,149722119,6:149722119:C:CT,0.903484,121123,chr6:149843242-149843242,NUP43/PCMT1
6,149843242,6:149843242:G:A,6,149724357,6:149724357:TG:T,0.877968,118885,chr6:149843242-149843242,NUP43/PCMT1
6,149843242,6:149843242:G:A,6,149724442,6:149724442:T:TTAAC,0.877968,118800,chr6:149843242-149843242,NUP43/PCMT1
6,149843242,6:149843242:G:A,6,149725083,6:149725083:C:T,0.985783,118159,chr6:149843242-149843242,NUP43/PCMT1
6,149843242,6:149843242:G:A,6,149725375,6:149725375:T:C,0.951448,117867,chr6:149843242-149843242,NUP43/PCMT1
6,149843242,6:149843242:G:A,6,149726396,6:149726396:CA:C,0.92923,116846,chr6:149843242-149843242,NUP43/PCMT1
6,149843242,6:149843242:G:A,6,149729434,6:149729434:A:G,0.985783,113808,chr6:149843242-149843242,NUP43/PCMT1
6,149843242,6:149843242:G:A,6,149729540,6:149729540:C:A,0.985783,113702,chr6:149843242-149843242,NUP43/PCMT1
6,149843242,6:149843242:G:A,6,149730941,6:149730941:C:CA,0.985783,112301,chr6:149843242-149843242,NUP43/PCMT1
6,149843242,6:149843242:G:A,6,149730977,6:149730977:A:T,0.985783,112265,chr6:149843242-149843242,NUP43/PCMT1
6,149843242,6:149843242:G:A,6,149731562,6:149731562:T:TA,0.985783,111680,chr6:149843242-149843242,NUP43/PCMT1
6,149843242,6:149843242:G:A,6,149732183,6:149732183:G:GA,0.957705,111059,chr6:149843242-149843242,NUP43/PCMT1
6,149843242,6:149843242:G:A,6,149733680,6:149733680:A:G,0.985783,109562,chr6:149843242-149843242,NUP43/PCMT1
6,149843242,6:149843242:G:A,6,149734502,6:149734502:A:T,0.985783,108740,chr6:149843242-149843242,NUP43/PCMT1
6,149843242,6:149843242:G:A,6,149734797,6:149734797:C:CAA,0.943245,108445,chr6:149843242-149843242,NUP43/PCMT1
6,149843242,6:149843242:G:A,6,149735527,6:149735527:C:T,0.978893,107715,chr6:149843242-149843242,NUP43/PCMT1
6,149843242,6:149843242:G:A,6,149735975,6:149735976:TAA:T,0.971545,107267,chr6:149843242-149843242,NUP43/PCMT1
6,149843242,6:149843242:G:A,6,149737177,6:149737177:G:A,0.985783,106065,chr6:149843242-149843242,NUP43/PCMT1
6,149843242,6:149843242:G:A,6,149737690,6:149737690:A:G,0.985783,105552,chr6:149843242-149843242,NUP43/PCMT1
6,149843242,6:149843242:G:A,6,149739108,6:149739108:A:G,0.985783,104134,chr6:149843242-149843242,NUP43/PCMT1
6,149843242,6:149843242:G:A,6,149739347,6:149739347:C:T,0.985783,103895,chr6:149843242-149843242,NUP43/PCMT1
6,149843242,6:149843242:G:A,6,149739647,6:149739647:T:C,0.985783,103595,chr6:149843242-149843242,NUP43/PCMT1
6,149843242,6:149843242:G:A,6,149740350,6:149740350:G:T,0.985783,102892,chr6:149843242-149843242,NUP43/PCMT1
6,149843242,6:149843242:G:A,6,149740561,6:149740561:G:A,0.985783,102681,chr6:149843242-149843242,NUP43/PCMT1
6,149843242,6:149843242:G:A,6,149740655,6:149740655:T:C,0.985783,102587,chr6:149843242-149843242,NUP43/PCMT1
6,149843242,6:149843242:G:A,6,149740720,6:149740720:G:A,0.985783,102522,chr6:149843242-149843242,NUP43/PCMT1
6,149843242,6:149843242:G:A,6,149741819,6:149741819:T:C,0.985783,101423,chr6:149843242-149843242,NUP43/PCMT1
6,149843242,6:149843242:G:A,6,149742840,6:149742840:G:A,0.951448,100402,chr6:149843242-149843242,NUP43/PCMT1
6,149843242,6:149843242:G:A,6,149742883,6:149742883:T:C,0.9503,100359,chr6:149843242-149843242,NUP43/PCMT1
6,149843242,6:149843242:G:A,6,149743093,6:149743093:T:C,0.985783,100149,chr6:149843242-149843242,NUP43/PCMT1
6,149843242,6:149843242:G:A,6,149743597,6:149743597:CA:C,0.985783,99645,chr6:149843242-149843242,NUP43/PCMT1
6,149843242,6:149843242:G:A,6,149743841,6:149743841:T:A,0.985783,99401,chr6:149843242-149843242,NUP43/PCMT1
6,149843242,6:149843242:G:A,6,149744922,6:149744922:A:T,0.936456,98320,chr6:149843242-149843242,NUP43/PCMT1
6,149843242,6:149843242:G:A,6,149745206,6:149745206:G:C,0.951448,98036,chr6:149843242-149843242,NUP43/PCMT1
6,149843242,6:149843242:G:A,6,149745332,6:149745332:G:C,0.985783,97910,chr6:149843242-149843242,NUP43/PCMT1
6,149843242,6:149843242:G:A,6,149746539,6:149746539:A:G,0.992863,96703,chr6:149843242-149843242,NUP43/PCMT1
6,149843242,6:149843242:G:A,6,149748255,6:149748255:G:C,0.992863,94987,chr6:149843242-149843242,NUP43/PCMT1
6,149843242,6:149843242:G:A,6,149748808,6:149748810:CAAAAAAAAA:C,0.941295,94434,chr6:149843242-149843242,NUP43/PCMT1
6,149843242,6:149843242:G:A,6,149749393,6:149749393:C:G,0.992863,93849,chr6:149843242-149843242,NUP43/PCMT1
6,149843242,6:149843242:G:A,6,149750892,6:149750892:A:C,0.992863,92350,chr6:149843242-149843242,NUP43/PCMT1
6,149843242,6:149843242:G:A,6,149751328,6:149751328:A:T,0.992863,91914,chr6:149843242-149843242,NUP43/PCMT1
6,149843242,6:149843242:G:A,6,149751359,6:149751359:C:T,0.958229,91883,chr6:149843242-149843242,NUP43/PCMT1
6,149843242,6:149843242:G:A,6,149751542,6:149751542:C:A,0.985721,91700,chr6:149843242-149843242,NUP43/PCMT1
6,149843242,6:149843242:G:A,6,149752399,6:149752399:A:C,0.992863,90843,chr6:149843242-149843242,NUP43/PCMT1
6,149843242,6:149843242:G:A,6,149752755,6:149752755:A:C,0.992863,90487,chr6:149843242-149843242,NUP43/PCMT1
6,149843242,6:149843242:G:A,6,149753369,6:149753369:AT:A,0.992863,89873,chr6:149843242-149843242,NUP43/PCMT1
6,149843242,6:149843242:G:A,6,149753911,6:149753911:T:C,0.992863,89331,chr6:149843242-149843242,NUP43/PCMT1
6,149843242,6:149843242:G:A,6,149754137,6:149754137:T:C,0.992863,89105,chr6:149843242-149843242,NUP43/PCMT1
6,149843242,6:149843242:G:A,6,149754363,6:149754363:C:T,0.992863,88879,chr6:149843242-149843242,NUP43/PCMT1
6,149843242,6:149843242:G:A,6,149755099,6:149755099:A:AAGGGAC,0.992863,88143,chr6:149843242-149843242,NUP43/PCMT1
6,149843242,6:149843242:G:A,6,149756283,6:149756283:T:TTTCTAA,0.958229,86959,chr6:149843242-149843242,NUP43/PCMT1
6,149843242,6:149843242:G:A,6,149756353,6:149756353:C:CT,0.929501,86889,chr6:149843242-149843242,NUP43/PCMT1
6,149843242,6:149843242:G:A,6,149756518,6:149756518:T:A,0.897666,86724,chr6:149843242-149843242,NUP43/PCMT1
6,149843242,6:149843242:G:A,6,149756953,6:149756953:C:G,0.992863,86289,chr6:149843242-149843242,NUP43/PCMT1
6,149843242,6:149843242:G:A,6,149758385,6:149758385:AT:A,0.992863,84857,chr6:149843242-149843242,NUP43/PCMT1
6,149843242,6:149843242:G:A,6,149758502,6:149758502:A:G,0.992863,84740,chr6:149843242-149843242,NUP43/PCMT1
6,149843242,6:149843242:G:A,6,149758687,6:149758687:T:C,0.957572,84555,chr6:149843242-149843242,NUP43/PCMT1
6,149843242,6:149843242:G:A,6,149758699,6:149758699:A:G,0.957572,84543,chr6:149843242-149843242,NUP43/PCMT1
6,149843242,6:149843242:G:A,6,149758739,6:149758739:G:A,0.992863,84503,chr6:149843242-149843242,NUP43/PCMT1
6,149843242,6:149843242:G:A,6,149758875,6:149758875:A:C,0.992863,84367,chr6:149843242-149843242,NUP43/PCMT1
6,149843242,6:149843242:G:A,6,149758881,6:149758881:T:C,0.957572,84361,chr6:149843242-149843242,NUP43/PCMT1
6,149843242,6:149843242:G:A,6,149759454,6:149759454:T:G,0.992863,83788,chr6:149843242-149843242,NUP43/PCMT1
6,149843242,6:149843242:G:A,6,149759746,6:149759746:C:T,0.992863,83496,chr6:149843242-149843242,NUP43/PCMT1
6,149843242,6:149843242:G:A,6,149760331,6:149760331:A:G,0.992863,82911,chr6:149843242-149843242,NUP43/PCMT1
6,149843242,6:149843242:G:A,6,149760959,6:149760959:A:G,0.992863,82283,chr6:149843242-149843242,NUP43/PCMT1
6,149843242,6:149843242:G:A,6,149761026,6:149761026:AGTGTGTGT:A,0.916889,82216,chr6:149843242-149843242,NUP43/PCMT1
6,149843242,6:149843242:G:A,6,149761178,6:149761178:T:TAC,0.951448,82064,chr6:149843242-149843242,NUP43/PCMT1
6,149843242,6:149843242:G:A,6,149761257,6:149761257:ATGTG:A,0.985721,81985,chr6:149843242-149843242,NUP43/PCMT1
6,149843242,6:149843242:G:A,6,149761375,6:149761375:G:T,0.992863,81867,chr6:149843242-149843242,NUP43/PCMT1
6,149843242,6:149843242:G:A,6,149763714,6:149763714:A:G,0.958229,79528,chr6:149843242-149843242,NUP43/PCMT1
6,149843242,6:149843242:G:A,6,149764529,6:149764529:A:C,0.958229,78713,chr6:149843242-149843242,NUP43/PCMT1
6,149843242,6:149843242:G:A,6,149764913,6:149764913:T:C,0.958229,78329,chr6:149843242-149843242,NUP43/PCMT1
6,149843242,6:149843242:G:A,6,149765359,6:149765360:C:CAAAA,0.85046,77883,chr6:149843242-149843242,NUP43/PCMT1
6,149843242,6:149843242:G:A,6,149765980,6:149765980:A:AT,0.901923,77262,chr6:149843242-149843242,NUP43/PCMT1
6,149843242,6:149843242:G:A,6,149766383,6:149766383:G:A,0.958229,76859,chr6:149843242-149843242,NUP43/PCMT1
6,149843242,6:149843242:G:A,6,149766491,6:149766491:C:A,0.958229,76751,chr6:149843242-149843242,NUP43/PCMT1
6,149843242,6:149843242:G:A,6,149767258,6:149767258:C:CT,0.945115,75984,chr6:149843242-149843242,NUP43/PCMT1
6,149843242,6:149843242:G:A,6,149767481,6:149767481:T:C,0.958229,75761,chr6:149843242-149843242,NUP43/PCMT1
6,149843242,6:149843242:G:A,6,149767547,6:149767547:A:G,0.958229,75695,chr6:149843242-149843242,NUP43/PCMT1
6,149843242,6:149843242:G:A,6,149767798,6:149767798:CGTTT:C,0.958229,75444,chr6:149843242-149843242,NUP43/PCMT1
6,149843242,6:149843242:G:A,6,149767816,6:149767816:T:C,0.958229,75426,chr6:149843242-149843242,NUP43/PCMT1
6,149843242,6:149843242:G:A,6,149768013,6:149768013:T:TA,0.958229,75229,chr6:149843242-149843242,NUP43/PCMT1
6,149843242,6:149843242:G:A,6,149768273,6:149768273:A:T,0.992863,74969,chr6:149843242-149843242,NUP43/PCMT1
6,149843242,6:149843242:G:A,6,149769680,6:149769680:T:C,0.958229,73562,chr6:149843242-149843242,NUP43/PCMT1
6,149843242,6:149843242:G:A,6,149770637,6:149770637:C:T,0.936411,72605,chr6:149843242-149843242,NUP43/PCMT1
6,149843242,6:149843242:G:A,6,149770776,6:149770776:A:G,0.958229,72466,chr6:149843242-149843242,NUP43/PCMT1
6,149843242,6:149843242:G:A,6,149770854,6:149770854:C:CCCTG,0.951024,72388,chr6:149843242-149843242,NUP43/PCMT1
6,149843242,6:149843242:G:A,6,149771673,6:149771673:T:C,0.958229,71569,chr6:149843242-149843242,NUP43/PCMT1
6,149843242,6:149843242:G:A,6,149772542,6:149772542:C:T,0.958229,70700,chr6:149843242-149843242,NUP43/PCMT1
6,149843242,6:149843242:G:A,6,149772546,6:149772546:C:T,0.992863,70696,chr6:149843242-149843242,NUP43/PCMT1
6,149843242,6:149843242:G:A,6,149772832,6:149772832:G:A,0.958229,70410,chr6:149843242-149843242,NUP43/PCMT1
6,149843242,6:149843242:G:A,6,149772845,6:149772845:G:A,0.958229,70397,chr6:149843242-149843242,NUP43/PCMT1
6,149843242,6:149843242:G:A,6,149773350,6:149773351:AGTTTTGTTT:A,0.985783,69892,chr6:149843242-149843242,NUP43/PCMT1
6,149843242,6:149843242:G:A,6,149773519,6:149773519:C:T,0.958229,69723,chr6:149843242-149843242,NUP43/PCMT1
6,149843242,6:149843242:G:A,6,149773578,6:149773578:T:C,0.958229,69664,chr6:149843242-149843242,NUP43/PCMT1
6,149843242,6:149843242:G:A,6,149774257,6:149774257:T:C,0.958229,68985,chr6:149843242-149843242,NUP43/PCMT1
6,149843242,6:149843242:G:A,6,149774301,6:149774301:G:A,0.958229,68941,chr6:149843242-149843242,NUP43/PCMT1
6,149843242,6:149843242:G:A,6,149774538,6:149774538:CT:C,0.929239,68704,chr6:149843242-149843242,NUP43/PCMT1
6,149843242,6:149843242:G:A,6,149775136,6:149775136:G:C,0.958229,68106,chr6:149843242-149843242,NUP43/PCMT1
6,149843242,6:149843242:G:A,6,149775216,6:149775216:T:A,0.958229,68026,chr6:149843242-149843242,NUP43/PCMT1
6,149843242,6:149843242:G:A,6,149775255,6:149775255:A:C,0.992863,67987,chr6:149843242-149843242,NUP43/PCMT1
6,149843242,6:149843242:G:A,6,149775303,6:149775303:C:T,0.958229,67939,chr6:149843242-149843242,NUP43/PCMT1
6,149843242,6:149843242:G:A,6,149775882,6:149775882:A:G,0.958229,67360,chr6:149843242-149843242,NUP43/PCMT1
6,149843242,6:149843242:G:A,6,149776207,6:149776207:T:A,0.958229,67035,chr6:149843242-149843242,NUP43/PCMT1
6,149843242,6:149843242:G:A,6,149776321,HGSV_102192,0.958229,66921,chr6:149843242-149843242,NUP43/PCMT1
6,149843242,6:149843242:G:A,6,149776681,6:149776681:G:A,0.958229,66561,chr6:149843242-149843242,NUP43/PCMT1
6,149843242,6:149843242:G:A,6,149777465,6:149777465:T:TAAATG,0.958229,65777,chr6:149843242-149843242,NUP43/PCMT1
6,149843242,6:149843242:G:A,6,149777561,6:149777561:C:T,0.958229,65681,chr6:149843242-149843242,NUP43/PCMT1
6,149843242,6:149843242:G:A,6,149777641,6:149777641:T:C,0.958229,65601,chr6:149843242-149843242,NUP43/PCMT1
6,149843242,6:149843242:G:A,6,149777838,6:149777838:CTCCT:C,0.943921,65404,chr6:149843242-149843242,NUP43/PCMT1
6,149843242,6:149843242:G:A,6,149777876,6:149777876:CT:C,0.938894,65366,chr6:149843242-149843242,NUP43/PCMT1
6,149843242,6:149843242:G:A,6,149778389,6:149778389:C:T,0.951024,64853,chr6:149843242-149843242,NUP43/PCMT1
6,149843242,6:149843242:G:A,6,149778907,6:149778907:A:C,0.958229,64335,chr6:149843242-149843242,NUP43/PCMT1
6,149843242,6:149843242:G:A,6,149779242,6:149779242:AT:A,0.957572,64000,chr6:149843242-149843242,NUP43/PCMT1
6,149843242,6:149843242:G:A,6,149779244,6:149779244:GTAAAACA:G,0.957572,63998,chr6:149843242-149843242,NUP43/PCMT1
6,149843242,6:149843242:G:A,6,149779294,6:149779294:C:T,0.958229,63948,chr6:149843242-149843242,NUP43/PCMT1
6,149843242,6:149843242:G:A,6,149779341,6:149779341:T:C,0.958229,63901,chr6:149843242-149843242,NUP43/PCMT1
6,149843242,6:149843242:G:A,6,149779576,6:149779576:G:A,0.958229,63666,chr6:149843242-149843242,NUP43/PCMT1
6,149843242,6:149843242:G:A,6,149779669,6:149779669:G:A,0.958229,63573,chr6:149843242-149843242,NUP43/PCMT1
6,149843242,6:149843242:G:A,6,149780563,6:149780563:T:C,0.958229,62679,chr6:149843242-149843242,NUP43/PCMT1
6,149843242,6:149843242:G:A,6,149780867,6:149780867:G:A,0.958229,62375,chr6:149843242-149843242,NUP43/PCMT1
6,149843242,6:149843242:G:A,6,149781191,6:149781191:TTTTTTTTTT:T,0.958229,62051,chr6:149843242-149843242,NUP43/PCMT1
6,149843242,6:149843242:G:A,6,149781361,6:149781361:G:A,0.958229,61881,chr6:149843242-149843242,NUP43/PCMT1
6,149843242,6:149843242:G:A,6,149781442,6:149781442:G:A,0.958229,61800,chr6:149843242-149843242,NUP43/PCMT1
6,149843242,6:149843242:G:A,6,149781649,6:149781649:A:C,0.958229,61593,chr6:149843242-149843242,NUP43/PCMT1
6,149843242,6:149843242:G:A,6,149782183,6:149782183:A:G,0.958229,61059,chr6:149843242-149843242,NUP43/PCMT1
6,149843242,6:149843242:G:A,6,149782263,6:149782263:C:T,0.958229,60979,chr6:149843242-149843242,NUP43/PCMT1
6,149843242,6:149843242:G:A,6,149782897,6:149782897:G:C,0.985783,60345,chr6:149843242-149843242,NUP43/PCMT1
6,149843242,6:149843242:G:A,6,149783124,6:149783124:A:G,0.985783,60118,chr6:149843242-149843242,NUP43/PCMT1
6,149843242,6:149843242:G:A,6,149783321,6:149783321:C:T,0.985783,59921,chr6:149843242-149843242,NUP43/PCMT1
6,149843242,6:149843242:G:A,6,149783553,6:149783553:T:G,0.985783,59689,chr6:149843242-149843242,NUP43/PCMT1
6,149843242,6:149843242:G:A,6,149783956,6:149783956:G:A,0.985783,59286,chr6:149843242-149843242,NUP43/PCMT1
6,149843242,6:149843242:G:A,6,149784836,6:149784836:T:G,0.985783,58406,chr6:149843242-149843242,NUP43/PCMT1
6,149843242,6:149843242:G:A,6,149785249,6:149785249:G:GTCA,0.863293,57993,chr6:149843242-149843242,NUP43/PCMT1
6,149843242,6:149843242:G:A,6,149785355,6:149785356:CTT:C,0.856775,57887,chr6:149843242-149843242,NUP43/PCMT1
6,149843242,6:149843242:G:A,6,149785433,6:149785433:C:T,0.896226,57809,chr6:149843242-149843242,NUP43/PCMT1
6,149843242,6:149843242:G:A,6,149786664,6:149786664:C:T,0.875965,56578,chr6:149843242-149843242,NUP43/PCMT1
6,149843242,6:149843242:G:A,6,149786687,6:149786687:C:T,0.870912,56555,chr6:149843242-149843242,NUP43/PCMT1
6,149843242,6:149843242:G:A,6,149786778,6:149786778:C:A,0.978534,56464,chr6:149843242-149843242,NUP43/PCMT1
6,149843242,6:149843242:G:A,6,149787005,6:149787005:G:A,0.888499,56237,chr6:149843242-149843242,NUP43/PCMT1
6,149843242,6:149843242:G:A,6,149787287,6:149787287:G:GGGAGAGGGA,0.951084,55955,chr6:149843242-149843242,NUP43/PCMT1
6,149843242,6:149843242:G:A,6,149787289,6:149787290:T:TGGGG,0.951084,55953,chr6:149843242-149843242,NUP43/PCMT1
6,149843242,6:149843242:G:A,6,149787615,6:149787615:G:A,0.985783,55627,chr6:149843242-149843242,NUP43/PCMT1
6,149843242,6:149843242:G:A,6,149787823,6:149787823:CTG:C,0.978759,55419,chr6:149843242-149843242,NUP43/PCMT1
6,149843242,6:149843242:G:A,6,149787920,6:149787920:C:T,0.985783,55322,chr6:149843242-149843242,NUP43/PCMT1
6,149843242,6:149843242:G:A,6,149787970,6:149787970:T:C,0.985783,55272,chr6:149843242-149843242,NUP43/PCMT1
6,149843242,6:149843242:G:A,6,149788074,6:149788074:C:T,0.985783,55168,chr6:149843242-149843242,NUP43/PCMT1
6,149843242,6:149843242:G:A,6,149788159,6:149788159:C:T,0.978893,55083,chr6:149843242-149843242,NUP43/PCMT1
6,149843242,6:149843242:G:A,6,149788479,6:149788479:T:A,0.985783,54763,chr6:149843242-149843242,NUP43/PCMT1
6,149843242,6:149843242:G:A,6,149788709,6:149788709:C:G,0.97179,54533,chr6:149843242-149843242,NUP43/PCMT1
6,149843242,6:149843242:G:A,6,149788941,6:149788941:G:A,0.985783,54301,chr6:149843242-149843242,NUP43/PCMT1
6,149843242,6:149843242:G:A,6,149788977,6:149788977:G:A,0.985783,54265,chr6:149843242-149843242,NUP43/PCMT1
6,149843242,6:149843242:G:A,6,149789350,6:149789350:T:A,0.958229,53892,chr6:149843242-149843242,NUP43/PCMT1
6,149843242,6:149843242:G:A,6,149789486,6:149789486:C:T,0.958229,53756,chr6:149843242-149843242,NUP43/PCMT1
6,149843242,6:149843242:G:A,6,149789721,6:149789721:TAA:T,0.958229,53521,chr6:149843242-149843242,NUP43/PCMT1
6,149843242,6:149843242:G:A,6,149790516,6:149790516:C:CT,0.965063,52726,chr6:149843242-149843242,NUP43/PCMT1
6,149843242,6:149843242:G:A,6,149791033,6:149791033:C:G,0.958229,52209,chr6:149843242-149843242,NUP43/PCMT1
6,149843242,6:149843242:G:A,6,149791063,6:149791063:C:T,0.958229,52179,chr6:149843242-149843242,NUP43/PCMT1
6,149843242,6:149843242:G:A,6,149791065,6:149791065:G:A,0.958229,52177,chr6:149843242-149843242,NUP43/PCMT1
6,149843242,6:149843242:G:A,6,149791193,6:149791193:G:A,0.958229,52049,chr6:149843242-149843242,NUP43/PCMT1
6,149843242,6:149843242:G:A,6,149791861,6:149791861:G:A,0.958229,51381,chr6:149843242-149843242,NUP43/PCMT1
6,149843242,6:149843242:G:A,6,149792658,6:149792658:G:A,0.958229,50584,chr6:149843242-149843242,NUP43/PCMT1
6,149843242,6:149843242:G:A,6,149792666,6:149792666:T:C,0.958229,50576,chr6:149843242-149843242,NUP43/PCMT1
6,149843242,6:149843242:G:A,6,149793162,6:149793162:CAA:C,0.86912,50080,chr6:149843242-149843242,NUP43/PCMT1
6,149843242,6:149843242:G:A,6,149793470,6:149793470:C:T,0.958229,49772,chr6:149843242-149843242,NUP43/PCMT1
6,149843242,6:149843242:G:A,6,149793609,6:149793609:G:A,0.958229,49633,chr6:149843242-149843242,NUP43/PCMT1
6,149843242,6:149843242:G:A,6,149794670,6:149794670:AT:A,0.958229,48572,chr6:149843242-149843242,NUP43/PCMT1
6,149843242,6:149843242:G:A,6,149795193,6:149795193:CA:C,0.950737,48049,chr6:149843242-149843242,NUP43/PCMT1
6,149843242,6:149843242:G:A,6,149795490,6:149795490:C:T,0.992863,47752,chr6:149843242-149843242,NUP43/PCMT1
6,149843242,6:149843242:G:A,6,149795662,6:149795662:C:T,0.958229,47580,chr6:149843242-149843242,NUP43/PCMT1
6,149843242,6:149843242:G:A,6,149796825,6:149796825:G:T,0.943921,46417,chr6:149843242-149843242,NUP43/PCMT1
6,149843242,6:149843242:G:A,6,149797517,6:149797517:T:TA,0.958229,45725,chr6:149843242-149843242,NUP43/PCMT1
6,149843242,6:149843242:G:A,6,149798164,6:149798164:GTC:G,0.958229,45078,chr6:149843242-149843242,NUP43/PCMT1
6,149843242,6:149843242:G:A,6,149798205,6:149798205:T:TA,0.958229,45037,chr6:149843242-149843242,NUP43/PCMT1
6,149843242,6:149843242:G:A,6,149798774,6:149798774:A:T,0.958229,44468,chr6:149843242-149843242,NUP43/PCMT1
6,149843242,6:149843242:G:A,6,149798900,6:149798900:T:C,0.958229,44342,chr6:149843242-149843242,NUP43/PCMT1
6,149843242,6:149843242:G:A,6,149799444,6:149799444:A:C,0.958229,43798,chr6:149843242-149843242,NUP43/PCMT1
6,149843242,6:149843242:G:A,6,149800557,6:149800557:C:T,0.937138,42685,chr6:149843242-149843242,NUP43/PCMT1
6,149843242,6:149843242:G:A,6,149801253,6:149801253:C:G,0.958229,41989,chr6:149843242-149843242,NUP43/PCMT1
6,149843242,6:149843242:G:A,6,149801509,6:149801509:G:A,0.958229,41733,chr6:149843242-149843242,NUP43/PCMT1
6,149843242,6:149843242:G:A,6,149802180,6:149802180:CT:C,0.958229,41062,chr6:149843242-149843242,NUP43/PCMT1
6,149843242,6:149843242:G:A,6,149802614,6:149802614:TG:T,0.958229,40628,chr6:149843242-149843242,NUP43/PCMT1
6,149843242,6:149843242:G:A,6,149802619,6:149802619:G:GT,0.958229,40623,chr6:149843242-149843242,NUP43/PCMT1
6,149843242,6:149843242:G:A,6,149802627,6:149802627:G:T,0.958229,40615,chr6:149843242-149843242,NUP43/PCMT1
6,149843242,6:149843242:G:A,6,149802628,6:149802628:T:G,0.958229,40614,chr6:149843242-149843242,NUP43/PCMT1
6,149843242,6:149843242:G:A,6,149802883,6:149802883:G:A,0.958229,40359,chr6:149843242-149843242,NUP43/PCMT1
6,149843242,6:149843242:G:A,6,149803077,6:149803077:A:C,0.908474,40165,chr6:149843242-149843242,NUP43/PCMT1
6,149843242,6:149843242:G:A,6,149803147,6:149803147:G:A,0.958229,40095,chr6:149843242-149843242,NUP43/PCMT1
6,149843242,6:149843242:G:A,6,149803509,6:149803509:T:TTTCTC,0.908575,39733,chr6:149843242-149843242,NUP43/PCMT1
6,149843242,6:149843242:G:A,6,149803797,6:149803797:GA:G,0.936411,39445,chr6:149843242-149843242,NUP43/PCMT1
6,149843242,6:149843242:G:A,6,149804080,6:149804080:C:CA,0.807465,39162,chr6:149843242-149843242,NUP43/PCMT1
6,149843242,6:149843242:G:A,6,149805967,6:149805967:C:T,0.945523,37275,chr6:149843242-149843242,NUP43/PCMT1
6,149843242,6:149843242:G:A,6,149806304,6:149806304:G:A,0.958229,36938,chr6:149843242-149843242,NUP43/PCMT1
6,149843242,6:149843242:G:A,6,149807037,6:149807037:C:A,0.965063,36205,chr6:149843242-149843242,NUP43/PCMT1
6,149843242,6:149843242:G:A,6,149808187,6:149808187:A:G,0.965063,35055,chr6:149843242-149843242,NUP43/PCMT1
6,149843242,6:149843242:G:A,6,149808470,6:149808470:T:C,0.965063,34772,chr6:149843242-149843242,NUP43/PCMT1
6,149843242,6:149843242:G:A,6,149809506,6:149809506:C:T,0.965063,33736,chr6:149843242-149843242,NUP43/PCMT1
6,149843242,6:149843242:G:A,6,149809537,6:149809537:G:A,0.965063,33705,chr6:149843242-149843242,NUP43/PCMT1
6,149843242,6:149843242:G:A,6,149809701,6:149809701:A:G,0.965063,33541,chr6:149843242-149843242,NUP43/PCMT1
6,149843242,6:149843242:G:A,6,149810072,6:149810072:T:C,0.965063,33170,chr6:149843242-149843242,NUP43/PCMT1
6,149843242,6:149843242:G:A,6,149810956,6:149810956:A:G,0.965063,32286,chr6:149843242-149843242,NUP43/PCMT1
6,149843242,6:149843242:G:A,6,149811183,6:149811183:A:T,0.965063,32059,chr6:149843242-149843242,NUP43/PCMT1
6,149843242,6:149843242:G:A,6,149812052,6:149812052:C:T,0.965063,31190,chr6:149843242-149843242,NUP43/PCMT1
6,149843242,6:149843242:G:A,6,149812465,6:149812465:G:A,0.965063,30777,chr6:149843242-149843242,NUP43/PCMT1
6,149843242,6:149843242:G:A,6,149812818,6:149812818:C:A,0.965063,30424,chr6:149843242-149843242,NUP43/PCMT1
6,149843242,6:149843242:G:A,6,149812859,6:149812859:A:G,0.965063,30383,chr6:149843242-149843242,NUP43/PCMT1
6,149843242,6:149843242:G:A,6,149813260,6:149813260:ATGTGTGTGT:A,0.965063,29982,chr6:149843242-149843242,NUP43/PCMT1
6,149843242,6:149843242:G:A,6,149813857,6:149813857:G:A,0.965063,29385,chr6:149843242-149843242,NUP43/PCMT1
6,149843242,6:149843242:G:A,6,149814388,6:149814388:C:T,0.965063,28854,chr6:149843242-149843242,NUP43/PCMT1
6,149843242,6:149843242:G:A,6,149814464,6:149814464:A:G,0.965063,28778,chr6:149843242-149843242,NUP43/PCMT1
6,149843242,6:149843242:G:A,6,149816095,6:149816095:A:G,1.0,27147,chr6:149843242-149843242,NUP43/PCMT1
6,149843242,6:149843242:G:A,6,149816620,6:149816620:C:T,0.938045,26622,chr6:149843242-149843242,NUP43/PCMT1
6,149843242,6:149843242:G:A,6,149817267,6:149817267:A:G,1.0,25975,chr6:149843242-149843242,NUP43/PCMT1
6,149843242,6:149843242:G:A,6,149817526,6:149817526:A:T,0.992886,25716,chr6:149843242-149843242,NUP43/PCMT1
6,149843242,6:149843242:G:A,6,149817598,6:149817598:A:G,0.965063,25644,chr6:149843242-149843242,NUP43/PCMT1
6,149843242,6:149843242:G:A,6,149817967,6:149817967:T:TA,0.965063,25275,chr6:149843242-149843242,NUP43/PCMT1
6,149843242,6:149843242:G:A,6,149818093,6:149818093:T:C,0.965063,25149,chr6:149843242-149843242,NUP43/PCMT1
6,149843242,6:149843242:G:A,6,149819674,6:149819674:C:T,0.965063,23568,chr6:149843242-149843242,NUP43/PCMT1
6,149843242,6:149843242:G:A,6,149819770,6:149819770:G:T,0.965063,23472,chr6:149843242-149843242,NUP43/PCMT1
6,149843242,6:149843242:G:A,6,149820395,6:149820395:A:C,0.965063,22847,chr6:149843242-149843242,NUP43/PCMT1
6,149843242,6:149843242:G:A,6,149820396,6:149820396:C:CT,0.965063,22846,chr6:149843242-149843242,NUP43/PCMT1
6,149843242,6:149843242:G:A,6,149821815,6:149821815:A:G,0.952204,21427,chr6:149843242-149843242,NUP43/PCMT1
6,149843242,6:149843242:G:A,6,149821978,6:149821978:C:T,0.952204,21264,chr6:149843242-149843242,NUP43/PCMT1
6,149843242,6:149843242:G:A,6,149822501,6:149822501:TAAAAAAAAA:T,0.952204,20741,chr6:149843242-149843242,NUP43/PCMT1
6,149843242,6:149843242:G:A,6,149822743,6:149822743:T:A,0.952204,20499,chr6:149843242-149843242,NUP43/PCMT1
6,149843242,6:149843242:G:A,6,149823074,6:149823074:CA:C,0.958936,20168,chr6:149843242-149843242,NUP43/PCMT1
6,149843242,6:149843242:G:A,6,149823865,6:149823865:C:T,0.9503,19377,chr6:149843242-149843242,NUP43/PCMT1
6,149843242,6:149843242:G:A,6,149825080,6:149825080:G:T,0.952204,18162,chr6:149843242-149843242,NUP43/PCMT1
6,149843242,6:149843242:G:A,6,149825485,6:149825485:C:G,0.952204,17757,chr6:149843242-149843242,NUP43/PCMT1
6,149843242,6:149843242:G:A,6,149825657,6:149825657:ATT:A,0.937563,17585,chr6:149843242-149843242,NUP43/PCMT1
6,149843242,6:149843242:G:A,6,149826604,6:149826604:C:CG,0.952204,16638,chr6:149843242-149843242,NUP43/PCMT1
6,149843242,6:149843242:G:A,6,149826974,6:149826974:C:CT,0.952204,16268,chr6:149843242-149843242,NUP43/PCMT1
6,149843242,6:149843242:G:A,6,149828494,6:149828494:C:CT,0.952204,14748,chr6:149843242-149843242,NUP43/PCMT1
6,149843242,6:149843242:G:A,6,149829332,6:149829332:A:G,0.952204,13910,chr6:149843242-149843242,NUP43/PCMT1
6,149843242,6:149843242:G:A,6,149831357,6:149831357:T:C,0.952204,11885,chr6:149843242-149843242,NUP43/PCMT1
6,149843242,6:149843242:G:A,6,149831720,6:149831720:G:A,0.952204,11522,chr6:149843242-149843242,NUP43/PCMT1
6,149843242,6:149843242:G:A,6,149831772,6:149831772:A:G,0.952204,11470,chr6:149843242-149843242,NUP43/PCMT1
6,149843242,6:149843242:G:A,6,149832090,6:149832090:T:C,0.964902,11152,chr6:149843242-149843242,NUP43/PCMT1
6,149843242,6:149843242:G:A,6,149832765,6:149832765:T:C,0.952204,10477,chr6:149843242-149843242,NUP43/PCMT1
6,149843242,6:149843242:G:A,6,149833364,6:149833364:C:T,1.0,9878,chr6:149843242-149843242,NUP43/PCMT1
6,149843242,6:149843242:G:A,6,149834111,6:149834111:C:T,0.952204,9131,chr6:149843242-149843242,NUP43/PCMT1
6,149843242,6:149843242:G:A,6,149834324,6:149834324:A:G,0.952204,8918,chr6:149843242-149843242,NUP43/PCMT1
6,149843242,6:149843242:G:A,6,149835068,6:149835068:G:A,1.0,8174,chr6:149843242-149843242,NUP43/PCMT1
6,149843242,6:149843242:G:A,6,149835865,6:149835865:A:G,0.952204,7377,chr6:149843242-149843242,NUP43/PCMT1
6,149843242,6:149843242:G:A,6,149836834,6:149836834:G:GAAAA,1.0,6408,chr6:149843242-149843242,NUP43/PCMT1
6,149843242,6:149843242:G:A,6,149837058,6:149837058:G:T,1.0,6184,chr6:149843242-149843242,NUP43/PCMT1
6,149843242,6:149843242:G:A,6,149838917,6:149838917:G:A,1.0,4325,chr6:149843242-149843242,NUP43/PCMT1
6,149843242,6:149843242:G:A,6,149839298,6:149839298:A:G,1.0,3944,chr6:149843242-149843242,NUP43/PCMT1
6,149843242,6:149843242:G:A,6,149839815,6:149839815:C:T,1.0,3427,chr6:149843242-149843242,NUP43/PCMT1
6,149843242,6:149843242:G:A,6,149839978,6:149839978:G:A,1.0,3264,chr6:149843242-149843242,NUP43/PCMT1
6,149843242,6:149843242:G:A,6,149840735,6:149840735:C:T,0.930826,2507,chr6:149843242-149843242,NUP43/PCMT1
6,149843242,6:149843242:G:A,6,149842179,6:149842179:CTTA:C,1.0,1063,chr6:149843242-149843242,NUP43/PCMT1
6,149843242,6:149843242:G:A,6,149842775,6:149842775:T:C,1.0,467,chr6:149843242-149843242,NUP43/PCMT1
6,149843242,6:149843242:G:A,6,149843242,6:149843242:G:A,1.0,0,chr6:149843242-149843242,NUP43/PCMT1
6,149843242,6:149843242:G:A,6,149844905,6:149844905:T:A,0.868114,1663,chr6:149843242-149843242,NUP43/PCMT1
6,149843242,6:149843242:G:A,6,149845433,6:149845433:A:G,0.901332,2191,chr6:149843242-149843242,NUP43/PCMT1
6,149843242,6:149843242:G:A,6,149845758,6:149845758:TCAGGTCTTA:T,0.854684,2516,chr6:149843242-149843242,NUP43/PCMT1
6,149843242,6:149843242:G:A,6,149845972,6:149845972:G:A,0.901332,2730,chr6:149843242-149843242,NUP43/PCMT1
6,149843242,6:149843242:G:A,6,149846262,6:149846262:C:T,0.901332,3020,chr6:149843242-149843242,NUP43/PCMT1
6,149843242,6:149843242:G:A,6,149846735,6:149846735:T:C,0.861373,3493,chr6:149843242-149843242,NUP43/PCMT1
6,149843242,6:149843242:G:A,6,149848184,6:149848184:AAAAAC:A,0.901332,4942,chr6:149843242-149843242,NUP43/PCMT1
6,149843242,6:149843242:G:A,6,149848402,6:149848402:C:T,0.888599,5160,chr6:149843242-149843242,NUP43/PCMT1
6,149843242,6:149843242:G:A,6,149848433,6:149848433:C:T,0.861373,5191,chr6:149843242-149843242,NUP43/PCMT1
6,149843242,6:149843242:G:A,6,149848768,6:149848768:C:A,0.887025,5526,chr6:149843242-149843242,NUP43/PCMT1
6,149843242,6:149843242:G:A,6,149848796,6:149848796:C:T,0.89427,5554,chr6:149843242-149843242,NUP43/PCMT1
6,149843242,6:149843242:G:A,6,149848985,6:149848985:A:G,0.89427,5743,chr6:149843242-149843242,NUP43/PCMT1
6,149843242,6:149843242:G:A,6,149849308,6:149849308:T:C,0.89427,6066,chr6:149843242-149843242,NUP43/PCMT1
6,149843242,6:149843242:G:A,6,149849744,6:149849744:A:G,0.89427,6502,chr6:149843242-149843242,NUP43/PCMT1
6,149843242,6:149843242:G:A,6,149851787,6:149851787:C:T,0.89427,8545,chr6:149843242-149843242,NUP43/PCMT1
6,149843242,6:149843242:G:A,6,149851969,6:149851969:T:C,0.89427,8727,chr6:149843242-149843242,NUP43/PCMT1
6,149843242,6:149843242:G:A,6,149852043,6:149852043:A:G,0.89427,8801,chr6:149843242-149843242,NUP43/PCMT1
6,149843242,6:149843242:G:A,6,149852823,6:149852823:ACT:A,0.901332,9581,chr6:149843242-149843242,NUP43/PCMT1
6,149843242,6:149843242:G:A,6,149855697,6:149855697:CT:C,0.866742,12455,chr6:149843242-149843242,NUP43/PCMT1
6,149843242,6:149843242:G:A,6,149855996,6:149855996:C:T,0.861373,12754,chr6:149843242-149843242,NUP43/PCMT1
6,149843242,6:149843242:G:A,6,149858087,6:149858087:A:G,0.901332,14845,chr6:149843242-149843242,NUP43/PCMT1
6,149843242,6:149843242:G:A,6,149858423,6:149858423:A:G,0.901332,15181,chr6:149843242-149843242,NUP43/PCMT1
6,149843242,6:149843242:G:A,6,149858873,6:149858873:G:C,0.861373,15631,chr6:149843242-149843242,NUP43/PCMT1
6,149843242,6:149843242:G:A,6,149859123,6:149859123:T:C,0.901332,15881,chr6:149843242-149843242,NUP43/PCMT1
7,128798230,7:128798230:C:T,7,128798230,7:128798230:C:T,1.0,0,chr7:128798230-128798230,CCDC136/FLNC
7,128798230,7:128798230:C:T,7,128800587,7:128800587:T:G,0.913996,2357,chr7:128798230-128798230,CCDC136/FLNC
7,128798230,7:128798230:C:T,7,128803250,7:128803250:T:C,0.913996,5020,chr7:128798230-128798230,CCDC136/FLNC
7,128798230,7:128798230:C:T,7,128813797,7:128813797:T:A,0.985915,15567,chr7:128798230-128798230,CCDC136/FLNC
7,128798230,7:128798230:C:T,7,128815862,7:128815862:G:A,0.985915,17632,chr7:128798230-128798230,CCDC136/FLNC
7,128798230,7:128798230:C:T,7,128828479,7:128828479:A:G,0.902427,30249,chr7:128798230-128798230,CCDC136/FLNC
7,128798230,7:128798230:C:T,7,128831106,7:128831106:C:CT,0.985915,32876,chr7:128798230-128798230,CCDC136/FLNC
8,8310872,8:8310872:G:A,8,8310872,8:8310872:G:A,1.0,0,chr8:8310872-8310872,ERI1
8,8310872,8:8310872:G:A,8,8312614,8:8312614:A:C,0.895082,1742,chr8:8310872-8310872,ERI1
8,8310872,8:8310872:G:A,8,8312807,8:8312807:T:A,0.882394,1935,chr8:8310872-8310872,ERI1
8,8310872,8:8310872:G:A,8,8313734,8:8313734:T:TTTATTA,0.871393,2862,chr8:8310872-8310872,ERI1
8,8310872,8:8310872:G:A,8,8314210,8:8314210:G:A,0.875208,3338,chr8:8310872-8310872,ERI1
8,8310872,8:8310872:G:A,8,8323321,8:8323321:C:CT,0.884762,12449,chr8:8310872-8310872,ERI1
8,8310872,8:8310872:G:A,8,8349237,8:8349237:A:G,0.833978,38365,chr8:8310872-8310872,ERI1
8,11925609,8:11925609:C:T,8,11919395,8:11919395:C:T,0.831223,6214,chr8:11925609-11925609,FAM167A/FDFT1
8,11925609,8:11925609:C:T,8,11919897,8:11919897:C:T,0.993476,5712,chr8:11925609-11925609,FAM167A/FDFT1
8,11925609,8:11925609:C:T,8,11920340,8:11920340:C:T,0.831223,5269,chr8:11925609-11925609,FAM167A/FDFT1
8,11925609,8:11925609:C:T,8,11920375,8:11920375:A:C,0.831223,5234,chr8:11925609-11925609,FAM167A/FDFT1
8,11925609,8:11925609:C:T,8,11920392,8:11920392:T:C,0.831223,5217,chr8:11925609-11925609,FAM167A/FDFT1
8,11925609,8:11925609:C:T,8,11920468,8:11920468:C:G,0.831223,5141,chr8:11925609-11925609,FAM167A/FDFT1
8,11925609,8:11925609:C:T,8,11920786,8:11920786:AG:A,0.986946,4823,chr8:11925609-11925609,FAM167A/FDFT1
8,11925609,8:11925609:C:T,8,11921485,8:11921485:C:T,0.831223,4124,chr8:11925609-11925609,FAM167A/FDFT1
8,11925609,8:11925609:C:T,8,11922649,8:11922649:A:G,0.831223,2960,chr8:11925609-11925609,FAM167A/FDFT1
8,11925609,8:11925609:C:T,8,11922671,8:11922671:A:G,0.993476,2938,chr8:11925609-11925609,FAM167A/FDFT1
8,11925609,8:11925609:C:T,8,11923084,8:11923084:G:A,1.0,2525,chr8:11925609-11925609,FAM167A/FDFT1
8,11925609,8:11925609:C:T,8,11923146,8:11923146:T:A,0.838868,2463,chr8:11925609-11925609,FAM167A/FDFT1
8,11925609,8:11925609:C:T,8,11923378,8:11923378:A:G,1.0,2231,chr8:11925609-11925609,FAM167A/FDFT1
8,11925609,8:11925609:C:T,8,11923435,8:11923435:G:C,0.993475,2174,chr8:11925609-11925609,FAM167A/FDFT1
8,11925609,8:11925609:C:T,8,11923543,8:11923543:G:C,1.0,2066,chr8:11925609-11925609,FAM167A/FDFT1
8,11925609,8:11925609:C:T,8,11923714,8:11923714:C:T,0.833608,1895,chr8:11925609-11925609,FAM167A/FDFT1
8,11925609,8:11925609:C:T,8,11923955,8:11923955:T:C,1.0,1654,chr8:11925609-11925609,FAM167A/FDFT1
8,11925609,8:11925609:C:T,8,11924026,8:11924026:G:T,1.0,1583,chr8:11925609-11925609,FAM167A/FDFT1
8,11925609,8:11925609:C:T,8,11924031,8:11924031:A:C,0.838868,1578,chr8:11925609-11925609,FAM167A/FDFT1
8,11925609,8:11925609:C:T,8,11924058,8:11924058:T:C,0.838868,1551,chr8:11925609-11925609,FAM167A/FDFT1
8,11925609,8:11925609:C:T,8,11924159,8:11924159:C:T,1.0,1450,chr8:11925609-11925609,FAM167A/FDFT1
8,11925609,8:11925609:C:T,8,11924183,8:11924183:C:A,1.0,1426,chr8:11925609-11925609,FAM167A/FDFT1
8,11925609,8:11925609:C:T,8,11924185,8:11924185:T:C,1.0,1424,chr8:11925609-11925609,FAM167A/FDFT1
8,11925609,8:11925609:C:T,8,11924371,8:11924371:T:C,1.0,1238,chr8:11925609-11925609,FAM167A/FDFT1
8,11925609,8:11925609:C:T,8,11924479,8:11924479:G:A,1.0,1130,chr8:11925609-11925609,FAM167A/FDFT1
8,11925609,8:11925609:C:T,8,11924488,8:11924488:C:A,0.838868,1121,chr8:11925609-11925609,FAM167A/FDFT1
8,11925609,8:11925609:C:T,8,11924518,8:11924518:G:C,1.0,1091,chr8:11925609-11925609,FAM167A/FDFT1
8,11925609,8:11925609:C:T,8,11924554,8:11924554:G:A,1.0,1055,chr8:11925609-11925609,FAM167A/FDFT1
8,11925609,8:11925609:C:T,8,11924705,8:11924705:G:A,1.0,904,chr8:11925609-11925609,FAM167A/FDFT1
8,11925609,8:11925609:C:T,8,11924736,8:11924736:GT:G,1.0,873,chr8:11925609-11925609,FAM167A/FDFT1
8,11925609,8:11925609:C:T,8,11924747,8:11924747:CTT:C,0.993476,862,chr8:11925609-11925609,FAM167A/FDFT1
8,11925609,8:11925609:C:T,8,11924802,8:11924802:G:A,0.974595,807,chr8:11925609-11925609,FAM167A/FDFT1
8,11925609,8:11925609:C:T,8,11924817,8:11924817:T:C,0.974595,792,chr8:11925609-11925609,FAM167A/FDFT1
8,11925609,8:11925609:C:T,8,11924840,8:11924840:G:T,0.968272,769,chr8:11925609-11925609,FAM167A/FDFT1
8,11925609,8:11925609:C:T,8,11924850,8:11924850:C:T,0.962105,759,chr8:11925609-11925609,FAM167A/FDFT1
8,11925609,8:11925609:C:T,8,11924908,8:11924908:A:C,0.817359,701,chr8:11925609-11925609,FAM167A/FDFT1
8,11925609,8:11925609:C:T,8,11924924,8:11924924:A:G,0.956295,685,chr8:11925609-11925609,FAM167A/FDFT1
8,11925609,8:11925609:C:T,8,11924987,8:11924987:T:C,0.800839,622,chr8:11925609-11925609,FAM167A/FDFT1
8,11925609,8:11925609:C:T,8,11925025,8:11925025:C:A,0.962192,584,chr8:11925609-11925609,FAM167A/FDFT1
8,11925609,8:11925609:C:T,8,11925061,8:11925061:A:C,0.962459,548,chr8:11925609-11925609,FAM167A/FDFT1
8,11925609,8:11925609:C:T,8,11925100,8:11925100:T:A,1.0,509,chr8:11925609-11925609,FAM167A/FDFT1
8,11925609,8:11925609:C:T,8,11925250,8:11925250:G:A,1.0,359,chr8:11925609-11925609,FAM167A/FDFT1
8,11925609,8:11925609:C:T,8,11925306,8:11925306:T:C,1.0,303,chr8:11925609-11925609,FAM167A/FDFT1
8,11925609,8:11925609:C:T,8,11925377,8:11925377:C:T,1.0,232,chr8:11925609-11925609,FAM167A/FDFT1
8,11925609,8:11925609:C:T,8,11925410,8:11925410:A:T,1.0,199,chr8:11925609-11925609,FAM167A/FDFT1
8,11925609,8:11925609:C:T,8,11925527,8:11925527:T:C,0.838868,82,chr8:11925609-11925609,FAM167A/FDFT1
8,11925609,8:11925609:C:T,8,11925564,8:11925564:C:T,0.838868,45,chr8:11925609-11925609,FAM167A/FDFT1
8,11925609,8:11925609:C:T,8,11925609,8:11925609:C:T,1.0,0,chr8:11925609-11925609,FAM167A/FDFT1
8,11925609,8:11925609:C:T,8,11925725,8:11925725:A:G,1.0,116,chr8:11925609-11925609,FAM167A/FDFT1
8,11925609,8:11925609:C:T,8,11926015,8:11926015:A:G,1.0,406,chr8:11925609-11925609,FAM167A/FDFT1
8,11925609,8:11925609:C:T,8,11926076,8:11926076:C:A,1.0,467,chr8:11925609-11925609,FAM167A/FDFT1
8,11925609,8:11925609:C:T,8,11926105,8:11926105:C:T,1.0,496,chr8:11925609-11925609,FAM167A/FDFT1
8,11925609,8:11925609:C:T,8,11926106,8:11926106:A:G,1.0,497,chr8:11925609-11925609,FAM167A/FDFT1
8,11925609,8:11925609:C:T,8,11926109,8:11926109:T:C,1.0,500,chr8:11925609-11925609,FAM167A/FDFT1
8,11925609,8:11925609:C:T,8,11926181,8:11926181:C:T,1.0,572,chr8:11925609-11925609,FAM167A/FDFT1
8,11925609,8:11925609:C:T,8,11926319,8:11926319:G:A,0.838868,710,chr8:11925609-11925609,FAM167A/FDFT1
8,11925609,8:11925609:C:T,8,11926536,8:11926536:T:C,1.0,927,chr8:11925609-11925609,FAM167A/FDFT1
8,11925609,8:11925609:C:T,8,11926725,8:11926725:C:T,1.0,1116,chr8:11925609-11925609,FAM167A/FDFT1
8,11925609,8:11925609:C:T,8,11926731,8:11926731:C:T,1.0,1122,chr8:11925609-11925609,FAM167A/FDFT1
8,11925609,8:11925609:C:T,8,11926817,8:11926817:T:C,1.0,1208,chr8:11925609-11925609,FAM167A/FDFT1
8,11925609,8:11925609:C:T,8,11926818,8:11926818:G:A,0.838868,1209,chr8:11925609-11925609,FAM167A/FDFT1
8,11925609,8:11925609:C:T,8,11926837,8:11926837:ATTGT:A,0.838868,1228,chr8:11925609-11925609,FAM167A/FDFT1
8,11925609,8:11925609:C:T,8,11926894,8:11926894:A:T,1.0,1285,chr8:11925609-11925609,FAM167A/FDFT1
8,11925609,8:11925609:C:T,8,11927020,8:11927020:G:T,0.838868,1411,chr8:11925609-11925609,FAM167A/FDFT1
8,11925609,8:11925609:C:T,8,11927032,8:11927032:C:T,1.0,1423,chr8:11925609-11925609,FAM167A/FDFT1
8,11925609,8:11925609:C:T,8,11927352,8:11927352:T:C,1.0,1743,chr8:11925609-11925609,FAM167A/FDFT1
8,11925609,8:11925609:C:T,8,11927416,8:11927416:A:C,1.0,1807,chr8:11925609-11925609,FAM167A/FDFT1
8,11925609,8:11925609:C:T,8,11927447,8:11927447:A:G,1.0,1838,chr8:11925609-11925609,FAM167A/FDFT1
8,11925609,8:11925609:C:T,8,11927476,8:11927476:A:T,0.838868,1867,chr8:11925609-11925609,FAM167A/FDFT1
8,11925609,8:11925609:C:T,8,11927480,8:11927480:T:A,1.0,1871,chr8:11925609-11925609,FAM167A/FDFT1
8,11925609,8:11925609:C:T,8,11927482,8:11927482:A:T,1.0,1873,chr8:11925609-11925609,FAM167A/FDFT1
8,11925609,8:11925609:C:T,8,11927571,8:11927571:T:C,0.993533,1962,chr8:11925609-11925609,FAM167A/FDFT1
8,11925609,8:11925609:C:T,8,11927572,8:11927572:A:G,0.993533,1963,chr8:11925609-11925609,FAM167A/FDFT1
8,11925609,8:11925609:C:T,8,11927663,8:11927664:G:GA,0.807846,2054,chr8:11925609-11925609,FAM167A/FDFT1
8,11925609,8:11925609:C:T,8,11927663,8:11927665:GA:G,0.986999,2054,chr8:11925609-11925609,FAM167A/FDFT1
8,11925609,8:11925609:C:T,8,11927982,8:11927982:T:A,0.838868,2373,chr8:11925609-11925609,FAM167A/FDFT1
8,11925609,8:11925609:C:T,8,11928040,8:11928040:C:A,1.0,2431,chr8:11925609-11925609,FAM167A/FDFT1
8,11925609,8:11925609:C:T,8,11928146,8:11928146:G:A,1.0,2537,chr8:11925609-11925609,FAM167A/FDFT1
8,11925609,8:11925609:C:T,8,11928620,8:11928620:A:G,0.838868,3011,chr8:11925609-11925609,FAM167A/FDFT1
8,11925609,8:11925609:C:T,8,11928746,8:11928746:G:A,0.838868,3137,chr8:11925609-11925609,FAM167A/FDFT1
8,11925609,8:11925609:C:T,8,11929272,8:11929272:G:A,0.838868,3663,chr8:11925609-11925609,FAM167A/FDFT1
8,11925609,8:11925609:C:T,8,11929368,8:11929368:GC:G,0.838868,3759,chr8:11925609-11925609,FAM167A/FDFT1
8,11925609,8:11925609:C:T,8,11929384,8:11929384:A:G,0.838868,3775,chr8:11925609-11925609,FAM167A/FDFT1
8,11925609,8:11925609:C:T,8,11929393,8:11929393:A:G,0.838868,3784,chr8:11925609-11925609,FAM167A/FDFT1
8,11925609,8:11925609:C:T,8,11929416,8:11929416:C:T,0.838868,3807,chr8:11925609-11925609,FAM167A/FDFT1
8,11925609,8:11925609:C:T,8,11929423,8:11929423:C:A,0.838868,3814,chr8:11925609-11925609,FAM167A/FDFT1
8,11925609,8:11925609:C:T,8,11929501,8:11929501:A:G,0.993533,3892,chr8:11925609-11925609,FAM167A/FDFT1
8,11925609,8:11925609:C:T,8,11929694,8:11929694:C:T,1.0,4085,chr8:11925609-11925609,FAM167A/FDFT1
8,11925609,8:11925609:C:T,8,11929710,8:11929710:T:C,0.838868,4101,chr8:11925609-11925609,FAM167A/FDFT1
8,11925609,8:11925609:C:T,8,11929878,8:11929878:A:C,0.838868,4269,chr8:11925609-11925609,FAM167A/FDFT1
8,11925609,8:11925609:C:T,8,11929886,8:11929886:T:G,0.838868,4277,chr8:11925609-11925609,FAM167A/FDFT1
8,11925609,8:11925609:C:T,8,11929996,8:11929996:A:G,0.838868,4387,chr8:11925609-11925609,FAM167A/FDFT1
8,11925609,8:11925609:C:T,8,11930054,8:11930054:C:T,0.838868,4445,chr8:11925609-11925609,FAM167A/FDFT1
8,11925609,8:11925609:C:T,8,11930063,8:11930063:C:T,0.838868,4454,chr8:11925609-11925609,FAM167A/FDFT1
8,11925609,8:11925609:C:T,8,11930198,8:11930198:T:G,0.838868,4589,chr8:11925609-11925609,FAM167A/FDFT1
8,11925609,8:11925609:C:T,8,11930338,8:11930338:C:CG,0.838868,4729,chr8:11925609-11925609,FAM167A/FDFT1
8,11925609,8:11925609:C:T,8,11930798,8:11930798:C:T,0.838868,5189,chr8:11925609-11925609,FAM167A/FDFT1
8,11925609,8:11925609:C:T,8,11930986,8:11930986:C:T,0.838868,5377,chr8:11925609-11925609,FAM167A/FDFT1
8,11925609,8:11925609:C:T,8,11931039,8:11931039:G:T,0.838868,5430,chr8:11925609-11925609,FAM167A/FDFT1
8,11925609,8:11925609:C:T,8,11931046,8:11931046:AT:A,0.838868,5437,chr8:11925609-11925609,FAM167A/FDFT1
8,11925609,8:11925609:C:T,8,11931154,8:11931154:G:A,0.838868,5545,chr8:11925609-11925609,FAM167A/FDFT1
8,11925609,8:11925609:C:T,8,11931185,8:11931185:T:C,0.838868,5576,chr8:11925609-11925609,FAM167A/FDFT1
8,11925609,8:11925609:C:T,8,11931516,8:11931516:C:A,0.831223,5907,chr8:11925609-11925609,FAM167A/FDFT1
8,11925609,8:11925609:C:T,8,11931518,8:11931518:C:A,0.838868,5909,chr8:11925609-11925609,FAM167A/FDFT1
8,11925609,8:11925609:C:T,8,11931528,8:11931528:G:A,0.838868,5919,chr8:11925609-11925609,FAM167A/FDFT1
8,11925609,8:11925609:C:T,8,11931773,8:11931773:A:G,0.838868,6164,chr8:11925609-11925609,FAM167A/FDFT1
8,11925609,8:11925609:C:T,8,11931788,8:11931788:A:G,0.838868,6179,chr8:11925609-11925609,FAM167A/FDFT1
8,11925609,8:11925609:C:T,8,11932012,8:11932012:T:A,0.833608,6403,chr8:11925609-11925609,FAM167A/FDFT1
8,11925609,8:11925609:C:T,8,11932045,8:11932045:C:G,0.833608,6436,chr8:11925609-11925609,FAM167A/FDFT1
8,11925609,8:11925609:C:T,8,11932155,8:11932155:A:G,0.833608,6546,chr8:11925609-11925609,FAM167A/FDFT1
8,11925609,8:11925609:C:T,8,11932174,8:11932174:C:G,0.833608,6565,chr8:11925609-11925609,FAM167A/FDFT1
8,11925609,8:11925609:C:T,8,11932240,8:11932240:C:A,0.833608,6631,chr8:11925609-11925609,FAM167A/FDFT1
8,11925609,8:11925609:C:T,8,11932259,8:11932259:C:A,0.833608,6650,chr8:11925609-11925609,FAM167A/FDFT1
8,11925609,8:11925609:C:T,8,11932260,8:11932260:A:G,0.833608,6651,chr8:11925609-11925609,FAM167A/FDFT1
8,11925609,8:11925609:C:T,8,11932349,8:11932349:G:C,0.833608,6740,chr8:11925609-11925609,FAM167A/FDFT1
8,11925609,8:11925609:C:T,8,11932354,8:11932354:C:T,0.833608,6745,chr8:11925609-11925609,FAM167A/FDFT1
8,11925609,8:11925609:C:T,8,11932385,8:11932385:C:T,0.987071,6776,chr8:11925609-11925609,FAM167A/FDFT1
8,11925609,8:11925609:C:T,8,11932424,8:11932424:C:A,0.833608,6815,chr8:11925609-11925609,FAM167A/FDFT1
8,11925609,8:11925609:C:T,8,11932454,8:11932454:A:G,0.833608,6845,chr8:11925609-11925609,FAM167A/FDFT1
8,11925609,8:11925609:C:T,8,11932559,8:11932559:G:T,0.833608,6950,chr8:11925609-11925609,FAM167A/FDFT1
8,11925609,8:11925609:C:T,8,11932743,8:11932743:A:G,0.833608,7134,chr8:11925609-11925609,FAM167A/FDFT1
8,11925609,8:11925609:C:T,8,11932785,8:11932785:CG:C,0.993475,7176,chr8:11925609-11925609,FAM167A/FDFT1
8,11925609,8:11925609:C:T,8,11932811,8:11932811:G:A,0.833608,7202,chr8:11925609-11925609,FAM167A/FDFT1
8,11925609,8:11925609:C:T,8,11932861,8:11932861:G:A,0.833608,7252,chr8:11925609-11925609,FAM167A/FDFT1
8,11925609,8:11925609:C:T,8,11932902,8:11932902:C:T,0.833608,7293,chr8:11925609-11925609,FAM167A/FDFT1
8,11925609,8:11925609:C:T,8,11932942,8:11932942:T:G,0.833608,7333,chr8:11925609-11925609,FAM167A/FDFT1
8,11925609,8:11925609:C:T,8,11933017,8:11933017:C:G,0.833608,7408,chr8:11925609-11925609,FAM167A/FDFT1
8,11925609,8:11925609:C:T,8,11933018,8:11933018:T:C,0.833608,7409,chr8:11925609-11925609,FAM167A/FDFT1
8,11925609,8:11925609:C:T,8,11933060,8:11933060:G:A,0.829691,7451,chr8:11925609-11925609,FAM167A/FDFT1
8,11925609,8:11925609:C:T,8,11933067,8:11933067:C:A,0.829691,7458,chr8:11925609-11925609,FAM167A/FDFT1
8,11925609,8:11925609:C:T,8,11933072,8:11933072:T:C,0.833608,7463,chr8:11925609-11925609,FAM167A/FDFT1
8,11925609,8:11925609:C:T,8,11933255,8:11933255:A:G,0.833608,7646,chr8:11925609-11925609,FAM167A/FDFT1
8,11925609,8:11925609:C:T,8,11933302,8:11933302:C:A,0.829691,7693,chr8:11925609-11925609,FAM167A/FDFT1
8,11925609,8:11925609:C:T,8,11933306,8:11933306:A:C,0.829691,7697,chr8:11925609-11925609,FAM167A/FDFT1
8,11925609,8:11925609:C:T,8,11933309,8:11933309:A:G,0.829691,7700,chr8:11925609-11925609,FAM167A/FDFT1
8,11925609,8:11925609:C:T,8,11933515,8:11933515:A:G,0.818494,7906,chr8:11925609-11925609,FAM167A/FDFT1
8,11925609,8:11925609:C:T,8,11933707,8:11933707:A:G,0.837622,8098,chr8:11925609-11925609,FAM167A/FDFT1
8,11925609,8:11925609:C:T,8,11933829,8:11933829:C:T,0.837622,8220,chr8:11925609-11925609,FAM167A/FDFT1
8,11925609,8:11925609:C:T,8,11933847,8:11933847:C:T,0.837622,8238,chr8:11925609-11925609,FAM167A/FDFT1
8,11925609,8:11925609:C:T,8,11933874,8:11933874:G:T,0.837622,8265,chr8:11925609-11925609,FAM167A/FDFT1
8,11925609,8:11925609:C:T,8,11933953,8:11933953:G:A,0.837622,8344,chr8:11925609-11925609,FAM167A/FDFT1
8,11925609,8:11925609:C:T,8,11934016,8:11934016:A:G,0.837622,8407,chr8:11925609-11925609,FAM167A/FDFT1
8,11925609,8:11925609:C:T,8,11934048,8:11934048:A:C,0.829969,8439,chr8:11925609-11925609,FAM167A/FDFT1
8,11925609,8:11925609:C:T,8,11934108,8:11934108:G:C,0.832357,8499,chr8:11925609-11925609,FAM167A/FDFT1
8,11925609,8:11925609:C:T,8,11934120,8:11934120:C:T,0.837622,8511,chr8:11925609-11925609,FAM167A/FDFT1
8,11925609,8:11925609:C:T,8,11934144,8:11934144:A:T,0.837622,8535,chr8:11925609-11925609,FAM167A/FDFT1
8,11925609,8:11925609:C:T,8,11934163,8:11934163:C:G,0.837622,8554,chr8:11925609-11925609,FAM167A/FDFT1
8,11925609,8:11925609:C:T,8,11934169,8:11934169:C:T,0.822136,8560,chr8:11925609-11925609,FAM167A/FDFT1
8,11925609,8:11925609:C:T,8,11934453,8:11934453:C:T,0.837622,8844,chr8:11925609-11925609,FAM167A/FDFT1
8,11925609,8:11925609:C:T,8,11934539,8:11934539:C:G,0.837622,8930,chr8:11925609-11925609,FAM167A/FDFT1
8,11925609,8:11925609:C:T,8,11934553,8:11934553:C:G,0.837622,8944,chr8:11925609-11925609,FAM167A/FDFT1
8,11925609,8:11925609:C:T,8,11934620,8:11934620:A:G,0.837622,9011,chr8:11925609-11925609,FAM167A/FDFT1
8,11925609,8:11925609:C:T,8,11934790,8:11934790:C:T,0.837622,9181,chr8:11925609-11925609,FAM167A/FDFT1
8,11925609,8:11925609:C:T,8,11934842,8:11934842:C:A,0.837622,9233,chr8:11925609-11925609,FAM167A/FDFT1
8,11925609,8:11925609:C:T,8,11935026,8:11935026:A:G,0.829691,9417,chr8:11925609-11925609,FAM167A/FDFT1
8,11925609,8:11925609:C:T,8,11935192,8:11935192:C:T,0.837622,9583,chr8:11925609-11925609,FAM167A/FDFT1
8,11925609,8:11925609:C:T,8,11935225,8:11935225:T:C,0.837622,9616,chr8:11925609-11925609,FAM167A/FDFT1
8,11925609,8:11925609:C:T,8,11935249,8:11935249:G:T,0.837622,9640,chr8:11925609-11925609,FAM167A/FDFT1
8,11925609,8:11925609:C:T,8,11935307,8:11935307:A:G,0.837622,9698,chr8:11925609-11925609,FAM167A/FDFT1
8,11925609,8:11925609:C:T,8,11935393,8:11935393:C:T,0.993475,9784,chr8:11925609-11925609,FAM167A/FDFT1
8,11925609,8:11925609:C:T,8,11935465,8:11935465:T:C,0.837622,9856,chr8:11925609-11925609,FAM167A/FDFT1
8,11925609,8:11925609:C:T,8,11935469,8:11935469:T:A,0.837622,9860,chr8:11925609-11925609,FAM167A/FDFT1
8,11925609,8:11925609:C:T,8,11935587,8:11935587:C:G,0.837622,9978,chr8:11925609-11925609,FAM167A/FDFT1
8,11925609,8:11925609:C:T,8,11935631,8:11935631:A:G,0.837622,10022,chr8:11925609-11925609,FAM167A/FDFT1
8,11925609,8:11925609:C:T,8,11935669,8:11935669:A:G,0.837622,10060,chr8:11925609-11925609,FAM167A/FDFT1
8,11925609,8:11925609:C:T,8,11935740,8:11935740:A:G,0.837622,10131,chr8:11925609-11925609,FAM167A/FDFT1
8,11925609,8:11925609:C:T,8,11935786,8:11935786:A:G,0.837622,10177,chr8:11925609-11925609,FAM167A/FDFT1
8,11925609,8:11925609:C:T,8,11936020,8:11936020:C:T,0.837622,10411,chr8:11925609-11925609,FAM167A/FDFT1
8,11925609,8:11925609:C:T,8,11936097,8:11936097:G:A,0.837622,10488,chr8:11925609-11925609,FAM167A/FDFT1
8,11925609,8:11925609:C:T,8,11936145,8:11936145:T:G,0.993475,10536,chr8:11925609-11925609,FAM167A/FDFT1
8,11925609,8:11925609:C:T,8,11936171,8:11936171:G:A,0.837622,10562,chr8:11925609-11925609,FAM167A/FDFT1
8,11925609,8:11925609:C:T,8,11936416,8:11936416:G:A,0.837622,10807,chr8:11925609-11925609,FAM167A/FDFT1
8,11925609,8:11925609:C:T,8,11936446,8:11936446:C:T,0.837622,10837,chr8:11925609-11925609,FAM167A/FDFT1
8,11925609,8:11925609:C:T,8,11936540,8:11936540:T:A,0.993475,10931,chr8:11925609-11925609,FAM167A/FDFT1
8,11925609,8:11925609:C:T,8,11936541,8:11936541:A:C,0.993475,10932,chr8:11925609-11925609,FAM167A/FDFT1
8,11925609,8:11925609:C:T,8,11936620,8:11936620:AC:A,0.837622,11011,chr8:11925609-11925609,FAM167A/FDFT1
8,11925609,8:11925609:C:T,8,11936654,8:11936654:A:G,0.837622,11045,chr8:11925609-11925609,FAM167A/FDFT1
8,11925609,8:11925609:C:T,8,11936770,8:11936770:G:T,0.837622,11161,chr8:11925609-11925609,FAM167A/FDFT1
8,11925609,8:11925609:C:T,8,11936935,8:11936935:C:T,0.837622,11326,chr8:11925609-11925609,FAM167A/FDFT1
8,11925609,8:11925609:C:T,8,11936979,8:11936979:T:G,0.837622,11370,chr8:11925609-11925609,FAM167A/FDFT1
8,11925609,8:11925609:C:T,8,11937236,8:11937236:C:A,0.837622,11627,chr8:11925609-11925609,FAM167A/FDFT1
8,11925609,8:11925609:C:T,8,11937305,8:11937305:C:T,0.837622,11696,chr8:11925609-11925609,FAM167A/FDFT1
8,11925609,8:11925609:C:T,8,11937346,8:11937346:C:G,0.837622,11737,chr8:11925609-11925609,FAM167A/FDFT1
8,11925609,8:11925609:C:T,8,11937392,8:11937392:A:G,0.856764,11783,chr8:11925609-11925609,FAM167A/FDFT1
8,11925609,8:11925609:C:T,8,11937453,8:11937453:T:C,0.856764,11844,chr8:11925609-11925609,FAM167A/FDFT1
8,11925609,8:11925609:C:T,8,11937460,8:11937460:A:G,0.856764,11851,chr8:11925609-11925609,FAM167A/FDFT1
8,11925609,8:11925609:C:T,8,11937799,8:11937799:G:A,0.837622,12190,chr8:11925609-11925609,FAM167A/FDFT1
8,11925609,8:11925609:C:T,8,11937826,8:11937826:T:C,0.837622,12217,chr8:11925609-11925609,FAM167A/FDFT1
8,11925609,8:11925609:C:T,8,11937840,8:11937840:C:T,0.993475,12231,chr8:11925609-11925609,FAM167A/FDFT1
8,11925609,8:11925609:C:T,8,11937864,8:11937864:A:G,0.837622,12255,chr8:11925609-11925609,FAM167A/FDFT1
8,11925609,8:11925609:C:T,8,11937923,8:11937923:T:TTAA,0.837622,12314,chr8:11925609-11925609,FAM167A/FDFT1
8,11925609,8:11925609:C:T,8,11937944,8:11937944:T:TA,0.832357,12335,chr8:11925609-11925609,FAM167A/FDFT1
8,11925609,8:11925609:C:T,8,11937946,8:11937946:T:TAC,0.832357,12337,chr8:11925609-11925609,FAM167A/FDFT1
8,11925609,8:11925609:C:T,8,11938039,8:11938039:A:AT,0.837622,12430,chr8:11925609-11925609,FAM167A/FDFT1
8,11925609,8:11925609:C:T,8,11938076,8:11938076:TTAAA:T,0.837622,12467,chr8:11925609-11925609,FAM167A/FDFT1
8,11925609,8:11925609:C:T,8,11938113,8:11938113:TATTG:T,0.837622,12504,chr8:11925609-11925609,FAM167A/FDFT1
8,11925609,8:11925609:C:T,8,11938127,8:11938127:A:G,0.837622,12518,chr8:11925609-11925609,FAM167A/FDFT1
8,11925609,8:11925609:C:T,8,11938130,8:11938130:C:T,0.837622,12521,chr8:11925609-11925609,FAM167A/FDFT1
8,11925609,8:11925609:C:T,8,11938187,8:11938187:A:ATAAT,0.837622,12578,chr8:11925609-11925609,FAM167A/FDFT1
8,11925609,8:11925609:C:T,8,11938514,8:11938514:T:C,0.837622,12905,chr8:11925609-11925609,FAM167A/FDFT1
8,11925609,8:11925609:C:T,8,11938559,8:11938559:A:C,0.837622,12950,chr8:11925609-11925609,FAM167A/FDFT1
8,11925609,8:11925609:C:T,8,11938584,8:11938584:A:T,0.837622,12975,chr8:11925609-11925609,FAM167A/FDFT1
8,11925609,8:11925609:C:T,8,11939165,8:11939165:T:C,0.823614,13556,chr8:11925609-11925609,FAM167A/FDFT1
8,11925609,8:11925609:C:T,8,11939166,8:11939166:G:A,0.823614,13557,chr8:11925609-11925609,FAM167A/FDFT1
8,11925609,8:11925609:C:T,8,11939219,8:11939219:A:C,0.823614,13610,chr8:11925609-11925609,FAM167A/FDFT1
8,11925609,8:11925609:C:T,8,11939559,8:11939559:T:C,0.980406,13950,chr8:11925609-11925609,FAM167A/FDFT1
8,11925609,8:11925609:C:T,8,11939586,8:11939586:G:C,0.823614,13977,chr8:11925609-11925609,FAM167A/FDFT1
8,11925609,8:11925609:C:T,8,11939671,8:11939671:G:A,0.823614,14062,chr8:11925609-11925609,FAM167A/FDFT1
8,11925609,8:11925609:C:T,8,11939912,8:11939912:T:A,0.980406,14303,chr8:11925609-11925609,FAM167A/FDFT1
8,11925609,8:11925609:C:T,8,11939921,8:11939921:A:T,0.973978,14312,chr8:11925609-11925609,FAM167A/FDFT1
8,11925609,8:11925609:C:T,8,11939961,8:11939961:G:A,0.980406,14352,chr8:11925609-11925609,FAM167A/FDFT1
8,11925609,8:11925609:C:T,8,11939976,8:11939976:G:A,0.980406,14367,chr8:11925609-11925609,FAM167A/FDFT1
8,11925609,8:11925609:C:T,8,11940718,8:11940718:G:A,0.823614,15109,chr8:11925609-11925609,FAM167A/FDFT1
8,11925609,8:11925609:C:T,8,11940825,8:11940825:C:T,0.980406,15216,chr8:11925609-11925609,FAM167A/FDFT1
8,11925609,8:11925609:C:T,8,11940924,8:11940924:A:C,0.980406,15315,chr8:11925609-11925609,FAM167A/FDFT1
8,11925609,8:11925609:C:T,8,11941175,8:11941175:T:G,0.980406,15566,chr8:11925609-11925609,FAM167A/FDFT1
8,11925609,8:11925609:C:T,8,11941198,8:11941198:C:G,0.980406,15589,chr8:11925609-11925609,FAM167A/FDFT1
8,11925609,8:11925609:C:T,8,11941287,8:11941287:A:T,0.980406,15678,chr8:11925609-11925609,FAM167A/FDFT1
8,11925609,8:11925609:C:T,8,11941590,8:11941590:G:A,0.823614,15981,chr8:11925609-11925609,FAM167A/FDFT1
8,11925609,8:11925609:C:T,8,11941639,8:11941639:A:G,0.980406,16030,chr8:11925609-11925609,FAM167A/FDFT1
8,11925609,8:11925609:C:T,8,11942522,8:11942522:G:A,0.823614,16913,chr8:11925609-11925609,FAM167A/FDFT1
8,11925609,8:11925609:C:T,8,11942725,8:11942725:A:C,0.823614,17116,chr8:11925609-11925609,FAM167A/FDFT1
8,11925609,8:11925609:C:T,8,11942823,8:11942823:C:T,0.823614,17214,chr8:11925609-11925609,FAM167A/FDFT1
8,11925609,8:11925609:C:T,8,11943309,8:11943309:G:A,0.980406,17700,chr8:11925609-11925609,FAM167A/FDFT1
8,11925609,8:11925609:C:T,8,11944917,8:11944917:C:T,0.993475,19308,chr8:11925609-11925609,FAM167A/FDFT1
8,11925609,8:11925609:C:T,8,11945092,8:11945092:T:C,0.837622,19483,chr8:11925609-11925609,FAM167A/FDFT1
8,11925609,8:11925609:C:T,8,11945466,8:11945466:CA:C,0.837622,19857,chr8:11925609-11925609,FAM167A/FDFT1
8,11925609,8:11925609:C:T,8,11945753,8:11945753:C:G,0.837622,20144,chr8:11925609-11925609,FAM167A/FDFT1
8,11925609,8:11925609:C:T,8,11946880,8:11946880:G:T,0.837622,21271,chr8:11925609-11925609,FAM167A/FDFT1
8,11925609,8:11925609:C:T,8,11946893,8:11946893:G:A,0.993475,21284,chr8:11925609-11925609,FAM167A/FDFT1
8,11925609,8:11925609:C:T,8,11947473,8:11947473:A:G,0.837622,21864,chr8:11925609-11925609,FAM167A/FDFT1
8,11925609,8:11925609:C:T,8,11947664,8:11947664:T:C,0.837622,22055,chr8:11925609-11925609,FAM167A/FDFT1
8,11925609,8:11925609:C:T,8,11947871,8:11947871:T:C,0.837622,22262,chr8:11925609-11925609,FAM167A/FDFT1
8,11925609,8:11925609:C:T,8,11948947,8:11948947:T:C,0.993475,23338,chr8:11925609-11925609,FAM167A/FDFT1
8,11925609,8:11925609:C:T,8,11949712,8:11949712:T:C,0.837622,24103,chr8:11925609-11925609,FAM167A/FDFT1
8,11925609,8:11925609:C:T,8,11950067,8:11950067:T:A,0.993475,24458,chr8:11925609-11925609,FAM167A/FDFT1
8,11925609,8:11925609:C:T,8,11951614,8:11951614:CCACG:C,0.824669,26005,chr8:11925609-11925609,FAM167A/FDFT1
8,11925609,8:11925609:C:T,8,11951754,8:11951754:T:C,0.824669,26145,chr8:11925609-11925609,FAM167A/FDFT1
8,11925609,8:11925609:C:T,8,11951912,8:11951912:C:T,0.980379,26303,chr8:11925609-11925609,FAM167A/FDFT1
8,11925609,8:11925609:C:T,8,11951971,8:11951971:G:C,0.980379,26362,chr8:11925609-11925609,FAM167A/FDFT1
8,11925609,8:11925609:C:T,8,11952138,8:11952138:G:C,0.967422,26529,chr8:11925609-11925609,FAM167A/FDFT1
8,11925609,8:11925609:C:T,8,11952153,8:11952153:A:G,0.967309,26544,chr8:11925609-11925609,FAM167A/FDFT1
8,21944921,8:21944921:G:A,8,21918327,8:21918327:G:C,0.829347,26594,chr8:21944921-21944921,XPO7
8,21944921,8:21944921:G:A,8,21919170,8:21919170:T:A,0.970278,25751,chr8:21944921-21944921,XPO7
8,21944921,8:21944921:G:A,8,21920280,8:21920280:C:T,0.829347,24641,chr8:21944921-21944921,XPO7
8,21944921,8:21944921:G:A,8,21922309,8:21922309:CTT:C,0.815919,22612,chr8:21944921-21944921,XPO7
8,21944921,8:21944921:G:A,8,21927049,8:21927049:T:G,0.841882,17872,chr8:21944921-21944921,XPO7
8,21944921,8:21944921:G:A,8,21931089,8:21931089:C:A,0.829347,13832,chr8:21944921-21944921,XPO7
8,21944921,8:21944921:G:A,8,21936097,8:21936097:A:G,0.841882,8824,chr8:21944921-21944921,XPO7
8,21944921,8:21944921:G:A,8,21941734,8:21941734:G:A,0.970278,3187,chr8:21944921-21944921,XPO7
8,21944921,8:21944921:G:A,8,21944921,8:21944921:G:A,1.0,0,chr8:21944921-21944921,XPO7
8,21944921,8:21944921:G:A,8,21945326,8:21945326:A:G,1.0,405,chr8:21944921-21944921,XPO7
8,21944921,8:21944921:G:A,8,21945349,8:21945349:TAGAC:T,0.829347,428,chr8:21944921-21944921,XPO7
8,21944921,8:21944921:G:A,8,21946224,8:21946224:C:A,1.0,1303,chr8:21944921-21944921,XPO7
8,21944921,8:21944921:G:A,8,21946580,8:21946580:A:AC,1.0,1659,chr8:21944921-21944921,XPO7
8,21944921,8:21944921:G:A,8,21947754,8:21947754:T:C,1.0,2833,chr8:21944921-21944921,XPO7
8,21944921,8:21944921:G:A,8,21949292,8:21949292:G:A,0.829347,4371,chr8:21944921-21944921,XPO7
8,21944921,8:21944921:G:A,8,21953092,8:21953092:G:A,0.970278,8171,chr8:21944921-21944921,XPO7
8,21944921,8:21944921:G:A,8,21954482,8:21954482:A:C,0.926724,9561,chr8:21944921-21944921,XPO7
8,21944921,8:21944921:G:A,8,21955629,8:21955629:C:T,0.926724,10708,chr8:21944921-21944921,XPO7
8,21944921,8:21944921:G:A,8,21957498,8:21957498:C:T,0.829347,12577,chr8:21944921-21944921,XPO7
8,21944921,8:21944921:G:A,8,21957867,8:21957867:G:A,0.970278,12946,chr8:21944921-21944921,XPO7
8,21944921,8:21944921:G:A,8,21961774,8:21961774:G:A,0.815919,16853,chr8:21944921-21944921,XPO7
8,21944921,8:21944921:G:A,8,21961855,8:21961855:GT:G,0.829347,16934,chr8:21944921-21944921,XPO7
8,21944921,8:21944921:G:A,8,21963694,8:21963695:CAA:C,0.815919,18773,chr8:21944921-21944921,XPO7
8,21944921,8:21944921:G:A,8,21964267,8:21964267:G:T,0.955616,19346,chr8:21944921-21944921,XPO7
8,21944921,8:21944921:G:A,8,21964613,8:21964613:CA:C,0.815919,19692,chr8:21944921-21944921,XPO7
8,21944921,8:21944921:G:A,8,21965662,8:21965662:G:C,0.955616,20741,chr8:21944921-21944921,XPO7
8,21944921,8:21944921:G:A,8,21965976,8:21965976:C:T,0.955616,21055,chr8:21944921-21944921,XPO7
8,21944921,8:21944921:G:A,8,21969309,8:21969309:TTATGC:T,0.955616,24388,chr8:21944921-21944921,XPO7
8,21944921,8:21944921:G:A,8,21969880,8:21969880:G:A,0.955616,24959,chr8:21944921-21944921,XPO7
8,21944921,8:21944921:G:A,8,21972784,8:21972784:A:G,0.970278,27863,chr8:21944921-21944921,XPO7
8,21944921,8:21944921:G:A,8,21973865,8:21973865:G:A,0.815919,28944,chr8:21944921-21944921,XPO7
8,21944921,8:21944921:G:A,8,21973999,8:21973999:C:A,0.815919,29078,chr8:21944921-21944921,XPO7
8,21944921,8:21944921:G:A,8,21975863,8:21975863:G:C,0.970278,30942,chr8:21944921-21944921,XPO7
8,21944921,8:21944921:G:A,8,21976945,8:21976945:C:G,0.970278,32024,chr8:21944921-21944921,XPO7
8,21944921,8:21944921:G:A,8,21977303,8:21977303:G:A,0.815919,32382,chr8:21944921-21944921,XPO7
8,21944921,8:21944921:G:A,8,21978074,8:21978074:C:CT,0.970278,33153,chr8:21944921-21944921,XPO7
8,21944921,8:21944921:G:A,8,21978396,8:21978396:G:A,0.956197,33475,chr8:21944921-21944921,XPO7
8,21944921,8:21944921:G:A,8,21980483,8:21980483:C:G,0.970278,35562,chr8:21944921-21944921,XPO7
8,21944921,8:21944921:G:A,8,21981278,8:21981278:T:C,0.926724,36357,chr8:21944921-21944921,XPO7
8,21944921,8:21944921:G:A,8,21981509,8:21981509:T:C,0.926724,36588,chr8:21944921-21944921,XPO7
8,21944921,8:21944921:G:A,8,21981582,8:21981582:T:G,0.926724,36661,chr8:21944921-21944921,XPO7
8,21944921,8:21944921:G:A,8,21982157,8:21982157:G:A,0.970278,37236,chr8:21944921-21944921,XPO7
8,21944921,8:21944921:G:A,8,21983855,8:21983855:CCTGCTG:C,0.802607,38934,chr8:21944921-21944921,XPO7
8,21944921,8:21944921:G:A,8,21985217,8:21985217:G:C,0.926724,40296,chr8:21944921-21944921,XPO7
8,21944921,8:21944921:G:A,8,21988108,8:21988108:G:T,0.912047,43187,chr8:21944921-21944921,XPO7
8,21944921,8:21944921:G:A,8,21989913,8:21989913:G:A,0.970278,44992,chr8:21944921-21944921,XPO7
8,21944921,8:21944921:G:A,8,21993145,8:21993145:A:G,0.970278,48224,chr8:21944921-21944921,XPO7
8,21944921,8:21944921:G:A,8,21993147,8:21993147:CTT:C,0.815919,48226,chr8:21944921-21944921,XPO7
8,21944921,8:21944921:G:A,8,21995064,8:21995064:AAATAAT:A,0.970278,50143,chr8:21944921-21944921,XPO7
8,21944921,8:21944921:G:A,8,22002797,8:22002797:T:TAA,0.926724,57876,chr8:21944921-21944921,XPO7
8,21944921,8:21944921:G:A,8,22009422,8:22009422:T:C,0.942603,64501,chr8:21944921-21944921,XPO7
8,21944921,8:21944921:G:A,8,22013456,8:22013456:C:A,0.912047,68535,chr8:21944921-21944921,XPO7
8,123540063,8:123540063:G:A,8,123539539,8:123539539:G:A,0.987298,524,chr8:123540063-123540063,FBXO32
8,123540063,8:123540063:G:A,8,123540063,8:123540063:G:A,1.0,0,chr8:123540063-123540063,FBXO32
8,124847575,8:124847575:C:A,8,124837372,8:124837372:C:G,0.921809,10203,chr8:124847575-124847575,MTSS1
8,124847575,8:124847575:C:A,8,124838774,8:124838774:T:A,0.937153,8801,chr8:124847575-124847575,MTSS1
8,124847575,8:124847575:C:A,8,124839268,8:124839268:C:T,0.937153,8307,chr8:124847575-124847575,MTSS1
8,124847575,8:124847575:C:A,8,124840111,8:124840111:C:T,0.846447,7464,chr8:124847575-124847575,MTSS1
8,124847575,8:124847575:C:A,8,124840274,8:124840274:A:G,0.937153,7301,chr8:124847575-124847575,MTSS1
8,124847575,8:124847575:C:A,8,124840288,8:124840288:T:C,0.937153,7287,chr8:124847575-124847575,MTSS1
8,124847575,8:124847575:C:A,8,124842273,8:124842273:G:T,0.846447,5302,chr8:124847575-124847575,MTSS1
8,124847575,8:124847575:C:A,8,124845117,8:124845117:G:T,0.985594,2458,chr8:124847575-124847575,MTSS1
8,124847575,8:124847575:C:A,8,124845216,8:124845216:T:C,0.846447,2359,chr8:124847575-124847575,MTSS1
8,124847575,8:124847575:C:A,8,124846279,8:124846279:G:A,0.985594,1296,chr8:124847575-124847575,MTSS1
8,124847575,8:124847575:C:A,8,124846296,8:124846296:GA:G,0.985594,1279,chr8:124847575-124847575,MTSS1
8,124847575,8:124847575:C:A,8,124847575,8:124847575:C:A,1.0,0,chr8:124847575-124847575,MTSS1
8,124847575,8:124847575:C:A,8,124847608,8:124847608:G:A,1.0,33,chr8:124847575-124847575,MTSS1
8,124847575,8:124847575:C:A,8,124849132,8:124849132:C:T,1.0,1557,chr8:124847575-124847575,MTSS1
8,124847575,8:124847575:C:A,8,124855592,8:124855592:A:T,1.0,8017,chr8:124847575-124847575,MTSS1
8,124847575,8:124847575:C:A,8,124864202,8:124864202:A:G,0.889607,16627,chr8:124847575-124847575,MTSS1
8,124847575,8:124847575:C:A,8,124881909,8:124881909:C:T,0.864191,34334,chr8:124847575-124847575,MTSS1
8,124847575,8:124847575:C:A,8,124886015,8:124886015:T:C,0.809354,38440,chr8:124847575-124847575,MTSS1
9,131668839,9:131668839:C:T,9,131605807,9:131605807:C:T,0.828572,63032,chr9:131668839-131668839,RAPGEF1
9,131668839,9:131668839:C:T,9,131607762,9:131607762:C:T,0.828572,61077,chr9:131668839-131668839,RAPGEF1
9,131668839,9:131668839:C:T,9,131609647,9:131609647:T:C,0.828572,59192,chr9:131668839-131668839,RAPGEF1
9,131668839,9:131668839:C:T,9,131614423,9:131614423:C:G,0.87055,54416,chr9:131668839-131668839,RAPGEF1
9,131668839,9:131668839:C:T,9,131622206,9:131622206:C:T,0.908359,46633,chr9:131668839-131668839,RAPGEF1
9,131668839,9:131668839:C:T,9,131622260,9:131622260:A:C,0.908359,46579,chr9:131668839-131668839,RAPGEF1
9,131668839,9:131668839:C:T,9,131624672,9:131624672:G:A,0.908359,44167,chr9:131668839-131668839,RAPGEF1
9,131668839,9:131668839:C:T,9,131624932,9:131624932:C:T,0.908359,43907,chr9:131668839-131668839,RAPGEF1
9,131668839,9:131668839:C:T,9,131625030,9:131625030:C:G,0.908359,43809,chr9:131668839-131668839,RAPGEF1
9,131668839,9:131668839:C:T,9,131626679,9:131626679:G:A,0.908359,42160,chr9:131668839-131668839,RAPGEF1
9,131668839,9:131668839:C:T,9,131627048,9:131627048:C:T,0.908359,41791,chr9:131668839-131668839,RAPGEF1
9,131668839,9:131668839:C:T,9,131632129,9:131632129:C:T,0.908359,36710,chr9:131668839-131668839,RAPGEF1
9,131668839,9:131668839:C:T,9,131633449,9:131633449:G:A,0.908359,35390,chr9:131668839-131668839,RAPGEF1
9,131668839,9:131668839:C:T,9,131639894,9:131639894:G:T,0.908359,28945,chr9:131668839-131668839,RAPGEF1
9,131668839,9:131668839:C:T,9,131640165,9:131640165:G:T,0.891891,28674,chr9:131668839-131668839,RAPGEF1
9,131668839,9:131668839:C:T,9,131640601,9:131640601:ACT:A,0.84298,28238,chr9:131668839-131668839,RAPGEF1
9,131668839,9:131668839:C:T,9,131641203,9:131641203:A:C,0.84298,27636,chr9:131668839-131668839,RAPGEF1
9,131668839,9:131668839:C:T,9,131643188,9:131643188:T:C,0.830156,25651,chr9:131668839-131668839,RAPGEF1
9,131668839,9:131668839:C:T,9,131644393,9:131644394:TA:T,0.88615,24446,chr9:131668839-131668839,RAPGEF1
9,131668839,9:131668839:C:T,9,131646451,9:131646451:T:C,0.891891,22388,chr9:131668839-131668839,RAPGEF1
9,131668839,9:131668839:C:T,9,131647084,9:131647084:G:A,0.922858,21755,chr9:131668839-131668839,RAPGEF1
9,131668839,9:131668839:C:T,9,131647750,9:131647750:C:T,0.922858,21089,chr9:131668839-131668839,RAPGEF1
9,131668839,9:131668839:C:T,9,131648108,9:131648108:G:A,0.922858,20731,chr9:131668839-131668839,RAPGEF1
9,131668839,9:131668839:C:T,9,131648758,9:131648758:T:C,0.857271,20081,chr9:131668839-131668839,RAPGEF1
9,131668839,9:131668839:C:T,9,131652975,9:131652975:C:T,0.884963,15864,chr9:131668839-131668839,RAPGEF1
9,131668839,9:131668839:C:T,9,131654571,9:131654571:G:A,0.922858,14268,chr9:131668839-131668839,RAPGEF1
9,131668839,9:131668839:C:T,9,131654861,9:131654861:T:G,0.922858,13978,chr9:131668839-131668839,RAPGEF1
9,131668839,9:131668839:C:T,9,131656944,9:131656944:A:G,0.857271,11895,chr9:131668839-131668839,RAPGEF1
9,131668839,9:131668839:C:T,9,131659264,9:131659264:C:T,0.830156,9575,chr9:131668839-131668839,RAPGEF1
9,131668839,9:131668839:C:T,9,131659508,9:131659508:C:CA,0.857271,9331,chr9:131668839-131668839,RAPGEF1
9,131668839,9:131668839:C:T,9,131660440,9:131660441:C:CTT,0.830156,8399,chr9:131668839-131668839,RAPGEF1
9,131668839,9:131668839:C:T,9,131662999,9:131662999:A:T,0.922858,5840,chr9:131668839-131668839,RAPGEF1
9,131668839,9:131668839:C:T,9,131663019,9:131663019:G:A,0.922858,5820,chr9:131668839-131668839,RAPGEF1
9,131668839,9:131668839:C:T,9,131663453,9:131663453:C:CT,0.87691,5386,chr9:131668839-131668839,RAPGEF1
9,131668839,9:131668839:C:T,9,131664554,9:131664554:CA:C,0.922858,4285,chr9:131668839-131668839,RAPGEF1
9,131668839,9:131668839:C:T,9,131664556,9:131664556:C:T,0.922858,4283,chr9:131668839-131668839,RAPGEF1
9,131668839,9:131668839:C:T,9,131664558,9:131664558:A:T,0.922858,4281,chr9:131668839-131668839,RAPGEF1
9,131668839,9:131668839:C:T,9,131665593,9:131665593:A:C,0.830156,3246,chr9:131668839-131668839,RAPGEF1
9,131668839,9:131668839:C:T,9,131667108,9:131667108:G:T,0.922858,1731,chr9:131668839-131668839,RAPGEF1
9,131668839,9:131668839:C:T,9,131668839,9:131668839:C:T,1.0,0,chr9:131668839-131668839,RAPGEF1
9,131668839,9:131668839:C:T,9,131672524,9:131672524:C:G,0.922858,3685,chr9:131668839-131668839,RAPGEF1
9,131668839,9:131668839:C:T,9,131685128,9:131685128:A:G,0.871869,16289,chr9:131668839-131668839,RAPGEF1
9,131668839,9:131668839:C:T,9,131687759,9:131687759:T:G,0.871869,18920,chr9:131668839-131668839,RAPGEF1
9,131668839,9:131668839:C:T,9,131687798,9:131687798:G:A,0.939074,18959,chr9:131668839-131668839,RAPGEF1
9,131668839,9:131668839:C:T,9,131688357,9:131688357:A:G,0.871869,19518,chr9:131668839-131668839,RAPGEF1
9,131668839,9:131668839:C:T,9,131689196,9:131689196:T:C,0.871869,20357,chr9:131668839-131668839,RAPGEF1
9,131668839,9:131668839:C:T,9,131692438,9:131692438:T:A,0.871869,23599,chr9:131668839-131668839,RAPGEF1
9,131668839,9:131668839:C:T,9,131694570,9:131694570:C:T,0.871869,25731,chr9:131668839-131668839,RAPGEF1
9,131668839,9:131668839:C:T,9,131695158,9:131695158:A:G,0.871869,26319,chr9:131668839-131668839,RAPGEF1
9,131668839,9:131668839:C:T,9,131695219,9:131695219:T:C,0.871869,26380,chr9:131668839-131668839,RAPGEF1
9,131668839,9:131668839:C:T,9,131695971,9:131695971:A:C,0.871869,27132,chr9:131668839-131668839,RAPGEF1
9,131668839,9:131668839:C:T,9,131696831,9:131696831:C:T,0.907423,27992,chr9:131668839-131668839,RAPGEF1
9,131668839,9:131668839:C:T,9,131697251,9:131697251:A:G,0.939074,28412,chr9:131668839-131668839,RAPGEF1
9,131668839,9:131668839:C:T,9,131699964,9:131699964:C:A,0.939074,31125,chr9:131668839-131668839,RAPGEF1
9,131668839,9:131668839:C:T,9,131708319,9:131708319:A:G,0.871869,39480,chr9:131668839-131668839,RAPGEF1
9,131668839,9:131668839:C:T,9,131708921,9:131708921:C:T,0.871869,40082,chr9:131668839-131668839,RAPGEF1
9,131668839,9:131668839:C:T,9,131710398,9:131710398:G:A,0.939074,41559,chr9:131668839-131668839,RAPGEF1
9,131668839,9:131668839:C:T,9,131711361,9:131711362:C:CTTT,0.841337,42522,chr9:131668839-131668839,RAPGEF1
9,131668839,9:131668839:C:T,9,131711683,9:131711683:G:A,0.939074,42844,chr9:131668839-131668839,RAPGEF1
9,131668839,9:131668839:C:T,9,131711783,9:131711783:G:A,0.871869,42944,chr9:131668839-131668839,RAPGEF1
9,131668839,9:131668839:C:T,9,131711917,9:131711917:G:A,0.871869,43078,chr9:131668839-131668839,RAPGEF1
9,131668839,9:131668839:C:T,9,131712514,9:131712514:G:A,0.939074,43675,chr9:131668839-131668839,RAPGEF1
9,131668839,9:131668839:C:T,9,131719886,9:131719887:CT:C,0.922858,51047,chr9:131668839-131668839,RAPGEF1
9,131668839,9:131668839:C:T,9,131720419,9:131720419:C:G,0.922858,51580,chr9:131668839-131668839,RAPGEF1
9,131668839,9:131668839:C:T,9,131722996,9:131722996:C:G,0.922858,54157,chr9:131668839-131668839,RAPGEF1
9,131668839,9:131668839:C:T,9,131724591,9:131724591:G:T,0.922858,55752,chr9:131668839-131668839,RAPGEF1
9,131668839,9:131668839:C:T,9,131725520,9:131725520:G:A,0.922858,56681,chr9:131668839-131668839,RAPGEF1
9,131668839,9:131668839:C:T,9,131725760,9:131725760:G:GT,0.877416,56921,chr9:131668839-131668839,RAPGEF1
9,131668839,9:131668839:C:T,9,131726071,9:131726071:T:C,0.803272,57232,chr9:131668839-131668839,RAPGEF1
9,131668839,9:131668839:C:T,9,131726605,9:131726605:G:C,0.899621,57766,chr9:131668839-131668839,RAPGEF1
9,131668839,9:131668839:C:T,9,131726628,9:131726628:G:GA,0.892338,57789,chr9:131668839-131668839,RAPGEF1
9,131668839,9:131668839:C:T,9,131727542,9:131727542:C:T,0.899621,58703,chr9:131668839-131668839,RAPGEF1
9,131668839,9:131668839:C:T,9,131730193,9:131730195:CA:C,0.805152,61354,chr9:131668839-131668839,RAPGEF1
9,131668839,9:131668839:C:T,9,131730347,9:131730347:T:C,0.922858,61508,chr9:131668839-131668839,RAPGEF1
9,131668839,9:131668839:C:T,9,131731524,9:131731524:C:G,0.922858,62685,chr9:131668839-131668839,RAPGEF1
9,131668839,9:131668839:C:T,9,131732390,9:131732390:A:G,0.922858,63551,chr9:131668839-131668839,RAPGEF1
9,131668839,9:131668839:C:T,9,131732717,9:131732717:G:A,0.922858,63878,chr9:131668839-131668839,RAPGEF1
9,131668839,9:131668839:C:T,9,131733132,9:131733132:G:C,0.922858,64293,chr9:131668839-131668839,RAPGEF1
9,131668839,9:131668839:C:T,9,131734852,9:131734852:C:T,0.922858,66013,chr9:131668839-131668839,RAPGEF1
9,131668839,9:131668839:C:T,9,131736448,9:131736448:C:A,0.922858,67609,chr9:131668839-131668839,RAPGEF1
9,131668839,9:131668839:C:T,9,131736766,9:131736766:A:C,0.922858,67927,chr9:131668839-131668839,RAPGEF1
9,131668839,9:131668839:C:T,9,131737578,9:131737578:C:A,0.922858,68739,chr9:131668839-131668839,RAPGEF1
9,131668839,9:131668839:C:T,9,131737962,9:131737962:C:T,0.850067,69123,chr9:131668839-131668839,RAPGEF1
9,131668839,9:131668839:C:T,9,131738515,9:131738515:G:A,0.922858,69676,chr9:131668839-131668839,RAPGEF1
9,131668839,9:131668839:C:T,9,131741501,9:131741501:T:C,0.922858,72662,chr9:131668839-131668839,RAPGEF1
9,131668839,9:131668839:C:T,9,131741584,9:131741584:CA:C,0.922858,72745,chr9:131668839-131668839,RAPGEF1
9,131668839,9:131668839:C:T,9,131741884,9:131741884:TA:T,0.87738,73045,chr9:131668839-131668839,RAPGEF1
9,131668839,9:131668839:C:T,9,131743930,9:131743930:T:C,0.922858,75091,chr9:131668839-131668839,RAPGEF1
9,131668839,9:131668839:C:T,9,131746954,9:131746954:T:A,0.922858,78115,chr9:131668839-131668839,RAPGEF1
9,131668839,9:131668839:C:T,9,131746955,9:131746955:C:A,0.915227,78116,chr9:131668839-131668839,RAPGEF1
9,131668839,9:131668839:C:T,9,131747018,9:131747018:G:A,0.922858,78179,chr9:131668839-131668839,RAPGEF1
9,131668839,9:131668839:C:T,9,131748890,9:131748890:T:A,0.922858,80051,chr9:131668839-131668839,RAPGEF1
9,131668839,9:131668839:C:T,9,131749007,9:131749007:CT:C,0.899164,80168,chr9:131668839-131668839,RAPGEF1
9,131668839,9:131668839:C:T,9,131750893,9:131750893:C:T,0.922858,82054,chr9:131668839-131668839,RAPGEF1
9,131668839,9:131668839:C:T,9,131751255,9:131751255:C:T,0.922858,82416,chr9:131668839-131668839,RAPGEF1
9,131668839,9:131668839:C:T,9,131752339,9:131752339:G:A,0.922858,83500,chr9:131668839-131668839,RAPGEF1
9,131668839,9:131668839:C:T,9,131752987,9:131752987:C:T,0.922858,84148,chr9:131668839-131668839,RAPGEF1
9,131668839,9:131668839:C:T,9,131753296,9:131753296:T:C,0.922858,84457,chr9:131668839-131668839,RAPGEF1
9,131668839,9:131668839:C:T,9,131754035,9:131754035:G:C,0.922858,85196,chr9:131668839-131668839,RAPGEF1
9,131668839,9:131668839:C:T,9,131754064,9:131754064:TAG:T,0.900773,85225,chr9:131668839-131668839,RAPGEF1
9,131668839,9:131668839:C:T,9,131754067,9:131754067:TTTA:T,0.900773,85228,chr9:131668839-131668839,RAPGEF1
9,131668839,9:131668839:C:T,9,131754335,9:131754335:T:G,0.922858,85496,chr9:131668839-131668839,RAPGEF1
9,131668839,9:131668839:C:T,9,131754347,9:131754347:C:T,0.922858,85508,chr9:131668839-131668839,RAPGEF1
9,131668839,9:131668839:C:T,9,131755403,9:131755403:C:T,0.915563,86564,chr9:131668839-131668839,RAPGEF1
9,131668839,9:131668839:C:T,9,131756283,9:131756283:G:A,0.884589,87444,chr9:131668839-131668839,RAPGEF1
9,131668839,9:131668839:C:T,9,131756700,9:131756700:G:A,0.892338,87861,chr9:131668839-131668839,RAPGEF1
9,131668839,9:131668839:C:T,9,131756980,9:131756980:CAA:C,0.892338,88141,chr9:131668839-131668839,RAPGEF1
9,131668839,9:131668839:C:T,9,131757251,9:131757251:T:C,0.892338,88412,chr9:131668839-131668839,RAPGEF1
9,131668839,9:131668839:C:T,9,131757325,9:131757326:T:TA,0.884589,88486,chr9:131668839-131668839,RAPGEF1
9,131668839,9:131668839:C:T,9,131757522,9:131757522:A:G,0.900262,88683,chr9:131668839-131668839,RAPGEF1
9,131668839,9:131668839:C:T,9,131757533,9:131757534:GAAAAAA:G,0.892578,88694,chr9:131668839-131668839,RAPGEF1
10,4056261,10:4056261:A:G,10,4052042,10:4052042:A:G,0.987438,4219,chr10:4056261-4056261,KLF6/AKR1E2
10,4056261,10:4056261:A:G,10,4054108,10:4054108:T:C,0.878873,2153,chr10:4056261-4056261,KLF6/AKR1E2
10,4056261,10:4056261:A:G,10,4056261,10:4056261:A:G,1.0,0,chr10:4056261-4056261,KLF6/AKR1E2
10,4056261,10:4056261:A:G,10,4059122,10:4059122:G:T,0.867381,2861,chr10:4056261-4056261,KLF6/AKR1E2
10,4056261,10:4056261:A:G,10,4059763,10:4059763:A:G,0.855235,3502,chr10:4056261-4056261,KLF6/AKR1E2
10,4056261,10:4056261:A:G,10,4061629,10:4061629:T:C,0.855998,5368,chr10:4056261-4056261,KLF6/AKR1E2
10,29418622,10:29418622:A:G,10,29390250,10:29390250:T:C,0.929135,28372,chr10:29418622-29418622,SVIL
10,29418622,10:29418622:A:G,10,29390763,10:29390763:G:A,0.929135,27859,chr10:29418622-29418622,SVIL
10,29418622,10:29418622:A:G,10,29394736,10:29394736:T:C,0.904678,23886,chr10:29418622-29418622,SVIL
10,29418622,10:29418622:A:G,10,29397309,10:29397309:C:T,0.936719,21313,chr10:29418622-29418622,SVIL
10,29418622,10:29418622:A:G,10,29398046,10:29398046:T:TA,0.936719,20576,chr10:29418622-29418622,SVIL
10,29418622,10:29418622:A:G,10,29406437,10:29406437:T:C,0.936719,12185,chr10:29418622-29418622,SVIL
10,29418622,10:29418622:A:G,10,29407943,10:29407943:T:C,0.936719,10679,chr10:29418622-29418622,SVIL
10,29418622,10:29418622:A:G,10,29408298,10:29408298:C:A,0.936719,10324,chr10:29418622-29418622,SVIL
10,29418622,10:29418622:A:G,10,29408310,10:29408310:A:G,0.936719,10312,chr10:29418622-29418622,SVIL
10,29418622,10:29418622:A:G,10,29411463,10:29411463:C:T,0.960648,7159,chr10:29418622-29418622,SVIL
10,29418622,10:29418622:A:G,10,29412286,10:29412286:G:C,0.960648,6336,chr10:29418622-29418622,SVIL
10,29418622,10:29418622:A:G,10,29414321,10:29414321:TC:T,0.960648,4301,chr10:29418622-29418622,SVIL
10,29418622,10:29418622:A:G,10,29415106,10:29415106:TAGG:T,0.960648,3516,chr10:29418622-29418622,SVIL
10,29418622,10:29418622:A:G,10,29418622,10:29418622:A:G,1.0,0,chr10:29418622-29418622,SVIL
10,29418622,10:29418622:A:G,10,29419780,10:29419781:C:CAA,0.95304,1158,chr10:29418622-29418622,SVIL
10,29418622,10:29418622:A:G,10,29419956,10:29419956:A:AT,0.937203,1334,chr10:29418622-29418622,SVIL
10,29418622,10:29418622:A:G,10,29422591,10:29422591:C:T,0.960648,3969,chr10:29418622-29418622,SVIL
10,29418622,10:29418622:A:G,10,29424562,10:29424562:T:A,0.960648,5940,chr10:29418622-29418622,SVIL
10,29418622,10:29418622:A:G,10,29425002,10:29425002:G:A,0.960648,6380,chr10:29418622-29418622,SVIL
10,29418622,10:29418622:A:G,10,29425580,10:29425580:C:T,0.960648,6958,chr10:29418622-29418622,SVIL
10,29418622,10:29418622:A:G,10,29426150,10:29426150:T:G,0.960648,7528,chr10:29418622-29418622,SVIL
10,29418622,10:29418622:A:G,10,29426265,10:29426265:GAC:G,0.960648,7643,chr10:29418622-29418622,SVIL
10,29418622,10:29418622:A:G,10,29427243,10:29427243:C:T,0.945055,8621,chr10:29418622-29418622,SVIL
10,29418622,10:29418622:A:G,10,29427995,10:29427995:C:T,0.960648,9373,chr10:29418622-29418622,SVIL
10,29418622,10:29418622:A:G,10,29428443,10:29428443:G:A,0.960648,9821,chr10:29418622-29418622,SVIL
10,29418622,10:29418622:A:G,10,29428575,10:29428575:C:T,0.960648,9953,chr10:29418622-29418622,SVIL
10,29418622,10:29418622:A:G,10,29428910,10:29428910:A:G,0.960648,10288,chr10:29418622-29418622,SVIL
10,29418622,10:29418622:A:G,10,29430943,10:29430943:G:A,0.830667,12321,chr10:29418622-29418622,SVIL
10,29418622,10:29418622:A:G,10,29431400,10:29431400:TA:T,0.952811,12778,chr10:29418622-29418622,SVIL
10,29418622,10:29418622:A:G,10,29431744,10:29431744:T:C,0.960648,13122,chr10:29418622-29418622,SVIL
10,29418622,10:29418622:A:G,10,29434241,10:29434241:C:A,0.960648,15619,chr10:29418622-29418622,SVIL
10,29418622,10:29418622:A:G,10,29435874,10:29435874:G:A,0.960648,17252,chr10:29418622-29418622,SVIL
10,29418622,10:29418622:A:G,10,29436184,10:29436184:A:T,0.960648,17562,chr10:29418622-29418622,SVIL
10,29418622,10:29418622:A:G,10,29436413,10:29436413:A:G,0.960648,17791,chr10:29418622-29418622,SVIL
10,29418622,10:29418622:A:G,10,29436594,10:29436594:T:C,0.960648,17972,chr10:29418622-29418622,SVIL
10,29418622,10:29418622:A:G,10,29437189,10:29437189:A:G,0.960648,18567,chr10:29418622-29418622,SVIL
10,29418622,10:29418622:A:G,10,29439570,10:29439570:G:GAA,0.960648,20948,chr10:29418622-29418622,SVIL
10,29418622,10:29418622:A:G,10,29444287,10:29444287:A:C,0.960648,25665,chr10:29418622-29418622,SVIL
10,29418622,10:29418622:A:G,10,29444780,10:29444780:C:G,0.960648,26158,chr10:29418622-29418622,SVIL
10,29418622,10:29418622:A:G,10,29447370,10:29447370:G:A,0.960648,28748,chr10:29418622-29418622,SVIL
10,29418622,10:29418622:A:G,10,29447371,10:29447371:C:T,0.960648,28749,chr10:29418622-29418622,SVIL
10,29418622,10:29418622:A:G,10,29449039,10:29449039:G:T,0.960648,30417,chr10:29418622-29418622,SVIL
10,29418622,10:29418622:A:G,10,29449266,10:29449266:C:A,0.960648,30644,chr10:29418622-29418622,SVIL
10,29418622,10:29418622:A:G,10,29449441,10:29449441:G:A,0.960648,30819,chr10:29418622-29418622,SVIL
10,29418622,10:29418622:A:G,10,29452059,10:29452059:TC:T,0.960648,33437,chr10:29418622-29418622,SVIL
10,29418622,10:29418622:A:G,10,29452102,10:29452102:G:A,0.960648,33480,chr10:29418622-29418622,SVIL
10,29418622,10:29418622:A:G,10,29453090,10:29453090:C:CTT,0.835285,34468,chr10:29418622-29418622,SVIL
10,29418622,10:29418622:A:G,10,29454708,10:29454708:C:T,0.960648,36086,chr10:29418622-29418622,SVIL
10,29418622,10:29418622:A:G,10,29455702,10:29455702:GCTCACTGCA:G,0.960648,37080,chr10:29418622-29418622,SVIL
10,29418622,10:29418622:A:G,10,29457299,10:29457299:CA:C,0.884541,38677,chr10:29418622-29418622,SVIL
10,29418622,10:29418622:A:G,10,29457417,10:29457417:C:CTGTT,0.95304,38795,chr10:29418622-29418622,SVIL
10,29418622,10:29418622:A:G,10,29458488,10:29458488:C:T,0.960648,39866,chr10:29418622-29418622,SVIL
10,29418622,10:29418622:A:G,10,29460801,10:29460801:G:T,0.960648,42179,chr10:29418622-29418622,SVIL
10,29418622,10:29418622:A:G,10,29461937,10:29461937:C:T,0.960648,43315,chr10:29418622-29418622,SVIL
10,29418622,10:29418622:A:G,10,29462539,10:29462539:C:T,0.960648,43917,chr10:29418622-29418622,SVIL
10,29418622,10:29418622:A:G,10,29463186,10:29463186:G:A,0.960648,44564,chr10:29418622-29418622,SVIL
10,29418622,10:29418622:A:G,10,29463282,10:29463282:T:G,0.960648,44660,chr10:29418622-29418622,SVIL
10,29418622,10:29418622:A:G,10,29464240,10:29464240:C:T,0.960648,45618,chr10:29418622-29418622,SVIL
10,29418622,10:29418622:A:G,10,29466791,10:29466791:T:C,0.960648,48169,chr10:29418622-29418622,SVIL
10,29418622,10:29418622:A:G,10,29468107,10:29468107:C:T,0.945055,49485,chr10:29418622-29418622,SVIL
10,29418622,10:29418622:A:G,10,29469236,10:29469236:G:A,0.960648,50614,chr10:29418622-29418622,SVIL
10,29418622,10:29418622:A:G,10,29469856,10:29469856:G:A,0.960648,51234,chr10:29418622-29418622,SVIL
10,29418622,10:29418622:A:G,10,29471722,10:29471722:T:G,0.960648,53100,chr10:29418622-29418622,SVIL
10,29418622,10:29418622:A:G,10,29472385,10:29472385:T:C,0.95304,53763,chr10:29418622-29418622,SVIL
10,29418622,10:29418622:A:G,10,29475646,10:29475646:T:C,0.960648,57024,chr10:29418622-29418622,SVIL
10,29418622,10:29418622:A:G,10,29475715,10:29475715:A:G,0.960648,57093,chr10:29418622-29418622,SVIL
10,29418622,10:29418622:A:G,10,29482230,10:29482230:C:T,0.952475,63608,chr10:29418622-29418622,SVIL
10,29418622,10:29418622:A:G,10,29482615,10:29482615:TTTC:T,0.960648,63993,chr10:29418622-29418622,SVIL
10,29418622,10:29418622:A:G,10,29483592,10:29483592:A:G,0.952475,64970,chr10:29418622-29418622,SVIL
10,29418622,10:29418622:A:G,10,29485029,10:29485029:C:T,0.952475,66407,chr10:29418622-29418622,SVIL
10,29418622,10:29418622:A:G,10,29487396,10:29487396:TAA:T,0.952475,68774,chr10:29418622-29418622,SVIL
10,29418622,10:29418622:A:G,10,29487480,10:29487480:C:T,0.952475,68858,chr10:29418622-29418622,SVIL
10,29418622,10:29418622:A:G,10,29488377,10:29488377:C:T,0.944384,69755,chr10:29418622-29418622,SVIL
10,29418622,10:29418622:A:G,10,29490616,10:29490616:A:G,0.944384,71994,chr10:29418622-29418622,SVIL
10,29418622,10:29418622:A:G,10,29491338,10:29491338:TC:T,0.936372,72716,chr10:29418622-29418622,SVIL
10,29418622,10:29418622:A:G,10,29491362,10:29491362:C:A,0.944384,72740,chr10:29418622-29418622,SVIL
10,29418622,10:29418622:A:G,10,29491940,10:29491940:C:T,0.86781,73318,chr10:29418622-29418622,SVIL
10,73650119,10:73650119:C:T,10,73644542,10:73644542:C:G,0.842034,5577,chr10:73650119-73650119,MYOZ1/SYNPO2L
10,73650119,10:73650119:C:T,10,73645877,10:73645877:T:G,0.854483,4242,chr10:73650119-73650119,MYOZ1/SYNPO2L
10,73650119,10:73650119:C:T,10,73646383,10:73646383:A:C,0.854483,3736,chr10:73650119-73650119,MYOZ1/SYNPO2L
10,73650119,10:73650119:C:T,10,73647154,10:73647154:G:T,0.854483,2965,chr10:73650119-73650119,MYOZ1/SYNPO2L
10,73650119,10:73650119:C:T,10,73647532,10:73647532:G:A,0.854483,2587,chr10:73650119-73650119,MYOZ1/SYNPO2L
10,73650119,10:73650119:C:T,10,73647891,10:73647891:A:C,0.854483,2228,chr10:73650119-73650119,MYOZ1/SYNPO2L
10,73650119,10:73650119:C:T,10,73650119,10:73650119:C:T,1.0,0,chr10:73650119-73650119,MYOZ1/SYNPO2L
10,73650119,10:73650119:C:T,10,73654586,10:73654586:G:C,0.876156,4467,chr10:73650119-73650119,MYOZ1/SYNPO2L
10,73650119,10:73650119:C:T,10,73655919,10:73655919:C:T,0.865463,5800,chr10:73650119-73650119,MYOZ1/SYNPO2L
10,73650119,10:73650119:C:T,10,73660422,10:73660422:C:T,0.82953,10303,chr10:73650119-73650119,MYOZ1/SYNPO2L
10,73650119,10:73650119:C:T,10,73660812,10:73660812:T:C,0.82953,10693,chr10:73650119-73650119,MYOZ1/SYNPO2L
10,73650119,10:73650119:C:T,10,73661688,10:73661688:C:T,0.82953,11569,chr10:73650119-73650119,MYOZ1/SYNPO2L
10,73650119,10:73650119:C:T,10,73661822,10:73661822:G:A,0.82953,11703,chr10:73650119-73650119,MYOZ1/SYNPO2L
10,73650119,10:73650119:C:T,10,73662556,10:73662556:C:T,0.82953,12437,chr10:73650119-73650119,MYOZ1/SYNPO2L
10,73650119,10:73650119:C:T,10,73668538,10:73668538:A:T,0.818892,18419,chr10:73650119-73650119,MYOZ1/SYNPO2L
10,112745278,10:112745278:T:C,10,112696068,10:112696068:T:C,0.858274,49210,chr10:112745278-112745278,VTI1A/TCF7L2
10,112745278,10:112745278:T:C,10,112699170,10:112699170:A:G,0.883139,46108,chr10:112745278-112745278,VTI1A/TCF7L2
10,112745278,10:112745278:T:C,10,112699210,10:112699210:A:G,0.883139,46068,chr10:112745278-112745278,VTI1A/TCF7L2
10,112745278,10:112745278:T:C,10,112704400,10:112704400:G:A,0.896647,40878,chr10:112745278-112745278,VTI1A/TCF7L2
10,112745278,10:112745278:T:C,10,112707084,10:112707084:T:G,0.904471,38194,chr10:112745278-112745278,VTI1A/TCF7L2
10,112745278,10:112745278:T:C,10,112707571,10:112707571:G:A,0.866911,37707,chr10:112745278-112745278,VTI1A/TCF7L2
10,112745278,10:112745278:T:C,10,112708357,10:112708357:A:G,0.859323,36921,chr10:112745278-112745278,VTI1A/TCF7L2
10,112745278,10:112745278:T:C,10,112708378,10:112708378:G:C,0.850767,36900,chr10:112745278-112745278,VTI1A/TCF7L2
10,112745278,10:112745278:T:C,10,112708679,10:112708679:C:A,0.865917,36599,chr10:112745278-112745278,VTI1A/TCF7L2
10,112745278,10:112745278:T:C,10,112710208,10:112710208:C:CT,0.92053,35070,chr10:112745278-112745278,VTI1A/TCF7L2
10,112745278,10:112745278:T:C,10,112714138,10:112714138:A:G,0.827223,31140,chr10:112745278-112745278,VTI1A/TCF7L2
10,112745278,10:112745278:T:C,10,112714147,10:112714147:C:T,0.821571,31131,chr10:112745278-112745278,VTI1A/TCF7L2
10,112745278,10:112745278:T:C,10,112716007,10:112716007:T:C,0.80135,29271,chr10:112745278-112745278,VTI1A/TCF7L2
10,112745278,10:112745278:T:C,10,112717376,10:112717376:C:G,0.827223,27902,chr10:112745278-112745278,VTI1A/TCF7L2
10,112745278,10:112745278:T:C,10,112719503,10:112719503:G:T,0.920087,25775,chr10:112745278-112745278,VTI1A/TCF7L2
10,112745278,10:112745278:T:C,10,112719518,10:112719518:A:G,0.94569,25760,chr10:112745278-112745278,VTI1A/TCF7L2
10,112745278,10:112745278:T:C,10,112719784,10:112719784:G:C,0.800198,25494,chr10:112745278-112745278,VTI1A/TCF7L2
10,112745278,10:112745278:T:C,10,112721533,10:112721533:C:T,0.808261,23745,chr10:112745278-112745278,VTI1A/TCF7L2
10,112745278,10:112745278:T:C,10,112722650,10:112722650:T:C,0.937546,22628,chr10:112745278-112745278,VTI1A/TCF7L2
10,112745278,10:112745278:T:C,10,112723319,10:112723319:G:A,0.8366,21959,chr10:112745278-112745278,VTI1A/TCF7L2
10,112745278,10:112745278:T:C,10,112724786,10:112724786:GA:G,0.952008,20492,chr10:112745278-112745278,VTI1A/TCF7L2
10,112745278,10:112745278:T:C,10,112725578,10:112725578:A:G,0.835119,19700,chr10:112745278-112745278,VTI1A/TCF7L2
10,112745278,10:112745278:T:C,10,112726161,10:112726161:C:G,0.827979,19117,chr10:112745278-112745278,VTI1A/TCF7L2
10,112745278,10:112745278:T:C,10,112727426,10:112727427:GA:G,0.923412,17852,chr10:112745278-112745278,VTI1A/TCF7L2
10,112745278,10:112745278:T:C,10,112727485,10:112727485:A:G,0.827979,17793,chr10:112745278-112745278,VTI1A/TCF7L2
10,112745278,10:112745278:T:C,10,112727938,10:112727938:C:T,0.829554,17340,chr10:112745278-112745278,VTI1A/TCF7L2
10,112745278,10:112745278:T:C,10,112728053,10:112728053:G:A,0.930764,17225,chr10:112745278-112745278,VTI1A/TCF7L2
10,112745278,10:112745278:T:C,10,112728185,10:112728185:TC:T,0.8366,17093,chr10:112745278-112745278,VTI1A/TCF7L2
10,112745278,10:112745278:T:C,10,112728306,10:112728306:G:A,0.8366,16972,chr10:112745278-112745278,VTI1A/TCF7L2
10,112745278,10:112745278:T:C,10,112729251,10:112729251:C:T,0.8366,16027,chr10:112745278-112745278,VTI1A/TCF7L2
10,112745278,10:112745278:T:C,10,112730284,10:112730284:C:T,0.843725,14994,chr10:112745278-112745278,VTI1A/TCF7L2
10,112745278,10:112745278:T:C,10,112730400,10:112730400:G:T,0.816199,14878,chr10:112745278-112745278,VTI1A/TCF7L2
10,112745278,10:112745278:T:C,10,112731575,10:112731575:CA:C,0.843322,13703,chr10:112745278-112745278,VTI1A/TCF7L2
10,112745278,10:112745278:T:C,10,112732165,10:112732165:T:C,0.824161,13113,chr10:112745278-112745278,VTI1A/TCF7L2
10,112745278,10:112745278:T:C,10,112733162,10:112733162:T:C,0.845322,12116,chr10:112745278-112745278,VTI1A/TCF7L2
10,112745278,10:112745278:T:C,10,112734246,10:112734246:T:C,0.862966,11032,chr10:112745278-112745278,VTI1A/TCF7L2
10,112745278,10:112745278:T:C,10,112734654,10:112734654:CT:C,0.85281,10624,chr10:112745278-112745278,VTI1A/TCF7L2
10,112745278,10:112745278:T:C,10,112734921,10:112734921:T:C,0.862966,10357,chr10:112745278-112745278,VTI1A/TCF7L2
10,112745278,10:112745278:T:C,10,112736111,10:112736111:G:A,0.804861,9167,chr10:112745278-112745278,VTI1A/TCF7L2
10,112745278,10:112745278:T:C,10,112736928,10:112736928:A:G,0.845322,8350,chr10:112745278-112745278,VTI1A/TCF7L2
10,112745278,10:112745278:T:C,10,112740245,10:112740245:G:T,0.863076,5033,chr10:112745278-112745278,VTI1A/TCF7L2
10,112745278,10:112745278:T:C,10,112740383,10:112740383:A:G,1.0,4895,chr10:112745278-112745278,VTI1A/TCF7L2
10,112745278,10:112745278:T:C,10,112741514,10:112741514:T:C,0.863076,3764,chr10:112745278-112745278,VTI1A/TCF7L2
10,112745278,10:112745278:T:C,10,112744459,10:112744459:C:CT,0.84435,819,chr10:112745278-112745278,VTI1A/TCF7L2
10,112745278,10:112745278:T:C,10,112745278,10:112745278:T:C,1.0,0,chr10:112745278-112745278,VTI1A/TCF7L2
10,112745278,10:112745278:T:C,10,112745706,10:112745706:G:A,1.0,428,chr10:112745278-112745278,VTI1A/TCF7L2
10,112745278,10:112745278:T:C,10,112746533,10:112746533:G:A,1.0,1255,chr10:112745278-112745278,VTI1A/TCF7L2
10,112745278,10:112745278:T:C,10,112747837,10:112747837:G:C,0.867012,2559,chr10:112745278-112745278,VTI1A/TCF7L2
10,112745278,10:112745278:T:C,10,112753067,10:112753067:GA:G,0.991934,7789,chr10:112745278-112745278,VTI1A/TCF7L2
10,112745278,10:112745278:T:C,10,112754292,10:112754292:C:T,0.861592,9014,chr10:112745278-112745278,VTI1A/TCF7L2
10,119667372,10:119667372:C:T,10,119656173,10:119656173:G:A,0.989988,11199,chr10:119667372-119667372,BAG3
10,119667372,10:119667372:C:T,10,119659975,10:119659975:C:G,0.831232,7397,chr10:119667372-119667372,BAG3
10,119667372,10:119667372:C:T,10,119663324,10:119663324:G:C,0.989988,4048,chr10:119667372-119667372,BAG3
10,119667372,10:119667372:C:T,10,119665303,10:119665303:A:AT,0.95079,2069,chr10:119667372-119667372,BAG3
10,119667372,10:119667372:C:T,10,119665450,10:119665450:A:T,0.989988,1922,chr10:119667372-119667372,BAG3
10,119667372,10:119667372:C:T,10,119666800,10:119666800:G:A,0.831232,572,chr10:119667372-119667372,BAG3
10,119667372,10:119667372:C:T,10,119667372,10:119667372:C:T,1.0,0,chr10:119667372-119667372,BAG3
10,119667372,10:119667372:C:T,10,119670121,10:119670121:T:C,0.989988,2749,chr10:119667372-119667372,BAG3
10,119667372,10:119667372:C:T,10,119674163,10:119674163:C:T,1.0,6791,chr10:119667372-119667372,BAG3
11,14353533,11:14353533:T:C,11,14256503,11:14256503:T:A,0.80854,97030,chr11:14353533-14353533,COPB1/RRAS2
11,14353533,11:14353533:T:C,11,14264354,11:14264354:C:A,0.809702,89179,chr11:14353533-14353533,COPB1/RRAS2
11,14353533,11:14353533:T:C,11,14266550,11:14266550:A:G,0.80854,86983,chr11:14353533-14353533,COPB1/RRAS2
11,14353533,11:14353533:T:C,11,14266582,11:14266582:G:T,0.80854,86951,chr11:14353533-14353533,COPB1/RRAS2
11,14353533,11:14353533:T:C,11,14267447,11:14267447:G:GA,0.80854,86086,chr11:14353533-14353533,COPB1/RRAS2
11,14353533,11:14353533:T:C,11,14267507,11:14267507:A:T,0.80854,86026,chr11:14353533-14353533,COPB1/RRAS2
11,14353533,11:14353533:T:C,11,14269399,11:14269399:G:A,0.803006,84134,chr11:14353533-14353533,COPB1/RRAS2
11,14353533,11:14353533:T:C,11,14270048,11:14270048:A:G,0.80854,83485,chr11:14353533-14353533,COPB1/RRAS2
11,14353533,11:14353533:T:C,11,14270484,11:14270484:C:CA,0.803006,83049,chr11:14353533-14353533,COPB1/RRAS2
11,14353533,11:14353533:T:C,11,14273162,11:14273162:C:T,0.817406,80371,chr11:14353533-14353533,COPB1/RRAS2
11,14353533,11:14353533:T:C,11,14273363,11:14273363:A:G,0.810605,80170,chr11:14353533-14353533,COPB1/RRAS2
11,14353533,11:14353533:T:C,11,14273821,11:14273821:C:G,0.817406,79712,chr11:14353533-14353533,COPB1/RRAS2
11,14353533,11:14353533:T:C,11,14276326,11:14276326:A:C,0.817406,77207,chr11:14353533-14353533,COPB1/RRAS2
11,14353533,11:14353533:T:C,11,14279213,11:14279213:C:G,0.817406,74320,chr11:14353533-14353533,COPB1/RRAS2
11,14353533,11:14353533:T:C,11,14282429,11:14282429:T:C,0.809702,71104,chr11:14353533-14353533,COPB1/RRAS2
11,14353533,11:14353533:T:C,11,14283198,11:14283198:C:T,0.832314,70335,chr11:14353533-14353533,COPB1/RRAS2
11,14353533,11:14353533:T:C,11,14283555,11:14283555:C:T,0.832314,69978,chr11:14353533-14353533,COPB1/RRAS2
11,14353533,11:14353533:T:C,11,14287871,11:14287871:CA:C,0.814604,65662,chr11:14353533-14353533,COPB1/RRAS2
11,14353533,11:14353533:T:C,11,14288736,11:14288736:G:A,0.837889,64797,chr11:14353533-14353533,COPB1/RRAS2
11,14353533,11:14353533:T:C,11,14294369,11:14294369:C:T,0.837889,59164,chr11:14353533-14353533,COPB1/RRAS2
11,14353533,11:14353533:T:C,11,14306076,11:14306076:A:AT,0.992964,47457,chr11:14353533-14353533,COPB1/RRAS2
11,14353533,11:14353533:T:C,11,14307143,11:14307143:A:G,0.992964,46390,chr11:14353533-14353533,COPB1/RRAS2
11,14353533,11:14353533:T:C,11,14318494,11:14318494:A:C,0.992964,35039,chr11:14353533-14353533,COPB1/RRAS2
11,14353533,11:14353533:T:C,11,14318958,11:14318958:T:C,0.992964,34575,chr11:14353533-14353533,COPB1/RRAS2
11,14353533,11:14353533:T:C,11,14321403,11:14321403:T:C,0.992964,32130,chr11:14353533-14353533,COPB1/RRAS2
11,14353533,11:14353533:T:C,11,14322276,11:14322276:C:CA,0.992964,31257,chr11:14353533-14353533,COPB1/RRAS2
11,14353533,11:14353533:T:C,11,14324013,11:14324013:T:G,0.992964,29520,chr11:14353533-14353533,COPB1/RRAS2
11,14353533,11:14353533:T:C,11,14328366,11:14328366:C:CAA,0.844442,25167,chr11:14353533-14353533,COPB1/RRAS2
11,14353533,11:14353533:T:C,11,14329068,11:14329068:TACAC:T,0.905842,24465,chr11:14353533-14353533,COPB1/RRAS2
11,14353533,11:14353533:T:C,11,14330653,11:14330653:T:TA,0.992964,22880,chr11:14353533-14353533,COPB1/RRAS2
11,14353533,11:14353533:T:C,11,14332411,11:14332411:G:C,0.985984,21122,chr11:14353533-14353533,COPB1/RRAS2
11,14353533,11:14353533:T:C,11,14333654,11:14333654:CT:C,0.971796,19879,chr11:14353533-14353533,COPB1/RRAS2
11,14353533,11:14353533:T:C,11,14334018,11:14334018:G:A,0.992964,19515,chr11:14353533-14353533,COPB1/RRAS2
11,14353533,11:14353533:T:C,11,14344983,11:14344984:C:CTT,0.813424,8550,chr11:14353533-14353533,COPB1/RRAS2
11,14353533,11:14353533:T:C,11,14348223,11:14348223:T:C,0.992964,5310,chr11:14353533-14353533,COPB1/RRAS2
11,14353533,11:14353533:T:C,11,14353533,11:14353533:T:C,1.0,0,chr11:14353533-14353533,COPB1/RRAS2
11,14353533,11:14353533:T:C,11,14354137,11:14354137:C:A,1.0,604,chr11:14353533-14353533,COPB1/RRAS2
11,14353533,11:14353533:T:C,11,14354732,11:14354732:A:G,1.0,1199,chr11:14353533-14353533,COPB1/RRAS2
11,14353533,11:14353533:T:C,11,14359282,11:14359282:G:A,1.0,5749,chr11:14353533-14353533,COPB1/RRAS2
11,14353533,11:14353533:T:C,11,14359452,11:14359452:G:A,1.0,5919,chr11:14353533-14353533,COPB1/RRAS2
11,14353533,11:14353533:T:C,11,14360195,11:14360195:TAA:T,1.0,6662,chr11:14353533-14353533,COPB1/RRAS2
11,14353533,11:14353533:T:C,11,14360567,11:14360567:AT:A,0.985873,7034,chr11:14353533-14353533,COPB1/RRAS2
11,14353533,11:14353533:T:C,11,14364599,11:14364599:A:G,0.985984,11066,chr11:14353533-14353533,COPB1/RRAS2
11,14353533,11:14353533:T:C,11,14366549,11:14366549:AG:A,0.85852,13016,chr11:14353533-14353533,COPB1/RRAS2
11,14353533,11:14353533:T:C,11,14368917,11:14368917:G:T,0.992964,15384,chr11:14353533-14353533,COPB1/RRAS2
11,14353533,11:14353533:T:C,11,14372712,11:14372712:A:G,0.985984,19179,chr11:14353533-14353533,COPB1/RRAS2
11,57985437,11:57985437:G:A,11,57602506,11:57602506:C:T,0.871951,382931,chr11:57985437-57985437,MYBPC3
11,57985437,11:57985437:G:A,11,57749267,11:57749267:C:A,1.0,236170,chr11:57985437-57985437,MYBPC3
11,57985437,11:57985437:G:A,11,57805091,11:57805091:G:GTTTCACCAT,1.0,180346,chr11:57985437-57985437,MYBPC3
11,57985437,11:57985437:G:A,11,57811029,11:57811029:C:T,1.0,174408,chr11:57985437-57985437,MYBPC3
11,57985437,11:57985437:G:A,11,57861644,11:57861645:A:AT,1.0,123793,chr11:57985437-57985437,MYBPC3
11,57985437,11:57985437:G:A,11,57985437,11:57985437:G:A,1.0,0,chr11:57985437-57985437,MYBPC3
11,57985437,11:57985437:G:A,11,58521764,11:58521764:C:G,0.871951,536327,chr11:57985437-57985437,MYBPC3
11,57985437,11:57985437:G:A,11,58815120,11:58815120:G:A,0.871951,829683,chr11:57985437-57985437,MYBPC3
11,57985437,11:57985437:G:A,11,58822105,11:58822106:T:TAA,0.871951,836668,chr11:57985437-57985437,MYBPC3
11,101104156,11:101104156:A:G,11,101096324,11:101096324:A:G,0.991844,7832,chr11:101104156-101104156,PGR
11,101104156,11:101104156:A:G,11,101096841,11:101096841:T:C,1.0,7315,chr11:101104156-101104156,PGR
11,101104156,11:101104156:A:G,11,101096998,11:101096998:TA:T,0.991844,7158,chr11:101104156-101104156,PGR
11,101104156,11:101104156:A:G,11,101097392,11:101097392:T:C,0.991844,6764,chr11:101104156-101104156,PGR
11,101104156,11:101104156:A:G,11,101097539,11:101097539:G:A,0.991844,6617,chr11:101104156-101104156,PGR
11,101104156,11:101104156:A:G,11,101098239,11:101098239:G:T,0.95991,5917,chr11:101104156-101104156,PGR
11,101104156,11:101104156:A:G,11,101098629,11:101098629:T:C,1.0,5527,chr11:101104156-101104156,PGR
11,101104156,11:101104156:A:G,11,101098775,11:101098775:G:C,0.991844,5381,chr11:101104156-101104156,PGR
11,101104156,11:101104156:A:G,11,101099793,11:101099793:AC:A,0.991844,4363,chr11:101104156-101104156,PGR
11,101104156,11:101104156:A:G,11,101101209,11:101101209:A:C,0.968433,2947,chr11:101104156-101104156,PGR
11,101104156,11:101104156:A:G,11,101101396,11:101101396:A:G,0.968433,2760,chr11:101104156-101104156,PGR
11,101104156,11:101104156:A:G,11,101104156,11:101104156:A:G,1.0,0,chr11:101104156-101104156,PGR
11,101104156,11:101104156:A:G,11,101105527,11:101105527:T:C,0.968433,1371,chr11:101104156-101104156,PGR
11,101104156,11:101104156:A:G,11,101105740,11:101105740:A:G,1.0,1584,chr11:101104156-101104156,PGR
11,101104156,11:101104156:A:G,11,101106414,11:101106414:G:A,0.95991,2258,chr11:101104156-101104156,PGR
11,101104156,11:101104156:A:G,11,101107945,11:101107945:G:A,0.98373,3789,chr11:101104156-101104156,PGR
11,101104156,11:101104156:A:G,11,101108109,11:101108109:G:C,0.968433,3953,chr11:101104156-101104156,PGR
11,101104156,11:101104156:A:G,11,101108744,11:101108744:T:C,0.968433,4588,chr11:101104156-101104156,PGR
11,101104156,11:101104156:A:G,11,101108996,11:101108996:G:A,0.95991,4840,chr11:101104156-101104156,PGR
11,101104156,11:101104156:A:G,11,101115747,11:101115747:C:T,0.968433,11591,chr11:101104156-101104156,PGR
11,101104156,11:101104156:A:G,11,101115769,11:101115769:C:CAA,0.960366,11613,chr11:101104156-101104156,PGR
11,101104156,11:101104156:A:G,11,101122152,11:101122153:C:CAA,0.904199,17996,chr11:101104156-101104156,PGR
12,20436249,12:20436249:A:G,12,20434283,12:20434283:T:A,0.805567,1966,chr12:20436249-20436249,PDE3A
12,20436249,12:20436249:A:G,12,20435641,12:20435641:G:A,0.974918,608,chr12:20436249-20436249,PDE3A
12,20436249,12:20436249:A:G,12,20436249,12:20436249:A:G,1.0,0,chr12:20436249-20436249,PDE3A
12,20436249,12:20436249:A:G,12,20436456,12:20436456:A:G,1.0,207,chr12:20436249-20436249,PDE3A
12,26195371,12:26195371:T:C,12,26186284,12:26186284:G:A,0.870951,9087,chr12:26195371-26195371,SSPN
12,26195371,12:26195371:T:C,12,26186798,12:26186798:C:T,0.886063,8573,chr12:26195371-26195371,SSPN
12,26195371,12:26195371:T:C,12,26187955,12:26187955:A:C,0.89315,7416,chr12:26195371-26195371,SSPN
12,26195371,12:26195371:T:C,12,26192593,12:26192593:C:T,1.0,2778,chr12:26195371-26195371,SSPN
12,26195371,12:26195371:T:C,12,26192897,12:26192897:CCTA:C,1.0,2474,chr12:26195371-26195371,SSPN
12,26195371,12:26195371:T:C,12,26194023,12:26194023:A:T,1.0,1348,chr12:26195371-26195371,SSPN
12,26195371,12:26195371:T:C,12,26195371,12:26195371:T:C,1.0,0,chr12:26195371-26195371,SSPN
12,114924125,12:114924125:A:G,12,114906580,12:114906580:T:A,0.805846,17545,chr12:114924125-114924125,TBX3
12,114924125,12:114924125:A:G,12,114906756,12:114906756:G:A,0.851249,17369,chr12:114924125-114924125,TBX3
12,114924125,12:114924125:A:G,12,114906765,12:114906765:C:CA,0.81079,17360,chr12:114924125-114924125,TBX3
12,114924125,12:114924125:A:G,12,114906977,12:114906977:T:G,0.844803,17148,chr12:114924125-114924125,TBX3
12,114924125,12:114924125:A:G,12,114908619,12:114908619:C:T,0.928738,15506,chr12:114924125-114924125,TBX3
12,114924125,12:114924125:A:G,12,114909112,12:114909112:T:TA,0.928738,15013,chr12:114924125-114924125,TBX3
12,114924125,12:114924125:A:G,12,114911692,12:114911692:T:C,0.928738,12433,chr12:114924125-114924125,TBX3
12,114924125,12:114924125:A:G,12,114913989,12:114913989:G:T,0.928738,10136,chr12:114924125-114924125,TBX3
12,114924125,12:114924125:A:G,12,114914104,12:114914104:A:C,0.928738,10021,chr12:114924125-114924125,TBX3
12,114924125,12:114924125:A:G,12,114915898,12:114915898:A:G,0.967687,8227,chr12:114924125-114924125,TBX3
12,114924125,12:114924125:A:G,12,114915996,12:114915996:C:T,0.911265,8129,chr12:114924125-114924125,TBX3
12,114924125,12:114924125:A:G,12,114916374,12:114916374:C:T,0.911265,7751,chr12:114924125-114924125,TBX3
12,114924125,12:114924125:A:G,12,114916423,12:114916423:A:AC,0.911265,7702,chr12:114924125-114924125,TBX3
12,114924125,12:114924125:A:G,12,114919198,12:114919198:G:A,0.967687,4927,chr12:114924125-114924125,TBX3
12,114924125,12:114924125:A:G,12,114919627,12:114919627:C:T,0.869223,4498,chr12:114924125-114924125,TBX3
12,114924125,12:114924125:A:G,12,114920123,12:114920123:A:G,0.863964,4002,chr12:114924125-114924125,TBX3
12,114924125,12:114924125:A:G,12,114920501,12:114920501:CAATG:C,0.863964,3624,chr12:114924125-114924125,TBX3
12,114924125,12:114924125:A:G,12,114921147,12:114921147:T:G,0.975864,2978,chr12:114924125-114924125,TBX3
12,114924125,12:114924125:A:G,12,114921401,12:114921401:T:A,0.863964,2724,chr12:114924125-114924125,TBX3
12,114924125,12:114924125:A:G,12,114921685,12:114921685:TGATTTAGCC:T,0.863964,2440,chr12:114924125-114924125,TBX3
12,114924125,12:114924125:A:G,12,114922788,12:114922788:T:C,0.863964,1337,chr12:114924125-114924125,TBX3
12,114924125,12:114924125:A:G,12,114923019,12:114923019:G:A,0.975864,1106,chr12:114924125-114924125,TBX3
12,114924125,12:114924125:A:G,12,114923061,12:114923061:G:A,0.951959,1064,chr12:114924125-114924125,TBX3
12,114924125,12:114924125:A:G,12,114923386,12:114923386:C:T,0.951959,739,chr12:114924125-114924125,TBX3
12,114924125,12:114924125:A:G,12,114923559,12:114923559:T:G,1.0,566,chr12:114924125-114924125,TBX3
12,114924125,12:114924125:A:G,12,114923924,12:114923924:A:AT,0.913955,201,chr12:114924125-114924125,TBX3
12,114924125,12:114924125:A:G,12,114923952,12:114923952:T:C,0.951959,173,chr12:114924125-114924125,TBX3
12,114924125,12:114924125:A:G,12,114924125,12:114924125:A:G,1.0,0,chr12:114924125-114924125,TBX3
12,114924125,12:114924125:A:G,12,114924473,12:114924473:T:G,0.88299,348,chr12:114924125-114924125,TBX3
12,114924125,12:114924125:A:G,12,114924779,12:114924779:T:C,0.903808,654,chr12:114924125-114924125,TBX3
12,114924125,12:114924125:A:G,12,114924809,12:114924809:A:T,0.951959,684,chr12:114924125-114924125,TBX3
12,114924125,12:114924125:A:G,12,114925167,12:114925167:A:G,0.88299,1042,chr12:114924125-114924125,TBX3
12,114924125,12:114924125:A:G,12,114925306,12:114925306:T:C,0.951959,1181,chr12:114924125-114924125,TBX3
12,114924125,12:114924125:A:G,12,114925638,12:114925638:C:T,0.88299,1513,chr12:114924125-114924125,TBX3
12,114924125,12:114924125:A:G,12,114925946,12:114925946:T:A,1.0,1821,chr12:114924125-114924125,TBX3
12,114924125,12:114924125:A:G,12,114926149,12:114926149:T:G,0.88299,2024,chr12:114924125-114924125,TBX3
12,114924125,12:114924125:A:G,12,114927406,12:114927406:A:G,1.0,3281,chr12:114924125-114924125,TBX3
12,114924125,12:114924125:A:G,12,114928220,12:114928220:TAAAG:T,0.88299,4095,chr12:114924125-114924125,TBX3
12,114924125,12:114924125:A:G,12,114928480,12:114928480:T:G,0.951959,4355,chr12:114924125-114924125,TBX3
12,114924125,12:114924125:A:G,12,114928864,12:114928864:A:T,0.951959,4739,chr12:114924125-114924125,TBX3
12,114924125,12:114924125:A:G,12,114929481,12:114929481:C:T,0.951959,5356,chr12:114924125-114924125,TBX3
12,114924125,12:114924125:A:G,12,114929852,12:114929852:T:C,0.951959,5727,chr12:114924125-114924125,TBX3
12,114924125,12:114924125:A:G,12,114930035,12:114930035:A:G,0.951959,5910,chr12:114924125-114924125,TBX3
12,114924125,12:114924125:A:G,12,114930183,12:114930183:T:TCTCTTTCTC,0.867263,6058,chr12:114924125-114924125,TBX3
12,114924125,12:114924125:A:G,12,114930274,12:114930274:T:G,0.88299,6149,chr12:114924125-114924125,TBX3
12,114924125,12:114924125:A:G,12,114930665,12:114930665:AAAACAAAC:A,0.951959,6540,chr12:114924125-114924125,TBX3
12,114924125,12:114924125:A:G,12,114930705,12:114930705:GT:G,0.943639,6580,chr12:114924125-114924125,TBX3
12,114924125,12:114924125:A:G,12,114930764,12:114930764:CT:C,0.951959,6639,chr12:114924125-114924125,TBX3
12,114924125,12:114924125:A:G,12,114930767,12:114930767:G:A,0.951959,6642,chr12:114924125-114924125,TBX3
12,114924125,12:114924125:A:G,12,114931233,12:114931233:C:G,0.951959,7108,chr12:114924125-114924125,TBX3
12,114924125,12:114924125:A:G,12,114932145,12:114932145:GA:G,0.951959,8020,chr12:114924125-114924125,TBX3
12,114924125,12:114924125:A:G,12,114932709,12:114932709:CA:C,0.88299,8584,chr12:114924125-114924125,TBX3
12,114924125,12:114924125:A:G,12,114932721,12:114932721:G:A,0.88299,8596,chr12:114924125-114924125,TBX3
12,114924125,12:114924125:A:G,12,114932733,12:114932733:A:T,0.88299,8608,chr12:114924125-114924125,TBX3
12,114924125,12:114924125:A:G,12,114932735,12:114932735:G:A,0.88299,8610,chr12:114924125-114924125,TBX3
12,114924125,12:114924125:A:G,12,114932841,12:114932841:G:C,0.876076,8716,chr12:114924125-114924125,TBX3
12,114924125,12:114924125:A:G,12,114933223,12:114933223:A:AAT,0.951959,9098,chr12:114924125-114924125,TBX3
12,114924125,12:114924125:A:G,12,114933337,12:114933337:C:G,0.951959,9212,chr12:114924125-114924125,TBX3
12,114924125,12:114924125:A:G,12,114933376,12:114933376:T:C,0.991922,9251,chr12:114924125-114924125,TBX3
12,114924125,12:114924125:A:G,12,114933403,12:114933403:G:C,0.951959,9278,chr12:114924125-114924125,TBX3
12,114924125,12:114924125:A:G,12,114933937,12:114933937:T:G,0.951959,9812,chr12:114924125-114924125,TBX3
12,114924125,12:114924125:A:G,12,114934153,12:114934153:T:C,0.951959,10028,chr12:114924125-114924125,TBX3
12,114924125,12:114924125:A:G,12,114934747,12:114934747:G:T,0.951959,10622,chr12:114924125-114924125,TBX3
12,114924125,12:114924125:A:G,12,114935523,12:114935524:CT:C,0.991922,11398,chr12:114924125-114924125,TBX3
12,114924125,12:114924125:A:G,12,114943266,12:114943266:T:C,0.959611,19141,chr12:114924125-114924125,TBX3
12,114924125,12:114924125:A:G,12,114943342,12:114943342:C:T,0.959611,19217,chr12:114924125-114924125,TBX3
12,114924125,12:114924125:A:G,12,114943935,12:114943935:G:A,0.975756,19810,chr12:114924125-114924125,TBX3
12,120230731,12:120230731:G:A,12,120230731,12:120230731:G:A,1.0,0,chr12:120230731-120230731,PXN
12,120230731,12:120230731:G:A,12,120233844,12:120233844:C:T,1.0,3113,chr12:120230731-120230731,PXN
13,110388451,13:110388451:A:C,13,110388334,13:110388334:G:A,0.897935,117,chr13:110388451-110388451,COL4A2
13,110388451,13:110388451:A:C,13,110388451,13:110388451:A:C,1.0,0,chr13:110388451-110388451,COL4A2
13,110388451,13:110388451:A:C,13,110390962,13:110390962:A:G,0.955014,2511,chr13:110388451-110388451,COL4A2
13,113424243,13:113424243:A:C,13,113419635,13:113419635:C:T,0.941035,4608,chr13:113424243-113424243,ADPRHL1
13,113424243,13:113424243:A:C,13,113420794,13:113420794:G:C,0.941035,3449,chr13:113424243-113424243,ADPRHL1
13,113424243,13:113424243:A:C,13,113421618,13:113421618:C:T,0.941035,2625,chr13:113424243-113424243,ADPRHL1
13,113424243,13:113424243:A:C,13,113422152,13:113422152:A:G,0.941035,2091,chr13:113424243-113424243,ADPRHL1
13,113424243,13:113424243:A:C,13,113422166,13:113422166:C:T,0.941035,2077,chr13:113424243-113424243,ADPRHL1
13,113424243,13:113424243:A:C,13,113423705,13:113423705:C:T,0.941035,538,chr13:113424243-113424243,ADPRHL1
13,113424243,13:113424243:A:C,13,113424243,13:113424243:A:C,1.0,0,chr13:113424243-113424243,ADPRHL1
13,113424243,13:113424243:A:C,13,113424370,13:113424370:C:T,0.941035,127,chr13:113424243-113424243,ADPRHL1
13,113424243,13:113424243:A:C,13,113428242,13:113428243:C:CA,0.941035,3999,chr13:113424243-113424243,ADPRHL1
14,52850149,14:52850149:T:G,14,52843222,14:52843222:C:G,0.989002,6927,chr14:52850149-52850149,FERMT2/ERO1A
14,52850149,14:52850149:T:G,14,52846379,14:52846379:C:T,0.977782,3770,chr14:52850149-52850149,FERMT2/ERO1A
14,52850149,14:52850149:T:G,14,52850149,14:52850149:T:G,1.0,0,chr14:52850149-52850149,FERMT2/ERO1A
14,52850149,14:52850149:T:G,14,52854528,14:52854528:C:T,0.955115,4379,chr14:52850149-52850149,FERMT2/ERO1A
14,52850149,14:52850149:T:G,14,52854555,14:52854555:C:T,0.955115,4406,chr14:52850149-52850149,FERMT2/ERO1A
14,52850149,14:52850149:T:G,14,52854622,14:52854622:G:A,0.932401,4473,chr14:52850149-52850149,FERMT2/ERO1A
14,52850149,14:52850149:T:G,14,52863289,14:52863289:T:C,0.955115,13140,chr14:52850149-52850149,FERMT2/ERO1A
14,52850149,14:52850149:T:G,14,52864002,14:52864002:AT:A,0.943714,13853,chr14:52850149-52850149,FERMT2/ERO1A
14,52850149,14:52850149:T:G,14,52864961,14:52864961:T:C,0.955115,14812,chr14:52850149-52850149,FERMT2/ERO1A
14,52850149,14:52850149:T:G,14,52866398,14:52866398:C:G,0.943714,16249,chr14:52850149-52850149,FERMT2/ERO1A
14,52850149,14:52850149:T:G,14,52881822,14:52881822:T:G,0.944684,31673,chr14:52850149-52850149,FERMT2/ERO1A
14,52850149,14:52850149:T:G,14,52890393,14:52890393:G:A,0.932981,40244,chr14:52850149-52850149,FERMT2/ERO1A
14,52850149,14:52850149:T:G,14,52899234,14:52899234:T:C,0.932401,49085,chr14:52850149-52850149,FERMT2/ERO1A
14,52850149,14:52850149:T:G,14,52899605,14:52899605:T:C,0.932401,49456,chr14:52850149-52850149,FERMT2/ERO1A
14,52850149,14:52850149:T:G,14,52899721,14:52899721:G:T,0.932401,49572,chr14:52850149-52850149,FERMT2/ERO1A
14,52850149,14:52850149:T:G,14,52900205,14:52900205:A:G,0.888863,50056,chr14:52850149-52850149,FERMT2/ERO1A
14,52850149,14:52850149:T:G,14,52900370,14:52900370:T:TACATATAAA,0.932401,50221,chr14:52850149-52850149,FERMT2/ERO1A
14,52850149,14:52850149:T:G,14,52901075,14:52901075:G:A,0.932401,50926,chr14:52850149-52850149,FERMT2/ERO1A
14,52850149,14:52850149:T:G,14,52901364,14:52901364:G:T,0.932401,51215,chr14:52850149-52850149,FERMT2/ERO1A
14,52850149,14:52850149:T:G,14,52901514,14:52901514:C:T,0.932401,51365,chr14:52850149-52850149,FERMT2/ERO1A
14,52850149,14:52850149:T:G,14,52902086,14:52902086:C:T,0.932401,51937,chr14:52850149-52850149,FERMT2/ERO1A
14,52850149,14:52850149:T:G,14,52905612,14:52905612:T:C,0.932401,55463,chr14:52850149-52850149,FERMT2/ERO1A
14,52850149,14:52850149:T:G,14,52908523,14:52908523:A:G,0.911174,58374,chr14:52850149-52850149,FERMT2/ERO1A
14,52850149,14:52850149:T:G,14,52908584,14:52908584:C:A,0.911174,58435,chr14:52850149-52850149,FERMT2/ERO1A
14,52850149,14:52850149:T:G,14,52911528,14:52911528:A:G,0.921264,61379,chr14:52850149-52850149,FERMT2/ERO1A
14,52850149,14:52850149:T:G,14,52911642,14:52911642:T:C,0.921264,61493,chr14:52850149-52850149,FERMT2/ERO1A
14,52850149,14:52850149:T:G,14,52913207,14:52913207:T:C,0.921264,63058,chr14:52850149-52850149,FERMT2/ERO1A
14,52850149,14:52850149:T:G,14,52913296,14:52913296:A:G,0.921264,63147,chr14:52850149-52850149,FERMT2/ERO1A
14,52850149,14:52850149:T:G,14,52919454,14:52919454:A:ATAAT,0.921264,69305,chr14:52850149-52850149,FERMT2/ERO1A
14,52850149,14:52850149:T:G,14,52920391,14:52920391:T:G,0.921264,70242,chr14:52850149-52850149,FERMT2/ERO1A
14,71367493,14:71367493:G:A,14,71253259,14:71253259:A:G,0.801752,114234,chr14:71367493-71367493,SIPA1L1
14,71367493,14:71367493:G:A,14,71253632,14:71253632:T:C,0.801752,113861,chr14:71367493-71367493,SIPA1L1
14,71367493,14:71367493:G:A,14,71254742,14:71254742:G:T,0.809277,112751,chr14:71367493-71367493,SIPA1L1
14,71367493,14:71367493:G:A,14,71255080,14:71255080:G:A,0.809277,112413,chr14:71367493-71367493,SIPA1L1
14,71367493,14:71367493:G:A,14,71256347,14:71256347:T:C,0.809277,111146,chr14:71367493-71367493,SIPA1L1
14,71367493,14:71367493:G:A,14,71256520,14:71256520:G:T,0.809277,110973,chr14:71367493-71367493,SIPA1L1
14,71367493,14:71367493:G:A,14,71257691,14:71257691:T:C,0.816879,109802,chr14:71367493-71367493,SIPA1L1
14,71367493,14:71367493:G:A,14,71258784,14:71258784:T:C,0.809277,108709,chr14:71367493-71367493,SIPA1L1
14,71367493,14:71367493:G:A,14,71259634,14:71259634:T:C,0.816879,107859,chr14:71367493-71367493,SIPA1L1
14,71367493,14:71367493:G:A,14,71260776,14:71260776:A:G,0.816879,106717,chr14:71367493-71367493,SIPA1L1
14,71367493,14:71367493:G:A,14,71261612,14:71261612:C:T,0.809277,105881,chr14:71367493-71367493,SIPA1L1
14,71367493,14:71367493:G:A,14,71262540,14:71262540:T:C,0.816879,104953,chr14:71367493-71367493,SIPA1L1
14,71367493,14:71367493:G:A,14,71262721,14:71262721:C:T,0.809277,104772,chr14:71367493-71367493,SIPA1L1
14,71367493,14:71367493:G:A,14,71263247,14:71263247:C:T,0.802515,104246,chr14:71367493-71367493,SIPA1L1
14,71367493,14:71367493:G:A,14,71263402,14:71263402:C:T,0.802515,104091,chr14:71367493-71367493,SIPA1L1
14,71367493,14:71367493:G:A,14,71263753,14:71263753:C:A,0.816879,103740,chr14:71367493-71367493,SIPA1L1
14,71367493,14:71367493:G:A,14,71265809,14:71265809:ATGTGAAGAT:A,0.816879,101684,chr14:71367493-71367493,SIPA1L1
14,71367493,14:71367493:G:A,14,71265935,14:71265935:G:C,0.816879,101558,chr14:71367493-71367493,SIPA1L1
14,71367493,14:71367493:G:A,14,71266603,14:71266603:A:T,0.816879,100890,chr14:71367493-71367493,SIPA1L1
14,71367493,14:71367493:G:A,14,71266658,14:71266658:G:A,0.816879,100835,chr14:71367493-71367493,SIPA1L1
14,71367493,14:71367493:G:A,14,71266789,14:71266789:T:C,0.802515,100704,chr14:71367493-71367493,SIPA1L1
14,71367493,14:71367493:G:A,14,71267073,14:71267073:G:A,0.802515,100420,chr14:71367493-71367493,SIPA1L1
14,71367493,14:71367493:G:A,14,71268275,14:71268275:G:A,0.802515,99218,chr14:71367493-71367493,SIPA1L1
14,71367493,14:71367493:G:A,14,71268701,14:71268701:G:C,0.802515,98792,chr14:71367493-71367493,SIPA1L1
14,71367493,14:71367493:G:A,14,71270561,14:71270561:T:C,0.802515,96932,chr14:71367493-71367493,SIPA1L1
14,71367493,14:71367493:G:A,14,71272487,14:71272487:T:C,0.802515,95006,chr14:71367493-71367493,SIPA1L1
14,71367493,14:71367493:G:A,14,71276206,14:71276206:A:G,0.809277,91287,chr14:71367493-71367493,SIPA1L1
14,71367493,14:71367493:G:A,14,71280314,14:71280314:C:T,0.832978,87179,chr14:71367493-71367493,SIPA1L1
14,71367493,14:71367493:G:A,14,71280506,14:71280506:G:T,0.832978,86987,chr14:71367493-71367493,SIPA1L1
14,71367493,14:71367493:G:A,14,71281636,14:71281636:T:C,0.888933,85857,chr14:71367493-71367493,SIPA1L1
14,71367493,14:71367493:G:A,14,71284811,14:71284811:G:A,0.92953,82682,chr14:71367493-71367493,SIPA1L1
14,71367493,14:71367493:G:A,14,71284902,14:71284902:CA:C,0.920811,82591,chr14:71367493-71367493,SIPA1L1
14,71367493,14:71367493:G:A,14,71285619,14:71285619:G:A,0.912746,81874,chr14:71367493-71367493,SIPA1L1
14,71367493,14:71367493:G:A,14,71285627,14:71285627:C:T,0.973271,81866,chr14:71367493-71367493,SIPA1L1
14,71367493,14:71367493:G:A,14,71285643,14:71285643:A:T,0.92953,81850,chr14:71367493-71367493,SIPA1L1
14,71367493,14:71367493:G:A,14,71285695,14:71285695:CTTGT:C,0.912746,81798,chr14:71367493-71367493,SIPA1L1
14,71367493,14:71367493:G:A,14,71286073,14:71286073:T:C,0.92953,81420,chr14:71367493-71367493,SIPA1L1
14,71367493,14:71367493:G:A,14,71289641,14:71289641:A:G,0.912746,77852,chr14:71367493-71367493,SIPA1L1
14,71367493,14:71367493:G:A,14,71289966,14:71289966:A:C,0.912746,77527,chr14:71367493-71367493,SIPA1L1
14,71367493,14:71367493:G:A,14,71290037,14:71290037:T:G,0.973271,77456,chr14:71367493-71367493,SIPA1L1
14,71367493,14:71367493:G:A,14,71290262,14:71290262:CA:C,0.814551,77231,chr14:71367493-71367493,SIPA1L1
14,71367493,14:71367493:G:A,14,71290534,14:71290534:A:T,0.973271,76959,chr14:71367493-71367493,SIPA1L1
14,71367493,14:71367493:G:A,14,71290701,14:71290701:CT:C,0.856733,76792,chr14:71367493-71367493,SIPA1L1
14,71367493,14:71367493:G:A,14,71290962,14:71290962:C:T,0.92953,76531,chr14:71367493-71367493,SIPA1L1
14,71367493,14:71367493:G:A,14,71291881,14:71291881:G:A,0.92953,75612,chr14:71367493-71367493,SIPA1L1
14,71367493,14:71367493:G:A,14,71292334,14:71292334:CTG:C,0.912746,75159,chr14:71367493-71367493,SIPA1L1
14,71367493,14:71367493:G:A,14,71292899,14:71292899:C:A,0.912746,74594,chr14:71367493-71367493,SIPA1L1
14,71367493,14:71367493:G:A,14,71293178,14:71293178:T:G,0.912746,74315,chr14:71367493-71367493,SIPA1L1
14,71367493,14:71367493:G:A,14,71293233,14:71293233:T:C,0.973271,74260,chr14:71367493-71367493,SIPA1L1
14,71367493,14:71367493:G:A,14,71293705,14:71293705:C:T,0.92953,73788,chr14:71367493-71367493,SIPA1L1
14,71367493,14:71367493:G:A,14,71293829,14:71293829:A:T,0.912746,73664,chr14:71367493-71367493,SIPA1L1
14,71367493,14:71367493:G:A,14,71294299,14:71294299:TG:T,0.92953,73194,chr14:71367493-71367493,SIPA1L1
14,71367493,14:71367493:G:A,14,71294860,14:71294860:A:G,0.912746,72633,chr14:71367493-71367493,SIPA1L1
14,71367493,14:71367493:G:A,14,71295579,14:71295579:G:T,0.92953,71914,chr14:71367493-71367493,SIPA1L1
14,71367493,14:71367493:G:A,14,71295825,14:71295825:C:T,0.92953,71668,chr14:71367493-71367493,SIPA1L1
14,71367493,14:71367493:G:A,14,71295852,14:71295852:A:G,0.973271,71641,chr14:71367493-71367493,SIPA1L1
14,71367493,14:71367493:G:A,14,71295906,14:71295906:T:C,0.92953,71587,chr14:71367493-71367493,SIPA1L1
14,71367493,14:71367493:G:A,14,71295954,14:71295954:AAAAC:A,0.90948,71539,chr14:71367493-71367493,SIPA1L1
14,71367493,14:71367493:G:A,14,71298060,14:71298060:C:T,0.912746,69433,chr14:71367493-71367493,SIPA1L1
14,71367493,14:71367493:G:A,14,71298790,14:71298790:T:A,0.955851,68703,chr14:71367493-71367493,SIPA1L1
14,71367493,14:71367493:G:A,14,71299193,14:71299193:A:G,0.912746,68300,chr14:71367493-71367493,SIPA1L1
14,71367493,14:71367493:G:A,14,71299938,14:71299938:TGA:T,0.92953,67555,chr14:71367493-71367493,SIPA1L1
14,71367493,14:71367493:G:A,14,71299958,14:71299958:G:A,0.92953,67535,chr14:71367493-71367493,SIPA1L1
14,71367493,14:71367493:G:A,14,71301108,14:71301108:A:AACAGCAGTT,0.912746,66385,chr14:71367493-71367493,SIPA1L1
14,71367493,14:71367493:G:A,14,71301124,14:71301124:C:G,0.912746,66369,chr14:71367493-71367493,SIPA1L1
14,71367493,14:71367493:G:A,14,71301131,14:71301131:T:C,0.912746,66362,chr14:71367493-71367493,SIPA1L1
14,71367493,14:71367493:G:A,14,71301356,14:71301356:C:T,0.912746,66137,chr14:71367493-71367493,SIPA1L1
14,71367493,14:71367493:G:A,14,71302634,14:71302634:CTTT:C,0.844551,64859,chr14:71367493-71367493,SIPA1L1
14,71367493,14:71367493:G:A,14,71302649,14:71302649:T:G,0.879697,64844,chr14:71367493-71367493,SIPA1L1
14,71367493,14:71367493:G:A,14,71303272,14:71303272:T:C,0.938059,64221,chr14:71367493-71367493,SIPA1L1
14,71367493,14:71367493:G:A,14,71303768,14:71303768:C:G,0.982124,63725,chr14:71367493-71367493,SIPA1L1
14,71367493,14:71367493:G:A,14,71303993,14:71303993:T:A,0.938059,63500,chr14:71367493-71367493,SIPA1L1
14,71367493,14:71367493:G:A,14,71305204,14:71305204:C:T,0.921093,62289,chr14:71367493-71367493,SIPA1L1
14,71367493,14:71367493:G:A,14,71305250,14:71305250:C:G,0.921093,62243,chr14:71367493-71367493,SIPA1L1
14,71367493,14:71367493:G:A,14,71306010,14:71306010:C:A,0.938059,61483,chr14:71367493-71367493,SIPA1L1
14,71367493,14:71367493:G:A,14,71306780,14:71306780:C:T,0.982124,60713,chr14:71367493-71367493,SIPA1L1
14,71367493,14:71367493:G:A,14,71307335,14:71307335:T:G,0.921093,60158,chr14:71367493-71367493,SIPA1L1
14,71367493,14:71367493:G:A,14,71310217,14:71310217:C:G,0.938059,57276,chr14:71367493-71367493,SIPA1L1
14,71367493,14:71367493:G:A,14,71310376,14:71310376:C:A,0.921093,57117,chr14:71367493-71367493,SIPA1L1
14,71367493,14:71367493:G:A,14,71312366,14:71312366:G:A,0.921093,55127,chr14:71367493-71367493,SIPA1L1
14,71367493,14:71367493:G:A,14,71312493,14:71312493:CA:C,0.911064,55000,chr14:71367493-71367493,SIPA1L1
14,71367493,14:71367493:G:A,14,71313870,14:71313870:G:A,0.982124,53623,chr14:71367493-71367493,SIPA1L1
14,71367493,14:71367493:G:A,14,71314024,14:71314024:C:T,0.921093,53469,chr14:71367493-71367493,SIPA1L1
14,71367493,14:71367493:G:A,14,71314041,14:71314041:C:G,0.921093,53452,chr14:71367493-71367493,SIPA1L1
14,71367493,14:71367493:G:A,14,71314051,14:71314051:C:T,0.921093,53442,chr14:71367493-71367493,SIPA1L1
14,71367493,14:71367493:G:A,14,71314240,14:71314240:A:G,0.920423,53253,chr14:71367493-71367493,SIPA1L1
14,71367493,14:71367493:G:A,14,71315555,14:71315555:G:GT,0.885959,51938,chr14:71367493-71367493,SIPA1L1
14,71367493,14:71367493:G:A,14,71318485,14:71318485:T:G,0.920423,49008,chr14:71367493-71367493,SIPA1L1
14,71367493,14:71367493:G:A,14,71318559,14:71318559:A:G,0.964934,48934,chr14:71367493-71367493,SIPA1L1
14,71367493,14:71367493:G:A,14,71322229,14:71322229:C:T,0.964168,45264,chr14:71367493-71367493,SIPA1L1
14,71367493,14:71367493:G:A,14,71323145,14:71323145:T:C,0.973281,44348,chr14:71367493-71367493,SIPA1L1
14,71367493,14:71367493:G:A,14,71324453,14:71324453:G:C,0.911952,43040,chr14:71367493-71367493,SIPA1L1
14,71367493,14:71367493:G:A,14,71329420,14:71329420:G:GT,0.885603,38073,chr14:71367493-71367493,SIPA1L1
14,71367493,14:71367493:G:A,14,71329724,14:71329724:C:T,0.982165,37769,chr14:71367493-71367493,SIPA1L1
14,71367493,14:71367493:G:A,14,71332458,14:71332458:T:G,0.913578,35035,chr14:71367493-71367493,SIPA1L1
14,71367493,14:71367493:G:A,14,71341866,14:71341866:G:A,0.912746,25627,chr14:71367493-71367493,SIPA1L1
14,71367493,14:71367493:G:A,14,71344809,14:71344809:G:T,0.93016,22684,chr14:71367493-71367493,SIPA1L1
14,71367493,14:71367493:G:A,14,71345575,14:71345575:C:CT,0.877378,21918,chr14:71367493-71367493,SIPA1L1
14,71367493,14:71367493:G:A,14,71347118,14:71347118:A:AT,0.919638,20375,chr14:71367493-71367493,SIPA1L1
14,71367493,14:71367493:G:A,14,71354246,14:71354246:G:A,0.93016,13247,chr14:71367493-71367493,SIPA1L1
14,71367493,14:71367493:G:A,14,71357264,14:71357264:T:G,0.911952,10229,chr14:71367493-71367493,SIPA1L1
14,71367493,14:71367493:G:A,14,71358396,14:71358396:T:C,0.911952,9097,chr14:71367493-71367493,SIPA1L1
14,71367493,14:71367493:G:A,14,71364948,14:71364948:T:C,0.93016,2545,chr14:71367493-71367493,SIPA1L1
14,71367493,14:71367493:G:A,14,71364966,14:71364966:C:G,0.93016,2527,chr14:71367493-71367493,SIPA1L1
14,71367493,14:71367493:G:A,14,71367493,14:71367493:G:A,1.0,0,chr14:71367493-71367493,SIPA1L1
14,71367493,14:71367493:G:A,14,71372807,14:71372807:A:G,0.93016,5314,chr14:71367493-71367493,SIPA1L1
14,71367493,14:71367493:G:A,14,71374760,14:71374760:C:T,0.93016,7267,chr14:71367493-71367493,SIPA1L1
14,71367493,14:71367493:G:A,14,71376012,14:71376012:C:T,1.0,8519,chr14:71367493-71367493,SIPA1L1
14,71367493,14:71367493:G:A,14,71376503,14:71376503:C:CT,0.93016,9010,chr14:71367493-71367493,SIPA1L1
14,71367493,14:71367493:G:A,14,71377127,14:71377127:C:T,0.93016,9634,chr14:71367493-71367493,SIPA1L1
14,71367493,14:71367493:G:A,14,71377784,14:71377784:G:C,0.93016,10291,chr14:71367493-71367493,SIPA1L1
14,71367493,14:71367493:G:A,14,71378107,14:71378107:CT:C,0.93016,10614,chr14:71367493-71367493,SIPA1L1
14,71367493,14:71367493:G:A,14,71380400,14:71380400:A:G,0.98249,12907,chr14:71367493-71367493,SIPA1L1
14,71367493,14:71367493:G:A,14,71381393,14:71381393:C:T,0.93016,13900,chr14:71367493-71367493,SIPA1L1
14,71367493,14:71367493:G:A,14,71382468,14:71382468:A:G,0.982237,14975,chr14:71367493-71367493,SIPA1L1
14,71367493,14:71367493:G:A,14,71382591,14:71382591:T:C,0.93016,15098,chr14:71367493-71367493,SIPA1L1
14,71367493,14:71367493:G:A,14,71383023,14:71383023:A:G,1.0,15530,chr14:71367493-71367493,SIPA1L1
14,71367493,14:71367493:G:A,14,71387248,14:71387248:CAAAAAAA:C,0.837528,19755,chr14:71367493-71367493,SIPA1L1
14,71367493,14:71367493:G:A,14,71388617,14:71388617:A:T,0.93016,21124,chr14:71367493-71367493,SIPA1L1
14,71367493,14:71367493:G:A,14,71389467,14:71389467:G:A,1.0,21974,chr14:71367493-71367493,SIPA1L1
14,71367493,14:71367493:G:A,14,71390710,14:71390710:G:A,0.93016,23217,chr14:71367493-71367493,SIPA1L1
14,71367493,14:71367493:G:A,14,71391655,14:71391655:C:T,0.93016,24162,chr14:71367493-71367493,SIPA1L1
14,71367493,14:71367493:G:A,14,71393141,14:71393141:G:A,1.0,25648,chr14:71367493-71367493,SIPA1L1
14,71367493,14:71367493:G:A,14,71393601,14:71393601:C:T,0.93016,26108,chr14:71367493-71367493,SIPA1L1
14,71367493,14:71367493:G:A,14,71393812,14:71393812:C:A,0.93016,26319,chr14:71367493-71367493,SIPA1L1
14,71367493,14:71367493:G:A,14,71394561,14:71394561:C:T,0.93016,27068,chr14:71367493-71367493,SIPA1L1
14,71367493,14:71367493:G:A,14,71400558,14:71400558:T:C,0.93016,33065,chr14:71367493-71367493,SIPA1L1
14,71367493,14:71367493:G:A,14,71402829,14:71402829:G:C,1.0,35336,chr14:71367493-71367493,SIPA1L1
14,71367493,14:71367493:G:A,14,71402967,14:71402967:G:C,0.93016,35474,chr14:71367493-71367493,SIPA1L1
14,71367493,14:71367493:G:A,14,71403514,14:71403514:C:T,0.93016,36021,chr14:71367493-71367493,SIPA1L1
14,71367493,14:71367493:G:A,14,71405356,14:71405356:G:C,0.93016,37863,chr14:71367493-71367493,SIPA1L1
14,71367493,14:71367493:G:A,14,71406588,14:71406588:TG:T,0.93016,39095,chr14:71367493-71367493,SIPA1L1
14,71367493,14:71367493:G:A,14,71411751,14:71411751:A:C,0.93016,44258,chr14:71367493-71367493,SIPA1L1
14,71367493,14:71367493:G:A,14,71413376,14:71413376:A:G,0.93016,45883,chr14:71367493-71367493,SIPA1L1
14,71367493,14:71367493:G:A,14,71414022,14:71414022:G:C,0.93016,46529,chr14:71367493-71367493,SIPA1L1
14,71367493,14:71367493:G:A,14,71414785,14:71414785:C:G,0.93016,47292,chr14:71367493-71367493,SIPA1L1
14,71367493,14:71367493:G:A,14,71416371,14:71416371:G:T,0.93016,48878,chr14:71367493-71367493,SIPA1L1
14,71367493,14:71367493:G:A,14,71416720,14:71416720:TACACACAC:T,0.894541,49227,chr14:71367493-71367493,SIPA1L1
14,71367493,14:71367493:G:A,14,71416783,14:71416783:A:G,1.0,49290,chr14:71367493-71367493,SIPA1L1
14,71367493,14:71367493:G:A,14,71417850,14:71417850:G:T,1.0,50357,chr14:71367493-71367493,SIPA1L1
14,71367493,14:71367493:G:A,14,71419583,14:71419583:C:T,0.93016,52090,chr14:71367493-71367493,SIPA1L1
14,71367493,14:71367493:G:A,14,71419658,14:71419658:C:T,0.93016,52165,chr14:71367493-71367493,SIPA1L1
14,71367493,14:71367493:G:A,14,71419789,14:71419789:G:A,0.93016,52296,chr14:71367493-71367493,SIPA1L1
14,71367493,14:71367493:G:A,14,71421097,14:71421097:G:A,0.93016,53604,chr14:71367493-71367493,SIPA1L1
14,71367493,14:71367493:G:A,14,71421151,14:71421151:G:A,0.920811,53658,chr14:71367493-71367493,SIPA1L1
14,71367493,14:71367493:G:A,14,71423050,14:71423050:G:A,0.93016,55557,chr14:71367493-71367493,SIPA1L1
14,71367493,14:71367493:G:A,14,71425842,14:71425842:GT:G,1.0,58349,chr14:71367493-71367493,SIPA1L1
14,71367493,14:71367493:G:A,14,71425847,14:71425847:ATT:A,1.0,58354,chr14:71367493-71367493,SIPA1L1
14,71367493,14:71367493:G:A,14,71425851,14:71425851:T:C,1.0,58358,chr14:71367493-71367493,SIPA1L1
14,71367493,14:71367493:G:A,14,71432071,14:71432071:T:C,0.93016,64578,chr14:71367493-71367493,SIPA1L1
14,71367493,14:71367493:G:A,14,71433647,14:71433647:A:G,0.93016,66154,chr14:71367493-71367493,SIPA1L1
14,71367493,14:71367493:G:A,14,71435342,14:71435342:C:T,0.93016,67849,chr14:71367493-71367493,SIPA1L1
14,71367493,14:71367493:G:A,14,71436095,14:71436095:TGAACATACT:T,0.93016,68602,chr14:71367493-71367493,SIPA1L1
14,71367493,14:71367493:G:A,14,71439098,14:71439098:C:G,0.921668,71605,chr14:71367493-71367493,SIPA1L1
14,71367493,14:71367493:G:A,14,71440578,14:71440578:G:A,0.93016,73085,chr14:71367493-71367493,SIPA1L1
14,71367493,14:71367493:G:A,14,71443137,14:71443137:C:T,0.947234,75644,chr14:71367493-71367493,SIPA1L1
14,71367493,14:71367493:G:A,14,71443870,14:71443870:T:A,0.93016,76377,chr14:71367493-71367493,SIPA1L1
14,71367493,14:71367493:G:A,14,71448986,14:71448986:A:G,1.0,81493,chr14:71367493-71367493,SIPA1L1
14,71367493,14:71367493:G:A,14,71450206,14:71450206:A:G,0.93016,82713,chr14:71367493-71367493,SIPA1L1
14,71367493,14:71367493:G:A,14,71451704,14:71451704:C:T,1.0,84211,chr14:71367493-71367493,SIPA1L1
14,71367493,14:71367493:G:A,14,71453996,14:71453996:CAAAAAAAAA:C,0.817484,86503,chr14:71367493-71367493,SIPA1L1
14,71367493,14:71367493:G:A,14,71454859,14:71454859:G:A,1.0,87366,chr14:71367493-71367493,SIPA1L1
14,71367493,14:71367493:G:A,14,71456176,14:71456176:T:G,0.93016,88683,chr14:71367493-71367493,SIPA1L1
14,71367493,14:71367493:G:A,14,71456632,14:71456632:G:A,0.93016,89139,chr14:71367493-71367493,SIPA1L1
14,71367493,14:71367493:G:A,14,71456975,14:71456975:C:T,0.947234,89482,chr14:71367493-71367493,SIPA1L1
14,71367493,14:71367493:G:A,14,71457330,14:71457330:C:T,0.93016,89837,chr14:71367493-71367493,SIPA1L1
14,71367493,14:71367493:G:A,14,71461278,14:71461278:TG:T,0.93016,93785,chr14:71367493-71367493,SIPA1L1
14,71367493,14:71367493:G:A,14,71468439,14:71468439:C:T,0.93016,100946,chr14:71367493-71367493,SIPA1L1
14,71367493,14:71367493:G:A,14,71468796,14:71468796:G:A,0.93016,101303,chr14:71367493-71367493,SIPA1L1
14,71367493,14:71367493:G:A,14,71470722,14:71470722:C:T,0.93016,103229,chr14:71367493-71367493,SIPA1L1
14,71367493,14:71367493:G:A,14,71472355,14:71472355:C:CA,0.802608,104862,chr14:71367493-71367493,SIPA1L1
14,71367493,14:71367493:G:A,14,71473864,14:71473864:A:T,0.93016,106371,chr14:71367493-71367493,SIPA1L1
14,71367493,14:71367493:G:A,14,71473902,14:71473902:A:G,0.93016,106409,chr14:71367493-71367493,SIPA1L1
14,71367493,14:71367493:G:A,14,71475262,14:71475262:A:T,1.0,107769,chr14:71367493-71367493,SIPA1L1
14,71367493,14:71367493:G:A,14,71476649,14:71476649:TTTTATTTAT:T,0.93016,109156,chr14:71367493-71367493,SIPA1L1
14,71367493,14:71367493:G:A,14,71478220,14:71478220:A:G,1.0,110727,chr14:71367493-71367493,SIPA1L1
14,71367493,14:71367493:G:A,14,71485537,14:71485537:C:T,0.92176,118044,chr14:71367493-71367493,SIPA1L1
14,71367493,14:71367493:G:A,14,71489424,14:71489424:A:C,1.0,121931,chr14:71367493-71367493,SIPA1L1
14,71367493,14:71367493:G:A,14,71489553,14:71489553:T:C,1.0,122060,chr14:71367493-71367493,SIPA1L1
14,71367493,14:71367493:G:A,14,71490645,14:71490645:C:T,0.93016,123152,chr14:71367493-71367493,SIPA1L1
14,71367493,14:71367493:G:A,14,71495677,14:71495677:G:T,0.93016,128184,chr14:71367493-71367493,SIPA1L1
14,71367493,14:71367493:G:A,14,71495904,14:71495904:AAAAAAAAAA:A,0.858462,128411,chr14:71367493-71367493,SIPA1L1
14,71367493,14:71367493:G:A,14,71496072,14:71496072:G:GA,0.896662,128579,chr14:71367493-71367493,SIPA1L1
14,71367493,14:71367493:G:A,14,71496725,14:71496725:C:CTCCTT,1.0,129232,chr14:71367493-71367493,SIPA1L1
14,71367493,14:71367493:G:A,14,71496786,14:71496786:T:C,0.93016,129293,chr14:71367493-71367493,SIPA1L1
14,71367493,14:71367493:G:A,14,71497192,14:71497192:CA:C,1.0,129699,chr14:71367493-71367493,SIPA1L1
14,71367493,14:71367493:G:A,14,71497689,14:71497689:G:C,1.0,130196,chr14:71367493-71367493,SIPA1L1
14,71367493,14:71367493:G:A,14,71497804,14:71497804:G:A,0.947234,130311,chr14:71367493-71367493,SIPA1L1
14,71367493,14:71367493:G:A,14,71503908,14:71503908:A:G,0.93016,136415,chr14:71367493-71367493,SIPA1L1
14,71367493,14:71367493:G:A,14,71505421,14:71505421:C:CT,0.878402,137928,chr14:71367493-71367493,SIPA1L1
14,71367493,14:71367493:G:A,14,71513007,14:71513007:G:C,0.93016,145514,chr14:71367493-71367493,SIPA1L1
14,71367493,14:71367493:G:A,14,71513039,14:71513039:C:T,1.0,145546,chr14:71367493-71367493,SIPA1L1
14,71367493,14:71367493:G:A,14,71513519,14:71513519:G:A,0.93016,146026,chr14:71367493-71367493,SIPA1L1
14,71367493,14:71367493:G:A,14,71514027,14:71514027:A:T,0.947234,146534,chr14:71367493-71367493,SIPA1L1
14,71367493,14:71367493:G:A,14,71516579,14:71516579:G:A,0.93016,149086,chr14:71367493-71367493,SIPA1L1
14,71367493,14:71367493:G:A,14,71516921,14:71516921:T:C,1.0,149428,chr14:71367493-71367493,SIPA1L1
14,71367493,14:71367493:G:A,14,71516927,14:71516927:T:C,0.947234,149434,chr14:71367493-71367493,SIPA1L1
14,71367493,14:71367493:G:A,14,71517040,14:71517040:C:T,0.93016,149547,chr14:71367493-71367493,SIPA1L1
14,71367493,14:71367493:G:A,14,71517078,14:71517078:CT:C,0.947234,149585,chr14:71367493-71367493,SIPA1L1
14,71367493,14:71367493:G:A,14,71517988,14:71517988:G:C,1.0,150495,chr14:71367493-71367493,SIPA1L1
14,71367493,14:71367493:G:A,14,71518281,14:71518281:C:CA,0.93016,150788,chr14:71367493-71367493,SIPA1L1
14,71367493,14:71367493:G:A,14,71518953,14:71518953:A:T,1.0,151460,chr14:71367493-71367493,SIPA1L1
14,71367493,14:71367493:G:A,14,71519214,14:71519214:T:C,1.0,151721,chr14:71367493-71367493,SIPA1L1
14,71367493,14:71367493:G:A,14,71519672,14:71519672:TA:T,0.982237,152179,chr14:71367493-71367493,SIPA1L1
14,71367493,14:71367493:G:A,14,71519828,14:71519828:T:C,1.0,152335,chr14:71367493-71367493,SIPA1L1
14,71367493,14:71367493:G:A,14,71520657,14:71520657:T:G,0.93016,153164,chr14:71367493-71367493,SIPA1L1
14,71367493,14:71367493:G:A,14,71523216,14:71523216:C:T,1.0,155723,chr14:71367493-71367493,SIPA1L1
14,71367493,14:71367493:G:A,14,71524130,14:71524130:C:CCTGT,1.0,156637,chr14:71367493-71367493,SIPA1L1
14,71367493,14:71367493:G:A,14,71524959,14:71524959:T:A,1.0,157466,chr14:71367493-71367493,SIPA1L1
14,71367493,14:71367493:G:A,14,71530877,14:71530877:G:A,0.947234,163384,chr14:71367493-71367493,SIPA1L1
14,71367493,14:71367493:G:A,14,71531006,14:71531006:A:G,1.0,163513,chr14:71367493-71367493,SIPA1L1
14,71367493,14:71367493:G:A,14,71534579,14:71534579:A:T,0.947234,167086,chr14:71367493-71367493,SIPA1L1
14,71367493,14:71367493:G:A,14,71534897,14:71534897:T:G,0.93016,167404,chr14:71367493-71367493,SIPA1L1
14,71367493,14:71367493:G:A,14,71536507,14:71536507:G:A,0.93016,169014,chr14:71367493-71367493,SIPA1L1
14,71367493,14:71367493:G:A,14,71540027,14:71540027:C:T,0.947234,172534,chr14:71367493-71367493,SIPA1L1
14,71367493,14:71367493:G:A,14,71540737,14:71540737:A:T,0.93016,173244,chr14:71367493-71367493,SIPA1L1
14,71367493,14:71367493:G:A,14,71542355,14:71542355:TTTC:T,0.857697,174862,chr14:71367493-71367493,SIPA1L1
14,71367493,14:71367493:G:A,14,71542479,14:71542479:C:T,0.93016,174986,chr14:71367493-71367493,SIPA1L1
14,71367493,14:71367493:G:A,14,71542749,14:71542749:CT:C,0.862843,175256,chr14:71367493-71367493,SIPA1L1
14,71367493,14:71367493:G:A,14,71543028,14:71543028:G:C,0.947234,175535,chr14:71367493-71367493,SIPA1L1
14,71367493,14:71367493:G:A,14,71543409,14:71543409:G:T,0.947234,175916,chr14:71367493-71367493,SIPA1L1
14,71367493,14:71367493:G:A,14,71543976,14:71543976:C:T,0.888683,176483,chr14:71367493-71367493,SIPA1L1
14,71367493,14:71367493:G:A,14,71544250,14:71544250:GTATATACAC:G,0.93016,176757,chr14:71367493-71367493,SIPA1L1
14,71367493,14:71367493:G:A,14,71544431,14:71544431:C:A,0.93016,176938,chr14:71367493-71367493,SIPA1L1
14,71367493,14:71367493:G:A,14,71545502,14:71545502:T:A,0.947234,178009,chr14:71367493-71367493,SIPA1L1
14,71367493,14:71367493:G:A,14,71548061,14:71548061:T:C,0.93016,180568,chr14:71367493-71367493,SIPA1L1
14,71367493,14:71367493:G:A,14,71549289,14:71549289:C:G,0.947234,181796,chr14:71367493-71367493,SIPA1L1
14,71367493,14:71367493:G:A,14,71549896,14:71549896:G:T,0.947234,182403,chr14:71367493-71367493,SIPA1L1
14,71367493,14:71367493:G:A,14,71550024,14:71550024:T:TGAGCA,0.947234,182531,chr14:71367493-71367493,SIPA1L1
14,71367493,14:71367493:G:A,14,71552391,14:71552391:A:G,0.93016,184898,chr14:71367493-71367493,SIPA1L1
14,71367493,14:71367493:G:A,14,71554347,14:71554347:T:TAAAG,0.93016,186854,chr14:71367493-71367493,SIPA1L1
14,71367493,14:71367493:G:A,14,71554782,14:71554782:G:A,1.0,187289,chr14:71367493-71367493,SIPA1L1
14,71367493,14:71367493:G:A,14,71556033,14:71556033:G:A,1.0,188540,chr14:71367493-71367493,SIPA1L1
14,71367493,14:71367493:G:A,14,71556458,14:71556458:C:G,0.947234,188965,chr14:71367493-71367493,SIPA1L1
14,71367493,14:71367493:G:A,14,71556772,14:71556772:T:C,0.92176,189279,chr14:71367493-71367493,SIPA1L1
14,71367493,14:71367493:G:A,14,71558172,14:71558172:T:C,0.947234,190679,chr14:71367493-71367493,SIPA1L1
14,71367493,14:71367493:G:A,14,71558361,14:71558361:G:T,0.93016,190868,chr14:71367493-71367493,SIPA1L1
14,71367493,14:71367493:G:A,14,71559832,14:71559832:CT:C,0.921093,192339,chr14:71367493-71367493,SIPA1L1
14,71367493,14:71367493:G:A,14,71562198,14:71562198:A:G,0.93016,194705,chr14:71367493-71367493,SIPA1L1
14,71367493,14:71367493:G:A,14,71562719,14:71562719:A:G,0.947234,195226,chr14:71367493-71367493,SIPA1L1
14,71367493,14:71367493:G:A,14,71563838,14:71563838:G:A,0.93016,196345,chr14:71367493-71367493,SIPA1L1
14,71367493,14:71367493:G:A,14,71564092,14:71564092:G:A,0.93016,196599,chr14:71367493-71367493,SIPA1L1
14,71367493,14:71367493:G:A,14,71564846,14:71564846:A:C,0.93016,197353,chr14:71367493-71367493,SIPA1L1
14,71367493,14:71367493:G:A,14,71565828,14:71565828:A:AAAG,0.93016,198335,chr14:71367493-71367493,SIPA1L1
14,71367493,14:71367493:G:A,14,71569141,14:71569141:TA:T,0.93016,201648,chr14:71367493-71367493,SIPA1L1
14,71367493,14:71367493:G:A,14,71570817,14:71570817:C:T,0.93016,203324,chr14:71367493-71367493,SIPA1L1
14,71367493,14:71367493:G:A,14,71572972,14:71572972:G:A,0.93016,205479,chr14:71367493-71367493,SIPA1L1
14,71367493,14:71367493:G:A,14,71573808,14:71573808:G:A,0.93016,206315,chr14:71367493-71367493,SIPA1L1
14,71367493,14:71367493:G:A,14,71574706,14:71574706:CA:C,0.853971,207213,chr14:71367493-71367493,SIPA1L1
14,71367493,14:71367493:G:A,14,71574717,14:71574717:A:G,0.947234,207224,chr14:71367493-71367493,SIPA1L1
14,71367493,14:71367493:G:A,14,71576483,14:71576483:A:G,0.947234,208990,chr14:71367493-71367493,SIPA1L1
14,71367493,14:71367493:G:A,14,71577730,14:71577730:C:CT,0.811208,210237,chr14:71367493-71367493,SIPA1L1
14,71367493,14:71367493:G:A,14,71577830,14:71577830:C:T,0.947234,210337,chr14:71367493-71367493,SIPA1L1
14,71367493,14:71367493:G:A,14,71578011,14:71578011:T:G,0.93016,210518,chr14:71367493-71367493,SIPA1L1
14,71367493,14:71367493:G:A,14,71578827,14:71578827:C:G,0.93016,211334,chr14:71367493-71367493,SIPA1L1
14,71367493,14:71367493:G:A,14,71579779,14:71579779:C:A,0.93016,212286,chr14:71367493-71367493,SIPA1L1
14,71367493,14:71367493:G:A,14,71583445,14:71583445:C:T,0.991075,215952,chr14:71367493-71367493,SIPA1L1
14,71367493,14:71367493:G:A,14,71585593,14:71585593:G:C,0.93016,218100,chr14:71367493-71367493,SIPA1L1
14,71367493,14:71367493:G:A,14,71586380,14:71586380:G:A,0.93016,218887,chr14:71367493-71367493,SIPA1L1
14,71367493,14:71367493:G:A,14,71588751,14:71588751:A:C,0.947234,221258,chr14:71367493-71367493,SIPA1L1
14,71367493,14:71367493:G:A,14,71590638,14:71590638:G:A,1.0,223145,chr14:71367493-71367493,SIPA1L1
14,71367493,14:71367493:G:A,14,71591320,14:71591320:TA:T,0.93016,223827,chr14:71367493-71367493,SIPA1L1
14,71367493,14:71367493:G:A,14,71592834,14:71592834:G:A,0.93016,225341,chr14:71367493-71367493,SIPA1L1
14,71367493,14:71367493:G:A,14,71595001,14:71595001:C:T,0.947234,227508,chr14:71367493-71367493,SIPA1L1
14,71367493,14:71367493:G:A,14,71599410,14:71599410:G:C,0.92176,231917,chr14:71367493-71367493,SIPA1L1
14,71367493,14:71367493:G:A,14,71599739,14:71599739:G:A,0.93016,232246,chr14:71367493-71367493,SIPA1L1
14,71367493,14:71367493:G:A,14,71606705,14:71606705:A:G,0.888683,239212,chr14:71367493-71367493,SIPA1L1
14,71367493,14:71367493:G:A,14,71616724,14:71616724:A:G,0.92176,249231,chr14:71367493-71367493,SIPA1L1
14,71367493,14:71367493:G:A,14,71623788,14:71623788:T:G,0.92176,256295,chr14:71367493-71367493,SIPA1L1
14,71367493,14:71367493:G:A,14,71633247,14:71633247:A:G,0.92176,265754,chr14:71367493-71367493,SIPA1L1
14,71367493,14:71367493:G:A,14,71641639,14:71641639:T:C,0.92176,274146,chr14:71367493-71367493,SIPA1L1
14,71367493,14:71367493:G:A,14,71642553,14:71642553:C:A,0.92176,275060,chr14:71367493-71367493,SIPA1L1
14,71367493,14:71367493:G:A,14,71653646,14:71653646:C:G,0.930139,286153,chr14:71367493-71367493,SIPA1L1
14,71367493,14:71367493:G:A,14,71673942,14:71673942:A:T,0.913287,306449,chr14:71367493-71367493,SIPA1L1
14,71367493,14:71367493:G:A,14,71680726,14:71680726:G:A,0.913287,313233,chr14:71367493-71367493,SIPA1L1
14,71367493,14:71367493:G:A,14,71686976,14:71686976:A:G,0.913287,319483,chr14:71367493-71367493,SIPA1L1
14,71367493,14:71367493:G:A,14,71693604,14:71693604:T:C,0.913287,326111,chr14:71367493-71367493,SIPA1L1
14,71367493,14:71367493:G:A,14,71696261,14:71696261:T:C,0.904997,328768,chr14:71367493-71367493,SIPA1L1
14,88508423,14:88508423:C:T,14,88414905,14:88414905:G:A,1.0,93518,chr14:88508423-88508423,PTPN21
14,88508423,14:88508423:C:T,14,88427074,14:88427074:T:C,1.0,81349,chr14:88508423-88508423,PTPN21
14,88508423,14:88508423:C:T,14,88453988,14:88453988:A:C,1.0,54435,chr14:88508423-88508423,PTPN21
14,88508423,14:88508423:C:T,14,88477576,14:88477576:G:A,1.0,30847,chr14:88508423-88508423,PTPN21
14,88508423,14:88508423:C:T,14,88479063,14:88479063:C:G,1.0,29360,chr14:88508423-88508423,PTPN21
14,88508423,14:88508423:C:T,14,88498101,14:88498101:A:T,1.0,10322,chr14:88508423-88508423,PTPN21
14,88508423,14:88508423:C:T,14,88508423,14:88508423:C:T,1.0,0,chr14:88508423-88508423,PTPN21
14,88508423,14:88508423:C:T,14,88549913,14:88549913:C:A,1.0,41490,chr14:88508423-88508423,PTPN21
14,88508423,14:88508423:C:T,14,88565954,14:88565954:G:A,1.0,57531,chr14:88508423-88508423,PTPN21
14,88508423,14:88508423:C:T,14,88584861,14:88584861:C:T,1.0,76438,chr14:88508423-88508423,PTPN21
14,88508423,14:88508423:C:T,14,88589852,14:88589852:G:T,1.0,81429,chr14:88508423-88508423,PTPN21
14,88508423,14:88508423:C:T,14,88625480,14:88625480:C:T,0.871951,117057,chr14:88508423-88508423,PTPN21
14,88508423,14:88508423:C:T,14,88626721,14:88626721:G:A,0.871951,118298,chr14:88508423-88508423,PTPN21
14,88508423,14:88508423:C:T,14,88685453,14:88685453:T:C,0.871951,177030,chr14:88508423-88508423,PTPN21
14,88508423,14:88508423:C:T,14,88686706,14:88686706:G:A,0.871951,178283,chr14:88508423-88508423,PTPN21
14,88508423,14:88508423:C:T,14,88700614,14:88700614:C:T,0.871951,192191,chr14:88508423-88508423,PTPN21
14,88508423,14:88508423:C:T,14,88713326,14:88713326:A:G,0.871951,204903,chr14:88508423-88508423,PTPN21
14,88508423,14:88508423:C:T,14,88793279,14:88793279:TTC:T,0.871951,284856,chr14:88508423-88508423,PTPN21
14,88508423,14:88508423:C:T,14,88793514,14:88793514:C:T,0.871951,285091,chr14:88508423-88508423,PTPN21
14,88508423,14:88508423:C:T,14,88793547,14:88793547:G:T,0.871951,285124,chr14:88508423-88508423,PTPN21
14,88508423,14:88508423:C:T,14,88832598,14:88832598:G:C,0.871951,324175,chr14:88508423-88508423,PTPN21
14,88508423,14:88508423:C:T,14,88840687,14:88840687:A:G,0.871951,332264,chr14:88508423-88508423,PTPN21
14,88508423,14:88508423:C:T,14,88845473,14:88845473:G:A,0.871951,337050,chr14:88508423-88508423,PTPN21
14,94753320,14:94753320:G:T,14,94753320,14:94753320:G:T,1.0,0,chr14:94753320-94753320,GSC
15,78760672,15:78760672:A:G,15,78709357,15:78709357:C:T,0.866276,51315,chr15:78760672-78760672,ADAMTS7/MORF4L1
15,78760672,15:78760672:A:G,15,78712300,15:78712300:C:T,0.866276,48372,chr15:78760672-78760672,ADAMTS7/MORF4L1
15,78760672,15:78760672:A:G,15,78713182,15:78713182:T:G,0.866276,47490,chr15:78760672-78760672,ADAMTS7/MORF4L1
15,78760672,15:78760672:A:G,15,78713237,15:78713237:G:A,0.866276,47435,chr15:78760672-78760672,ADAMTS7/MORF4L1
15,78760672,15:78760672:A:G,15,78714100,15:78714100:G:A,0.866276,46572,chr15:78760672-78760672,ADAMTS7/MORF4L1
15,78760672,15:78760672:A:G,15,78714240,15:78714240:T:C,0.857794,46432,chr15:78760672-78760672,ADAMTS7/MORF4L1
15,78760672,15:78760672:A:G,15,78717704,15:78717704:T:C,0.866276,42968,chr15:78760672-78760672,ADAMTS7/MORF4L1
15,78760672,15:78760672:A:G,15,78718463,15:78718463:T:TTTTCC,0.866276,42209,chr15:78760672-78760672,ADAMTS7/MORF4L1
15,78760672,15:78760672:A:G,15,78718731,15:78718731:C:T,0.866276,41941,chr15:78760672-78760672,ADAMTS7/MORF4L1
15,78760672,15:78760672:A:G,15,78721349,15:78721349:T:C,0.866276,39323,chr15:78760672-78760672,ADAMTS7/MORF4L1
15,78760672,15:78760672:A:G,15,78722167,15:78722167:C:A,0.866276,38505,chr15:78760672-78760672,ADAMTS7/MORF4L1
15,78760672,15:78760672:A:G,15,78722175,15:78722175:G:A,0.866276,38497,chr15:78760672-78760672,ADAMTS7/MORF4L1
15,78760672,15:78760672:A:G,15,78722606,15:78722606:T:C,0.866276,38066,chr15:78760672-78760672,ADAMTS7/MORF4L1
15,78760672,15:78760672:A:G,15,78722987,15:78722987:T:C,0.857794,37685,chr15:78760672-78760672,ADAMTS7/MORF4L1
15,78760672,15:78760672:A:G,15,78724205,15:78724205:G:A,0.866276,36467,chr15:78760672-78760672,ADAMTS7/MORF4L1
15,78760672,15:78760672:A:G,15,78725253,15:78725253:G:C,0.866209,35419,chr15:78760672-78760672,ADAMTS7/MORF4L1
15,78760672,15:78760672:A:G,15,78725519,15:78725519:C:T,0.866276,35153,chr15:78760672-78760672,ADAMTS7/MORF4L1
15,78760672,15:78760672:A:G,15,78726744,15:78726744:A:G,0.866276,33928,chr15:78760672-78760672,ADAMTS7/MORF4L1
15,78760672,15:78760672:A:G,15,78727236,15:78727236:G:T,0.866276,33436,chr15:78760672-78760672,ADAMTS7/MORF4L1
15,78760672,15:78760672:A:G,15,78728798,15:78728798:T:C,0.866209,31874,chr15:78760672-78760672,ADAMTS7/MORF4L1
15,78760672,15:78760672:A:G,15,78729566,15:78729566:C:T,0.866276,31106,chr15:78760672-78760672,ADAMTS7/MORF4L1
15,78760672,15:78760672:A:G,15,78730001,15:78730001:G:A,0.817476,30671,chr15:78760672-78760672,ADAMTS7/MORF4L1
15,78760672,15:78760672:A:G,15,78730061,15:78730061:G:T,0.801742,30611,chr15:78760672-78760672,ADAMTS7/MORF4L1
15,78760672,15:78760672:A:G,15,78730688,15:78730688:C:CG,0.866276,29984,chr15:78760672-78760672,ADAMTS7/MORF4L1
15,78760672,15:78760672:A:G,15,78735472,15:78735472:G:T,0.839314,25200,chr15:78760672-78760672,ADAMTS7/MORF4L1
15,78760672,15:78760672:A:G,15,78735778,15:78735778:G:T,0.839314,24894,chr15:78760672-78760672,ADAMTS7/MORF4L1
15,78760672,15:78760672:A:G,15,78737054,15:78737054:T:C,0.857794,23618,chr15:78760672-78760672,ADAMTS7/MORF4L1
15,78760672,15:78760672:A:G,15,78737150,15:78737150:A:G,0.857794,23522,chr15:78760672-78760672,ADAMTS7/MORF4L1
15,78760672,15:78760672:A:G,15,78737169,15:78737169:T:C,0.849397,23503,chr15:78760672-78760672,ADAMTS7/MORF4L1
15,78760672,15:78760672:A:G,15,78737233,15:78737233:A:AT,0.857794,23439,chr15:78760672-78760672,ADAMTS7/MORF4L1
15,78760672,15:78760672:A:G,15,78737245,15:78737245:C:T,0.857794,23427,chr15:78760672-78760672,ADAMTS7/MORF4L1
15,78760672,15:78760672:A:G,15,78737381,15:78737381:G:A,0.857794,23291,chr15:78760672-78760672,ADAMTS7/MORF4L1
15,78760672,15:78760672:A:G,15,78737707,15:78737707:G:T,0.847889,22965,chr15:78760672-78760672,ADAMTS7/MORF4L1
15,78760672,15:78760672:A:G,15,78738157,15:78738157:C:T,0.857794,22515,chr15:78760672-78760672,ADAMTS7/MORF4L1
15,78760672,15:78760672:A:G,15,78738184,15:78738184:T:G,0.839589,22488,chr15:78760672-78760672,ADAMTS7/MORF4L1
15,78760672,15:78760672:A:G,15,78738236,15:78738236:A:C,0.82232,22436,chr15:78760672-78760672,ADAMTS7/MORF4L1
15,78760672,15:78760672:A:G,15,78738329,15:78738329:C:T,0.857794,22343,chr15:78760672-78760672,ADAMTS7/MORF4L1
15,78760672,15:78760672:A:G,15,78738330,15:78738330:C:T,0.857794,22342,chr15:78760672-78760672,ADAMTS7/MORF4L1
15,78760672,15:78760672:A:G,15,78738331,15:78738331:A:G,0.857794,22341,chr15:78760672-78760672,ADAMTS7/MORF4L1
15,78760672,15:78760672:A:G,15,78738488,15:78738488:C:T,0.857794,22184,chr15:78760672-78760672,ADAMTS7/MORF4L1
15,78760672,15:78760672:A:G,15,78738496,15:78738496:A:G,0.857794,22176,chr15:78760672-78760672,ADAMTS7/MORF4L1
15,78760672,15:78760672:A:G,15,78738534,15:78738534:C:G,0.857794,22138,chr15:78760672-78760672,ADAMTS7/MORF4L1
15,78760672,15:78760672:A:G,15,78738535,15:78738535:C:G,0.857794,22137,chr15:78760672-78760672,ADAMTS7/MORF4L1
15,78760672,15:78760672:A:G,15,78738539,15:78738539:G:A,0.857794,22133,chr15:78760672-78760672,ADAMTS7/MORF4L1
15,78760672,15:78760672:A:G,15,78738717,15:78738717:G:A,0.865179,21955,chr15:78760672-78760672,ADAMTS7/MORF4L1
15,78760672,15:78760672:A:G,15,78738737,15:78738737:T:C,0.857794,21935,chr15:78760672-78760672,ADAMTS7/MORF4L1
15,78760672,15:78760672:A:G,15,78738797,15:78738797:G:C,0.865179,21875,chr15:78760672-78760672,ADAMTS7/MORF4L1
15,78760672,15:78760672:A:G,15,78738948,15:78738948:G:A,0.856634,21724,chr15:78760672-78760672,ADAMTS7/MORF4L1
15,78760672,15:78760672:A:G,15,78738987,15:78738987:C:A,0.865179,21685,chr15:78760672-78760672,ADAMTS7/MORF4L1
15,78760672,15:78760672:A:G,15,78739015,15:78739015:A:G,0.865179,21657,chr15:78760672-78760672,ADAMTS7/MORF4L1
15,78760672,15:78760672:A:G,15,78739131,15:78739131:G:C,0.865179,21541,chr15:78760672-78760672,ADAMTS7/MORF4L1
15,78760672,15:78760672:A:G,15,78739143,15:78739143:G:A,0.865179,21529,chr15:78760672-78760672,ADAMTS7/MORF4L1
15,78760672,15:78760672:A:G,15,78739914,15:78739914:C:T,0.865179,20758,chr15:78760672-78760672,ADAMTS7/MORF4L1
15,78760672,15:78760672:A:G,15,78740013,15:78740013:T:C,0.865179,20659,chr15:78760672-78760672,ADAMTS7/MORF4L1
15,78760672,15:78760672:A:G,15,78740127,15:78740127:C:T,0.865179,20545,chr15:78760672-78760672,ADAMTS7/MORF4L1
15,78760672,15:78760672:A:G,15,78740402,15:78740402:G:A,0.865179,20270,chr15:78760672-78760672,ADAMTS7/MORF4L1
15,78760672,15:78760672:A:G,15,78740936,15:78740936:T:C,0.860022,19736,chr15:78760672-78760672,ADAMTS7/MORF4L1
15,78760672,15:78760672:A:G,15,78741147,15:78741147:T:C,0.865229,19525,chr15:78760672-78760672,ADAMTS7/MORF4L1
15,78760672,15:78760672:A:G,15,78741192,15:78741192:G:A,0.901416,19480,chr15:78760672-78760672,ADAMTS7/MORF4L1
15,78760672,15:78760672:A:G,15,78741583,15:78741583:T:A,0.901416,19089,chr15:78760672-78760672,ADAMTS7/MORF4L1
15,78760672,15:78760672:A:G,15,78741782,15:78741782:G:A,0.901416,18890,chr15:78760672-78760672,ADAMTS7/MORF4L1
15,78760672,15:78760672:A:G,15,78741918,15:78741918:A:G,0.910027,18754,chr15:78760672-78760672,ADAMTS7/MORF4L1
15,78760672,15:78760672:A:G,15,78747061,15:78747061:ACCC:A,0.887907,13611,chr15:78760672-78760672,ADAMTS7/MORF4L1
15,78760672,15:78760672:A:G,15,78747075,15:78747075:C:T,0.894951,13597,chr15:78760672-78760672,ADAMTS7/MORF4L1
15,78760672,15:78760672:A:G,15,78747077,15:78747077:G:A,0.894951,13595,chr15:78760672-78760672,ADAMTS7/MORF4L1
15,78760672,15:78760672:A:G,15,78747085,15:78747085:A:T,0.902318,13587,chr15:78760672-78760672,ADAMTS7/MORF4L1
15,78760672,15:78760672:A:G,15,78747122,15:78747122:A:G,0.910027,13550,chr15:78760672-78760672,ADAMTS7/MORF4L1
15,78760672,15:78760672:A:G,15,78747277,15:78747277:G:A,0.83206,13395,chr15:78760672-78760672,ADAMTS7/MORF4L1
15,78760672,15:78760672:A:G,15,78748786,15:78748786:A:G,0.910027,11886,chr15:78760672-78760672,ADAMTS7/MORF4L1
15,78760672,15:78760672:A:G,15,78749472,15:78749472:CT:C,0.892891,11200,chr15:78760672-78760672,ADAMTS7/MORF4L1
15,78760672,15:78760672:A:G,15,78749639,15:78749639:A:ATTTTTTTT,0.820761,11033,chr15:78760672-78760672,ADAMTS7/MORF4L1
15,78760672,15:78760672:A:G,15,78750392,15:78750392:T:A,0.900282,10280,chr15:78760672-78760672,ADAMTS7/MORF4L1
15,78760672,15:78760672:A:G,15,78750846,15:78750846:T:TAG,0.900242,9826,chr15:78760672-78760672,ADAMTS7/MORF4L1
15,78760672,15:78760672:A:G,15,78751238,15:78751238:T:C,0.892891,9434,chr15:78760672-78760672,ADAMTS7/MORF4L1
15,78760672,15:78760672:A:G,15,78751333,15:78751333:T:C,0.883497,9339,chr15:78760672-78760672,ADAMTS7/MORF4L1
15,78760672,15:78760672:A:G,15,78751459,15:78751459:T:C,0.910027,9213,chr15:78760672-78760672,ADAMTS7/MORF4L1
15,78760672,15:78760672:A:G,15,78751607,15:78751607:A:G,0.910027,9065,chr15:78760672-78760672,ADAMTS7/MORF4L1
15,78760672,15:78760672:A:G,15,78751988,15:78751988:A:G,0.910027,8684,chr15:78760672-78760672,ADAMTS7/MORF4L1
15,78760672,15:78760672:A:G,15,78752672,15:78752672:G:A,0.902318,8000,chr15:78760672-78760672,ADAMTS7/MORF4L1
15,78760672,15:78760672:A:G,15,78752688,15:78752688:C:T,0.902318,7984,chr15:78760672-78760672,ADAMTS7/MORF4L1
15,78760672,15:78760672:A:G,15,78752712,15:78752712:A:G,0.902318,7960,chr15:78760672-78760672,ADAMTS7/MORF4L1
15,78760672,15:78760672:A:G,15,78753179,15:78753179:T:C,0.910027,7493,chr15:78760672-78760672,ADAMTS7/MORF4L1
15,78760672,15:78760672:A:G,15,78753515,15:78753515:A:G,0.910027,7157,chr15:78760672-78760672,ADAMTS7/MORF4L1
15,78760672,15:78760672:A:G,15,78754351,15:78754351:A:G,0.910027,6321,chr15:78760672-78760672,ADAMTS7/MORF4L1
15,78760672,15:78760672:A:G,15,78754647,15:78754647:A:G,0.910027,6025,chr15:78760672-78760672,ADAMTS7/MORF4L1
15,78760672,15:78760672:A:G,15,78755442,15:78755442:G:A,0.802938,5230,chr15:78760672-78760672,ADAMTS7/MORF4L1
15,78760672,15:78760672:A:G,15,78760413,15:78760413:G:A,0.97301,259,chr15:78760672-78760672,ADAMTS7/MORF4L1
15,78760672,15:78760672:A:G,15,78760672,15:78760672:A:G,1.0,0,chr15:78760672-78760672,ADAMTS7/MORF4L1
15,78760672,15:78760672:A:G,15,78761766,15:78761766:A:G,0.954706,1094,chr15:78760672-78760672,ADAMTS7/MORF4L1
15,78760672,15:78760672:A:G,15,78762558,15:78762558:C:G,0.954706,1886,chr15:78760672-78760672,ADAMTS7/MORF4L1
15,78760672,15:78760672:A:G,15,78764184,15:78764184:TC:T,0.90294,3512,chr15:78760672-78760672,ADAMTS7/MORF4L1
15,78760672,15:78760672:A:G,15,78765381,15:78765381:G:C,0.90294,4709,chr15:78760672-78760672,ADAMTS7/MORF4L1
15,78760672,15:78760672:A:G,15,78765671,15:78765671:C:T,0.90294,4999,chr15:78760672-78760672,ADAMTS7/MORF4L1
15,78760672,15:78760672:A:G,15,78771004,15:78771004:GGCAATCGCT:G,0.928874,10332,chr15:78760672-78760672,ADAMTS7/MORF4L1
15,78760672,15:78760672:A:G,15,78772815,15:78772815:T:TG,0.894538,12143,chr15:78760672-78760672,ADAMTS7/MORF4L1
15,78760672,15:78760672:A:G,15,78772816,15:78772816:T:A,0.894538,12144,chr15:78760672-78760672,ADAMTS7/MORF4L1
15,78760672,15:78760672:A:G,15,78772817,15:78772817:CTT:C,0.894538,12145,chr15:78760672-78760672,ADAMTS7/MORF4L1
15,78760672,15:78760672:A:G,15,78772822,15:78772822:G:GA,0.894538,12150,chr15:78760672-78760672,ADAMTS7/MORF4L1
15,78760672,15:78760672:A:G,15,78773038,15:78773038:T:C,0.910891,12366,chr15:78760672-78760672,ADAMTS7/MORF4L1
15,84710027,15:84710027:C:T,15,84642662,15:84642662:G:A,0.83245,67365,chr15:84710027-84710027,ALPK3/NMB
15,84710027,15:84710027:C:T,15,84662223,15:84662223:T:A,0.875831,47804,chr15:84710027-84710027,ALPK3/NMB
15,84710027,15:84710027:C:T,15,84671998,15:84671998:C:T,1.0,38029,chr15:84710027-84710027,ALPK3/NMB
15,84710027,15:84710027:C:T,15,84672152,15:84672152:C:G,0.87875,37875,chr15:84710027-84710027,ALPK3/NMB
15,84710027,15:84710027:C:T,15,84676407,15:84676407:C:T,1.0,33620,chr15:84710027-84710027,ALPK3/NMB
15,84710027,15:84710027:C:T,15,84685797,15:84685798:CT:C,0.835238,24230,chr15:84710027-84710027,ALPK3/NMB
15,84710027,15:84710027:C:T,15,84690617,15:84690617:TA:T,0.962131,19410,chr15:84710027-84710027,ALPK3/NMB
15,84710027,15:84710027:C:T,15,84695892,15:84695892:A:T,0.962131,14135,chr15:84710027-84710027,ALPK3/NMB
15,84710027,15:84710027:C:T,15,84699298,15:84699298:G:A,1.0,10729,chr15:84710027-84710027,ALPK3/NMB
15,84710027,15:84710027:C:T,15,84700984,15:84700985:C:CA,0.91083,9043,chr15:84710027-84710027,ALPK3/NMB
15,84710027,15:84710027:C:T,15,84710027,15:84710027:C:T,1.0,0,chr15:84710027-84710027,ALPK3/NMB
15,84710027,15:84710027:C:T,15,84712154,15:84712154:T:C,0.962131,2127,chr15:84710027-84710027,ALPK3/NMB
15,84710027,15:84710027:C:T,15,84712241,15:84712241:TA:T,0.993501,2214,chr15:84710027-84710027,ALPK3/NMB
15,84710027,15:84710027:C:T,15,84712449,15:84712449:CT:C,0.86603,2422,chr15:84710027-84710027,ALPK3/NMB
15,84710027,15:84710027:C:T,15,84717037,15:84717037:A:G,1.0,7010,chr15:84710027-84710027,ALPK3/NMB
15,84710027,15:84710027:C:T,15,84722898,15:84722898:CA:C,0.883028,12871,chr15:84710027-84710027,ALPK3/NMB
15,84710027,15:84710027:C:T,15,84730649,15:84730649:G:A,0.962131,20622,chr15:84710027-84710027,ALPK3/NMB
15,84710027,15:84710027:C:T,15,84732405,15:84732405:C:CA,0.956166,22378,chr15:84710027-84710027,ALPK3/NMB
15,84710027,15:84710027:C:T,15,84733704,15:84733704:C:T,0.962131,23677,chr15:84710027-84710027,ALPK3/NMB
15,84710027,15:84710027:C:T,15,84734657,15:84734657:G:A,0.962131,24630,chr15:84710027-84710027,ALPK3/NMB
15,84710027,15:84710027:C:T,15,84736380,15:84736380:AT:A,0.949638,26353,chr15:84710027-84710027,ALPK3/NMB
15,84710027,15:84710027:C:T,15,84737633,15:84737633:G:A,0.962131,27606,chr15:84710027-84710027,ALPK3/NMB
15,84710027,15:84710027:C:T,15,84739161,15:84739161:CTG:C,0.932086,29134,chr15:84710027-84710027,ALPK3/NMB
15,84710027,15:84710027:C:T,15,84739404,15:84739404:C:T,0.962131,29377,chr15:84710027-84710027,ALPK3/NMB
15,84710027,15:84710027:C:T,15,84743348,15:84743349:C:CAA,0.917459,33321,chr15:84710027-84710027,ALPK3/NMB
15,84710027,15:84710027:C:T,15,84754562,15:84754562:A:T,0.955863,44535,chr15:84710027-84710027,ALPK3/NMB
15,84710027,15:84710027:C:T,15,84755124,15:84755124:AT:A,0.942435,45097,chr15:84710027-84710027,ALPK3/NMB
15,84710027,15:84710027:C:T,15,84760817,15:84760817:G:C,0.955863,50790,chr15:84710027-84710027,ALPK3/NMB
15,84710027,15:84710027:C:T,15,84764910,15:84764910:GT:G,0.955863,54883,chr15:84710027-84710027,ALPK3/NMB
15,84710027,15:84710027:C:T,15,84765535,15:84765535:G:GT,0.80168,55508,chr15:84710027-84710027,ALPK3/NMB
15,84710027,15:84710027:C:T,15,84766840,15:84766840:G:A,0.962131,56813,chr15:84710027-84710027,ALPK3/NMB
15,84710027,15:84710027:C:T,15,84774849,15:84774849:C:T,0.962131,64822,chr15:84710027-84710027,ALPK3/NMB
15,84710027,15:84710027:C:T,15,84779989,15:84779989:G:T,0.962131,69962,chr15:84710027-84710027,ALPK3/NMB
15,84710027,15:84710027:C:T,15,84780337,15:84780337:G:T,0.956166,70310,chr15:84710027-84710027,ALPK3/NMB
15,84710027,15:84710027:C:T,15,84786327,15:84786327:C:T,0.955392,76300,chr15:84710027-84710027,ALPK3/NMB
15,84710027,15:84710027:C:T,15,84787514,15:84787514:C:T,0.955392,77487,chr15:84710027-84710027,ALPK3/NMB
15,84710027,15:84710027:C:T,15,84791721,15:84791721:T:C,0.881553,81694,chr15:84710027-84710027,ALPK3/NMB
15,84710027,15:84710027:C:T,15,84793439,15:84793439:T:C,0.948883,83412,chr15:84710027-84710027,ALPK3/NMB
15,84710027,15:84710027:C:T,15,84806850,15:84806850:T:C,0.935472,96823,chr15:84710027-84710027,ALPK3/NMB
15,84710027,15:84710027:C:T,15,84808101,15:84808101:C:T,0.929313,98074,chr15:84710027-84710027,ALPK3/NMB
15,84710027,15:84710027:C:T,15,84808105,15:84808105:A:AT,0.929313,98078,chr15:84710027-84710027,ALPK3/NMB
15,84710027,15:84710027:C:T,15,84811365,15:84811365:C:T,0.955123,101338,chr15:84710027-84710027,ALPK3/NMB
15,84710027,15:84710027:C:T,15,84811882,15:84811883:C:A,0.929313,101855,chr15:84710027-84710027,ALPK3/NMB
15,84710027,15:84710027:C:T,15,84812263,15:84812263:C:T,0.935472,102236,chr15:84710027-84710027,ALPK3/NMB
15,84710027,15:84710027:C:T,15,84818729,15:84818729:C:T,0.92327,108702,chr15:84710027-84710027,ALPK3/NMB
15,84710027,15:84710027:C:T,15,84818746,15:84818746:G:T,0.92327,108719,chr15:84710027-84710027,ALPK3/NMB
15,84710027,15:84710027:C:T,15,84820117,15:84820117:A:G,0.92327,110090,chr15:84710027-84710027,ALPK3/NMB
15,84710027,15:84710027:C:T,15,84820477,15:84820477:T:C,0.92327,110450,chr15:84710027-84710027,ALPK3/NMB
15,84710027,15:84710027:C:T,15,84821285,15:84821285:C:T,0.917255,111258,chr15:84710027-84710027,ALPK3/NMB
15,84710027,15:84710027:C:T,15,84828713,15:84828713:G:T,0.937784,118686,chr15:84710027-84710027,ALPK3/NMB
15,84710027,15:84710027:C:T,15,84829414,15:84829414:A:T,0.943578,119387,chr15:84710027-84710027,ALPK3/NMB
16,975464,16:975464:G:A,16,954554,16:954554:C:T,0.858632,20910,chr16:975464-975464,LMF1
16,975464,16:975464:G:A,16,968697,16:968697:A:G,0.950958,6767,chr16:975464-975464,LMF1
16,975464,16:975464:G:A,16,975464,16:975464:G:A,1.0,0,chr16:975464-975464,LMF1
16,975464,16:975464:G:A,16,985422,16:985422:G:C,0.903761,9958,chr16:975464-975464,LMF1
16,2188930,16:2188930:G:A,16,2172999,16:2172999:T:C,0.850284,15931,chr16:2188930-2188930,MLST8/TSC2
16,2188930,16:2188930:G:A,16,2175822,16:2175822:G:A,0.850284,13108,chr16:2188930-2188930,MLST8/TSC2
16,2188930,16:2188930:G:A,16,2177367,16:2177367:C:T,0.871156,11563,chr16:2188930-2188930,MLST8/TSC2
16,2188930,16:2188930:G:A,16,2188930,16:2188930:G:A,1.0,0,chr16:2188930-2188930,MLST8/TSC2
16,4216061,16:4216061:G:A,16,4208172,16:4208172:T:C,0.935014,7889,chr16:4216061-4216061,SRL
16,4216061,16:4216061:G:A,16,4208307,16:4208307:A:G,0.935014,7754,chr16:4216061-4216061,SRL
16,4216061,16:4216061:G:A,16,4208311,16:4208311:G:A,0.935014,7750,chr16:4216061-4216061,SRL
16,4216061,16:4216061:G:A,16,4208394,16:4208394:G:C,0.935014,7667,chr16:4216061-4216061,SRL
16,4216061,16:4216061:G:A,16,4208512,16:4208512:T:C,0.941629,7549,chr16:4216061-4216061,SRL
16,4216061,16:4216061:G:A,16,4208828,16:4208828:A:G,0.948289,7233,chr16:4216061-4216061,SRL
16,4216061,16:4216061:G:A,16,4209560,16:4209560:A:G,0.948289,6501,chr16:4216061-4216061,SRL
16,4216061,16:4216061:G:A,16,4209668,16:4209668:T:C,0.948289,6393,chr16:4216061-4216061,SRL
16,4216061,16:4216061:G:A,16,4210290,16:4210290:T:C,0.948289,5771,chr16:4216061-4216061,SRL
16,4216061,16:4216061:G:A,16,4210790,16:4210790:T:C,0.948289,5271,chr16:4216061-4216061,SRL
16,4216061,16:4216061:G:A,16,4211118,16:4211118:A:G,0.948289,4943,chr16:4216061-4216061,SRL
16,4216061,16:4216061:G:A,16,4211781,16:4211781:A:G,0.941818,4280,chr16:4216061-4216061,SRL
16,4216061,16:4216061:G:A,16,4212337,16:4212337:C:G,0.948289,3724,chr16:4216061-4216061,SRL
16,4216061,16:4216061:G:A,16,4216061,16:4216061:G:A,1.0,0,chr16:4216061-4216061,SRL
16,4216061,16:4216061:G:A,16,4216787,16:4216787:G:A,0.986999,726,chr16:4216061-4216061,SRL
16,4216061,16:4216061:G:A,16,4218897,16:4218897:A:G,0.8843,2836,chr16:4216061-4216061,SRL
16,4216061,16:4216061:G:A,16,4219557,16:4219557:C:G,0.974203,3496,chr16:4216061-4216061,SRL
16,4216061,16:4216061:G:A,16,4221180,16:4221180:A:C,0.8956,5119,chr16:4216061-4216061,SRL
16,4216061,16:4216061:G:A,16,4221325,16:4221325:A:G,0.8956,5264,chr16:4216061-4216061,SRL
16,4216061,16:4216061:G:A,16,4223603,16:4223603:G:C,0.805261,7542,chr16:4216061-4216061,SRL
17,45610951,17:45610951:A:G,17,45495053,17:45495053:C:T,0.96554,115898,chr17:45610951-45610951,PLEKHM1/MAPT
17,45610951,17:45610951:A:G,17,45495251,17:45495253:C:CAA,0.834261,115700,chr17:45610951-45610951,PLEKHM1/MAPT
17,45610951,17:45610951:A:G,17,45495530,17:45495530:T:G,0.96554,115421,chr17:45610951-45610951,PLEKHM1/MAPT
17,45610951,17:45610951:A:G,17,45495695,17:45495695:T:C,0.96554,115256,chr17:45610951-45610951,PLEKHM1/MAPT
17,45610951,17:45610951:A:G,17,45495865,17:45495865:C:G,0.96554,115086,chr17:45610951-45610951,PLEKHM1/MAPT
17,45610951,17:45610951:A:G,17,45496053,17:45496053:C:T,0.96554,114898,chr17:45610951-45610951,PLEKHM1/MAPT
17,45610951,17:45610951:A:G,17,45496650,17:45496650:A:G,0.924837,114301,chr17:45610951-45610951,PLEKHM1/MAPT
17,45610951,17:45610951:A:G,17,45496863,17:45496863:T:C,0.827913,114088,chr17:45610951-45610951,PLEKHM1/MAPT
17,45610951,17:45610951:A:G,17,45497245,17:45497245:G:A,0.893621,113706,chr17:45610951-45610951,PLEKHM1/MAPT
17,45610951,17:45610951:A:G,17,45497516,17:45497516:T:G,0.878492,113435,chr17:45610951-45610951,PLEKHM1/MAPT
17,45610951,17:45610951:A:G,17,45497569,17:45497569:C:T,0.974208,113382,chr17:45610951-45610951,PLEKHM1/MAPT
17,45610951,17:45610951:A:G,17,45497606,17:45497606:T:G,0.982751,113345,chr17:45610951-45610951,PLEKHM1/MAPT
17,45610951,17:45610951:A:G,17,45498580,17:45498580:G:T,0.924837,112371,chr17:45610951-45610951,PLEKHM1/MAPT
17,45610951,17:45610951:A:G,17,45498680,17:45498680:T:TG,0.856375,112271,chr17:45610951-45610951,PLEKHM1/MAPT
17,45610951,17:45610951:A:G,17,45532400,17:45532400:C:T,0.8454,78551,chr17:45610951-45610951,PLEKHM1/MAPT
17,45610951,17:45610951:A:G,17,45577102,17:45577102:C:T,0.948598,33849,chr17:45610951-45610951,PLEKHM1/MAPT
17,45610951,17:45610951:A:G,17,45585803,17:45585803:T:C,0.924837,25148,chr17:45610951-45610951,PLEKHM1/MAPT
17,45610951,17:45610951:A:G,17,45585881,17:45585881:C:A,0.982751,25070,chr17:45610951-45610951,PLEKHM1/MAPT
17,45610951,17:45610951:A:G,17,45586414,17:45586414:C:G,0.823112,24537,chr17:45610951-45610951,PLEKHM1/MAPT
17,45610951,17:45610951:A:G,17,45586865,17:45586865:T:G,0.833163,24086,chr17:45610951-45610951,PLEKHM1/MAPT
17,45610951,17:45610951:A:G,17,45586900,17:45586900:G:A,0.858084,24051,chr17:45610951-45610951,PLEKHM1/MAPT
17,45610951,17:45610951:A:G,17,45586969,17:45586969:C:G,0.925696,23982,chr17:45610951-45610951,PLEKHM1/MAPT
17,45610951,17:45610951:A:G,17,45587179,17:45587179:C:A,0.857056,23772,chr17:45610951-45610951,PLEKHM1/MAPT
17,45610951,17:45610951:A:G,17,45587428,17:45587428:A:G,0.876815,23523,chr17:45610951-45610951,PLEKHM1/MAPT
17,45610951,17:45610951:A:G,17,45587446,17:45587446:AAAAG:A,0.861776,23505,chr17:45610951-45610951,PLEKHM1/MAPT
17,45610951,17:45610951:A:G,17,45587535,17:45587535:T:A,0.892832,23416,chr17:45610951-45610951,PLEKHM1/MAPT
17,45610951,17:45610951:A:G,17,45587612,17:45587612:A:G,0.925696,23339,chr17:45610951-45610951,PLEKHM1/MAPT
17,45610951,17:45610951:A:G,17,45587956,17:45587956:C:T,0.966015,22995,chr17:45610951-45610951,PLEKHM1/MAPT
17,45610951,17:45610951:A:G,17,45587977,17:45587977:T:G,0.982863,22974,chr17:45610951-45610951,PLEKHM1/MAPT
17,45610951,17:45610951:A:G,17,45588013,17:45588013:T:C,0.982863,22938,chr17:45610951-45610951,PLEKHM1/MAPT
17,45610951,17:45610951:A:G,17,45588102,17:45588102:T:G,0.982863,22849,chr17:45610951-45610951,PLEKHM1/MAPT
17,45610951,17:45610951:A:G,17,45588246,17:45588246:AAAAAG:A,0.974293,22705,chr17:45610951-45610951,PLEKHM1/MAPT
17,45610951,17:45610951:A:G,17,45588256,17:45588256:T:G,0.837871,22695,chr17:45610951-45610951,PLEKHM1/MAPT
17,45610951,17:45610951:A:G,17,45588443,17:45588443:C:T,0.982863,22508,chr17:45610951-45610951,PLEKHM1/MAPT
17,45610951,17:45610951:A:G,17,45588472,17:45588472:A:G,0.982863,22479,chr17:45610951-45610951,PLEKHM1/MAPT
17,45610951,17:45610951:A:G,17,45588540,17:45588540:C:G,0.982863,22411,chr17:45610951-45610951,PLEKHM1/MAPT
17,45610951,17:45610951:A:G,17,45588635,17:45588635:A:C,0.982863,22316,chr17:45610951-45610951,PLEKHM1/MAPT
17,45610951,17:45610951:A:G,17,45588636,17:45588636:AT:A,0.974293,22315,chr17:45610951-45610951,PLEKHM1/MAPT
17,45610951,17:45610951:A:G,17,45588798,17:45588798:G:GTT,0.835088,22153,chr17:45610951-45610951,PLEKHM1/MAPT
17,45610951,17:45610951:A:G,17,45588878,17:45588878:A:G,0.982863,22073,chr17:45610951-45610951,PLEKHM1/MAPT
17,45610951,17:45610951:A:G,17,45588885,17:45588885:C:G,0.982863,22066,chr17:45610951-45610951,PLEKHM1/MAPT
17,45610951,17:45610951:A:G,17,45589019,17:45589019:C:T,0.974498,21932,chr17:45610951-45610951,PLEKHM1/MAPT
17,45610951,17:45610951:A:G,17,45589065,17:45589065:T:C,0.974432,21886,chr17:45610951-45610951,PLEKHM1/MAPT
17,45610951,17:45610951:A:G,17,45589126,17:45589126:C:T,0.974432,21825,chr17:45610951-45610951,PLEKHM1/MAPT
17,45610951,17:45610951:A:G,17,45589145,17:45589145:A:T,0.974432,21806,chr17:45610951-45610951,PLEKHM1/MAPT
17,45610951,17:45610951:A:G,17,45589185,17:45589185:T:C,0.829717,21766,chr17:45610951-45610951,PLEKHM1/MAPT
17,45610951,17:45610951:A:G,17,45589454,17:45589454:G:A,0.837871,21497,chr17:45610951-45610951,PLEKHM1/MAPT
17,45610951,17:45610951:A:G,17,45589482,17:45589482:A:AAGAAG,0.982863,21469,chr17:45610951-45610951,PLEKHM1/MAPT
17,45610951,17:45610951:A:G,17,45589540,17:45589540:G:C,0.982863,21411,chr17:45610951-45610951,PLEKHM1/MAPT
17,45610951,17:45610951:A:G,17,45589999,17:45589999:T:C,0.982863,20952,chr17:45610951-45610951,PLEKHM1/MAPT
17,45610951,17:45610951:A:G,17,45590047,17:45590047:CTT:C,0.982863,20904,chr17:45610951-45610951,PLEKHM1/MAPT
17,45610951,17:45610951:A:G,17,45590171,17:45590171:C:T,0.837871,20780,chr17:45610951-45610951,PLEKHM1/MAPT
17,45610951,17:45610951:A:G,17,45590269,17:45590269:A:G,0.982863,20682,chr17:45610951-45610951,PLEKHM1/MAPT
17,45610951,17:45610951:A:G,17,45590426,17:45590426:C:T,0.982863,20525,chr17:45610951-45610951,PLEKHM1/MAPT
17,45610951,17:45610951:A:G,17,45590470,17:45590470:C:A,0.982863,20481,chr17:45610951-45610951,PLEKHM1/MAPT
17,45610951,17:45610951:A:G,17,45590549,17:45590549:T:C,0.982863,20402,chr17:45610951-45610951,PLEKHM1/MAPT
17,45610951,17:45610951:A:G,17,45590556,17:45590556:G:C,0.982863,20395,chr17:45610951-45610951,PLEKHM1/MAPT
17,45610951,17:45610951:A:G,17,45590568,17:45590568:C:G,0.982863,20383,chr17:45610951-45610951,PLEKHM1/MAPT
17,45610951,17:45610951:A:G,17,45590615,17:45590615:A:G,0.837871,20336,chr17:45610951-45610951,PLEKHM1/MAPT
17,45610951,17:45610951:A:G,17,45590651,17:45590651:G:A,0.982863,20300,chr17:45610951-45610951,PLEKHM1/MAPT
17,45610951,17:45610951:A:G,17,45590821,17:45590821:A:G,0.958884,20130,chr17:45610951-45610951,PLEKHM1/MAPT
17,45610951,17:45610951:A:G,17,45590853,17:45590853:AAC:A,0.813706,20098,chr17:45610951-45610951,PLEKHM1/MAPT
17,45610951,17:45610951:A:G,17,45590860,17:45590860:T:G,0.982863,20091,chr17:45610951-45610951,PLEKHM1/MAPT
17,45610951,17:45610951:A:G,17,45590873,17:45590873:T:C,0.965824,20078,chr17:45610951-45610951,PLEKHM1/MAPT
17,45610951,17:45610951:A:G,17,45591089,17:45591089:T:G,0.974293,19862,chr17:45610951-45610951,PLEKHM1/MAPT
17,45610951,17:45610951:A:G,17,45591173,17:45591173:T:G,0.982863,19778,chr17:45610951-45610951,PLEKHM1/MAPT
17,45610951,17:45610951:A:G,17,45591449,17:45591449:A:G,0.95746,19502,chr17:45610951-45610951,PLEKHM1/MAPT
17,45610951,17:45610951:A:G,17,45591482,17:45591482:AAT:A,0.965884,19469,chr17:45610951-45610951,PLEKHM1/MAPT
17,45610951,17:45610951:A:G,17,45591487,17:45591487:A:ATG,0.965884,19464,chr17:45610951-45610951,PLEKHM1/MAPT
17,45610951,17:45610951:A:G,17,45591529,17:45591529:C:T,0.95746,19422,chr17:45610951-45610951,PLEKHM1/MAPT
17,45610951,17:45610951:A:G,17,45591679,17:45591679:CAAAA:C,0.982863,19272,chr17:45610951-45610951,PLEKHM1/MAPT
17,45610951,17:45610951:A:G,17,45591884,17:45591884:A:G,0.957435,19067,chr17:45610951-45610951,PLEKHM1/MAPT
17,45610951,17:45610951:A:G,17,45591963,17:45591964:CA:C,0.831859,18988,chr17:45610951-45610951,PLEKHM1/MAPT
17,45610951,17:45610951:A:G,17,45591983,17:45591983:A:AAAAG,0.982863,18968,chr17:45610951-45610951,PLEKHM1/MAPT
17,45610951,17:45610951:A:G,17,45592338,17:45592338:C:A,0.974432,18613,chr17:45610951-45610951,PLEKHM1/MAPT
17,45610951,17:45610951:A:G,17,45592565,17:45592565:T:C,0.974508,18386,chr17:45610951-45610951,PLEKHM1/MAPT
17,45610951,17:45610951:A:G,17,45592652,17:45592652:G:A,0.982863,18299,chr17:45610951-45610951,PLEKHM1/MAPT
17,45610951,17:45610951:A:G,17,45592707,17:45592707:G:T,0.957435,18244,chr17:45610951-45610951,PLEKHM1/MAPT
17,45610951,17:45610951:A:G,17,45592971,17:45592971:C:CT,0.974508,17980,chr17:45610951-45610951,PLEKHM1/MAPT
17,45610951,17:45610951:A:G,17,45593170,17:45593170:A:G,0.832804,17781,chr17:45610951-45610951,PLEKHM1/MAPT
17,45610951,17:45610951:A:G,17,45593330,17:45593330:G:C,0.832804,17621,chr17:45610951-45610951,PLEKHM1/MAPT
17,45610951,17:45610951:A:G,17,45593388,17:45593388:G:A,0.982751,17563,chr17:45610951-45610951,PLEKHM1/MAPT
17,45610951,17:45610951:A:G,17,45593489,17:45593489:GA:G,0.815587,17462,chr17:45610951-45610951,PLEKHM1/MAPT
17,45610951,17:45610951:A:G,17,45593574,17:45593574:A:G,0.974508,17377,chr17:45610951-45610951,PLEKHM1/MAPT
17,45610951,17:45610951:A:G,17,45593700,17:45593700:G:GA,0.982863,17251,chr17:45610951-45610951,PLEKHM1/MAPT
17,45610951,17:45610951:A:G,17,45593733,17:45593733:C:A,0.933044,17218,chr17:45610951-45610951,PLEKHM1/MAPT
17,45610951,17:45610951:A:G,17,45593808,17:45593808:A:G,0.832804,17143,chr17:45610951-45610951,PLEKHM1/MAPT
17,45610951,17:45610951:A:G,17,45594105,17:45594105:T:C,0.982751,16846,chr17:45610951-45610951,PLEKHM1/MAPT
17,45610951,17:45610951:A:G,17,45594156,17:45594156:C:T,0.832804,16795,chr17:45610951-45610951,PLEKHM1/MAPT
17,45610951,17:45610951:A:G,17,45594340,17:45594340:T:C,0.832804,16611,chr17:45610951-45610951,PLEKHM1/MAPT
17,45610951,17:45610951:A:G,17,45594371,17:45594371:A:C,0.982751,16580,chr17:45610951-45610951,PLEKHM1/MAPT
17,45610951,17:45610951:A:G,17,45594373,17:45594373:A:G,0.982751,16578,chr17:45610951-45610951,PLEKHM1/MAPT
17,45610951,17:45610951:A:G,17,45600424,17:45600424:T:C,0.909971,10527,chr17:45610951-45610951,PLEKHM1/MAPT
17,45610951,17:45610951:A:G,17,45600705,17:45600705:C:G,0.861001,10246,chr17:45610951-45610951,PLEKHM1/MAPT
17,45610951,17:45610951:A:G,17,45601755,17:45601755:G:A,0.991385,9196,chr17:45610951-45610951,PLEKHM1/MAPT
17,45610951,17:45610951:A:G,17,45601766,17:45601766:A:G,0.982751,9185,chr17:45610951-45610951,PLEKHM1/MAPT
17,45610951,17:45610951:A:G,17,45601827,17:45601827:G:A,0.910162,9124,chr17:45610951-45610951,PLEKHM1/MAPT
17,45610951,17:45610951:A:G,17,45602496,17:45602496:TTCTTTCTTT:T,0.808659,8455,chr17:45610951-45610951,PLEKHM1/MAPT
17,45610951,17:45610951:A:G,17,45602686,17:45602686:T:TTCTG,0.832804,8265,chr17:45610951-45610951,PLEKHM1/MAPT
17,45610951,17:45610951:A:G,17,45602693,17:45602693:A:T,0.832804,8258,chr17:45610951-45610951,PLEKHM1/MAPT
17,45610951,17:45610951:A:G,17,45603122,17:45603122:G:A,0.906703,7829,chr17:45610951-45610951,PLEKHM1/MAPT
17,45610951,17:45610951:A:G,17,45603484,17:45603484:G:C,0.974304,7467,chr17:45610951-45610951,PLEKHM1/MAPT
17,45610951,17:45610951:A:G,17,45603783,17:45603783:C:CA,0.809994,7168,chr17:45610951-45610951,PLEKHM1/MAPT
17,45610951,17:45610951:A:G,17,45603856,17:45603856:C:T,1.0,7095,chr17:45610951-45610951,PLEKHM1/MAPT
17,45610951,17:45610951:A:G,17,45605011,17:45605011:A:G,0.892377,5940,chr17:45610951-45610951,PLEKHM1/MAPT
17,45610951,17:45610951:A:G,17,45605027,17:45605027:A:G,0.900334,5924,chr17:45610951-45610951,PLEKHM1/MAPT
17,45610951,17:45610951:A:G,17,45606231,17:45606231:T:G,0.991385,4720,chr17:45610951-45610951,PLEKHM1/MAPT
17,45610951,17:45610951:A:G,17,45606245,17:45606245:G:T,0.991385,4706,chr17:45610951-45610951,PLEKHM1/MAPT
17,45610951,17:45610951:A:G,17,45606261,17:45606261:C:G,0.982971,4690,chr17:45610951-45610951,PLEKHM1/MAPT
17,45610951,17:45610951:A:G,17,45606367,17:45606367:CAA:C,0.890762,4584,chr17:45610951-45610951,PLEKHM1/MAPT
17,45610951,17:45610951:A:G,17,45606426,17:45606426:ATGG:A,0.991385,4525,chr17:45610951-45610951,PLEKHM1/MAPT
17,45610951,17:45610951:A:G,17,45606843,17:45606843:C:G,1.0,4108,chr17:45610951-45610951,PLEKHM1/MAPT
17,45610951,17:45610951:A:G,17,45606901,17:45606901:A:AT,0.991385,4050,chr17:45610951-45610951,PLEKHM1/MAPT
17,45610951,17:45610951:A:G,17,45607059,17:45607060:AT:A,0.914203,3892,chr17:45610951-45610951,PLEKHM1/MAPT
17,45610951,17:45610951:A:G,17,45607197,17:45607197:T:C,0.991385,3754,chr17:45610951-45610951,PLEKHM1/MAPT
17,45610951,17:45610951:A:G,17,45607554,17:45607554:C:T,0.991385,3397,chr17:45610951-45610951,PLEKHM1/MAPT
17,45610951,17:45610951:A:G,17,45607655,17:45607655:C:T,0.889113,3296,chr17:45610951-45610951,PLEKHM1/MAPT
17,45610951,17:45610951:A:G,17,45607672,17:45607672:G:A,0.832804,3279,chr17:45610951-45610951,PLEKHM1/MAPT
17,45610951,17:45610951:A:G,17,45607702,17:45607702:G:A,0.841054,3249,chr17:45610951-45610951,PLEKHM1/MAPT
17,45610951,17:45610951:A:G,17,45607922,17:45607922:T:G,0.841054,3029,chr17:45610951-45610951,PLEKHM1/MAPT
17,45610951,17:45610951:A:G,17,45607925,17:45607926:C:CAA,0.841054,3026,chr17:45610951-45610951,PLEKHM1/MAPT
17,45610951,17:45610951:A:G,17,45608192,17:45608192:C:T,0.846125,2759,chr17:45610951-45610951,PLEKHM1/MAPT
17,45610951,17:45610951:A:G,17,45608332,17:45608332:A:G,0.982971,2619,chr17:45610951-45610951,PLEKHM1/MAPT
17,45610951,17:45610951:A:G,17,45608341,17:45608341:T:C,0.957647,2610,chr17:45610951-45610951,PLEKHM1/MAPT
17,45610951,17:45610951:A:G,17,45608460,17:45608460:A:G,0.991385,2491,chr17:45610951-45610951,PLEKHM1/MAPT
17,45610951,17:45610951:A:G,17,45608985,17:45608985:T:TA,0.883764,1966,chr17:45610951-45610951,PLEKHM1/MAPT
17,45610951,17:45610951:A:G,17,45609053,17:45609053:A:C,0.991385,1898,chr17:45610951-45610951,PLEKHM1/MAPT
17,45610951,17:45610951:A:G,17,45609054,17:45609054:A:G,0.991385,1897,chr17:45610951-45610951,PLEKHM1/MAPT
17,45610951,17:45610951:A:G,17,45609706,17:45609706:G:A,0.991385,1245,chr17:45610951-45610951,PLEKHM1/MAPT
17,45610951,17:45610951:A:G,17,45609815,17:45609815:CT:C,0.974508,1136,chr17:45610951-45610951,PLEKHM1/MAPT
17,45610951,17:45610951:A:G,17,45609902,17:45609902:G:A,0.94145,1049,chr17:45610951-45610951,PLEKHM1/MAPT
17,45610951,17:45610951:A:G,17,45610176,17:45610176:C:G,0.991385,775,chr17:45610951-45610951,PLEKHM1/MAPT
17,45610951,17:45610951:A:G,17,45610648,17:45610648:ATTTTTTTT:A,0.94145,303,chr17:45610951-45610951,PLEKHM1/MAPT
17,45610951,17:45610951:A:G,17,45610676,17:45610676:C:G,0.940136,275,chr17:45610951-45610951,PLEKHM1/MAPT
17,45610951,17:45610951:A:G,17,45610883,17:45610883:G:C,0.957647,68,chr17:45610951-45610951,PLEKHM1/MAPT
17,45610951,17:45610951:A:G,17,45610951,17:45610951:A:G,1.0,0,chr17:45610951-45610951,PLEKHM1/MAPT
17,45610951,17:45610951:A:G,17,45611021,17:45611021:A:G,0.991385,70,chr17:45610951-45610951,PLEKHM1/MAPT
17,45610951,17:45610951:A:G,17,45611213,17:45611213:A:G,0.991385,262,chr17:45610951-45610951,PLEKHM1/MAPT
17,45610951,17:45610951:A:G,17,45611481,17:45611481:CAAA:C,0.958194,530,chr17:45610951-45610951,PLEKHM1/MAPT
17,45610951,17:45610951:A:G,17,45611539,17:45611539:A:G,1.0,588,chr17:45610951-45610951,PLEKHM1/MAPT
17,45610951,17:45610951:A:G,17,45611724,17:45611724:T:C,0.991385,773,chr17:45610951-45610951,PLEKHM1/MAPT
17,45610951,17:45610951:A:G,17,45612318,17:45612318:C:G,0.849407,1367,chr17:45610951-45610951,PLEKHM1/MAPT
17,45610951,17:45610951:A:G,17,45612869,17:45612869:A:AT,0.917384,1918,chr17:45610951-45610951,PLEKHM1/MAPT
17,45610951,17:45610951:A:G,17,45612989,17:45612989:C:CA,0.991385,2038,chr17:45610951-45610951,PLEKHM1/MAPT
17,45610951,17:45610951:A:G,17,45613102,17:45613102:C:T,0.965921,2151,chr17:45610951-45610951,PLEKHM1/MAPT
17,45610951,17:45610951:A:G,17,45613271,17:45613271:T:C,0.991385,2320,chr17:45610951-45610951,PLEKHM1/MAPT
17,45610951,17:45610951:A:G,17,45613786,17:45613786:A:T,0.816608,2835,chr17:45610951-45610951,PLEKHM1/MAPT
17,45610951,17:45610951:A:G,17,45613826,17:45613826:A:AT,0.824656,2875,chr17:45610951-45610951,PLEKHM1/MAPT
17,45610951,17:45610951:A:G,17,45614011,17:45614011:T:C,1.0,3060,chr17:45610951-45610951,PLEKHM1/MAPT
17,45610951,17:45610951:A:G,17,45614154,17:45614154:C:T,0.816608,3203,chr17:45610951-45610951,PLEKHM1/MAPT
17,45610951,17:45610951:A:G,17,45614972,17:45614972:T:C,0.918118,4021,chr17:45610951-45610951,PLEKHM1/MAPT
17,45610951,17:45610951:A:G,17,45615569,17:45615569:A:G,0.991385,4618,chr17:45610951-45610951,PLEKHM1/MAPT
17,45610951,17:45610951:A:G,17,45615975,17:45615975:A:G,0.991385,5024,chr17:45610951-45610951,PLEKHM1/MAPT
17,45610951,17:45610951:A:G,17,45616096,17:45616096:C:T,0.910624,5145,chr17:45610951-45610951,PLEKHM1/MAPT
17,45610951,17:45610951:A:G,17,45616172,17:45616172:G:T,0.875684,5221,chr17:45610951-45610951,PLEKHM1/MAPT
17,45610951,17:45610951:A:G,17,45617831,17:45617831:C:T,0.829967,6880,chr17:45610951-45610951,PLEKHM1/MAPT
17,45610951,17:45610951:A:G,17,45618793,17:45618793:A:T,0.95784,7842,chr17:45610951-45610951,PLEKHM1/MAPT
17,45610951,17:45610951:A:G,17,45618888,17:45618888:A:G,0.966116,7937,chr17:45610951-45610951,PLEKHM1/MAPT
17,45610951,17:45610951:A:G,17,45618908,17:45618908:GTTTT:G,0.806737,7957,chr17:45610951-45610951,PLEKHM1/MAPT
17,45610951,17:45610951:A:G,17,45618946,17:45618946:G:A,0.891776,7995,chr17:45610951-45610951,PLEKHM1/MAPT
17,45610951,17:45610951:A:G,17,45621533,17:45621533:A:G,0.966092,10582,chr17:45610951-45610951,PLEKHM1/MAPT
17,45610951,17:45610951:A:G,17,45621747,17:45621747:A:G,0.851507,10796,chr17:45610951-45610951,PLEKHM1/MAPT
17,45610951,17:45610951:A:G,17,45623647,17:45623647:A:T,0.816608,12696,chr17:45610951-45610951,PLEKHM1/MAPT
17,45610951,17:45610951:A:G,17,45623657,17:45623657:T:C,0.841054,12706,chr17:45610951-45610951,PLEKHM1/MAPT
17,45610951,17:45610951:A:G,17,45623881,17:45623881:T:C,0.841054,12930,chr17:45610951-45610951,PLEKHM1/MAPT
17,45610951,17:45610951:A:G,17,45626047,17:45626047:A:AT,0.991385,15096,chr17:45610951-45610951,PLEKHM1/MAPT
17,45610951,17:45610951:A:G,17,45626189,17:45626189:A:G,0.991385,15238,chr17:45610951-45610951,PLEKHM1/MAPT
17,45610951,17:45610951:A:G,17,45626665,17:45626665:C:A,0.991385,15714,chr17:45610951-45610951,PLEKHM1/MAPT
17,45610951,17:45610951:A:G,17,45626869,17:45626869:T:C,0.982751,15918,chr17:45610951-45610951,PLEKHM1/MAPT
17,45610951,17:45610951:A:G,17,45626944,17:45626944:T:G,0.991385,15993,chr17:45610951-45610951,PLEKHM1/MAPT
17,45610951,17:45610951:A:G,17,45627053,17:45627053:T:C,0.982794,16102,chr17:45610951-45610951,PLEKHM1/MAPT
17,45610951,17:45610951:A:G,17,45627733,17:45627733:C:T,0.982863,16782,chr17:45610951-45610951,PLEKHM1/MAPT
17,45610951,17:45610951:A:G,17,45627990,17:45627990:G:A,0.991385,17039,chr17:45610951-45610951,PLEKHM1/MAPT
17,45610951,17:45610951:A:G,17,45628152,17:45628152:A:G,0.991385,17201,chr17:45610951-45610951,PLEKHM1/MAPT
17,45610951,17:45610951:A:G,17,45628235,17:45628235:A:G,1.0,17284,chr17:45610951-45610951,PLEKHM1/MAPT
17,45610951,17:45610951:A:G,17,45628390,17:45628390:G:C,1.0,17439,chr17:45610951-45610951,PLEKHM1/MAPT
17,45610951,17:45610951:A:G,17,45630253,17:45630253:C:A,0.991385,19302,chr17:45610951-45610951,PLEKHM1/MAPT
17,45610951,17:45610951:A:G,17,45630254,17:45630254:G:T,0.991385,19303,chr17:45610951-45610951,PLEKHM1/MAPT
17,45610951,17:45610951:A:G,17,45630472,17:45630472:TG:T,0.991385,19521,chr17:45610951-45610951,PLEKHM1/MAPT
17,45610951,17:45610951:A:G,17,45630482,17:45630482:G:T,0.991385,19531,chr17:45610951-45610951,PLEKHM1/MAPT
17,45610951,17:45610951:A:G,17,45630585,17:45630585:C:T,0.991385,19634,chr17:45610951-45610951,PLEKHM1/MAPT
17,45610951,17:45610951:A:G,17,45630589,17:45630589:C:A,0.991385,19638,chr17:45610951-45610951,PLEKHM1/MAPT
17,45610951,17:45610951:A:G,17,45631049,17:45631049:CA:C,0.991385,20098,chr17:45610951-45610951,PLEKHM1/MAPT
17,45610951,17:45610951:A:G,17,45631052,17:45631052:C:G,0.991385,20101,chr17:45610951-45610951,PLEKHM1/MAPT
17,45610951,17:45610951:A:G,17,45631859,17:45631859:T:C,1.0,20908,chr17:45610951-45610951,PLEKHM1/MAPT
17,45610951,17:45610951:A:G,17,45632049,17:45632049:C:T,0.991385,21098,chr17:45610951-45610951,PLEKHM1/MAPT
17,45610951,17:45610951:A:G,17,45632501,17:45632501:T:G,0.991385,21550,chr17:45610951-45610951,PLEKHM1/MAPT
17,45610951,17:45610951:A:G,17,45632527,17:45632527:A:G,0.991385,21576,chr17:45610951-45610951,PLEKHM1/MAPT
17,45610951,17:45610951:A:G,17,45632761,17:45632761:T:A,0.991385,21810,chr17:45610951-45610951,PLEKHM1/MAPT
17,45610951,17:45610951:A:G,17,45633005,17:45633005:G:A,0.991385,22054,chr17:45610951-45610951,PLEKHM1/MAPT
17,45610951,17:45610951:A:G,17,45633018,17:45633018:A:C,0.991385,22067,chr17:45610951-45610951,PLEKHM1/MAPT
17,45610951,17:45610951:A:G,17,45633946,17:45633946:C:T,0.991385,22995,chr17:45610951-45610951,PLEKHM1/MAPT
17,45610951,17:45610951:A:G,17,45634173,17:45634173:G:C,0.991385,23222,chr17:45610951-45610951,PLEKHM1/MAPT
17,45610951,17:45610951:A:G,17,45634971,17:45634971:C:T,0.991385,24020,chr17:45610951-45610951,PLEKHM1/MAPT
17,45610951,17:45610951:A:G,17,45635098,17:45635098:G:A,0.991385,24147,chr17:45610951-45610951,PLEKHM1/MAPT
17,45610951,17:45610951:A:G,17,45635291,17:45635291:T:C,0.991385,24340,chr17:45610951-45610951,PLEKHM1/MAPT
17,45610951,17:45610951:A:G,17,45636559,17:45636559:A:G,0.991385,25608,chr17:45610951-45610951,PLEKHM1/MAPT
17,45610951,17:45610951:A:G,17,45636813,17:45636813:C:CT,0.991385,25862,chr17:45610951-45610951,PLEKHM1/MAPT
17,45610951,17:45610951:A:G,17,45636824,17:45636824:A:T,0.991385,25873,chr17:45610951-45610951,PLEKHM1/MAPT
17,45610951,17:45610951:A:G,17,45637307,17:45637307:A:T,0.991385,26356,chr17:45610951-45610951,PLEKHM1/MAPT
17,45610951,17:45610951:A:G,17,45637484,17:45637484:G:A,0.991385,26533,chr17:45610951-45610951,PLEKHM1/MAPT
17,45610951,17:45610951:A:G,17,45637652,17:45637652:T:C,0.991385,26701,chr17:45610951-45610951,PLEKHM1/MAPT
17,45610951,17:45610951:A:G,17,45638061,17:45638061:T:C,1.0,27110,chr17:45610951-45610951,PLEKHM1/MAPT
17,45610951,17:45610951:A:G,17,45638253,17:45638253:G:C,0.991385,27302,chr17:45610951-45610951,PLEKHM1/MAPT
17,45610951,17:45610951:A:G,17,45638558,17:45638558:A:G,0.991385,27607,chr17:45610951-45610951,PLEKHM1/MAPT
17,45610951,17:45610951:A:G,17,45638789,17:45638789:A:G,0.991385,27838,chr17:45610951-45610951,PLEKHM1/MAPT
17,45610951,17:45610951:A:G,17,45638794,17:45638794:A:G,0.846815,27843,chr17:45610951-45610951,PLEKHM1/MAPT
17,45610951,17:45610951:A:G,17,45638820,17:45638820:TTATG:T,0.991385,27869,chr17:45610951-45610951,PLEKHM1/MAPT
17,45610951,17:45610951:A:G,17,45638858,17:45638858:G:T,0.924429,27907,chr17:45610951-45610951,PLEKHM1/MAPT
17,45610951,17:45610951:A:G,17,45638863,17:45638863:G:T,0.965824,27912,chr17:45610951-45610951,PLEKHM1/MAPT
17,45610951,17:45610951:A:G,17,45638868,17:45638868:G:T,0.991385,27917,chr17:45610951-45610951,PLEKHM1/MAPT
17,45610951,17:45610951:A:G,17,45638873,17:45638873:G:T,0.991385,27922,chr17:45610951-45610951,PLEKHM1/MAPT
17,45610951,17:45610951:A:G,17,45638878,17:45638878:G:T,0.982863,27927,chr17:45610951-45610951,PLEKHM1/MAPT
17,45610951,17:45610951:A:G,17,45639519,17:45639519:A:G,0.991385,28568,chr17:45610951-45610951,PLEKHM1/MAPT
17,45610951,17:45610951:A:G,17,45639765,17:45639765:C:T,0.991385,28814,chr17:45610951-45610951,PLEKHM1/MAPT
17,45610951,17:45610951:A:G,17,45640049,17:45640049:A:G,0.991385,29098,chr17:45610951-45610951,PLEKHM1/MAPT
17,45610951,17:45610951:A:G,17,45640437,17:45640437:T:C,1.0,29486,chr17:45610951-45610951,PLEKHM1/MAPT
17,45610951,17:45610951:A:G,17,45640970,17:45640970:T:C,1.0,30019,chr17:45610951-45610951,PLEKHM1/MAPT
17,45610951,17:45610951:A:G,17,45641777,17:45641777:A:G,1.0,30826,chr17:45610951-45610951,PLEKHM1/MAPT
17,45610951,17:45610951:A:G,17,45642504,17:45642504:G:A,0.982863,31553,chr17:45610951-45610951,PLEKHM1/MAPT
17,45610951,17:45610951:A:G,17,45643917,17:45643917:G:C,0.991385,32966,chr17:45610951-45610951,PLEKHM1/MAPT
17,45610951,17:45610951:A:G,17,45644091,17:45644091:C:T,0.991385,33140,chr17:45610951-45610951,PLEKHM1/MAPT
17,45610951,17:45610951:A:G,17,45644324,17:45644324:CAAAAAAAA:C,0.991385,33373,chr17:45610951-45610951,PLEKHM1/MAPT
17,45610951,17:45610951:A:G,17,45645143,17:45645143:C:G,0.982971,34192,chr17:45610951-45610951,PLEKHM1/MAPT
17,45610951,17:45610951:A:G,17,45645823,17:45645823:G:A,0.991385,34872,chr17:45610951-45610951,PLEKHM1/MAPT
17,45610951,17:45610951:A:G,17,45646096,17:45646096:C:T,0.991385,35145,chr17:45610951-45610951,PLEKHM1/MAPT
17,45610951,17:45610951:A:G,17,45646239,17:45646239:T:C,0.991385,35288,chr17:45610951-45610951,PLEKHM1/MAPT
17,45610951,17:45610951:A:G,17,45646563,17:45646563:G:A,0.991385,35612,chr17:45610951-45610951,PLEKHM1/MAPT
17,45610951,17:45610951:A:G,17,45646564,17:45646564:A:G,0.991385,35613,chr17:45610951-45610951,PLEKHM1/MAPT
17,45610951,17:45610951:A:G,17,45646879,17:45646879:G:A,0.991385,35928,chr17:45610951-45610951,PLEKHM1/MAPT
17,45610951,17:45610951:A:G,17,45646881,17:45646881:T:TA,0.991385,35930,chr17:45610951-45610951,PLEKHM1/MAPT
17,45610951,17:45610951:A:G,17,45647189,17:45647189:G:A,0.991385,36238,chr17:45610951-45610951,PLEKHM1/MAPT
17,45610951,17:45610951:A:G,17,45647846,17:45647846:G:A,0.991385,36895,chr17:45610951-45610951,PLEKHM1/MAPT
17,45610951,17:45610951:A:G,17,45648318,17:45648318:G:A,0.991385,37367,chr17:45610951-45610951,PLEKHM1/MAPT
17,45610951,17:45610951:A:G,17,45648396,17:45648396:G:A,0.991385,37445,chr17:45610951-45610951,PLEKHM1/MAPT
17,45610951,17:45610951:A:G,17,45648626,17:45648626:G:A,0.991385,37675,chr17:45610951-45610951,PLEKHM1/MAPT
17,45610951,17:45610951:A:G,17,45648759,17:45648759:A:C,0.991385,37808,chr17:45610951-45610951,PLEKHM1/MAPT
17,45610951,17:45610951:A:G,17,45649208,17:45649208:T:C,0.991385,38257,chr17:45610951-45610951,PLEKHM1/MAPT
17,45610951,17:45610951:A:G,17,45649222,17:45649222:C:T,0.991385,38271,chr17:45610951-45610951,PLEKHM1/MAPT
17,45610951,17:45610951:A:G,17,45649293,17:45649293:A:C,0.845286,38342,chr17:45610951-45610951,PLEKHM1/MAPT
17,45610951,17:45610951:A:G,17,45649695,17:45649695:C:T,0.991385,38744,chr17:45610951-45610951,PLEKHM1/MAPT
17,45610951,17:45610951:A:G,17,45650521,17:45650521:A:T,0.991385,39570,chr17:45610951-45610951,PLEKHM1/MAPT
17,45610951,17:45610951:A:G,17,45650771,17:45650771:G:A,0.991385,39820,chr17:45610951-45610951,PLEKHM1/MAPT
17,45610951,17:45610951:A:G,17,45651010,17:45651010:G:A,0.845286,40059,chr17:45610951-45610951,PLEKHM1/MAPT
17,45610951,17:45610951:A:G,17,45652018,17:45652018:G:A,0.991385,41067,chr17:45610951-45610951,PLEKHM1/MAPT
17,45610951,17:45610951:A:G,17,45652066,17:45652066:C:T,0.991385,41115,chr17:45610951-45610951,PLEKHM1/MAPT
17,45610951,17:45610951:A:G,17,45653187,17:45653188:T:TTGTG,0.957427,42236,chr17:45610951-45610951,PLEKHM1/MAPT
17,45610951,17:45610951:A:G,17,45653232,17:45653232:G:A,0.991385,42281,chr17:45610951-45610951,PLEKHM1/MAPT
17,45610951,17:45610951:A:G,17,45653270,17:45653270:G:T,0.991385,42319,chr17:45610951-45610951,PLEKHM1/MAPT
17,45610951,17:45610951:A:G,17,45654353,17:45654353:A:C,0.991385,43402,chr17:45610951-45610951,PLEKHM1/MAPT
17,45610951,17:45610951:A:G,17,45654530,17:45654530:C:T,0.991385,43579,chr17:45610951-45610951,PLEKHM1/MAPT
17,45610951,17:45610951:A:G,17,45655414,17:45655414:CCCCTATGT:C,0.845286,44463,chr17:45610951-45610951,PLEKHM1/MAPT
17,45610951,17:45610951:A:G,17,45655682,17:45655682:A:T,0.991385,44731,chr17:45610951-45610951,PLEKHM1/MAPT
17,45610951,17:45610951:A:G,17,45656341,17:45656341:GC:G,0.991385,45390,chr17:45610951-45610951,PLEKHM1/MAPT
17,45610951,17:45610951:A:G,17,45656617,17:45656617:G:A,0.991385,45666,chr17:45610951-45610951,PLEKHM1/MAPT
17,45610951,17:45610951:A:G,17,45656779,17:45656779:T:C,0.991385,45828,chr17:45610951-45610951,PLEKHM1/MAPT
17,45610951,17:45610951:A:G,17,45656889,17:45656889:TA:T,0.991385,45938,chr17:45610951-45610951,PLEKHM1/MAPT
17,45610951,17:45610951:A:G,17,45656938,17:45656938:T:C,0.991385,45987,chr17:45610951-45610951,PLEKHM1/MAPT
17,45610951,17:45610951:A:G,17,45657137,17:45657137:A:G,0.991385,46186,chr17:45610951-45610951,PLEKHM1/MAPT
17,45610951,17:45610951:A:G,17,45657277,17:45657277:T:C,0.991385,46326,chr17:45610951-45610951,PLEKHM1/MAPT
17,45610951,17:45610951:A:G,17,45657910,17:45657910:C:T,0.991385,46959,chr17:45610951-45610951,PLEKHM1/MAPT
17,45610951,17:45610951:A:G,17,45658112,17:45658112:A:G,0.991385,47161,chr17:45610951-45610951,PLEKHM1/MAPT
17,45610951,17:45610951:A:G,17,45658189,17:45658189:G:A,0.991385,47238,chr17:45610951-45610951,PLEKHM1/MAPT
17,45610951,17:45610951:A:G,17,45659138,17:45659138:T:C,0.991385,48187,chr17:45610951-45610951,PLEKHM1/MAPT
17,45610951,17:45610951:A:G,17,45659397,17:45659397:C:T,0.991385,48446,chr17:45610951-45610951,PLEKHM1/MAPT
17,45610951,17:45610951:A:G,17,45659674,17:45659674:G:A,0.991385,48723,chr17:45610951-45610951,PLEKHM1/MAPT
17,45610951,17:45610951:A:G,17,45660364,17:45660364:T:C,0.991385,49413,chr17:45610951-45610951,PLEKHM1/MAPT
17,45610951,17:45610951:A:G,17,45661261,17:45661261:T:G,0.991385,50310,chr17:45610951-45610951,PLEKHM1/MAPT
17,45610951,17:45610951:A:G,17,45661310,17:45661310:C:A,0.991385,50359,chr17:45610951-45610951,PLEKHM1/MAPT
17,45610951,17:45610951:A:G,17,45663199,17:45663199:G:T,0.845286,52248,chr17:45610951-45610951,PLEKHM1/MAPT
17,45610951,17:45610951:A:G,17,45663490,17:45663490:C:T,0.991385,52539,chr17:45610951-45610951,PLEKHM1/MAPT
17,45610951,17:45610951:A:G,17,45663601,17:45663601:C:T,0.991385,52650,chr17:45610951-45610951,PLEKHM1/MAPT
17,45610951,17:45610951:A:G,17,45663662,17:45663662:A:G,0.991385,52711,chr17:45610951-45610951,PLEKHM1/MAPT
17,45610951,17:45610951:A:G,17,45664086,17:45664086:C:T,0.991385,53135,chr17:45610951-45610951,PLEKHM1/MAPT
17,45610951,17:45610951:A:G,17,45664261,17:45664261:A:AT,0.991385,53310,chr17:45610951-45610951,PLEKHM1/MAPT
17,45610951,17:45610951:A:G,17,45665088,17:45665088:AC:A,0.991385,54137,chr17:45610951-45610951,PLEKHM1/MAPT
17,45610951,17:45610951:A:G,17,45665679,17:45665679:T:C,0.991385,54728,chr17:45610951-45610951,PLEKHM1/MAPT
17,45610951,17:45610951:A:G,17,45666978,17:45666978:T:A,0.872528,56027,chr17:45610951-45610951,PLEKHM1/MAPT
17,45610951,17:45610951:A:G,17,45667624,17:45667624:C:T,0.991385,56673,chr17:45610951-45610951,PLEKHM1/MAPT
17,45610951,17:45610951:A:G,17,45668821,17:45668821:TC:T,0.991385,57870,chr17:45610951-45610951,PLEKHM1/MAPT
17,45610951,17:45610951:A:G,17,45668910,17:45668910:G:T,0.991385,57959,chr17:45610951-45610951,PLEKHM1/MAPT
17,45610951,17:45610951:A:G,17,45669052,17:45669052:T:A,0.991385,58101,chr17:45610951-45610951,PLEKHM1/MAPT
17,45610951,17:45610951:A:G,17,45669244,17:45669244:T:TATC,0.991385,58293,chr17:45610951-45610951,PLEKHM1/MAPT
17,45610951,17:45610951:A:G,17,45669355,17:45669355:A:G,0.991385,58404,chr17:45610951-45610951,PLEKHM1/MAPT
17,45610951,17:45610951:A:G,17,45669473,17:45669473:T:C,0.991385,58522,chr17:45610951-45610951,PLEKHM1/MAPT
17,45610951,17:45610951:A:G,17,45670249,17:45670249:C:T,0.872528,59298,chr17:45610951-45610951,PLEKHM1/MAPT
17,45610951,17:45610951:A:G,17,45670311,17:45670311:C:T,0.991385,59360,chr17:45610951-45610951,PLEKHM1/MAPT
17,45610951,17:45610951:A:G,17,45670317,17:45670317:G:A,0.991385,59366,chr17:45610951-45610951,PLEKHM1/MAPT
17,45610951,17:45610951:A:G,17,45670680,17:45670680:C:T,0.991385,59729,chr17:45610951-45610951,PLEKHM1/MAPT
17,45610951,17:45610951:A:G,17,45670735,17:45670735:A:G,0.991385,59784,chr17:45610951-45610951,PLEKHM1/MAPT
17,45610951,17:45610951:A:G,17,45671046,17:45671046:A:G,0.991385,60095,chr17:45610951-45610951,PLEKHM1/MAPT
17,45610951,17:45610951:A:G,17,45671802,17:45671802:G:C,0.991385,60851,chr17:45610951-45610951,PLEKHM1/MAPT
17,45610951,17:45610951:A:G,17,45671895,17:45671895:T:C,0.991385,60944,chr17:45610951-45610951,PLEKHM1/MAPT
17,45610951,17:45610951:A:G,17,45672088,17:45672088:G:A,0.991385,61137,chr17:45610951-45610951,PLEKHM1/MAPT
17,45610951,17:45610951:A:G,17,45672213,17:45672213:T:C,0.991385,61262,chr17:45610951-45610951,PLEKHM1/MAPT
17,45610951,17:45610951:A:G,17,45672576,17:45672576:A:G,0.872528,61625,chr17:45610951-45610951,PLEKHM1/MAPT
17,45610951,17:45610951:A:G,17,45672583,17:45672583:G:A,0.991385,61632,chr17:45610951-45610951,PLEKHM1/MAPT
17,45610951,17:45610951:A:G,17,45672614,17:45672614:T:C,0.991385,61663,chr17:45610951-45610951,PLEKHM1/MAPT
17,45610951,17:45610951:A:G,17,45672644,17:45672644:G:A,0.991385,61693,chr17:45610951-45610951,PLEKHM1/MAPT
17,45610951,17:45610951:A:G,17,45672771,17:45672771:G:C,0.991385,61820,chr17:45610951-45610951,PLEKHM1/MAPT
17,45610951,17:45610951:A:G,17,45672806,17:45672806:G:A,0.872528,61855,chr17:45610951-45610951,PLEKHM1/MAPT
17,45610951,17:45610951:A:G,17,45672872,17:45672872:A:G,0.991385,61921,chr17:45610951-45610951,PLEKHM1/MAPT
17,45610951,17:45610951:A:G,17,45672949,17:45672949:A:G,0.991385,61998,chr17:45610951-45610951,PLEKHM1/MAPT
17,45610951,17:45610951:A:G,17,45673544,17:45673544:C:T,0.872528,62593,chr17:45610951-45610951,PLEKHM1/MAPT
17,45610951,17:45610951:A:G,17,45673555,17:45673555:T:TA,0.872528,62604,chr17:45610951-45610951,PLEKHM1/MAPT
17,45610951,17:45610951:A:G,17,45673573,17:45673573:T:C,0.991385,62622,chr17:45610951-45610951,PLEKHM1/MAPT
17,45610951,17:45610951:A:G,17,45673735,17:45673735:A:G,0.991385,62784,chr17:45610951-45610951,PLEKHM1/MAPT
17,45610951,17:45610951:A:G,17,45673857,17:45673857:A:T,0.991385,62906,chr17:45610951-45610951,PLEKHM1/MAPT
17,45610951,17:45610951:A:G,17,45673880,17:45673880:C:T,0.991385,62929,chr17:45610951-45610951,PLEKHM1/MAPT
17,45610951,17:45610951:A:G,17,45673942,17:45673942:T:C,0.991385,62991,chr17:45610951-45610951,PLEKHM1/MAPT
17,45610951,17:45610951:A:G,17,45674061,17:45674061:T:C,0.991385,63110,chr17:45610951-45610951,PLEKHM1/MAPT
17,45610951,17:45610951:A:G,17,45674232,17:45674232:GT:G,0.991385,63281,chr17:45610951-45610951,PLEKHM1/MAPT
17,45610951,17:45610951:A:G,17,45674547,17:45674547:G:A,0.872528,63596,chr17:45610951-45610951,PLEKHM1/MAPT
17,45610951,17:45610951:A:G,17,45674673,17:45674673:C:T,0.991385,63722,chr17:45610951-45610951,PLEKHM1/MAPT
17,45610951,17:45610951:A:G,17,45674712,17:45674712:A:AC,0.991385,63761,chr17:45610951-45610951,PLEKHM1/MAPT
17,45610951,17:45610951:A:G,17,45675200,17:45675200:C:T,0.991385,64249,chr17:45610951-45610951,PLEKHM1/MAPT
17,45610951,17:45610951:A:G,17,45676088,17:45676088:A:G,0.991385,65137,chr17:45610951-45610951,PLEKHM1/MAPT
17,45610951,17:45610951:A:G,17,45676276,17:45676276:A:G,0.991385,65325,chr17:45610951-45610951,PLEKHM1/MAPT
17,45610951,17:45610951:A:G,17,45676644,17:45676644:T:C,0.991385,65693,chr17:45610951-45610951,PLEKHM1/MAPT
17,45610951,17:45610951:A:G,17,45676733,17:45676733:G:A,0.991385,65782,chr17:45610951-45610951,PLEKHM1/MAPT
17,45610951,17:45610951:A:G,17,45676843,17:45676843:G:C,0.991385,65892,chr17:45610951-45610951,PLEKHM1/MAPT
17,45610951,17:45610951:A:G,17,45677139,17:45677139:A:C,0.991385,66188,chr17:45610951-45610951,PLEKHM1/MAPT
17,45610951,17:45610951:A:G,17,45677203,17:45677203:G:A,0.991385,66252,chr17:45610951-45610951,PLEKHM1/MAPT
17,45610951,17:45610951:A:G,17,45677210,17:45677210:C:G,0.991385,66259,chr17:45610951-45610951,PLEKHM1/MAPT
17,45610951,17:45610951:A:G,17,45677484,17:45677484:T:C,0.982971,66533,chr17:45610951-45610951,PLEKHM1/MAPT
17,45610951,17:45610951:A:G,17,45677543,17:45677543:A:G,0.982971,66592,chr17:45610951-45610951,PLEKHM1/MAPT
17,45610951,17:45610951:A:G,17,45677548,17:45677548:C:T,0.867289,66597,chr17:45610951-45610951,PLEKHM1/MAPT
17,45610951,17:45610951:A:G,17,45677566,17:45677567:ATT:A,0.982971,66615,chr17:45610951-45610951,PLEKHM1/MAPT
17,45610951,17:45610951:A:G,17,45678491,17:45678491:C:A,0.872528,67540,chr17:45610951-45610951,PLEKHM1/MAPT
17,45610951,17:45610951:A:G,17,45678505,17:45678505:A:C,0.872528,67554,chr17:45610951-45610951,PLEKHM1/MAPT
17,45610951,17:45610951:A:G,17,45678805,17:45678805:A:AAAAC,0.991385,67854,chr17:45610951-45610951,PLEKHM1/MAPT
17,45610951,17:45610951:A:G,17,45678974,17:45678974:T:C,0.991385,68023,chr17:45610951-45610951,PLEKHM1/MAPT
17,45610951,17:45610951:A:G,17,45679010,17:45679010:G:C,0.991385,68059,chr17:45610951-45610951,PLEKHM1/MAPT
17,45610951,17:45610951:A:G,17,45679140,17:45679140:C:T,0.991385,68189,chr17:45610951-45610951,PLEKHM1/MAPT
17,45610951,17:45610951:A:G,17,45679319,17:45679319:A:G,0.991385,68368,chr17:45610951-45610951,PLEKHM1/MAPT
17,45610951,17:45610951:A:G,17,45679467,17:45679467:C:A,0.991385,68516,chr17:45610951-45610951,PLEKHM1/MAPT
17,45610951,17:45610951:A:G,17,45679544,17:45679544:T:C,0.991385,68593,chr17:45610951-45610951,PLEKHM1/MAPT
17,45610951,17:45610951:A:G,17,45679603,17:45679603:A:G,0.872528,68652,chr17:45610951-45610951,PLEKHM1/MAPT
17,45610951,17:45610951:A:G,17,45679795,17:45679795:C:T,0.991385,68844,chr17:45610951-45610951,PLEKHM1/MAPT
17,45610951,17:45610951:A:G,17,45680084,17:45680084:C:A,0.891646,69133,chr17:45610951-45610951,PLEKHM1/MAPT
17,45610951,17:45610951:A:G,17,45680410,17:45680410:T:C,0.991385,69459,chr17:45610951-45610951,PLEKHM1/MAPT
17,45610951,17:45610951:A:G,17,45680411,17:45680411:C:T,0.991385,69460,chr17:45610951-45610951,PLEKHM1/MAPT
17,45610951,17:45610951:A:G,17,45680645,17:45680645:G:C,0.991385,69694,chr17:45610951-45610951,PLEKHM1/MAPT
17,45610951,17:45610951:A:G,17,45680712,17:45680712:G:A,0.982863,69761,chr17:45610951-45610951,PLEKHM1/MAPT
17,45610951,17:45610951:A:G,17,45680750,17:45680750:AAAAG:A,0.808514,69799,chr17:45610951-45610951,PLEKHM1/MAPT
17,45610951,17:45610951:A:G,17,45680759,17:45680759:A:G,0.974432,69808,chr17:45610951-45610951,PLEKHM1/MAPT
17,45610951,17:45610951:A:G,17,45680782,17:45680782:C:T,0.974432,69831,chr17:45610951-45610951,PLEKHM1/MAPT
17,45610951,17:45610951:A:G,17,45680872,17:45680872:C:T,0.991385,69921,chr17:45610951-45610951,PLEKHM1/MAPT
17,45610951,17:45610951:A:G,17,45680918,17:45680918:A:AACAAAAC,0.966092,69967,chr17:45610951-45610951,PLEKHM1/MAPT
17,45610951,17:45610951:A:G,17,45681016,17:45681016:T:C,0.991385,70065,chr17:45610951-45610951,PLEKHM1/MAPT
17,45610951,17:45610951:A:G,17,45681376,17:45681376:T:C,0.991385,70425,chr17:45610951-45610951,PLEKHM1/MAPT
17,45610951,17:45610951:A:G,17,45681421,17:45681421:G:A,0.991385,70470,chr17:45610951-45610951,PLEKHM1/MAPT
17,45610951,17:45610951:A:G,17,45681424,17:45681424:C:T,0.991385,70473,chr17:45610951-45610951,PLEKHM1/MAPT
17,45610951,17:45610951:A:G,17,45681519,17:45681519:A:G,0.991385,70568,chr17:45610951-45610951,PLEKHM1/MAPT
17,45610951,17:45610951:A:G,17,45681521,17:45681521:A:G,0.991385,70570,chr17:45610951-45610951,PLEKHM1/MAPT
17,45610951,17:45610951:A:G,17,45681532,17:45681532:A:G,0.872528,70581,chr17:45610951-45610951,PLEKHM1/MAPT
17,45610951,17:45610951:A:G,17,45681682,17:45681682:T:C,0.991385,70731,chr17:45610951-45610951,PLEKHM1/MAPT
17,45610951,17:45610951:A:G,17,45682060,17:45682060:C:T,0.991385,71109,chr17:45610951-45610951,PLEKHM1/MAPT
17,45610951,17:45610951:A:G,17,45682065,17:45682065:C:T,0.991385,71114,chr17:45610951-45610951,PLEKHM1/MAPT
17,45610951,17:45610951:A:G,17,45682353,17:45682353:A:G,0.991385,71402,chr17:45610951-45610951,PLEKHM1/MAPT
17,45610951,17:45610951:A:G,17,45682714,17:45682714:C:A,0.991385,71763,chr17:45610951-45610951,PLEKHM1/MAPT
17,45610951,17:45610951:A:G,17,45682826,17:45682826:A:G,0.991385,71875,chr17:45610951-45610951,PLEKHM1/MAPT
17,45610951,17:45610951:A:G,17,45682833,17:45682833:C:T,0.991385,71882,chr17:45610951-45610951,PLEKHM1/MAPT
17,45610951,17:45610951:A:G,17,45683008,17:45683008:A:AT,0.991385,72057,chr17:45610951-45610951,PLEKHM1/MAPT
17,45610951,17:45610951:A:G,17,45683023,17:45683023:A:G,0.991385,72072,chr17:45610951-45610951,PLEKHM1/MAPT
17,45610951,17:45610951:A:G,17,45683150,17:45683150:A:T,0.991385,72199,chr17:45610951-45610951,PLEKHM1/MAPT
17,45610951,17:45610951:A:G,17,45683211,17:45683211:G:A,0.991385,72260,chr17:45610951-45610951,PLEKHM1/MAPT
17,45610951,17:45610951:A:G,17,45683233,17:45683233:A:C,0.991385,72282,chr17:45610951-45610951,PLEKHM1/MAPT
17,45610951,17:45610951:A:G,17,45683319,17:45683319:T:C,0.991385,72368,chr17:45610951-45610951,PLEKHM1/MAPT
17,45610951,17:45610951:A:G,17,45683393,17:45683393:AT:A,0.991385,72442,chr17:45610951-45610951,PLEKHM1/MAPT
17,45610951,17:45610951:A:G,17,45684015,17:45684015:A:G,0.991385,73064,chr17:45610951-45610951,PLEKHM1/MAPT
17,45610951,17:45610951:A:G,17,45684116,17:45684116:T:C,0.991385,73165,chr17:45610951-45610951,PLEKHM1/MAPT
17,45610951,17:45610951:A:G,17,45684153,17:45684153:T:G,0.872528,73202,chr17:45610951-45610951,PLEKHM1/MAPT
17,45610951,17:45610951:A:G,17,45684199,17:45684199:T:C,0.872528,73248,chr17:45610951-45610951,PLEKHM1/MAPT
17,45610951,17:45610951:A:G,17,45684490,17:45684490:C:T,0.991385,73539,chr17:45610951-45610951,PLEKHM1/MAPT
17,45610951,17:45610951:A:G,17,45684573,17:45684573:G:C,0.991385,73622,chr17:45610951-45610951,PLEKHM1/MAPT
17,45610951,17:45610951:A:G,17,45684608,17:45684608:C:A,0.991385,73657,chr17:45610951-45610951,PLEKHM1/MAPT
17,45610951,17:45610951:A:G,17,45684619,17:45684619:A:T,0.991385,73668,chr17:45610951-45610951,PLEKHM1/MAPT
17,45610951,17:45610951:A:G,17,45684802,17:45684802:CT:C,0.982971,73851,chr17:45610951-45610951,PLEKHM1/MAPT
17,45610951,17:45610951:A:G,17,45684889,17:45684889:T:C,0.991385,73938,chr17:45610951-45610951,PLEKHM1/MAPT
17,45610951,17:45610951:A:G,17,45685063,17:45685063:C:T,0.991385,74112,chr17:45610951-45610951,PLEKHM1/MAPT
17,45610951,17:45610951:A:G,17,45685171,17:45685171:T:A,0.991385,74220,chr17:45610951-45610951,PLEKHM1/MAPT
17,45610951,17:45610951:A:G,17,45685188,17:45685188:A:G,0.991385,74237,chr17:45610951-45610951,PLEKHM1/MAPT
17,45610951,17:45610951:A:G,17,45685228,17:45685228:A:T,0.991385,74277,chr17:45610951-45610951,PLEKHM1/MAPT
17,45610951,17:45610951:A:G,17,45685480,17:45685480:A:G,0.991385,74529,chr17:45610951-45610951,PLEKHM1/MAPT
17,45610951,17:45610951:A:G,17,45685641,17:45685641:T:C,0.991385,74690,chr17:45610951-45610951,PLEKHM1/MAPT
17,45610951,17:45610951:A:G,17,45685836,17:45685836:G:A,0.991385,74885,chr17:45610951-45610951,PLEKHM1/MAPT
17,45610951,17:45610951:A:G,17,45685875,17:45685875:C:T,0.991385,74924,chr17:45610951-45610951,PLEKHM1/MAPT
17,45610951,17:45610951:A:G,17,45686569,17:45686569:A:G,0.991385,75618,chr17:45610951-45610951,PLEKHM1/MAPT
17,45610951,17:45610951:A:G,17,45686661,17:45686661:GGCCGAGGTG:G,0.991385,75710,chr17:45610951-45610951,PLEKHM1/MAPT
17,45610951,17:45610951:A:G,17,45686939,17:45686939:G:A,0.810953,75988,chr17:45610951-45610951,PLEKHM1/MAPT
17,45610951,17:45610951:A:G,17,45686942,17:45686942:A:AAAAG,0.916344,75991,chr17:45610951-45610951,PLEKHM1/MAPT
17,45610951,17:45610951:A:G,17,45687012,17:45687012:G:A,0.991385,76061,chr17:45610951-45610951,PLEKHM1/MAPT
17,45610951,17:45610951:A:G,17,45687199,17:45687199:A:G,0.991385,76248,chr17:45610951-45610951,PLEKHM1/MAPT
17,45610951,17:45610951:A:G,17,45687319,17:45687319:C:T,0.991385,76368,chr17:45610951-45610951,PLEKHM1/MAPT
17,45610951,17:45610951:A:G,17,45687430,17:45687430:G:T,0.991385,76479,chr17:45610951-45610951,PLEKHM1/MAPT
17,45610951,17:45610951:A:G,17,45687481,17:45687481:G:A,0.991385,76530,chr17:45610951-45610951,PLEKHM1/MAPT
17,45610951,17:45610951:A:G,17,45687621,17:45687621:G:A,0.991385,76670,chr17:45610951-45610951,PLEKHM1/MAPT
17,45610951,17:45610951:A:G,17,45687714,17:45687714:A:G,0.991385,76763,chr17:45610951-45610951,PLEKHM1/MAPT
17,45610951,17:45610951:A:G,17,45688015,17:45688015:G:C,0.991385,77064,chr17:45610951-45610951,PLEKHM1/MAPT
17,45610951,17:45610951:A:G,17,45688084,17:45688084:G:A,0.991385,77133,chr17:45610951-45610951,PLEKHM1/MAPT
17,45610951,17:45610951:A:G,17,45688412,17:45688412:C:T,0.991385,77461,chr17:45610951-45610951,PLEKHM1/MAPT
17,45610951,17:45610951:A:G,17,45688515,17:45688515:T:C,0.872528,77564,chr17:45610951-45610951,PLEKHM1/MAPT
17,45610951,17:45610951:A:G,17,45688986,17:45688986:G:C,0.991385,78035,chr17:45610951-45610951,PLEKHM1/MAPT
17,45610951,17:45610951:A:G,17,45689049,17:45689049:A:G,0.991385,78098,chr17:45610951-45610951,PLEKHM1/MAPT
17,45610951,17:45610951:A:G,17,45689052,17:45689052:C:T,0.991385,78101,chr17:45610951-45610951,PLEKHM1/MAPT
17,45610951,17:45610951:A:G,17,45689128,17:45689128:A:AC,0.991385,78177,chr17:45610951-45610951,PLEKHM1/MAPT
17,45610951,17:45610951:A:G,17,45689131,17:45689131:T:C,0.991385,78180,chr17:45610951-45610951,PLEKHM1/MAPT
17,45610951,17:45610951:A:G,17,45689388,17:45689388:C:T,0.991385,78437,chr17:45610951-45610951,PLEKHM1/MAPT
17,45610951,17:45610951:A:G,17,45689853,17:45689853:A:C,0.991385,78902,chr17:45610951-45610951,PLEKHM1/MAPT
17,45610951,17:45610951:A:G,17,45690172,17:45690172:A:G,0.991385,79221,chr17:45610951-45610951,PLEKHM1/MAPT
17,45610951,17:45610951:A:G,17,45690262,17:45690262:G:A,0.991385,79311,chr17:45610951-45610951,PLEKHM1/MAPT
17,45610951,17:45610951:A:G,17,45690265,17:45690265:G:A,0.991385,79314,chr17:45610951-45610951,PLEKHM1/MAPT
17,45610951,17:45610951:A:G,17,45690407,17:45690407:T:C,0.872528,79456,chr17:45610951-45610951,PLEKHM1/MAPT
17,45610951,17:45610951:A:G,17,45690449,17:45690449:C:T,0.991385,79498,chr17:45610951-45610951,PLEKHM1/MAPT
17,45610951,17:45610951:A:G,17,45690864,17:45690864:C:G,0.991385,79913,chr17:45610951-45610951,PLEKHM1/MAPT
17,45610951,17:45610951:A:G,17,45690980,17:45690980:G:A,0.991385,80029,chr17:45610951-45610951,PLEKHM1/MAPT
17,45610951,17:45610951:A:G,17,45690981,17:45690981:C:T,0.991385,80030,chr17:45610951-45610951,PLEKHM1/MAPT
17,45610951,17:45610951:A:G,17,45691101,17:45691101:C:T,0.991385,80150,chr17:45610951-45610951,PLEKHM1/MAPT
17,45610951,17:45610951:A:G,17,45691130,17:45691130:C:T,0.991385,80179,chr17:45610951-45610951,PLEKHM1/MAPT
17,45610951,17:45610951:A:G,17,45691135,17:45691135:C:T,0.991385,80184,chr17:45610951-45610951,PLEKHM1/MAPT
17,45610951,17:45610951:A:G,17,45691255,17:45691255:AG:A,0.991385,80304,chr17:45610951-45610951,PLEKHM1/MAPT
17,45610951,17:45610951:A:G,17,45691267,17:45691267:G:A,0.982863,80316,chr17:45610951-45610951,PLEKHM1/MAPT
17,45610951,17:45610951:A:G,17,45691337,17:45691337:C:T,0.991385,80386,chr17:45610951-45610951,PLEKHM1/MAPT
17,45610951,17:45610951:A:G,17,45691361,17:45691361:G:A,0.991385,80410,chr17:45610951-45610951,PLEKHM1/MAPT
17,45610951,17:45610951:A:G,17,45691722,17:45691722:T:C,0.991385,80771,chr17:45610951-45610951,PLEKHM1/MAPT
17,45610951,17:45610951:A:G,17,45691911,17:45691911:C:G,0.991385,80960,chr17:45610951-45610951,PLEKHM1/MAPT
17,45610951,17:45610951:A:G,17,45691955,17:45691955:A:C,0.991385,81004,chr17:45610951-45610951,PLEKHM1/MAPT
17,45610951,17:45610951:A:G,17,45692150,17:45692150:C:A,0.991385,81199,chr17:45610951-45610951,PLEKHM1/MAPT
17,45610951,17:45610951:A:G,17,45692453,17:45692453:AAAATT:A,0.991385,81502,chr17:45610951-45610951,PLEKHM1/MAPT
17,45610951,17:45610951:A:G,17,45693050,17:45693050:T:C,0.991385,82099,chr17:45610951-45610951,PLEKHM1/MAPT
17,45610951,17:45610951:A:G,17,45693077,17:45693077:T:C,0.991385,82126,chr17:45610951-45610951,PLEKHM1/MAPT
17,45610951,17:45610951:A:G,17,45693159,17:45693159:C:T,0.991385,82208,chr17:45610951-45610951,PLEKHM1/MAPT
17,45610951,17:45610951:A:G,17,45693229,17:45693229:A:G,0.991385,82278,chr17:45610951-45610951,PLEKHM1/MAPT
17,45610951,17:45610951:A:G,17,45693346,17:45693346:C:T,0.872528,82395,chr17:45610951-45610951,PLEKHM1/MAPT
17,45610951,17:45610951:A:G,17,45693629,17:45693629:G:A,0.991385,82678,chr17:45610951-45610951,PLEKHM1/MAPT
17,45610951,17:45610951:A:G,17,45693827,17:45693827:T:C,0.991385,82876,chr17:45610951-45610951,PLEKHM1/MAPT
17,45610951,17:45610951:A:G,17,45694127,17:45694127:G:A,0.991385,83176,chr17:45610951-45610951,PLEKHM1/MAPT
17,45610951,17:45610951:A:G,17,45694261,17:45694261:A:G,0.991385,83310,chr17:45610951-45610951,PLEKHM1/MAPT
17,45610951,17:45610951:A:G,17,45694652,17:45694652:G:T,0.991385,83701,chr17:45610951-45610951,PLEKHM1/MAPT
17,45610951,17:45610951:A:G,17,45694743,17:45694743:C:A,0.991385,83792,chr17:45610951-45610951,PLEKHM1/MAPT
17,45610951,17:45610951:A:G,17,45694885,17:45694885:C:T,0.991385,83934,chr17:45610951-45610951,PLEKHM1/MAPT
17,45610951,17:45610951:A:G,17,45695041,17:45695041:C:T,0.991385,84090,chr17:45610951-45610951,PLEKHM1/MAPT
17,45610951,17:45610951:A:G,17,45695174,17:45695174:G:A,0.991385,84223,chr17:45610951-45610951,PLEKHM1/MAPT
17,45610951,17:45610951:A:G,17,45695692,17:45695692:GA:G,0.965774,84741,chr17:45610951-45610951,PLEKHM1/MAPT
17,45610951,17:45610951:A:G,17,45695719,17:45695719:G:A,0.991385,84768,chr17:45610951-45610951,PLEKHM1/MAPT
17,45610951,17:45610951:A:G,17,45695758,17:45695758:A:C,0.991385,84807,chr17:45610951-45610951,PLEKHM1/MAPT
17,45610951,17:45610951:A:G,17,45695882,17:45695882:A:T,0.991385,84931,chr17:45610951-45610951,PLEKHM1/MAPT
17,45610951,17:45610951:A:G,17,45696081,17:45696081:T:C,0.991385,85130,chr17:45610951-45610951,PLEKHM1/MAPT
17,45610951,17:45610951:A:G,17,45696148,17:45696148:C:CAAA,0.991385,85197,chr17:45610951-45610951,PLEKHM1/MAPT
17,45610951,17:45610951:A:G,17,45696159,17:45696159:T:TAAAA,0.991385,85208,chr17:45610951-45610951,PLEKHM1/MAPT
17,45610951,17:45610951:A:G,17,45696241,17:45696241:T:G,0.991385,85290,chr17:45610951-45610951,PLEKHM1/MAPT
17,45610951,17:45610951:A:G,17,45696418,17:45696418:C:A,0.991385,85467,chr17:45610951-45610951,PLEKHM1/MAPT
17,45610951,17:45610951:A:G,17,45696511,17:45696511:A:T,0.991385,85560,chr17:45610951-45610951,PLEKHM1/MAPT
17,45610951,17:45610951:A:G,17,45696577,17:45696577:A:G,0.991385,85626,chr17:45610951-45610951,PLEKHM1/MAPT
17,45610951,17:45610951:A:G,17,45696889,17:45696889:TAGCC:T,0.991385,85938,chr17:45610951-45610951,PLEKHM1/MAPT
17,45610951,17:45610951:A:G,17,45697042,17:45697042:A:AAGAAAGAAA,0.982863,86091,chr17:45610951-45610951,PLEKHM1/MAPT
17,45610951,17:45610951:A:G,17,45697131,17:45697131:A:T,0.982971,86180,chr17:45610951-45610951,PLEKHM1/MAPT
17,45610951,17:45610951:A:G,17,45697479,17:45697479:C:T,0.991385,86528,chr17:45610951-45610951,PLEKHM1/MAPT
17,45610951,17:45610951:A:G,17,45697593,17:45697593:T:C,0.991385,86642,chr17:45610951-45610951,PLEKHM1/MAPT
17,45610951,17:45610951:A:G,17,45697649,17:45697649:T:C,0.991385,86698,chr17:45610951-45610951,PLEKHM1/MAPT
17,45610951,17:45610951:A:G,17,45697779,17:45697779:G:A,0.991385,86828,chr17:45610951-45610951,PLEKHM1/MAPT
17,45610951,17:45610951:A:G,17,45697846,17:45697846:CCTT:C,0.991385,86895,chr17:45610951-45610951,PLEKHM1/MAPT
17,45610951,17:45610951:A:G,17,45698036,17:45698036:T:C,0.991385,87085,chr17:45610951-45610951,PLEKHM1/MAPT
17,45610951,17:45610951:A:G,17,45698113,17:45698113:T:C,0.991385,87162,chr17:45610951-45610951,PLEKHM1/MAPT
17,45610951,17:45610951:A:G,17,45698180,17:45698180:A:G,0.991385,87229,chr17:45610951-45610951,PLEKHM1/MAPT
17,45610951,17:45610951:A:G,17,45698563,17:45698563:C:G,0.991385,87612,chr17:45610951-45610951,PLEKHM1/MAPT
17,45610951,17:45610951:A:G,17,45698695,17:45698695:C:T,0.991385,87744,chr17:45610951-45610951,PLEKHM1/MAPT
17,45610951,17:45610951:A:G,17,45698876,17:45698876:A:G,0.991385,87925,chr17:45610951-45610951,PLEKHM1/MAPT
17,45610951,17:45610951:A:G,17,45699005,17:45699005:C:T,0.991385,88054,chr17:45610951-45610951,PLEKHM1/MAPT
17,45610951,17:45610951:A:G,17,45699025,17:45699025:G:C,0.991385,88074,chr17:45610951-45610951,PLEKHM1/MAPT
17,45610951,17:45610951:A:G,17,45699058,17:45699058:C:CTT,0.991385,88107,chr17:45610951-45610951,PLEKHM1/MAPT
17,45610951,17:45610951:A:G,17,45699059,17:45699059:C:T,0.991385,88108,chr17:45610951-45610951,PLEKHM1/MAPT
17,45610951,17:45610951:A:G,17,45699216,17:45699217:CTTTTTTT:C,0.96554,88265,chr17:45610951-45610951,PLEKHM1/MAPT
17,45610951,17:45610951:A:G,17,45699375,17:45699375:T:C,0.991385,88424,chr17:45610951-45610951,PLEKHM1/MAPT
17,45610951,17:45610951:A:G,17,45699376,17:45699376:T:C,0.991385,88425,chr17:45610951-45610951,PLEKHM1/MAPT
17,45610951,17:45610951:A:G,17,45699421,17:45699421:C:T,0.991385,88470,chr17:45610951-45610951,PLEKHM1/MAPT
17,45610951,17:45610951:A:G,17,45699579,17:45699579:T:C,0.991385,88628,chr17:45610951-45610951,PLEKHM1/MAPT
17,45610951,17:45610951:A:G,17,45700176,17:45700176:A:G,0.991385,89225,chr17:45610951-45610951,PLEKHM1/MAPT
17,45610951,17:45610951:A:G,17,45700212,17:45700212:C:T,0.991385,89261,chr17:45610951-45610951,PLEKHM1/MAPT
17,45610951,17:45610951:A:G,17,45700344,17:45700344:T:C,0.991385,89393,chr17:45610951-45610951,PLEKHM1/MAPT
17,45610951,17:45610951:A:G,17,45700379,17:45700379:C:A,0.991385,89428,chr17:45610951-45610951,PLEKHM1/MAPT
17,45610951,17:45610951:A:G,17,45700469,17:45700469:TATCCTGCTT:T,0.991385,89518,chr17:45610951-45610951,PLEKHM1/MAPT
17,45610951,17:45610951:A:G,17,45700515,17:45700515:T:G,0.991385,89564,chr17:45610951-45610951,PLEKHM1/MAPT
17,45610951,17:45610951:A:G,17,45700591,17:45700591:AATC:A,0.991385,89640,chr17:45610951-45610951,PLEKHM1/MAPT
17,45610951,17:45610951:A:G,17,45700637,17:45700637:T:A,0.991385,89686,chr17:45610951-45610951,PLEKHM1/MAPT
17,45610951,17:45610951:A:G,17,45700949,17:45700949:CA:C,0.991385,89998,chr17:45610951-45610951,PLEKHM1/MAPT
17,45610951,17:45610951:A:G,17,45701040,17:45701040:A:G,0.991385,90089,chr17:45610951-45610951,PLEKHM1/MAPT
17,45610951,17:45610951:A:G,17,45701236,17:45701236:C:T,0.991385,90285,chr17:45610951-45610951,PLEKHM1/MAPT
17,45610951,17:45610951:A:G,17,45701314,17:45701314:T:A,0.835573,90363,chr17:45610951-45610951,PLEKHM1/MAPT
17,45610951,17:45610951:A:G,17,45701386,17:45701386:C:T,0.965758,90435,chr17:45610951-45610951,PLEKHM1/MAPT
17,45610951,17:45610951:A:G,17,45701462,17:45701462:T:G,0.974208,90511,chr17:45610951-45610951,PLEKHM1/MAPT
17,45610951,17:45610951:A:G,17,45701665,17:45701665:C:CCTCCCCA,0.974304,90714,chr17:45610951-45610951,PLEKHM1/MAPT
17,45610951,17:45610951:A:G,17,45701985,17:45701985:G:A,0.991385,91034,chr17:45610951-45610951,PLEKHM1/MAPT
17,45610951,17:45610951:A:G,17,45702053,17:45702053:T:A,0.991385,91102,chr17:45610951-45610951,PLEKHM1/MAPT
17,45610951,17:45610951:A:G,17,45702258,17:45702258:C:T,0.95784,91307,chr17:45610951-45610951,PLEKHM1/MAPT
17,45610951,17:45610951:A:G,17,45702291,17:45702291:T:C,0.991385,91340,chr17:45610951-45610951,PLEKHM1/MAPT
17,45610951,17:45610951:A:G,17,45703195,17:45703195:C:T,0.991385,92244,chr17:45610951-45610951,PLEKHM1/MAPT
17,45610951,17:45610951:A:G,17,45703582,17:45703582:T:C,0.982863,92631,chr17:45610951-45610951,PLEKHM1/MAPT
17,45610951,17:45610951:A:G,17,45703739,17:45703739:A:G,0.982863,92788,chr17:45610951-45610951,PLEKHM1/MAPT
17,45610951,17:45610951:A:G,17,45703884,17:45703884:C:T,0.991385,92933,chr17:45610951-45610951,PLEKHM1/MAPT
17,45610951,17:45610951:A:G,17,45704060,17:45704060:T:C,0.991385,93109,chr17:45610951-45610951,PLEKHM1/MAPT
17,45610951,17:45610951:A:G,17,45704139,17:45704139:C:T,0.991385,93188,chr17:45610951-45610951,PLEKHM1/MAPT
17,45610951,17:45610951:A:G,17,45704360,17:45704360:A:AAAGAG,0.982794,93409,chr17:45610951-45610951,PLEKHM1/MAPT
17,45610951,17:45610951:A:G,17,45704412,17:45704412:A:G,0.991385,93461,chr17:45610951-45610951,PLEKHM1/MAPT
17,45610951,17:45610951:A:G,17,45704938,17:45704938:T:C,0.991385,93987,chr17:45610951-45610951,PLEKHM1/MAPT
17,45610951,17:45610951:A:G,17,45705089,17:45705089:G:T,0.991385,94138,chr17:45610951-45610951,PLEKHM1/MAPT
17,45610951,17:45610951:A:G,17,45705126,17:45705126:A:G,0.991385,94175,chr17:45610951-45610951,PLEKHM1/MAPT
17,45610951,17:45610951:A:G,17,45705192,17:45705192:T:C,0.991385,94241,chr17:45610951-45610951,PLEKHM1/MAPT
17,45610951,17:45610951:A:G,17,45705327,17:45705327:A:G,0.991385,94376,chr17:45610951-45610951,PLEKHM1/MAPT
17,45610951,17:45610951:A:G,17,45705342,17:45705342:T:C,0.991385,94391,chr17:45610951-45610951,PLEKHM1/MAPT
17,45610951,17:45610951:A:G,17,45706207,17:45706207:C:T,0.974293,95256,chr17:45610951-45610951,PLEKHM1/MAPT
17,45610951,17:45610951:A:G,17,45706224,17:45706224:G:A,0.965884,95273,chr17:45610951-45610951,PLEKHM1/MAPT
17,45610951,17:45610951:A:G,17,45706437,17:45706437:A:G,0.974293,95486,chr17:45610951-45610951,PLEKHM1/MAPT
17,45610951,17:45610951:A:G,17,45706856,17:45706856:T:C,0.991385,95905,chr17:45610951-45610951,PLEKHM1/MAPT
17,45610951,17:45610951:A:G,17,45707258,17:45707258:T:C,0.991385,96307,chr17:45610951-45610951,PLEKHM1/MAPT
17,45610951,17:45610951:A:G,17,45707569,17:45707569:C:G,0.991385,96618,chr17:45610951-45610951,PLEKHM1/MAPT
17,45610951,17:45610951:A:G,17,45707582,17:45707582:G:T,0.991385,96631,chr17:45610951-45610951,PLEKHM1/MAPT
17,45610951,17:45610951:A:G,17,45707628,17:45707628:C:T,0.982863,96677,chr17:45610951-45610951,PLEKHM1/MAPT
17,45610951,17:45610951:A:G,17,45707730,17:45707730:G:A,0.991385,96779,chr17:45610951-45610951,PLEKHM1/MAPT
17,45610951,17:45610951:A:G,17,45707732,17:45707732:C:T,0.991385,96781,chr17:45610951-45610951,PLEKHM1/MAPT
17,45610951,17:45610951:A:G,17,45707738,17:45707738:C:CTTA,0.991385,96787,chr17:45610951-45610951,PLEKHM1/MAPT
17,45610951,17:45610951:A:G,17,45707983,17:45707983:T:C,1.0,97032,chr17:45610951-45610951,PLEKHM1/MAPT
17,45610951,17:45610951:A:G,17,45708261,17:45708261:A:T,0.991385,97310,chr17:45610951-45610951,PLEKHM1/MAPT
17,45610951,17:45610951:A:G,17,45708442,17:45708442:T:C,0.991385,97491,chr17:45610951-45610951,PLEKHM1/MAPT
17,45610951,17:45610951:A:G,17,45708572,17:45708572:C:T,0.991385,97621,chr17:45610951-45610951,PLEKHM1/MAPT
17,45610951,17:45610951:A:G,17,45708647,17:45708647:G:T,0.991385,97696,chr17:45610951-45610951,PLEKHM1/MAPT
17,45610951,17:45610951:A:G,17,45709310,17:45709310:T:G,0.991385,98359,chr17:45610951-45610951,PLEKHM1/MAPT
17,45610951,17:45610951:A:G,17,45709332,17:45709332:C:T,0.991385,98381,chr17:45610951-45610951,PLEKHM1/MAPT
17,45610951,17:45610951:A:G,17,45709764,17:45709764:T:C,0.991385,98813,chr17:45610951-45610951,PLEKHM1/MAPT
17,45610951,17:45610951:A:G,17,45709860,17:45709860:G:A,0.991385,98909,chr17:45610951-45610951,PLEKHM1/MAPT
17,45610951,17:45610951:A:G,17,45709940,17:45709940:T:C,0.991385,98989,chr17:45610951-45610951,PLEKHM1/MAPT
17,45610951,17:45610951:A:G,17,45710197,17:45710197:C:G,0.991385,99246,chr17:45610951-45610951,PLEKHM1/MAPT
17,45610951,17:45610951:A:G,17,45711005,17:45711005:C:T,0.991385,100054,chr17:45610951-45610951,PLEKHM1/MAPT
17,45610951,17:45610951:A:G,17,45711053,17:45711053:C:A,0.991385,100102,chr17:45610951-45610951,PLEKHM1/MAPT
17,45610951,17:45610951:A:G,17,45711283,17:45711283:T:C,0.991385,100332,chr17:45610951-45610951,PLEKHM1/MAPT
17,45610951,17:45610951:A:G,17,45711300,17:45711300:C:G,0.991385,100349,chr17:45610951-45610951,PLEKHM1/MAPT
17,45610951,17:45610951:A:G,17,45711401,17:45711401:G:A,0.991385,100450,chr17:45610951-45610951,PLEKHM1/MAPT
17,45610951,17:45610951:A:G,17,45711416,17:45711416:C:T,0.991385,100465,chr17:45610951-45610951,PLEKHM1/MAPT
17,45610951,17:45610951:A:G,17,45711778,17:45711778:G:A,0.991385,100827,chr17:45610951-45610951,PLEKHM1/MAPT
17,45610951,17:45610951:A:G,17,45712047,17:45712047:CT:C,1.0,101096,chr17:45610951-45610951,PLEKHM1/MAPT
17,45610951,17:45610951:A:G,17,45712274,17:45712274:A:C,0.991385,101323,chr17:45610951-45610951,PLEKHM1/MAPT
17,45610951,17:45610951:A:G,17,45712332,17:45712332:G:A,0.974304,101381,chr17:45610951-45610951,PLEKHM1/MAPT
17,45610951,17:45610951:A:G,17,45712605,17:45712605:G:C,0.991385,101654,chr17:45610951-45610951,PLEKHM1/MAPT
17,45610951,17:45610951:A:G,17,45712612,17:45712612:G:A,0.991385,101661,chr17:45610951-45610951,PLEKHM1/MAPT
17,45610951,17:45610951:A:G,17,45712639,17:45712639:A:G,0.991385,101688,chr17:45610951-45610951,PLEKHM1/MAPT
17,45610951,17:45610951:A:G,17,45713035,17:45713035:A:G,0.991385,102084,chr17:45610951-45610951,PLEKHM1/MAPT
17,45610951,17:45610951:A:G,17,45713080,17:45713080:A:G,0.991385,102129,chr17:45610951-45610951,PLEKHM1/MAPT
17,45610951,17:45610951:A:G,17,45713232,17:45713232:G:GAA,0.991385,102281,chr17:45610951-45610951,PLEKHM1/MAPT
17,45610951,17:45610951:A:G,17,45713283,17:45713283:C:A,0.991385,102332,chr17:45610951-45610951,PLEKHM1/MAPT
17,45610951,17:45610951:A:G,17,45713404,17:45713404:A:G,0.991385,102453,chr17:45610951-45610951,PLEKHM1/MAPT
17,45610951,17:45610951:A:G,17,45713545,17:45713545:A:T,0.991385,102594,chr17:45610951-45610951,PLEKHM1/MAPT
17,45610951,17:45610951:A:G,17,45713815,17:45713815:A:C,0.991385,102864,chr17:45610951-45610951,PLEKHM1/MAPT
17,45610951,17:45610951:A:G,17,45713966,17:45713966:T:C,0.991385,103015,chr17:45610951-45610951,PLEKHM1/MAPT
17,45610951,17:45610951:A:G,17,45713978,17:45713978:T:A,0.991385,103027,chr17:45610951-45610951,PLEKHM1/MAPT
17,45610951,17:45610951:A:G,17,45714039,17:45714039:C:A,0.991385,103088,chr17:45610951-45610951,PLEKHM1/MAPT
17,45610951,17:45610951:A:G,17,45714063,17:45714063:G:A,0.991385,103112,chr17:45610951-45610951,PLEKHM1/MAPT
17,45610951,17:45610951:A:G,17,45714102,17:45714102:T:C,0.991385,103151,chr17:45610951-45610951,PLEKHM1/MAPT
17,45610951,17:45610951:A:G,17,45714244,17:45714244:T:C,0.991385,103293,chr17:45610951-45610951,PLEKHM1/MAPT
17,45610951,17:45610951:A:G,17,45714286,17:45714286:G:A,0.991385,103335,chr17:45610951-45610951,PLEKHM1/MAPT
17,45610951,17:45610951:A:G,17,45714724,17:45714724:G:C,0.991385,103773,chr17:45610951-45610951,PLEKHM1/MAPT
17,45610951,17:45610951:A:G,17,45714725,17:45714725:C:T,0.991385,103774,chr17:45610951-45610951,PLEKHM1/MAPT
17,45610951,17:45610951:A:G,17,45714733,17:45714733:T:C,0.991385,103782,chr17:45610951-45610951,PLEKHM1/MAPT
17,45610951,17:45610951:A:G,17,45714886,17:45714886:C:A,0.991385,103935,chr17:45610951-45610951,PLEKHM1/MAPT
17,45610951,17:45610951:A:G,17,45714960,17:45714960:C:T,0.991385,104009,chr17:45610951-45610951,PLEKHM1/MAPT
17,45610951,17:45610951:A:G,17,45714992,17:45714992:A:G,0.991385,104041,chr17:45610951-45610951,PLEKHM1/MAPT
17,45610951,17:45610951:A:G,17,45715045,17:45715045:A:G,0.991385,104094,chr17:45610951-45610951,PLEKHM1/MAPT
17,45610951,17:45610951:A:G,17,45715052,17:45715052:T:C,0.991385,104101,chr17:45610951-45610951,PLEKHM1/MAPT
17,45610951,17:45610951:A:G,17,45715127,17:45715127:T:TAAAC,0.991385,104176,chr17:45610951-45610951,PLEKHM1/MAPT
17,45610951,17:45610951:A:G,17,45715220,17:45715220:A:C,0.991385,104269,chr17:45610951-45610951,PLEKHM1/MAPT
17,45610951,17:45610951:A:G,17,45715529,17:45715529:T:G,0.991385,104578,chr17:45610951-45610951,PLEKHM1/MAPT
17,45610951,17:45610951:A:G,17,45715530,17:45715530:T:C,0.991385,104579,chr17:45610951-45610951,PLEKHM1/MAPT
17,45610951,17:45610951:A:G,17,45715609,17:45715609:G:A,0.991385,104658,chr17:45610951-45610951,PLEKHM1/MAPT
17,45610951,17:45610951:A:G,17,45715834,17:45715834:A:T,0.991385,104883,chr17:45610951-45610951,PLEKHM1/MAPT
17,45610951,17:45610951:A:G,17,45715976,17:45715976:A:G,0.991385,105025,chr17:45610951-45610951,PLEKHM1/MAPT
17,45610951,17:45610951:A:G,17,45716022,17:45716022:C:T,0.991385,105071,chr17:45610951-45610951,PLEKHM1/MAPT
17,45610951,17:45610951:A:G,17,45716285,17:45716285:G:A,0.991385,105334,chr17:45610951-45610951,PLEKHM1/MAPT
17,45610951,17:45610951:A:G,17,45716299,17:45716299:A:G,0.991385,105348,chr17:45610951-45610951,PLEKHM1/MAPT
17,45610951,17:45610951:A:G,17,45716462,17:45716462:G:A,0.982751,105511,chr17:45610951-45610951,PLEKHM1/MAPT
17,45610951,17:45610951:A:G,17,45716585,17:45716585:G:A,0.991385,105634,chr17:45610951-45610951,PLEKHM1/MAPT
17,45610951,17:45610951:A:G,17,45716816,17:45716816:G:A,0.991385,105865,chr17:45610951-45610951,PLEKHM1/MAPT
17,45610951,17:45610951:A:G,17,45716843,17:45716843:G:C,0.991385,105892,chr17:45610951-45610951,PLEKHM1/MAPT
17,45610951,17:45610951:A:G,17,45716920,17:45716920:C:T,0.991385,105969,chr17:45610951-45610951,PLEKHM1/MAPT
17,45610951,17:45610951:A:G,17,45717299,17:45717299:G:GTTTTT,0.965884,106348,chr17:45610951-45610951,PLEKHM1/MAPT
17,45610951,17:45610951:A:G,17,45717462,17:45717462:T:C,0.991385,106511,chr17:45610951-45610951,PLEKHM1/MAPT
17,45610951,17:45610951:A:G,17,45717533,17:45717533:C:T,0.941598,106582,chr17:45610951-45610951,PLEKHM1/MAPT
17,45610951,17:45610951:A:G,17,45717872,17:45717872:G:A,0.991385,106921,chr17:45610951-45610951,PLEKHM1/MAPT
17,45610951,17:45610951:A:G,17,45718207,17:45718207:C:T,0.991385,107256,chr17:45610951-45610951,PLEKHM1/MAPT
17,45610951,17:45610951:A:G,17,45718268,17:45718268:C:T,0.982863,107317,chr17:45610951-45610951,PLEKHM1/MAPT
17,45610951,17:45610951:A:G,17,45718310,17:45718310:CCTTCTT:C,0.991385,107359,chr17:45610951-45610951,PLEKHM1/MAPT
17,45610951,17:45610951:A:G,17,45718349,17:45718349:C:CT,0.85161,107398,chr17:45610951-45610951,PLEKHM1/MAPT
17,45610951,17:45610951:A:G,17,45718402,17:45718402:T:C,0.991385,107451,chr17:45610951-45610951,PLEKHM1/MAPT
17,45610951,17:45610951:A:G,17,45718493,17:45718493:A:G,0.991385,107542,chr17:45610951-45610951,PLEKHM1/MAPT
17,45610951,17:45610951:A:G,17,45718680,17:45718680:T:TTATATATAT,0.982863,107729,chr17:45610951-45610951,PLEKHM1/MAPT
17,45610951,17:45610951:A:G,17,45719030,17:45719030:TG:T,0.991385,108079,chr17:45610951-45610951,PLEKHM1/MAPT
17,45610951,17:45610951:A:G,17,45719175,17:45719175:T:A,0.982863,108224,chr17:45610951-45610951,PLEKHM1/MAPT
17,45610951,17:45610951:A:G,17,45719721,17:45719721:A:T,0.991385,108770,chr17:45610951-45610951,PLEKHM1/MAPT
17,45610951,17:45610951:A:G,17,45719791,17:45719791:TA:T,0.991385,108840,chr17:45610951-45610951,PLEKHM1/MAPT
17,45610951,17:45610951:A:G,17,45719880,17:45719880:C:T,0.991385,108929,chr17:45610951-45610951,PLEKHM1/MAPT
17,45610951,17:45610951:A:G,17,45720649,17:45720649:A:C,0.982971,109698,chr17:45610951-45610951,PLEKHM1/MAPT
17,45610951,17:45610951:A:G,17,45720794,17:45720794:G:A,0.991385,109843,chr17:45610951-45610951,PLEKHM1/MAPT
17,45610951,17:45610951:A:G,17,45720982,17:45720982:T:TTTG,0.982971,110031,chr17:45610951-45610951,PLEKHM1/MAPT
17,45610951,17:45610951:A:G,17,45720994,17:45720994:A:G,0.982863,110043,chr17:45610951-45610951,PLEKHM1/MAPT
17,45610951,17:45610951:A:G,17,45721035,17:45721035:G:A,0.991385,110084,chr17:45610951-45610951,PLEKHM1/MAPT
17,45610951,17:45610951:A:G,17,45721180,17:45721180:A:G,0.991385,110229,chr17:45610951-45610951,PLEKHM1/MAPT
17,45610951,17:45610951:A:G,17,45721218,17:45721218:CA:C,0.991385,110267,chr17:45610951-45610951,PLEKHM1/MAPT
17,45610951,17:45610951:A:G,17,45721409,17:45721409:G:C,0.991385,110458,chr17:45610951-45610951,PLEKHM1/MAPT
17,45610951,17:45610951:A:G,17,45721418,17:45721418:A:AGAG,0.991385,110467,chr17:45610951-45610951,PLEKHM1/MAPT
17,45610951,17:45610951:A:G,17,45721424,17:45721424:TTTC:T,0.991385,110473,chr17:45610951-45610951,PLEKHM1/MAPT
17,45610951,17:45610951:A:G,17,45721536,17:45721536:C:T,0.991385,110585,chr17:45610951-45610951,PLEKHM1/MAPT
17,45610951,17:45610951:A:G,17,45721537,17:45721537:A:G,0.991385,110586,chr17:45610951-45610951,PLEKHM1/MAPT
17,45610951,17:45610951:A:G,17,45721667,17:45721667:C:T,0.991385,110716,chr17:45610951-45610951,PLEKHM1/MAPT
17,45610951,17:45610951:A:G,17,45721682,17:45721682:G:A,0.991385,110731,chr17:45610951-45610951,PLEKHM1/MAPT
17,45610951,17:45610951:A:G,17,45721686,17:45721686:A:G,0.991385,110735,chr17:45610951-45610951,PLEKHM1/MAPT
17,45610951,17:45610951:A:G,17,45722143,17:45722143:A:C,0.991385,111192,chr17:45610951-45610951,PLEKHM1/MAPT
17,45610951,17:45610951:A:G,17,45722301,17:45722301:C:A,0.991385,111350,chr17:45610951-45610951,PLEKHM1/MAPT
17,45610951,17:45610951:A:G,17,45722438,17:45722438:C:A,0.991385,111487,chr17:45610951-45610951,PLEKHM1/MAPT
17,45610951,17:45610951:A:G,17,45722444,17:45722444:G:C,0.991385,111493,chr17:45610951-45610951,PLEKHM1/MAPT
17,45610951,17:45610951:A:G,17,45722985,17:45722985:A:C,0.991385,112034,chr17:45610951-45610951,PLEKHM1/MAPT
17,45610951,17:45610951:A:G,17,45723038,17:45723038:T:G,0.991385,112087,chr17:45610951-45610951,PLEKHM1/MAPT
17,45610951,17:45610951:A:G,17,45723621,17:45723621:C:A,0.991385,112670,chr17:45610951-45610951,PLEKHM1/MAPT
17,45610951,17:45610951:A:G,17,45723726,17:45723726:T:C,0.991385,112775,chr17:45610951-45610951,PLEKHM1/MAPT
17,45610951,17:45610951:A:G,17,45723819,17:45723819:A:G,1.0,112868,chr17:45610951-45610951,PLEKHM1/MAPT
17,45610951,17:45610951:A:G,17,45724227,17:45724227:G:A,0.991385,113276,chr17:45610951-45610951,PLEKHM1/MAPT
17,45610951,17:45610951:A:G,17,45724329,17:45724329:C:T,0.991385,113378,chr17:45610951-45610951,PLEKHM1/MAPT
17,45610951,17:45610951:A:G,17,45724994,17:45724994:T:TA,0.922997,114043,chr17:45610951-45610951,PLEKHM1/MAPT
17,45610951,17:45610951:A:G,17,45725159,17:45725159:C:T,0.991385,114208,chr17:45610951-45610951,PLEKHM1/MAPT
17,45610951,17:45610951:A:G,17,45725541,17:45725541:T:C,0.991385,114590,chr17:45610951-45610951,PLEKHM1/MAPT
17,45610951,17:45610951:A:G,17,45725605,17:45725605:C:T,0.991385,114654,chr17:45610951-45610951,PLEKHM1/MAPT
17,45610951,17:45610951:A:G,17,45726407,17:45726407:A:AG,0.991385,115456,chr17:45610951-45610951,PLEKHM1/MAPT
17,45610951,17:45610951:A:G,17,45726422,17:45726422:T:C,0.991385,115471,chr17:45610951-45610951,PLEKHM1/MAPT
17,45610951,17:45610951:A:G,17,45726940,17:45726940:T:C,0.991385,115989,chr17:45610951-45610951,PLEKHM1/MAPT
17,45610951,17:45610951:A:G,17,45726951,17:45726951:A:G,0.982971,116000,chr17:45610951-45610951,PLEKHM1/MAPT
17,45610951,17:45610951:A:G,17,45727023,17:45727023:T:A,0.991385,116072,chr17:45610951-45610951,PLEKHM1/MAPT
17,45610951,17:45610951:A:G,17,45727253,17:45727253:C:T,0.991385,116302,chr17:45610951-45610951,PLEKHM1/MAPT
17,45610951,17:45610951:A:G,17,45728159,17:45728159:A:C,0.991385,117208,chr17:45610951-45610951,PLEKHM1/MAPT
17,45610951,17:45610951:A:G,17,45728224,17:45728224:C:T,0.991385,117273,chr17:45610951-45610951,PLEKHM1/MAPT
17,45610951,17:45610951:A:G,17,45728649,17:45728649:G:A,0.991385,117698,chr17:45610951-45610951,PLEKHM1/MAPT
17,45610951,17:45610951:A:G,17,45728898,17:45728898:C:T,0.991385,117947,chr17:45610951-45610951,PLEKHM1/MAPT
17,45610951,17:45610951:A:G,17,45729085,17:45729085:C:T,0.991385,118134,chr17:45610951-45610951,PLEKHM1/MAPT
17,45610951,17:45610951:A:G,17,45729559,17:45729559:G:A,0.991385,118608,chr17:45610951-45610951,PLEKHM1/MAPT
17,45610951,17:45610951:A:G,17,45729697,17:45729697:C:T,0.991385,118746,chr17:45610951-45610951,PLEKHM1/MAPT
17,45610951,17:45610951:A:G,17,45729733,17:45729733:G:A,0.991385,118782,chr17:45610951-45610951,PLEKHM1/MAPT
17,45610951,17:45610951:A:G,17,45729747,17:45729747:C:T,0.991385,118796,chr17:45610951-45610951,PLEKHM1/MAPT
17,45610951,17:45610951:A:G,17,45729768,17:45729768:T:C,0.991385,118817,chr17:45610951-45610951,PLEKHM1/MAPT
17,45610951,17:45610951:A:G,17,45730119,17:45730119:T:C,0.991385,119168,chr17:45610951-45610951,PLEKHM1/MAPT
17,45610951,17:45610951:A:G,17,45730276,17:45730276:T:G,0.991385,119325,chr17:45610951-45610951,PLEKHM1/MAPT
17,45610951,17:45610951:A:G,17,45730515,17:45730517:AAAGGAAGGA:A,0.982971,119564,chr17:45610951-45610951,PLEKHM1/MAPT
17,45610951,17:45610951:A:G,17,45730589,17:45730589:A:C,0.991385,119638,chr17:45610951-45610951,PLEKHM1/MAPT
17,45610951,17:45610951:A:G,17,45730701,17:45730701:G:A,0.991385,119750,chr17:45610951-45610951,PLEKHM1/MAPT
17,45610951,17:45610951:A:G,17,45730955,17:45730955:G:A,0.991385,120004,chr17:45610951-45610951,PLEKHM1/MAPT
17,45610951,17:45610951:A:G,17,45731077,17:45731077:A:C,0.991385,120126,chr17:45610951-45610951,PLEKHM1/MAPT
17,45610951,17:45610951:A:G,17,45731397,17:45731397:A:G,0.991385,120446,chr17:45610951-45610951,PLEKHM1/MAPT
17,45610951,17:45610951:A:G,17,45731579,17:45731579:C:T,0.991385,120628,chr17:45610951-45610951,PLEKHM1/MAPT
17,45610951,17:45610951:A:G,17,45731650,17:45731650:C:T,0.991385,120699,chr17:45610951-45610951,PLEKHM1/MAPT
17,45610951,17:45610951:A:G,17,45731898,17:45731898:T:G,0.991385,120947,chr17:45610951-45610951,PLEKHM1/MAPT
17,45610951,17:45610951:A:G,17,45731962,17:45731962:A:G,0.991385,121011,chr17:45610951-45610951,PLEKHM1/MAPT
17,45610951,17:45610951:A:G,17,45732193,17:45732193:GT:G,0.991385,121242,chr17:45610951-45610951,PLEKHM1/MAPT
17,45610951,17:45610951:A:G,17,45733005,17:45733005:G:C,0.991385,122054,chr17:45610951-45610951,PLEKHM1/MAPT
17,45610951,17:45610951:A:G,17,45733242,17:45733242:T:A,0.991385,122291,chr17:45610951-45610951,PLEKHM1/MAPT
17,45610951,17:45610951:A:G,17,45733416,17:45733416:G:C,0.991385,122465,chr17:45610951-45610951,PLEKHM1/MAPT
17,45610951,17:45610951:A:G,17,45733485,17:45733485:G:C,0.991385,122534,chr17:45610951-45610951,PLEKHM1/MAPT
17,45610951,17:45610951:A:G,17,45733507,17:45733507:A:T,0.991385,122556,chr17:45610951-45610951,PLEKHM1/MAPT
17,45610951,17:45610951:A:G,17,45733530,17:45733530:C:T,0.903411,122579,chr17:45610951-45610951,PLEKHM1/MAPT
17,45610951,17:45610951:A:G,17,45733536,17:45733536:A:G,0.991385,122585,chr17:45610951-45610951,PLEKHM1/MAPT
17,45610951,17:45610951:A:G,17,45733694,17:45733694:T:G,0.991385,122743,chr17:45610951-45610951,PLEKHM1/MAPT
17,45610951,17:45610951:A:G,17,45733706,17:45733706:A:G,0.991385,122755,chr17:45610951-45610951,PLEKHM1/MAPT
17,45610951,17:45610951:A:G,17,45734144,17:45734144:T:C,0.991385,123193,chr17:45610951-45610951,PLEKHM1/MAPT
17,45610951,17:45610951:A:G,17,45734307,17:45734307:C:T,0.991385,123356,chr17:45610951-45610951,PLEKHM1/MAPT
17,45610951,17:45610951:A:G,17,45734426,17:45734426:C:T,0.991385,123475,chr17:45610951-45610951,PLEKHM1/MAPT
17,45610951,17:45610951:A:G,17,45734584,17:45734584:A:C,0.991385,123633,chr17:45610951-45610951,PLEKHM1/MAPT
17,45610951,17:45610951:A:G,17,45734624,17:45734624:CTTAG:C,0.991385,123673,chr17:45610951-45610951,PLEKHM1/MAPT
17,45610951,17:45610951:A:G,17,45734811,17:45734811:C:T,0.991385,123860,chr17:45610951-45610951,PLEKHM1/MAPT
17,45610951,17:45610951:A:G,17,45734852,17:45734852:C:T,0.991385,123901,chr17:45610951-45610951,PLEKHM1/MAPT
17,45610951,17:45610951:A:G,17,45735032,17:45735032:C:G,0.991385,124081,chr17:45610951-45610951,PLEKHM1/MAPT
17,45610951,17:45610951:A:G,17,45735233,17:45735233:A:G,0.991385,124282,chr17:45610951-45610951,PLEKHM1/MAPT
17,45610951,17:45610951:A:G,17,45735258,17:45735258:G:A,0.991385,124307,chr17:45610951-45610951,PLEKHM1/MAPT
17,45610951,17:45610951:A:G,17,45735283,17:45735283:T:C,0.991385,124332,chr17:45610951-45610951,PLEKHM1/MAPT
17,45610951,17:45610951:A:G,17,45735318,17:45735318:A:G,0.991385,124367,chr17:45610951-45610951,PLEKHM1/MAPT
17,45610951,17:45610951:A:G,17,45735636,17:45735636:G:A,0.991385,124685,chr17:45610951-45610951,PLEKHM1/MAPT
17,45610951,17:45610951:A:G,17,45735886,17:45735886:C:G,0.991385,124935,chr17:45610951-45610951,PLEKHM1/MAPT
17,45610951,17:45610951:A:G,17,45736004,17:45736004:G:C,0.991385,125053,chr17:45610951-45610951,PLEKHM1/MAPT
17,45610951,17:45610951:A:G,17,45736049,17:45736049:G:A,0.991385,125098,chr17:45610951-45610951,PLEKHM1/MAPT
17,45610951,17:45610951:A:G,17,45736654,17:45736654:T:C,1.0,125703,chr17:45610951-45610951,PLEKHM1/MAPT
17,45610951,17:45610951:A:G,17,45737004,17:45737004:AC:A,0.991385,126053,chr17:45610951-45610951,PLEKHM1/MAPT
17,45610951,17:45610951:A:G,17,45737061,17:45737061:T:C,0.991385,126110,chr17:45610951-45610951,PLEKHM1/MAPT
17,45610951,17:45610951:A:G,17,45737564,17:45737564:GCGTA:G,0.991385,126613,chr17:45610951-45610951,PLEKHM1/MAPT
17,45610951,17:45610951:A:G,17,45737775,17:45737775:A:G,0.991385,126824,chr17:45610951-45610951,PLEKHM1/MAPT
17,45610951,17:45610951:A:G,17,45737970,17:45737970:A:G,0.991385,127019,chr17:45610951-45610951,PLEKHM1/MAPT
17,45610951,17:45610951:A:G,17,45738347,17:45738347:C:T,0.991385,127396,chr17:45610951-45610951,PLEKHM1/MAPT
17,45610951,17:45610951:A:G,17,45738454,17:45738454:T:A,0.991385,127503,chr17:45610951-45610951,PLEKHM1/MAPT
17,45610951,17:45610951:A:G,17,45738493,17:45738493:A:C,0.991385,127542,chr17:45610951-45610951,PLEKHM1/MAPT
17,45610951,17:45610951:A:G,17,45738686,17:45738686:C:T,0.991385,127735,chr17:45610951-45610951,PLEKHM1/MAPT
17,45610951,17:45610951:A:G,17,45738740,17:45738740:C:A,0.991385,127789,chr17:45610951-45610951,PLEKHM1/MAPT
17,45610951,17:45610951:A:G,17,45738940,17:45738940:G:A,0.991385,127989,chr17:45610951-45610951,PLEKHM1/MAPT
17,45610951,17:45610951:A:G,17,45739239,17:45739239:A:C,0.991385,128288,chr17:45610951-45610951,PLEKHM1/MAPT
17,45610951,17:45610951:A:G,17,45739289,17:45739289:C:G,0.991385,128338,chr17:45610951-45610951,PLEKHM1/MAPT
17,45610951,17:45610951:A:G,17,45739291,17:45739291:G:A,0.991385,128340,chr17:45610951-45610951,PLEKHM1/MAPT
17,45610951,17:45610951:A:G,17,45740093,17:45740093:C:T,0.991385,129142,chr17:45610951-45610951,PLEKHM1/MAPT
17,45610951,17:45610951:A:G,17,45740191,17:45740191:C:T,0.991385,129240,chr17:45610951-45610951,PLEKHM1/MAPT
17,45610951,17:45610951:A:G,17,45740242,17:45740242:G:A,0.991385,129291,chr17:45610951-45610951,PLEKHM1/MAPT
17,45610951,17:45610951:A:G,17,45740466,17:45740466:G:A,0.991385,129515,chr17:45610951-45610951,PLEKHM1/MAPT
17,45610951,17:45610951:A:G,17,45740532,17:45740532:G:A,0.991385,129581,chr17:45610951-45610951,PLEKHM1/MAPT
17,45610951,17:45610951:A:G,17,45740794,17:45740794:A:C,0.991385,129843,chr17:45610951-45610951,PLEKHM1/MAPT
17,45610951,17:45610951:A:G,17,45740856,17:45740856:C:A,0.991385,129905,chr17:45610951-45610951,PLEKHM1/MAPT
17,45610951,17:45610951:A:G,17,45741245,17:45741245:G:A,0.991385,130294,chr17:45610951-45610951,PLEKHM1/MAPT
17,45610951,17:45610951:A:G,17,45741291,17:45741291:T:C,0.991385,130340,chr17:45610951-45610951,PLEKHM1/MAPT
17,45610951,17:45610951:A:G,17,45741324,17:45741324:G:T,0.991385,130373,chr17:45610951-45610951,PLEKHM1/MAPT
17,45610951,17:45610951:A:G,17,45741540,17:45741540:A:G,0.991385,130589,chr17:45610951-45610951,PLEKHM1/MAPT
17,45610951,17:45610951:A:G,17,45741580,17:45741580:A:T,0.991385,130629,chr17:45610951-45610951,PLEKHM1/MAPT
17,45610951,17:45610951:A:G,17,45742018,17:45742018:G:A,0.991385,131067,chr17:45610951-45610951,PLEKHM1/MAPT
17,45610951,17:45610951:A:G,17,45742084,17:45742084:G:A,0.991385,131133,chr17:45610951-45610951,PLEKHM1/MAPT
17,45610951,17:45610951:A:G,17,45742114,17:45742114:C:T,0.991385,131163,chr17:45610951-45610951,PLEKHM1/MAPT
17,45610951,17:45610951:A:G,17,45742231,17:45742231:AC:A,0.991385,131280,chr17:45610951-45610951,PLEKHM1/MAPT
17,45610951,17:45610951:A:G,17,45743375,17:45743375:A:T,0.991385,132424,chr17:45610951-45610951,PLEKHM1/MAPT
17,45610951,17:45610951:A:G,17,45743696,17:45743696:A:G,0.991385,132745,chr17:45610951-45610951,PLEKHM1/MAPT
17,45610951,17:45610951:A:G,17,45744319,17:45744319:C:A,0.991385,133368,chr17:45610951-45610951,PLEKHM1/MAPT
17,45610951,17:45610951:A:G,17,45745032,17:45745032:T:C,0.991385,134081,chr17:45610951-45610951,PLEKHM1/MAPT
17,45610951,17:45610951:A:G,17,45745145,17:45745145:G:A,0.991385,134194,chr17:45610951-45610951,PLEKHM1/MAPT
17,45610951,17:45610951:A:G,17,45745403,17:45745403:C:T,0.991385,134452,chr17:45610951-45610951,PLEKHM1/MAPT
17,45610951,17:45610951:A:G,17,45745406,17:45745406:T:C,1.0,134455,chr17:45610951-45610951,PLEKHM1/MAPT
17,45610951,17:45610951:A:G,17,45745759,17:45745759:G:A,0.991385,134808,chr17:45610951-45610951,PLEKHM1/MAPT
17,45610951,17:45610951:A:G,17,45745863,17:45745863:T:C,0.991385,134912,chr17:45610951-45610951,PLEKHM1/MAPT
17,45610951,17:45610951:A:G,17,45745960,17:45745960:A:G,0.991385,135009,chr17:45610951-45610951,PLEKHM1/MAPT
17,45610951,17:45610951:A:G,17,45746514,17:45746514:C:T,0.991385,135563,chr17:45610951-45610951,PLEKHM1/MAPT
17,45610951,17:45610951:A:G,17,45746523,17:45746523:C:A,0.991385,135572,chr17:45610951-45610951,PLEKHM1/MAPT
17,45610951,17:45610951:A:G,17,45746835,17:45746835:G:A,0.991385,135884,chr17:45610951-45610951,PLEKHM1/MAPT
17,45610951,17:45610951:A:G,17,45746982,17:45746982:T:C,0.991385,136031,chr17:45610951-45610951,PLEKHM1/MAPT
17,45610951,17:45610951:A:G,17,45747016,17:45747016:T:G,0.991385,136065,chr17:45610951-45610951,PLEKHM1/MAPT
17,45610951,17:45610951:A:G,17,45747153,17:45747154:CAAAA:C,0.982971,136202,chr17:45610951-45610951,PLEKHM1/MAPT
17,45610951,17:45610951:A:G,17,45747168,17:45747168:A:C,0.991385,136217,chr17:45610951-45610951,PLEKHM1/MAPT
17,45610951,17:45610951:A:G,17,45747482,17:45747482:A:G,0.991385,136531,chr17:45610951-45610951,PLEKHM1/MAPT
17,45610951,17:45610951:A:G,17,45747542,17:45747542:C:T,0.991385,136591,chr17:45610951-45610951,PLEKHM1/MAPT
17,45610951,17:45610951:A:G,17,45747973,17:45747973:C:G,0.991385,137022,chr17:45610951-45610951,PLEKHM1/MAPT
17,45610951,17:45610951:A:G,17,45748112,17:45748112:G:A,0.991385,137161,chr17:45610951-45610951,PLEKHM1/MAPT
17,45610951,17:45610951:A:G,17,45748202,17:45748202:C:T,0.991385,137251,chr17:45610951-45610951,PLEKHM1/MAPT
17,45610951,17:45610951:A:G,17,45748210,17:45748210:T:C,0.991385,137259,chr17:45610951-45610951,PLEKHM1/MAPT
17,45610951,17:45610951:A:G,17,45748345,17:45748345:A:C,0.991385,137394,chr17:45610951-45610951,PLEKHM1/MAPT
17,45610951,17:45610951:A:G,17,45748359,17:45748359:G:T,0.991385,137408,chr17:45610951-45610951,PLEKHM1/MAPT
17,45610951,17:45610951:A:G,17,45748546,17:45748546:A:G,0.991385,137595,chr17:45610951-45610951,PLEKHM1/MAPT
17,45610951,17:45610951:A:G,17,45748939,17:45748939:G:A,0.991385,137988,chr17:45610951-45610951,PLEKHM1/MAPT
17,45610951,17:45610951:A:G,17,45748985,17:45748985:A:G,0.991385,138034,chr17:45610951-45610951,PLEKHM1/MAPT
17,45610951,17:45610951:A:G,17,45749271,17:45749271:G:A,0.991385,138320,chr17:45610951-45610951,PLEKHM1/MAPT
17,45610951,17:45610951:A:G,17,45749790,17:45749790:GA:G,0.991385,138839,chr17:45610951-45610951,PLEKHM1/MAPT
17,45610951,17:45610951:A:G,17,45749843,17:45749843:G:A,0.991385,138892,chr17:45610951-45610951,PLEKHM1/MAPT
17,45610951,17:45610951:A:G,17,45749878,17:45749878:C:T,0.991385,138927,chr17:45610951-45610951,PLEKHM1/MAPT
17,45610951,17:45610951:A:G,17,45750025,17:45750025:G:C,0.991385,139074,chr17:45610951-45610951,PLEKHM1/MAPT
17,45610951,17:45610951:A:G,17,45750065,17:45750065:A:G,0.991385,139114,chr17:45610951-45610951,PLEKHM1/MAPT
17,45610951,17:45610951:A:G,17,45750105,17:45750105:G:C,0.991385,139154,chr17:45610951-45610951,PLEKHM1/MAPT
17,45610951,17:45610951:A:G,17,45750142,17:45750142:A:G,0.991385,139191,chr17:45610951-45610951,PLEKHM1/MAPT
17,45610951,17:45610951:A:G,17,45750855,17:45750855:T:A,0.991385,139904,chr17:45610951-45610951,PLEKHM1/MAPT
17,45610951,17:45610951:A:G,17,45751251,17:45751251:G:A,0.991385,140300,chr17:45610951-45610951,PLEKHM1/MAPT
17,45610951,17:45610951:A:G,17,45751332,17:45751332:C:T,0.991385,140381,chr17:45610951-45610951,PLEKHM1/MAPT
17,45610951,17:45610951:A:G,17,45751398,17:45751398:G:A,0.848078,140447,chr17:45610951-45610951,PLEKHM1/MAPT
17,45610951,17:45610951:A:G,17,45751569,17:45751569:G:C,0.991385,140618,chr17:45610951-45610951,PLEKHM1/MAPT
17,45610951,17:45610951:A:G,17,45751987,17:45751987:A:G,0.982751,141036,chr17:45610951-45610951,PLEKHM1/MAPT
17,45610951,17:45610951:A:G,17,45753016,17:45753016:G:A,0.991385,142065,chr17:45610951-45610951,PLEKHM1/MAPT
17,45610951,17:45610951:A:G,17,45753274,17:45753274:C:T,0.991385,142323,chr17:45610951-45610951,PLEKHM1/MAPT
17,45610951,17:45610951:A:G,17,45753319,17:45753319:G:A,0.991385,142368,chr17:45610951-45610951,PLEKHM1/MAPT
17,45610951,17:45610951:A:G,17,45753354,17:45753354:AGGAGTGAGC:A,0.933605,142403,chr17:45610951-45610951,PLEKHM1/MAPT
17,45610951,17:45610951:A:G,17,45753572,17:45753572:G:C,0.991385,142621,chr17:45610951-45610951,PLEKHM1/MAPT
17,45610951,17:45610951:A:G,17,45753746,17:45753746:G:A,0.991385,142795,chr17:45610951-45610951,PLEKHM1/MAPT
17,45610951,17:45610951:A:G,17,45754749,17:45754749:A:G,0.991385,143798,chr17:45610951-45610951,PLEKHM1/MAPT
17,45610951,17:45610951:A:G,17,45754773,17:45754773:C:CAA,0.991385,143822,chr17:45610951-45610951,PLEKHM1/MAPT
17,45610951,17:45610951:A:G,17,45754971,17:45754971:A:G,0.991385,144020,chr17:45610951-45610951,PLEKHM1/MAPT
17,45610951,17:45610951:A:G,17,45755001,17:45755001:G:A,0.991385,144050,chr17:45610951-45610951,PLEKHM1/MAPT
17,45610951,17:45610951:A:G,17,45755252,17:45755252:G:A,0.991385,144301,chr17:45610951-45610951,PLEKHM1/MAPT
17,45610951,17:45610951:A:G,17,45755498,17:45755498:T:C,0.991385,144547,chr17:45610951-45610951,PLEKHM1/MAPT
17,45610951,17:45610951:A:G,17,45755574,17:45755574:A:G,0.991385,144623,chr17:45610951-45610951,PLEKHM1/MAPT
17,45610951,17:45610951:A:G,17,45756458,17:45756458:G:C,0.991385,145507,chr17:45610951-45610951,PLEKHM1/MAPT
17,45610951,17:45610951:A:G,17,45756555,17:45756555:G:A,0.991385,145604,chr17:45610951-45610951,PLEKHM1/MAPT
17,45610951,17:45610951:A:G,17,45756615,17:45756615:A:G,0.991385,145664,chr17:45610951-45610951,PLEKHM1/MAPT
17,45610951,17:45610951:A:G,17,45756708,17:45756708:C:G,0.991385,145757,chr17:45610951-45610951,PLEKHM1/MAPT
17,45610951,17:45610951:A:G,17,45756948,17:45756948:A:G,0.991385,145997,chr17:45610951-45610951,PLEKHM1/MAPT
17,45610951,17:45610951:A:G,17,45757116,17:45757116:G:A,0.991385,146165,chr17:45610951-45610951,PLEKHM1/MAPT
17,45610951,17:45610951:A:G,17,45757305,17:45757305:A:AC,0.991385,146354,chr17:45610951-45610951,PLEKHM1/MAPT
17,45610951,17:45610951:A:G,17,45757493,17:45757493:A:AAAAAAG,0.982863,146542,chr17:45610951-45610951,PLEKHM1/MAPT
17,45610951,17:45610951:A:G,17,45757507,17:45757508:G:A,0.991385,146556,chr17:45610951-45610951,PLEKHM1/MAPT
17,45610951,17:45610951:A:G,17,45757604,17:45757604:C:T,0.991385,146653,chr17:45610951-45610951,PLEKHM1/MAPT
17,45610951,17:45610951:A:G,17,45757985,17:45757985:T:C,0.991385,147034,chr17:45610951-45610951,PLEKHM1/MAPT
17,45610951,17:45610951:A:G,17,45758488,17:45758488:C:A,0.982863,147537,chr17:45610951-45610951,PLEKHM1/MAPT
17,45610951,17:45610951:A:G,17,45758685,17:45758685:T:A,0.991385,147734,chr17:45610951-45610951,PLEKHM1/MAPT
17,45610951,17:45610951:A:G,17,45758743,17:45758743:A:AATT,0.991385,147792,chr17:45610951-45610951,PLEKHM1/MAPT
17,45610951,17:45610951:A:G,17,45758825,17:45758825:G:A,0.991385,147874,chr17:45610951-45610951,PLEKHM1/MAPT
17,45610951,17:45610951:A:G,17,45759212,17:45759212:G:A,0.991385,148261,chr17:45610951-45610951,PLEKHM1/MAPT
17,45610951,17:45610951:A:G,17,45759307,17:45759307:C:T,0.991385,148356,chr17:45610951-45610951,PLEKHM1/MAPT
17,45610951,17:45610951:A:G,17,45759554,17:45759554:T:C,0.991385,148603,chr17:45610951-45610951,PLEKHM1/MAPT
17,45610951,17:45610951:A:G,17,45759587,17:45759587:A:C,0.854215,148636,chr17:45610951-45610951,PLEKHM1/MAPT
17,45610951,17:45610951:A:G,17,45759725,17:45759725:T:C,0.991385,148774,chr17:45610951-45610951,PLEKHM1/MAPT
17,45610951,17:45610951:A:G,17,45759749,17:45759749:A:G,0.991385,148798,chr17:45610951-45610951,PLEKHM1/MAPT
17,45610951,17:45610951:A:G,17,45759871,17:45759871:A:G,0.991385,148920,chr17:45610951-45610951,PLEKHM1/MAPT
17,45610951,17:45610951:A:G,17,45760080,17:45760080:C:G,0.991385,149129,chr17:45610951-45610951,PLEKHM1/MAPT
17,45610951,17:45610951:A:G,17,45760201,17:45760201:C:T,0.991385,149250,chr17:45610951-45610951,PLEKHM1/MAPT
17,45610951,17:45610951:A:G,17,45760416,17:45760416:A:G,0.991385,149465,chr17:45610951-45610951,PLEKHM1/MAPT
17,45610951,17:45610951:A:G,17,45760502,17:45760503:T:TTTATGTTAT,0.822186,149551,chr17:45610951-45610951,PLEKHM1/MAPT
17,45610951,17:45610951:A:G,17,45760648,17:45760648:A:G,0.991385,149697,chr17:45610951-45610951,PLEKHM1/MAPT
17,45610951,17:45610951:A:G,17,45760705,17:45760705:C:T,0.991385,149754,chr17:45610951-45610951,PLEKHM1/MAPT
17,45610951,17:45610951:A:G,17,45761116,17:45761116:G:T,0.991385,150165,chr17:45610951-45610951,PLEKHM1/MAPT
17,45610951,17:45610951:A:G,17,45761312,17:45761312:G:A,0.991385,150361,chr17:45610951-45610951,PLEKHM1/MAPT
17,45610951,17:45610951:A:G,17,45761344,17:45761344:T:C,0.991385,150393,chr17:45610951-45610951,PLEKHM1/MAPT
17,45610951,17:45610951:A:G,17,45761354,17:45761354:C:T,0.974304,150403,chr17:45610951-45610951,PLEKHM1/MAPT
17,45610951,17:45610951:A:G,17,45761553,17:45761553:G:A,0.991385,150602,chr17:45610951-45610951,PLEKHM1/MAPT
17,45610951,17:45610951:A:G,17,45761784,17:45761784:AT:A,0.982751,150833,chr17:45610951-45610951,PLEKHM1/MAPT
17,45610951,17:45610951:A:G,17,45761887,17:45761887:G:A,0.991385,150936,chr17:45610951-45610951,PLEKHM1/MAPT
17,45610951,17:45610951:A:G,17,45762585,17:45762585:A:T,0.982751,151634,chr17:45610951-45610951,PLEKHM1/MAPT
17,45610951,17:45610951:A:G,17,45762640,17:45762640:T:G,0.982751,151689,chr17:45610951-45610951,PLEKHM1/MAPT
17,45610951,17:45610951:A:G,17,45762650,17:45762650:G:A,0.991385,151699,chr17:45610951-45610951,PLEKHM1/MAPT
17,45610951,17:45610951:A:G,17,45762741,17:45762741:C:A,0.991385,151790,chr17:45610951-45610951,PLEKHM1/MAPT
17,45610951,17:45610951:A:G,17,45763315,17:45763315:C:T,0.991385,152364,chr17:45610951-45610951,PLEKHM1/MAPT
17,45610951,17:45610951:A:G,17,45763360,17:45763360:C:CTT,0.991385,152409,chr17:45610951-45610951,PLEKHM1/MAPT
17,45610951,17:45610951:A:G,17,45763498,17:45763498:G:A,0.991385,152547,chr17:45610951-45610951,PLEKHM1/MAPT
17,45610951,17:45610951:A:G,17,45763533,17:45763533:G:C,0.991385,152582,chr17:45610951-45610951,PLEKHM1/MAPT
17,45610951,17:45610951:A:G,17,45763569,17:45763569:T:C,0.991385,152618,chr17:45610951-45610951,PLEKHM1/MAPT
17,45610951,17:45610951:A:G,17,45763990,17:45763990:CTT:C,0.982863,153039,chr17:45610951-45610951,PLEKHM1/MAPT
17,45610951,17:45610951:A:G,17,45764205,17:45764205:T:A,0.982863,153254,chr17:45610951-45610951,PLEKHM1/MAPT
17,45610951,17:45610951:A:G,17,45764258,17:45764258:G:GATGGATGA,0.877695,153307,chr17:45610951-45610951,PLEKHM1/MAPT
17,45610951,17:45610951:A:G,17,45764363,17:45764363:T:C,0.982751,153412,chr17:45610951-45610951,PLEKHM1/MAPT
17,45610951,17:45610951:A:G,17,45764546,17:45764546:C:T,0.991385,153595,chr17:45610951-45610951,PLEKHM1/MAPT
17,45610951,17:45610951:A:G,17,45765096,17:45765096:T:C,0.991385,154145,chr17:45610951-45610951,PLEKHM1/MAPT
17,45610951,17:45610951:A:G,17,45765128,17:45765128:A:G,0.991385,154177,chr17:45610951-45610951,PLEKHM1/MAPT
17,45610951,17:45610951:A:G,17,45766029,17:45766029:C:T,0.991385,155078,chr17:45610951-45610951,PLEKHM1/MAPT
17,45610951,17:45610951:A:G,17,45766577,17:45766577:G:A,0.991385,155626,chr17:45610951-45610951,PLEKHM1/MAPT
17,45610951,17:45610951:A:G,17,45766678,17:45766678:A:G,0.991385,155727,chr17:45610951-45610951,PLEKHM1/MAPT
17,45610951,17:45610951:A:G,17,45766835,17:45766835:C:T,0.991385,155884,chr17:45610951-45610951,PLEKHM1/MAPT
17,45610951,17:45610951:A:G,17,45767120,17:45767120:T:A,0.991385,156169,chr17:45610951-45610951,PLEKHM1/MAPT
17,45610951,17:45610951:A:G,17,45767193,17:45767193:T:G,0.991385,156242,chr17:45610951-45610951,PLEKHM1/MAPT
17,45610951,17:45610951:A:G,17,45767194,17:45767194:T:G,0.991385,156243,chr17:45610951-45610951,PLEKHM1/MAPT
17,45610951,17:45610951:A:G,17,45767432,17:45767432:G:A,0.991385,156481,chr17:45610951-45610951,PLEKHM1/MAPT
17,45610951,17:45610951:A:G,17,45767493,17:45767493:A:G,0.991385,156542,chr17:45610951-45610951,PLEKHM1/MAPT
17,45610951,17:45610951:A:G,17,45767611,17:45767611:T:A,0.991385,156660,chr17:45610951-45610951,PLEKHM1/MAPT
17,45610951,17:45610951:A:G,17,45767636,17:45767636:C:G,0.991385,156685,chr17:45610951-45610951,PLEKHM1/MAPT
17,45610951,17:45610951:A:G,17,45767675,17:45767675:G:A,0.991385,156724,chr17:45610951-45610951,PLEKHM1/MAPT
17,45610951,17:45610951:A:G,17,45769302,17:45769302:C:A,0.991385,158351,chr17:45610951-45610951,PLEKHM1/MAPT
17,45610951,17:45610951:A:G,17,45769454,17:45769454:G:A,0.991385,158503,chr17:45610951-45610951,PLEKHM1/MAPT
17,45610951,17:45610951:A:G,17,45769673,17:45769673:C:T,0.991385,158722,chr17:45610951-45610951,PLEKHM1/MAPT
17,45610951,17:45610951:A:G,17,45769729,17:45769729:C:T,0.991385,158778,chr17:45610951-45610951,PLEKHM1/MAPT
17,45610951,17:45610951:A:G,17,45769804,17:45769805:C:CAA,0.85472,158853,chr17:45610951-45610951,PLEKHM1/MAPT
17,45610951,17:45610951:A:G,17,45770008,17:45770008:G:A,0.991385,159057,chr17:45610951-45610951,PLEKHM1/MAPT
17,45610951,17:45610951:A:G,17,45770375,17:45770375:T:C,0.991385,159424,chr17:45610951-45610951,PLEKHM1/MAPT
17,45610951,17:45610951:A:G,17,45770502,17:45770502:T:C,0.991385,159551,chr17:45610951-45610951,PLEKHM1/MAPT
17,45610951,17:45610951:A:G,17,45770546,17:45770546:T:C,0.991385,159595,chr17:45610951-45610951,PLEKHM1/MAPT
17,45610951,17:45610951:A:G,17,45770815,17:45770815:C:T,0.991385,159864,chr17:45610951-45610951,PLEKHM1/MAPT
17,45610951,17:45610951:A:G,17,45771046,17:45771046:A:G,0.982863,160095,chr17:45610951-45610951,PLEKHM1/MAPT
17,45610951,17:45610951:A:G,17,45771095,17:45771095:G:A,0.991385,160144,chr17:45610951-45610951,PLEKHM1/MAPT
17,45610951,17:45610951:A:G,17,45771272,17:45771272:G:A,0.974304,160321,chr17:45610951-45610951,PLEKHM1/MAPT
17,45610951,17:45610951:A:G,17,45771280,17:45771280:AG:A,0.991385,160329,chr17:45610951-45610951,PLEKHM1/MAPT
17,45610951,17:45610951:A:G,17,45771384,17:45771384:T:C,0.982863,160433,chr17:45610951-45610951,PLEKHM1/MAPT
17,45610951,17:45610951:A:G,17,45771395,17:45771395:T:A,0.982863,160444,chr17:45610951-45610951,PLEKHM1/MAPT
17,45610951,17:45610951:A:G,17,45771602,17:45771602:G:T,0.991385,160651,chr17:45610951-45610951,PLEKHM1/MAPT
17,45610951,17:45610951:A:G,17,45771961,17:45771961:G:A,0.991385,161010,chr17:45610951-45610951,PLEKHM1/MAPT
17,45610951,17:45610951:A:G,17,45772000,17:45772000:T:C,0.991385,161049,chr17:45610951-45610951,PLEKHM1/MAPT
17,45610951,17:45610951:A:G,17,45772049,17:45772049:T:C,0.949333,161098,chr17:45610951-45610951,PLEKHM1/MAPT
17,45610951,17:45610951:A:G,17,45772206,17:45772206:AT:A,0.991385,161255,chr17:45610951-45610951,PLEKHM1/MAPT
17,45610951,17:45610951:A:G,17,45772290,17:45772290:C:A,0.991385,161339,chr17:45610951-45610951,PLEKHM1/MAPT
17,45610951,17:45610951:A:G,17,45772421,17:45772421:A:T,0.991385,161470,chr17:45610951-45610951,PLEKHM1/MAPT
17,45610951,17:45610951:A:G,17,45772530,17:45772530:A:G,0.991385,161579,chr17:45610951-45610951,PLEKHM1/MAPT
17,45610951,17:45610951:A:G,17,45772671,17:45772671:C:CTT,0.982863,161720,chr17:45610951-45610951,PLEKHM1/MAPT
17,45610951,17:45610951:A:G,17,45773153,17:45773153:C:T,0.991385,162202,chr17:45610951-45610951,PLEKHM1/MAPT
17,45610951,17:45610951:A:G,17,45773279,17:45773279:C:T,1.0,162328,chr17:45610951-45610951,PLEKHM1/MAPT
17,45610951,17:45610951:A:G,17,45773566,17:45773566:C:T,0.991385,162615,chr17:45610951-45610951,PLEKHM1/MAPT
17,45610951,17:45610951:A:G,17,45773569,17:45773569:CA:C,0.991385,162618,chr17:45610951-45610951,PLEKHM1/MAPT
17,45610951,17:45610951:A:G,17,45773600,17:45773600:A:G,0.991385,162649,chr17:45610951-45610951,PLEKHM1/MAPT
17,45610951,17:45610951:A:G,17,45773652,17:45773652:T:C,0.991385,162701,chr17:45610951-45610951,PLEKHM1/MAPT
17,45610951,17:45610951:A:G,17,45773843,17:45773843:A:AT,0.991385,162892,chr17:45610951-45610951,PLEKHM1/MAPT
17,45610951,17:45610951:A:G,17,45774485,17:45774485:G:A,0.991385,163534,chr17:45610951-45610951,PLEKHM1/MAPT
17,45610951,17:45610951:A:G,17,45774605,17:45774605:C:A,0.991385,163654,chr17:45610951-45610951,PLEKHM1/MAPT
17,45610951,17:45610951:A:G,17,45775239,17:45775239:C:T,0.991385,164288,chr17:45610951-45610951,PLEKHM1/MAPT
17,45610951,17:45610951:A:G,17,45775255,17:45775255:T:C,0.991385,164304,chr17:45610951-45610951,PLEKHM1/MAPT
17,45610951,17:45610951:A:G,17,45775367,17:45775367:G:A,0.991385,164416,chr17:45610951-45610951,PLEKHM1/MAPT
17,45610951,17:45610951:A:G,17,45775376,17:45775376:T:C,0.991385,164425,chr17:45610951-45610951,PLEKHM1/MAPT
17,45610951,17:45610951:A:G,17,45775743,17:45775743:G:A,0.991385,164792,chr17:45610951-45610951,PLEKHM1/MAPT
17,45610951,17:45610951:A:G,17,45775767,17:45775767:T:C,0.991385,164816,chr17:45610951-45610951,PLEKHM1/MAPT
17,45610951,17:45610951:A:G,17,45775869,17:45775869:T:G,0.991385,164918,chr17:45610951-45610951,PLEKHM1/MAPT
17,45610951,17:45610951:A:G,17,45776091,17:45776091:A:G,0.991385,165140,chr17:45610951-45610951,PLEKHM1/MAPT
17,45610951,17:45610951:A:G,17,45776160,17:45776160:A:G,0.991385,165209,chr17:45610951-45610951,PLEKHM1/MAPT
17,45610951,17:45610951:A:G,17,45776556,17:45776556:G:A,0.991385,165605,chr17:45610951-45610951,PLEKHM1/MAPT
17,45610951,17:45610951:A:G,17,45776901,17:45776901:C:T,0.991385,165950,chr17:45610951-45610951,PLEKHM1/MAPT
17,45610951,17:45610951:A:G,17,45776974,17:45776974:A:G,0.991385,166023,chr17:45610951-45610951,PLEKHM1/MAPT
17,45610951,17:45610951:A:G,17,45777083,17:45777083:C:T,0.991385,166132,chr17:45610951-45610951,PLEKHM1/MAPT
17,45610951,17:45610951:A:G,17,45777170,17:45777170:C:A,0.991385,166219,chr17:45610951-45610951,PLEKHM1/MAPT
17,45610951,17:45610951:A:G,17,45777862,17:45777862:G:T,0.991385,166911,chr17:45610951-45610951,PLEKHM1/MAPT
17,45610951,17:45610951:A:G,17,45778135,17:45778135:AC:A,0.991385,167184,chr17:45610951-45610951,PLEKHM1/MAPT
17,45610951,17:45610951:A:G,17,45778137,17:45778137:C:T,0.991385,167186,chr17:45610951-45610951,PLEKHM1/MAPT
17,45610951,17:45610951:A:G,17,45779273,17:45779273:C:G,0.991385,168322,chr17:45610951-45610951,PLEKHM1/MAPT
17,45610951,17:45610951:A:G,17,45779344,17:45779344:G:A,0.991385,168393,chr17:45610951-45610951,PLEKHM1/MAPT
17,45610951,17:45610951:A:G,17,45779364,17:45779364:C:T,0.991385,168413,chr17:45610951-45610951,PLEKHM1/MAPT
17,45610951,17:45610951:A:G,17,45779667,17:45779667:C:T,0.991385,168716,chr17:45610951-45610951,PLEKHM1/MAPT
17,45610951,17:45610951:A:G,17,45779763,17:45779763:A:C,0.991385,168812,chr17:45610951-45610951,PLEKHM1/MAPT
17,45610951,17:45610951:A:G,17,45779926,17:45779928:CTTTTTTT:C,0.941078,168975,chr17:45610951-45610951,PLEKHM1/MAPT
17,45610951,17:45610951:A:G,17,45780623,17:45780623:T:G,0.991385,169672,chr17:45610951-45610951,PLEKHM1/MAPT
17,45610951,17:45610951:A:G,17,45780624,17:45780624:T:C,0.991385,169673,chr17:45610951-45610951,PLEKHM1/MAPT
17,45610951,17:45610951:A:G,17,45780821,17:45780821:G:T,0.991385,169870,chr17:45610951-45610951,PLEKHM1/MAPT
17,45610951,17:45610951:A:G,17,45780941,17:45780941:T:C,0.991385,169990,chr17:45610951-45610951,PLEKHM1/MAPT
17,45610951,17:45610951:A:G,17,45780960,17:45780960:C:T,0.991385,170009,chr17:45610951-45610951,PLEKHM1/MAPT
17,45610951,17:45610951:A:G,17,45781116,17:45781116:C:T,0.991385,170165,chr17:45610951-45610951,PLEKHM1/MAPT
17,45610951,17:45610951:A:G,17,45781263,17:45781263:A:G,0.991385,170312,chr17:45610951-45610951,PLEKHM1/MAPT
17,45610951,17:45610951:A:G,17,45781699,17:45781699:T:C,0.991385,170748,chr17:45610951-45610951,PLEKHM1/MAPT
17,45610951,17:45610951:A:G,17,45782274,17:45782274:A:G,0.991385,171323,chr17:45610951-45610951,PLEKHM1/MAPT
17,45610951,17:45610951:A:G,17,45782325,17:45782325:C:G,0.991385,171374,chr17:45610951-45610951,PLEKHM1/MAPT
17,45610951,17:45610951:A:G,17,45782563,17:45782563:C:CACG,0.991385,171612,chr17:45610951-45610951,PLEKHM1/MAPT
17,45610951,17:45610951:A:G,17,45783751,17:45783751:C:T,0.982971,172800,chr17:45610951-45610951,PLEKHM1/MAPT
17,45610951,17:45610951:A:G,17,45786127,17:45786127:C:CT,0.958194,175176,chr17:45610951-45610951,PLEKHM1/MAPT
17,45610951,17:45610951:A:G,17,45786127,17:45786128:C:CTT,0.966015,175176,chr17:45610951-45610951,PLEKHM1/MAPT
17,45610951,17:45610951:A:G,17,45794616,17:45794616:C:T,0.991385,183665,chr17:45610951-45610951,PLEKHM1/MAPT
17,45610951,17:45610951:A:G,17,45794862,17:45794862:G:A,0.991385,183911,chr17:45610951-45610951,PLEKHM1/MAPT
17,45610951,17:45610951:A:G,17,45797307,17:45797307:T:C,0.982863,186356,chr17:45610951-45610951,PLEKHM1/MAPT
17,45610951,17:45610951:A:G,17,45801942,17:45801942:A:G,0.991385,190991,chr17:45610951-45610951,PLEKHM1/MAPT
17,45610951,17:45610951:A:G,17,45804424,17:45804424:C:T,0.991385,193473,chr17:45610951-45610951,PLEKHM1/MAPT
17,45610951,17:45610951:A:G,17,45807925,17:45807925:G:A,0.991385,196974,chr17:45610951-45610951,PLEKHM1/MAPT
17,45610951,17:45610951:A:G,17,45810114,17:45810114:T:C,0.991385,199163,chr17:45610951-45610951,PLEKHM1/MAPT
17,45610951,17:45610951:A:G,17,45815418,17:45815418:T:G,0.974508,204467,chr17:45610951-45610951,PLEKHM1/MAPT
17,45610951,17:45610951:A:G,17,45815422,17:45815422:G:A,0.991385,204471,chr17:45610951-45610951,PLEKHM1/MAPT
17,45610951,17:45610951:A:G,17,45815607,17:45815607:T:C,0.991385,204656,chr17:45610951-45610951,PLEKHM1/MAPT
17,45610951,17:45610951:A:G,17,45815780,17:45815780:CCCAGTTCAG:C,0.991385,204829,chr17:45610951-45610951,PLEKHM1/MAPT
17,45610951,17:45610951:A:G,17,45815893,17:45815893:G:A,0.982751,204942,chr17:45610951-45610951,PLEKHM1/MAPT
17,45610951,17:45610951:A:G,17,45815894,17:45815894:T:C,0.991385,204943,chr17:45610951-45610951,PLEKHM1/MAPT
17,45610951,17:45610951:A:G,17,45816037,17:45816037:G:A,0.991385,205086,chr17:45610951-45610951,PLEKHM1/MAPT
17,45610951,17:45610951:A:G,17,45816350,17:45816350:C:T,0.991385,205399,chr17:45610951-45610951,PLEKHM1/MAPT
17,45610951,17:45610951:A:G,17,45816385,17:45816385:A:G,0.991385,205434,chr17:45610951-45610951,PLEKHM1/MAPT
17,45610951,17:45610951:A:G,17,45816403,17:45816403:GC:G,0.991385,205452,chr17:45610951-45610951,PLEKHM1/MAPT
17,45610951,17:45610951:A:G,17,45816406,17:45816406:TGCCTG:T,0.991385,205455,chr17:45610951-45610951,PLEKHM1/MAPT
17,45610951,17:45610951:A:G,17,45816736,17:45816736:T:C,0.991385,205785,chr17:45610951-45610951,PLEKHM1/MAPT
17,45610951,17:45610951:A:G,17,45816793,17:45816793:C:T,0.991385,205842,chr17:45610951-45610951,PLEKHM1/MAPT
17,45610951,17:45610951:A:G,17,45817119,17:45817119:G:GA,0.991385,206168,chr17:45610951-45610951,PLEKHM1/MAPT
17,45610951,17:45610951:A:G,17,45817144,17:45817144:G:A,0.991385,206193,chr17:45610951-45610951,PLEKHM1/MAPT
17,45610951,17:45610951:A:G,17,45817181,17:45817181:C:T,0.991385,206230,chr17:45610951-45610951,PLEKHM1/MAPT
17,45610951,17:45610951:A:G,17,45817243,17:45817243:A:G,0.991385,206292,chr17:45610951-45610951,PLEKHM1/MAPT
17,45610951,17:45610951:A:G,17,45817624,17:45817624:T:G,0.991385,206673,chr17:45610951-45610951,PLEKHM1/MAPT
17,45610951,17:45610951:A:G,17,45817642,17:45817642:C:G,0.991385,206691,chr17:45610951-45610951,PLEKHM1/MAPT
17,45610951,17:45610951:A:G,17,45817802,17:45817802:T:TG,0.991385,206851,chr17:45610951-45610951,PLEKHM1/MAPT
17,45610951,17:45610951:A:G,17,45818135,17:45818135:G:C,0.991385,207184,chr17:45610951-45610951,PLEKHM1/MAPT
17,45610951,17:45610951:A:G,17,45818164,17:45818164:C:T,0.991385,207213,chr17:45610951-45610951,PLEKHM1/MAPT
17,45610951,17:45610951:A:G,17,45818236,17:45818236:T:G,0.991385,207285,chr17:45610951-45610951,PLEKHM1/MAPT
17,45610951,17:45610951:A:G,17,45818287,17:45818287:A:G,0.991385,207336,chr17:45610951-45610951,PLEKHM1/MAPT
17,45610951,17:45610951:A:G,17,45818330,17:45818330:G:A,0.991385,207379,chr17:45610951-45610951,PLEKHM1/MAPT
17,45610951,17:45610951:A:G,17,45818385,17:45818385:G:A,0.991385,207434,chr17:45610951-45610951,PLEKHM1/MAPT
17,45610951,17:45610951:A:G,17,45818431,17:45818431:T:C,0.991385,207480,chr17:45610951-45610951,PLEKHM1/MAPT
17,45610951,17:45610951:A:G,17,45818666,17:45818666:C:T,0.991385,207715,chr17:45610951-45610951,PLEKHM1/MAPT
17,45610951,17:45610951:A:G,17,45818862,17:45818862:T:C,0.991385,207911,chr17:45610951-45610951,PLEKHM1/MAPT
17,45610951,17:45610951:A:G,17,45819162,17:45819162:C:G,0.991385,208211,chr17:45610951-45610951,PLEKHM1/MAPT
17,45610951,17:45610951:A:G,17,45819250,17:45819250:T:C,0.991385,208299,chr17:45610951-45610951,PLEKHM1/MAPT
17,45610951,17:45610951:A:G,17,45819271,17:45819271:T:C,0.991385,208320,chr17:45610951-45610951,PLEKHM1/MAPT
17,45610951,17:45610951:A:G,17,45819324,17:45819324:T:C,0.991385,208373,chr17:45610951-45610951,PLEKHM1/MAPT
17,45610951,17:45610951:A:G,17,45819368,17:45819368:T:C,0.991385,208417,chr17:45610951-45610951,PLEKHM1/MAPT
17,45610951,17:45610951:A:G,17,45819496,17:45819496:CT:C,0.862141,208545,chr17:45610951-45610951,PLEKHM1/MAPT
17,45610951,17:45610951:A:G,17,45819660,17:45819660:TGGAG:T,0.991385,208709,chr17:45610951-45610951,PLEKHM1/MAPT
17,45610951,17:45610951:A:G,17,45819764,17:45819764:A:G,0.991385,208813,chr17:45610951-45610951,PLEKHM1/MAPT
17,45610951,17:45610951:A:G,17,45819836,17:45819836:T:A,0.991385,208885,chr17:45610951-45610951,PLEKHM1/MAPT
17,45610951,17:45610951:A:G,17,45819880,17:45819880:A:G,0.991385,208929,chr17:45610951-45610951,PLEKHM1/MAPT
17,45610951,17:45610951:A:G,17,45820083,17:45820083:A:T,0.991385,209132,chr17:45610951-45610951,PLEKHM1/MAPT
17,45610951,17:45610951:A:G,17,45820114,17:45820114:A:G,0.991385,209163,chr17:45610951-45610951,PLEKHM1/MAPT
17,45610951,17:45610951:A:G,17,45820356,17:45820356:T:C,0.991385,209405,chr17:45610951-45610951,PLEKHM1/MAPT
17,45610951,17:45610951:A:G,17,45820996,17:45820996:AAGG:A,0.991385,210045,chr17:45610951-45610951,PLEKHM1/MAPT
17,45610951,17:45610951:A:G,17,45821093,17:45821093:C:T,0.991385,210142,chr17:45610951-45610951,PLEKHM1/MAPT
17,45610951,17:45610951:A:G,17,45821521,17:45821521:T:C,0.991385,210570,chr17:45610951-45610951,PLEKHM1/MAPT
17,45610951,17:45610951:A:G,17,45821597,17:45821597:A:T,0.991385,210646,chr17:45610951-45610951,PLEKHM1/MAPT
17,45610951,17:45610951:A:G,17,45821795,17:45821795:A:C,0.991385,210844,chr17:45610951-45610951,PLEKHM1/MAPT
17,45610951,17:45610951:A:G,17,45822035,17:45822035:C:T,0.991385,211084,chr17:45610951-45610951,PLEKHM1/MAPT
17,45610951,17:45610951:A:G,17,45822051,17:45822051:G:C,0.991385,211100,chr17:45610951-45610951,PLEKHM1/MAPT
17,45610951,17:45610951:A:G,17,45822245,17:45822245:C:T,0.991385,211294,chr17:45610951-45610951,PLEKHM1/MAPT
17,45610951,17:45610951:A:G,17,45822289,17:45822289:T:C,0.991385,211338,chr17:45610951-45610951,PLEKHM1/MAPT
17,45610951,17:45610951:A:G,17,45822291,17:45822291:C:G,0.991385,211340,chr17:45610951-45610951,PLEKHM1/MAPT
17,45610951,17:45610951:A:G,17,45822361,17:45822361:A:G,0.991385,211410,chr17:45610951-45610951,PLEKHM1/MAPT
17,45610951,17:45610951:A:G,17,45822370,17:45822370:G:A,0.991385,211419,chr17:45610951-45610951,PLEKHM1/MAPT
17,45610951,17:45610951:A:G,17,45822420,17:45822420:C:T,0.991385,211469,chr17:45610951-45610951,PLEKHM1/MAPT
17,45610951,17:45610951:A:G,17,45822715,17:45822715:C:T,0.991385,211764,chr17:45610951-45610951,PLEKHM1/MAPT
17,45610951,17:45610951:A:G,17,45822849,17:45822849:T:TAA,0.974293,211898,chr17:45610951-45610951,PLEKHM1/MAPT
17,45610951,17:45610951:A:G,17,45823068,17:45823068:A:G,0.991385,212117,chr17:45610951-45610951,PLEKHM1/MAPT
17,45610951,17:45610951:A:G,17,45823331,17:45823331:C:T,0.991385,212380,chr17:45610951-45610951,PLEKHM1/MAPT
17,45610951,17:45610951:A:G,17,45823394,17:45823394:G:A,0.982863,212443,chr17:45610951-45610951,PLEKHM1/MAPT
17,45610951,17:45610951:A:G,17,45823403,17:45823403:C:T,0.879058,212452,chr17:45610951-45610951,PLEKHM1/MAPT
17,45610951,17:45610951:A:G,17,45823451,17:45823451:A:G,0.991385,212500,chr17:45610951-45610951,PLEKHM1/MAPT
17,45610951,17:45610951:A:G,17,45823635,17:45823635:C:T,0.991385,212684,chr17:45610951-45610951,PLEKHM1/MAPT
17,45610951,17:45610951:A:G,17,45823872,17:45823872:A:G,0.991385,212921,chr17:45610951-45610951,PLEKHM1/MAPT
17,45610951,17:45610951:A:G,17,45824162,17:45824162:T:C,0.991385,213211,chr17:45610951-45610951,PLEKHM1/MAPT
17,45610951,17:45610951:A:G,17,45824192,17:45824192:A:G,0.991385,213241,chr17:45610951-45610951,PLEKHM1/MAPT
17,45610951,17:45610951:A:G,17,45824850,17:45824850:C:T,0.991385,213899,chr17:45610951-45610951,PLEKHM1/MAPT
17,45610951,17:45610951:A:G,17,45825139,17:45825139:C:T,0.991385,214188,chr17:45610951-45610951,PLEKHM1/MAPT
17,45610951,17:45610951:A:G,17,45825156,17:45825156:G:A,0.991385,214205,chr17:45610951-45610951,PLEKHM1/MAPT
17,45610951,17:45610951:A:G,17,45825175,17:45825175:A:G,0.862141,214224,chr17:45610951-45610951,PLEKHM1/MAPT
17,45610951,17:45610951:A:G,17,45825372,17:45825372:C:A,0.991385,214421,chr17:45610951-45610951,PLEKHM1/MAPT
17,45610951,17:45610951:A:G,17,45825433,17:45825433:A:G,0.991385,214482,chr17:45610951-45610951,PLEKHM1/MAPT
17,45610951,17:45610951:A:G,17,45825476,17:45825476:C:T,0.991385,214525,chr17:45610951-45610951,PLEKHM1/MAPT
17,45610951,17:45610951:A:G,17,45825495,17:45825495:C:A,0.991385,214544,chr17:45610951-45610951,PLEKHM1/MAPT
17,45610951,17:45610951:A:G,17,45825578,17:45825578:C:T,0.991385,214627,chr17:45610951-45610951,PLEKHM1/MAPT
17,45610951,17:45610951:A:G,17,45825631,17:45825631:G:A,0.991385,214680,chr17:45610951-45610951,PLEKHM1/MAPT
17,45610951,17:45610951:A:G,17,45825723,17:45825723:C:T,0.991385,214772,chr17:45610951-45610951,PLEKHM1/MAPT
17,45610951,17:45610951:A:G,17,45825740,17:45825740:A:G,0.991385,214789,chr17:45610951-45610951,PLEKHM1/MAPT
17,45610951,17:45610951:A:G,17,45825932,17:45825932:G:A,0.991385,214981,chr17:45610951-45610951,PLEKHM1/MAPT
17,45610951,17:45610951:A:G,17,45825970,17:45825970:G:A,0.991385,215019,chr17:45610951-45610951,PLEKHM1/MAPT
17,45610951,17:45610951:A:G,17,45826119,17:45826119:G:C,0.991385,215168,chr17:45610951-45610951,PLEKHM1/MAPT
17,45610951,17:45610951:A:G,17,45826180,17:45826180:A:G,0.991385,215229,chr17:45610951-45610951,PLEKHM1/MAPT
17,45610951,17:45610951:A:G,17,45826182,17:45826182:C:T,0.991385,215231,chr17:45610951-45610951,PLEKHM1/MAPT
17,45610951,17:45610951:A:G,17,45826476,17:45826476:C:T,0.966139,215525,chr17:45610951-45610951,PLEKHM1/MAPT
17,45610951,17:45610951:A:G,17,45826744,17:45826744:G:C,0.991385,215793,chr17:45610951-45610951,PLEKHM1/MAPT
17,45610951,17:45610951:A:G,17,45827031,17:45827031:C:T,0.991385,216080,chr17:45610951-45610951,PLEKHM1/MAPT
17,45610951,17:45610951:A:G,17,45827162,17:45827162:T:C,0.991385,216211,chr17:45610951-45610951,PLEKHM1/MAPT
17,45610951,17:45610951:A:G,17,45827244,17:45827244:C:T,0.991385,216293,chr17:45610951-45610951,PLEKHM1/MAPT
17,45610951,17:45610951:A:G,17,45827307,17:45827307:C:T,0.991385,216356,chr17:45610951-45610951,PLEKHM1/MAPT
17,45610951,17:45610951:A:G,17,45827582,17:45827582:G:C,0.991385,216631,chr17:45610951-45610951,PLEKHM1/MAPT
17,45610951,17:45610951:A:G,17,45827768,17:45827768:G:A,0.982794,216817,chr17:45610951-45610951,PLEKHM1/MAPT
17,45610951,17:45610951:A:G,17,45827947,17:45827947:G:C,0.991385,216996,chr17:45610951-45610951,PLEKHM1/MAPT
17,45610951,17:45610951:A:G,17,45828115,17:45828115:T:G,0.991385,217164,chr17:45610951-45610951,PLEKHM1/MAPT
17,45610951,17:45610951:A:G,17,45829360,17:45829360:A:C,0.982863,218409,chr17:45610951-45610951,PLEKHM1/MAPT
17,45610951,17:45610951:A:G,17,45829462,17:45829462:G:A,0.982863,218511,chr17:45610951-45610951,PLEKHM1/MAPT
17,45610951,17:45610951:A:G,17,45829777,17:45829777:G:A,0.991385,218826,chr17:45610951-45610951,PLEKHM1/MAPT
17,45610951,17:45610951:A:G,17,45830275,17:45830275:C:CAGGTGG,0.991385,219324,chr17:45610951-45610951,PLEKHM1/MAPT
17,45610951,17:45610951:A:G,17,45830379,17:45830379:C:T,0.991385,219428,chr17:45610951-45610951,PLEKHM1/MAPT
17,45610951,17:45610951:A:G,17,45830530,17:45830530:T:C,0.991385,219579,chr17:45610951-45610951,PLEKHM1/MAPT
17,45610951,17:45610951:A:G,17,45830600,17:45830600:G:A,0.991385,219649,chr17:45610951-45610951,PLEKHM1/MAPT
17,45610951,17:45610951:A:G,17,45830785,17:45830785:C:T,0.991385,219834,chr17:45610951-45610951,PLEKHM1/MAPT
17,45610951,17:45610951:A:G,17,45830786,17:45830786:C:T,0.991385,219835,chr17:45610951-45610951,PLEKHM1/MAPT
17,45610951,17:45610951:A:G,17,45831110,17:45831110:GT:G,0.991385,220159,chr17:45610951-45610951,PLEKHM1/MAPT
17,45610951,17:45610951:A:G,17,45831207,17:45831207:C:CAGAATCGTG,0.991385,220256,chr17:45610951-45610951,PLEKHM1/MAPT
17,45610951,17:45610951:A:G,17,45831407,17:45831407:G:C,0.991385,220456,chr17:45610951-45610951,PLEKHM1/MAPT
17,45610951,17:45610951:A:G,17,45831460,17:45831460:T:G,0.991385,220509,chr17:45610951-45610951,PLEKHM1/MAPT
17,45610951,17:45610951:A:G,17,45831623,17:45831623:C:T,0.991385,220672,chr17:45610951-45610951,PLEKHM1/MAPT
17,45610951,17:45610951:A:G,17,45831642,17:45831642:C:T,0.991385,220691,chr17:45610951-45610951,PLEKHM1/MAPT
17,45610951,17:45610951:A:G,17,45831656,17:45831656:G:T,0.991385,220705,chr17:45610951-45610951,PLEKHM1/MAPT
17,45610951,17:45610951:A:G,17,45832069,17:45832069:C:CAAAAAAACA,0.991385,221118,chr17:45610951-45610951,PLEKHM1/MAPT
17,45610951,17:45610951:A:G,17,45832722,17:45832722:G:A,0.991385,221771,chr17:45610951-45610951,PLEKHM1/MAPT
17,45610951,17:45610951:A:G,17,45832817,17:45832817:G:A,0.991385,221866,chr17:45610951-45610951,PLEKHM1/MAPT
17,45610951,17:45610951:A:G,17,45832896,17:45832896:C:G,0.991385,221945,chr17:45610951-45610951,PLEKHM1/MAPT
17,45610951,17:45610951:A:G,17,45833141,17:45833141:C:T,0.991385,222190,chr17:45610951-45610951,PLEKHM1/MAPT
17,45610951,17:45610951:A:G,17,45833670,17:45833670:G:A,0.991385,222719,chr17:45610951-45610951,PLEKHM1/MAPT
17,45610951,17:45610951:A:G,17,45833986,17:45833986:C:T,0.991385,223035,chr17:45610951-45610951,PLEKHM1/MAPT
17,45610951,17:45610951:A:G,17,45834058,17:45834058:C:T,0.991385,223107,chr17:45610951-45610951,PLEKHM1/MAPT
17,45610951,17:45610951:A:G,17,45834077,17:45834077:T:C,0.991385,223126,chr17:45610951-45610951,PLEKHM1/MAPT
17,45610951,17:45610951:A:G,17,45834159,17:45834159:C:T,0.991385,223208,chr17:45610951-45610951,PLEKHM1/MAPT
17,45610951,17:45610951:A:G,17,45834466,17:45834466:T:C,0.991385,223515,chr17:45610951-45610951,PLEKHM1/MAPT
17,45610951,17:45610951:A:G,17,45834532,17:45834532:C:T,0.991385,223581,chr17:45610951-45610951,PLEKHM1/MAPT
17,45610951,17:45610951:A:G,17,45834793,17:45834793:G:C,0.991385,223842,chr17:45610951-45610951,PLEKHM1/MAPT
17,45610951,17:45610951:A:G,17,45834901,17:45834901:T:TG,0.991385,223950,chr17:45610951-45610951,PLEKHM1/MAPT
17,45610951,17:45610951:A:G,17,45834916,17:45834916:C:T,0.991385,223965,chr17:45610951-45610951,PLEKHM1/MAPT
17,45610951,17:45610951:A:G,17,45835088,17:45835088:T:C,0.991385,224137,chr17:45610951-45610951,PLEKHM1/MAPT
17,45610951,17:45610951:A:G,17,45835124,17:45835124:C:G,0.991385,224173,chr17:45610951-45610951,PLEKHM1/MAPT
17,45610951,17:45610951:A:G,17,45835216,17:45835216:C:T,0.991385,224265,chr17:45610951-45610951,PLEKHM1/MAPT
17,45610951,17:45610951:A:G,17,45835269,17:45835269:A:G,0.991385,224318,chr17:45610951-45610951,PLEKHM1/MAPT
17,45610951,17:45610951:A:G,17,45835357,17:45835357:T:C,0.991385,224406,chr17:45610951-45610951,PLEKHM1/MAPT
17,45610951,17:45610951:A:G,17,45835420,17:45835420:G:C,0.991385,224469,chr17:45610951-45610951,PLEKHM1/MAPT
17,45610951,17:45610951:A:G,17,45835464,17:45835464:T:C,0.991385,224513,chr17:45610951-45610951,PLEKHM1/MAPT
17,45610951,17:45610951:A:G,17,45835949,17:45835949:C:T,0.991385,224998,chr17:45610951-45610951,PLEKHM1/MAPT
17,45610951,17:45610951:A:G,17,45835994,17:45835994:TGAGGGCAGG:T,0.991385,225043,chr17:45610951-45610951,PLEKHM1/MAPT
17,45610951,17:45610951:A:G,17,45836191,17:45836191:T:G,0.991385,225240,chr17:45610951-45610951,PLEKHM1/MAPT
17,45610951,17:45610951:A:G,17,45836192,17:45836192:T:G,0.991385,225241,chr17:45610951-45610951,PLEKHM1/MAPT
17,45610951,17:45610951:A:G,17,45837188,17:45837188:C:A,0.991385,226237,chr17:45610951-45610951,PLEKHM1/MAPT
17,45610951,17:45610951:A:G,17,45837192,17:45837192:G:A,0.982863,226241,chr17:45610951-45610951,PLEKHM1/MAPT
17,45610951,17:45610951:A:G,17,45837232,17:45837232:G:C,0.991385,226281,chr17:45610951-45610951,PLEKHM1/MAPT
17,45610951,17:45610951:A:G,17,45837362,17:45837362:G:T,0.991385,226411,chr17:45610951-45610951,PLEKHM1/MAPT
17,45610951,17:45610951:A:G,17,45837443,17:45837443:C:T,0.991385,226492,chr17:45610951-45610951,PLEKHM1/MAPT
17,45610951,17:45610951:A:G,17,45837613,17:45837613:AC:A,0.991385,226662,chr17:45610951-45610951,PLEKHM1/MAPT
17,45610951,17:45610951:A:G,17,45837615,17:45837615:C:G,0.991385,226664,chr17:45610951-45610951,PLEKHM1/MAPT
17,45610951,17:45610951:A:G,17,45837624,17:45837624:AAC:A,0.991385,226673,chr17:45610951-45610951,PLEKHM1/MAPT
17,45610951,17:45610951:A:G,17,45837688,17:45837688:A:G,0.991385,226737,chr17:45610951-45610951,PLEKHM1/MAPT
17,45610951,17:45610951:A:G,17,45837946,17:45837946:C:T,0.991385,226995,chr17:45610951-45610951,PLEKHM1/MAPT
17,45610951,17:45610951:A:G,17,45838990,17:45838990:G:A,0.991385,228039,chr17:45610951-45610951,PLEKHM1/MAPT
17,45610951,17:45610951:A:G,17,45839143,17:45839143:A:G,0.991385,228192,chr17:45610951-45610951,PLEKHM1/MAPT
17,45610951,17:45610951:A:G,17,45839407,17:45839407:A:C,0.991385,228456,chr17:45610951-45610951,PLEKHM1/MAPT
17,45610951,17:45610951:A:G,17,45839566,17:45839566:G:A,0.991385,228615,chr17:45610951-45610951,PLEKHM1/MAPT
17,45610951,17:45610951:A:G,17,45839720,17:45839720:A:G,0.991385,228769,chr17:45610951-45610951,PLEKHM1/MAPT
17,45610951,17:45610951:A:G,17,45840410,17:45840410:G:T,0.991385,229459,chr17:45610951-45610951,PLEKHM1/MAPT
17,45610951,17:45610951:A:G,17,45840452,17:45840452:G:A,0.991385,229501,chr17:45610951-45610951,PLEKHM1/MAPT
17,45610951,17:45610951:A:G,17,45840824,17:45840824:T:C,0.991385,229873,chr17:45610951-45610951,PLEKHM1/MAPT
17,45610951,17:45610951:A:G,17,45840873,17:45840873:C:T,0.991385,229922,chr17:45610951-45610951,PLEKHM1/MAPT
17,45610951,17:45610951:A:G,17,45840935,17:45840935:GCCAGGAGTT:G,0.991385,229984,chr17:45610951-45610951,PLEKHM1/MAPT
17,45610951,17:45610951:A:G,17,45841052,17:45841052:A:G,0.991385,230101,chr17:45610951-45610951,PLEKHM1/MAPT
17,45610951,17:45610951:A:G,17,45841158,17:45841158:A:G,0.991385,230207,chr17:45610951-45610951,PLEKHM1/MAPT
17,45610951,17:45610951:A:G,17,45841247,17:45841247:T:C,0.991385,230296,chr17:45610951-45610951,PLEKHM1/MAPT
17,45610951,17:45610951:A:G,17,45841285,17:45841285:C:G,0.991385,230334,chr17:45610951-45610951,PLEKHM1/MAPT
17,45610951,17:45610951:A:G,17,45841702,17:45841702:G:T,0.991385,230751,chr17:45610951-45610951,PLEKHM1/MAPT
17,45610951,17:45610951:A:G,17,45841704,17:45841704:T:C,0.991385,230753,chr17:45610951-45610951,PLEKHM1/MAPT
17,45610951,17:45610951:A:G,17,45841707,17:45841707:G:T,0.991385,230756,chr17:45610951-45610951,PLEKHM1/MAPT
17,45610951,17:45610951:A:G,17,45841730,17:45841730:A:G,0.991385,230779,chr17:45610951-45610951,PLEKHM1/MAPT
17,45610951,17:45610951:A:G,17,45841739,17:45841739:C:T,0.991385,230788,chr17:45610951-45610951,PLEKHM1/MAPT
17,45610951,17:45610951:A:G,17,45841935,17:45841935:T:C,0.991385,230984,chr17:45610951-45610951,PLEKHM1/MAPT
17,45610951,17:45610951:A:G,17,45842518,17:45842518:T:G,0.991385,231567,chr17:45610951-45610951,PLEKHM1/MAPT
17,45610951,17:45610951:A:G,17,45842853,17:45842853:AAAG:A,0.991385,231902,chr17:45610951-45610951,PLEKHM1/MAPT
17,45610951,17:45610951:A:G,17,45842934,17:45842934:T:C,0.991385,231983,chr17:45610951-45610951,PLEKHM1/MAPT
17,45610951,17:45610951:A:G,17,45843012,17:45843012:C:T,0.991385,232061,chr17:45610951-45610951,PLEKHM1/MAPT
17,45610951,17:45610951:A:G,17,45843045,17:45843045:T:C,0.991385,232094,chr17:45610951-45610951,PLEKHM1/MAPT
17,45610951,17:45610951:A:G,17,45843169,17:45843169:C:CAA,0.899747,232218,chr17:45610951-45610951,PLEKHM1/MAPT
17,45610951,17:45610951:A:G,17,45843608,17:45843608:T:C,0.991385,232657,chr17:45610951-45610951,PLEKHM1/MAPT
17,45610951,17:45610951:A:G,17,45843844,17:45843844:G:T,0.991385,232893,chr17:45610951-45610951,PLEKHM1/MAPT
17,45610951,17:45610951:A:G,17,45844206,17:45844206:T:A,0.991385,233255,chr17:45610951-45610951,PLEKHM1/MAPT
17,45610951,17:45610951:A:G,17,45844388,17:45844388:T:C,0.991385,233437,chr17:45610951-45610951,PLEKHM1/MAPT
17,45610951,17:45610951:A:G,17,45845576,17:45845576:T:C,0.991385,234625,chr17:45610951-45610951,PLEKHM1/MAPT
17,45610951,17:45610951:A:G,17,45845900,17:45845900:G:A,0.991385,234949,chr17:45610951-45610951,PLEKHM1/MAPT
17,45610951,17:45610951:A:G,17,45846288,17:45846288:G:C,0.991385,235337,chr17:45610951-45610951,PLEKHM1/MAPT
17,45610951,17:45610951:A:G,17,45846317,17:45846317:A:G,0.991385,235366,chr17:45610951-45610951,PLEKHM1/MAPT
17,45610951,17:45610951:A:G,17,45846337,17:45846337:C:T,0.991385,235386,chr17:45610951-45610951,PLEKHM1/MAPT
17,45610951,17:45610951:A:G,17,45846568,17:45846568:T:C,0.991385,235617,chr17:45610951-45610951,PLEKHM1/MAPT
17,45610951,17:45610951:A:G,17,45846707,17:45846707:T:C,0.991385,235756,chr17:45610951-45610951,PLEKHM1/MAPT
17,45610951,17:45610951:A:G,17,45846764,17:45846764:G:A,0.991385,235813,chr17:45610951-45610951,PLEKHM1/MAPT
17,45610951,17:45610951:A:G,17,45846834,17:45846834:C:G,0.991385,235883,chr17:45610951-45610951,PLEKHM1/MAPT
17,45610951,17:45610951:A:G,17,45846853,17:45846853:T:C,0.991385,235902,chr17:45610951-45610951,PLEKHM1/MAPT
17,45610951,17:45610951:A:G,17,45846865,17:45846865:G:A,0.991385,235914,chr17:45610951-45610951,PLEKHM1/MAPT
17,45610951,17:45610951:A:G,17,45846971,17:45846971:A:C,0.982971,236020,chr17:45610951-45610951,PLEKHM1/MAPT
17,45610951,17:45610951:A:G,17,45847155,17:45847155:G:A,0.991385,236204,chr17:45610951-45610951,PLEKHM1/MAPT
17,45610951,17:45610951:A:G,17,45847410,17:45847410:C:T,0.991385,236459,chr17:45610951-45610951,PLEKHM1/MAPT
17,45610951,17:45610951:A:G,17,45847437,17:45847437:A:G,0.991385,236486,chr17:45610951-45610951,PLEKHM1/MAPT
17,45610951,17:45610951:A:G,17,45847931,17:45847931:C:T,0.823431,236980,chr17:45610951-45610951,PLEKHM1/MAPT
17,45610951,17:45610951:A:G,17,45848239,17:45848239:G:A,0.991385,237288,chr17:45610951-45610951,PLEKHM1/MAPT
17,45610951,17:45610951:A:G,17,45848363,17:45848363:A:G,0.991385,237412,chr17:45610951-45610951,PLEKHM1/MAPT
17,45610951,17:45610951:A:G,17,45848600,17:45848600:G:A,0.991385,237649,chr17:45610951-45610951,PLEKHM1/MAPT
17,45610951,17:45610951:A:G,17,45848690,17:45848690:A:C,0.991385,237739,chr17:45610951-45610951,PLEKHM1/MAPT
17,45610951,17:45610951:A:G,17,45848727,17:45848727:GATGA:G,0.982971,237776,chr17:45610951-45610951,PLEKHM1/MAPT
17,45610951,17:45610951:A:G,17,45848783,17:45848783:A:G,0.974208,237832,chr17:45610951-45610951,PLEKHM1/MAPT
17,45610951,17:45610951:A:G,17,45849389,17:45849389:A:G,0.991385,238438,chr17:45610951-45610951,PLEKHM1/MAPT
17,45610951,17:45610951:A:G,17,45849582,17:45849582:A:G,0.991385,238631,chr17:45610951-45610951,PLEKHM1/MAPT
17,45610951,17:45610951:A:G,17,45849626,17:45849626:C:T,0.991385,238675,chr17:45610951-45610951,PLEKHM1/MAPT
17,45610951,17:45610951:A:G,17,45849889,17:45849889:G:T,0.991385,238938,chr17:45610951-45610951,PLEKHM1/MAPT
17,45610951,17:45610951:A:G,17,45849924,17:45849924:G:A,0.949335,238973,chr17:45610951-45610951,PLEKHM1/MAPT
17,45610951,17:45610951:A:G,17,45850342,17:45850342:A:G,0.991385,239391,chr17:45610951-45610951,PLEKHM1/MAPT
17,45610951,17:45610951:A:G,17,45851248,17:45851248:T:G,0.991385,240297,chr17:45610951-45610951,PLEKHM1/MAPT
17,45610951,17:45610951:A:G,17,45851263,17:45851263:GCACA:G,0.991385,240312,chr17:45610951-45610951,PLEKHM1/MAPT
17,45610951,17:45610951:A:G,17,45851663,17:45851663:A:G,0.974208,240712,chr17:45610951-45610951,PLEKHM1/MAPT
17,45610951,17:45610951:A:G,17,45852626,17:45852626:C:T,0.991385,241675,chr17:45610951-45610951,PLEKHM1/MAPT
17,45610951,17:45610951:A:G,17,45852667,17:45852667:G:A,0.991385,241716,chr17:45610951-45610951,PLEKHM1/MAPT
17,45610951,17:45610951:A:G,17,45852872,17:45852872:C:A,0.991385,241921,chr17:45610951-45610951,PLEKHM1/MAPT
17,45610951,17:45610951:A:G,17,45853432,17:45853432:A:G,0.991385,242481,chr17:45610951-45610951,PLEKHM1/MAPT
17,45610951,17:45610951:A:G,17,45853589,17:45853589:G:A,0.991385,242638,chr17:45610951-45610951,PLEKHM1/MAPT
17,45610951,17:45610951:A:G,17,45853614,17:45853614:C:T,0.991385,242663,chr17:45610951-45610951,PLEKHM1/MAPT
17,45610951,17:45610951:A:G,17,45853756,17:45853756:C:T,0.991385,242805,chr17:45610951-45610951,PLEKHM1/MAPT
17,45610951,17:45610951:A:G,17,45853878,17:45853878:G:C,0.991385,242927,chr17:45610951-45610951,PLEKHM1/MAPT
17,45610951,17:45610951:A:G,17,45853879,17:45853879:G:A,0.991385,242928,chr17:45610951-45610951,PLEKHM1/MAPT
17,45610951,17:45610951:A:G,17,45854014,17:45854014:A:G,0.991385,243063,chr17:45610951-45610951,PLEKHM1/MAPT
17,45610951,17:45610951:A:G,17,45854260,17:45854260:T:C,0.991385,243309,chr17:45610951-45610951,PLEKHM1/MAPT
17,45610951,17:45610951:A:G,17,45854489,17:45854489:GAGAGAGAC:G,0.991385,243538,chr17:45610951-45610951,PLEKHM1/MAPT
17,45610951,17:45610951:A:G,17,45854541,17:45854541:C:A,0.991385,243590,chr17:45610951-45610951,PLEKHM1/MAPT
17,45610951,17:45610951:A:G,17,45854662,17:45854662:A:G,0.991385,243711,chr17:45610951-45610951,PLEKHM1/MAPT
17,45610951,17:45610951:A:G,17,45854683,17:45854683:C:T,0.991385,243732,chr17:45610951-45610951,PLEKHM1/MAPT
17,45610951,17:45610951:A:G,17,45854763,17:45854763:C:T,0.982971,243812,chr17:45610951-45610951,PLEKHM1/MAPT
17,45610951,17:45610951:A:G,17,45854789,17:45854789:A:G,0.991385,243838,chr17:45610951-45610951,PLEKHM1/MAPT
17,45610951,17:45610951:A:G,17,45854807,17:45854807:A:G,0.991385,243856,chr17:45610951-45610951,PLEKHM1/MAPT
17,45610951,17:45610951:A:G,17,45854911,17:45854911:G:A,0.991385,243960,chr17:45610951-45610951,PLEKHM1/MAPT
17,45610951,17:45610951:A:G,17,45855015,17:45855015:C:T,0.991385,244064,chr17:45610951-45610951,PLEKHM1/MAPT
17,45610951,17:45610951:A:G,17,45855375,17:45855375:C:T,0.95784,244424,chr17:45610951-45610951,PLEKHM1/MAPT
17,45610951,17:45610951:A:G,17,45855423,17:45855423:C:T,0.826656,244472,chr17:45610951-45610951,PLEKHM1/MAPT
17,45610951,17:45610951:A:G,17,45855431,17:45855431:G:C,0.826656,244480,chr17:45610951-45610951,PLEKHM1/MAPT
17,45610951,17:45610951:A:G,17,45855432,17:45855432:G:T,0.826656,244481,chr17:45610951-45610951,PLEKHM1/MAPT
17,45610951,17:45610951:A:G,17,45855805,17:45855805:C:T,0.974432,244854,chr17:45610951-45610951,PLEKHM1/MAPT
17,45610951,17:45610951:A:G,17,45855824,17:45855824:GTTTTTA:G,0.982863,244873,chr17:45610951-45610951,PLEKHM1/MAPT
17,45610951,17:45610951:A:G,17,45856213,17:45856213:C:A,0.982863,245262,chr17:45610951-45610951,PLEKHM1/MAPT
17,45610951,17:45610951:A:G,17,45856307,17:45856307:T:C,0.991385,245356,chr17:45610951-45610951,PLEKHM1/MAPT
17,45610951,17:45610951:A:G,17,45856424,17:45856424:G:T,0.991385,245473,chr17:45610951-45610951,PLEKHM1/MAPT
17,45610951,17:45610951:A:G,17,45856436,17:45856436:G:T,0.830019,245485,chr17:45610951-45610951,PLEKHM1/MAPT
17,45610951,17:45610951:A:G,17,45856455,17:45856455:TG:T,0.991385,245504,chr17:45610951-45610951,PLEKHM1/MAPT
17,45610951,17:45610951:A:G,17,45856457,17:45856457:TATGTATG:T,0.991385,245506,chr17:45610951-45610951,PLEKHM1/MAPT
17,45610951,17:45610951:A:G,17,45856468,17:45856468:G:T,0.991385,245517,chr17:45610951-45610951,PLEKHM1/MAPT
17,45610951,17:45610951:A:G,17,45856513,17:45856513:C:G,0.991385,245562,chr17:45610951-45610951,PLEKHM1/MAPT
17,45610951,17:45610951:A:G,17,45856590,17:45856590:G:GTGTTTGTTT,0.908958,245639,chr17:45610951-45610951,PLEKHM1/MAPT
17,45610951,17:45610951:A:G,17,45856650,17:45856650:G:C,0.991385,245699,chr17:45610951-45610951,PLEKHM1/MAPT
17,45610951,17:45610951:A:G,17,45856750,17:45856750:T:G,0.991385,245799,chr17:45610951-45610951,PLEKHM1/MAPT
17,45610951,17:45610951:A:G,17,45856760,17:45856760:ATTTTT:A,0.991385,245809,chr17:45610951-45610951,PLEKHM1/MAPT
17,45610951,17:45610951:A:G,17,45856948,17:45856948:T:C,0.991385,245997,chr17:45610951-45610951,PLEKHM1/MAPT
17,45610951,17:45610951:A:G,17,45857221,17:45857221:GT:G,0.982863,246270,chr17:45610951-45610951,PLEKHM1/MAPT
17,45610951,17:45610951:A:G,17,45857306,17:45857306:A:C,0.991385,246355,chr17:45610951-45610951,PLEKHM1/MAPT
17,45610951,17:45610951:A:G,17,45857370,17:45857370:TG:T,0.991385,246419,chr17:45610951-45610951,PLEKHM1/MAPT
17,45610951,17:45610951:A:G,17,45857379,17:45857380:GTT:G,0.991385,246428,chr17:45610951-45610951,PLEKHM1/MAPT
17,45610951,17:45610951:A:G,17,45857410,17:45857410:A:G,0.991385,246459,chr17:45610951-45610951,PLEKHM1/MAPT
17,45610951,17:45610951:A:G,17,45857460,17:45857460:T:G,0.991385,246509,chr17:45610951-45610951,PLEKHM1/MAPT
17,45610951,17:45610951:A:G,17,45857530,17:45857530:T:A,0.991385,246579,chr17:45610951-45610951,PLEKHM1/MAPT
17,45610951,17:45610951:A:G,17,45857582,17:45857582:A:G,0.991385,246631,chr17:45610951-45610951,PLEKHM1/MAPT
17,45610951,17:45610951:A:G,17,45857752,17:45857752:G:A,0.991385,246801,chr17:45610951-45610951,PLEKHM1/MAPT
17,45610951,17:45610951:A:G,17,45858522,17:45858522:C:T,0.991385,247571,chr17:45610951-45610951,PLEKHM1/MAPT
17,45610951,17:45610951:A:G,17,45858645,17:45858645:A:G,0.991385,247694,chr17:45610951-45610951,PLEKHM1/MAPT
17,45610951,17:45610951:A:G,17,45858932,17:45858932:C:A,0.991385,247981,chr17:45610951-45610951,PLEKHM1/MAPT
17,45610951,17:45610951:A:G,17,45859438,17:45859438:A:G,0.991385,248487,chr17:45610951-45610951,PLEKHM1/MAPT
17,45610951,17:45610951:A:G,17,45859446,17:45859446:G:A,0.991385,248495,chr17:45610951-45610951,PLEKHM1/MAPT
17,45610951,17:45610951:A:G,17,45859738,17:45859738:G:A,0.991385,248787,chr17:45610951-45610951,PLEKHM1/MAPT
17,45610951,17:45610951:A:G,17,45859796,17:45859796:C:T,0.991385,248845,chr17:45610951-45610951,PLEKHM1/MAPT
17,45610951,17:45610951:A:G,17,45859818,17:45859818:T:C,0.991385,248867,chr17:45610951-45610951,PLEKHM1/MAPT
17,45610951,17:45610951:A:G,17,45859967,17:45859967:T:G,0.991385,249016,chr17:45610951-45610951,PLEKHM1/MAPT
17,45610951,17:45610951:A:G,17,45860094,17:45860094:G:A,0.991385,249143,chr17:45610951-45610951,PLEKHM1/MAPT
17,45610951,17:45610951:A:G,17,45860139,17:45860139:C:T,0.991385,249188,chr17:45610951-45610951,PLEKHM1/MAPT
17,45610951,17:45610951:A:G,17,45860267,17:45860267:A:G,0.991385,249316,chr17:45610951-45610951,PLEKHM1/MAPT
17,45610951,17:45610951:A:G,17,45860305,17:45860305:C:T,0.991385,249354,chr17:45610951-45610951,PLEKHM1/MAPT
17,45610951,17:45610951:A:G,17,45860370,17:45860370:C:T,0.991385,249419,chr17:45610951-45610951,PLEKHM1/MAPT
17,45610951,17:45610951:A:G,17,45860741,17:45860741:A:G,0.991385,249790,chr17:45610951-45610951,PLEKHM1/MAPT
17,45610951,17:45610951:A:G,17,45861028,17:45861028:A:G,0.991385,250077,chr17:45610951-45610951,PLEKHM1/MAPT
17,45610951,17:45610951:A:G,17,45861133,17:45861133:G:A,0.991385,250182,chr17:45610951-45610951,PLEKHM1/MAPT
17,45610951,17:45610951:A:G,17,45861268,17:45861268:A:G,0.991385,250317,chr17:45610951-45610951,PLEKHM1/MAPT
17,45610951,17:45610951:A:G,17,45861430,17:45861430:A:G,0.991385,250479,chr17:45610951-45610951,PLEKHM1/MAPT
17,45610951,17:45610951:A:G,17,45861516,17:45861516:G:A,0.991385,250565,chr17:45610951-45610951,PLEKHM1/MAPT
17,45610951,17:45610951:A:G,17,45861889,17:45861889:T:C,0.991385,250938,chr17:45610951-45610951,PLEKHM1/MAPT
17,45610951,17:45610951:A:G,17,45862023,17:45862023:C:T,0.991385,251072,chr17:45610951-45610951,PLEKHM1/MAPT
17,45610951,17:45610951:A:G,17,45862029,17:45862029:A:T,0.991385,251078,chr17:45610951-45610951,PLEKHM1/MAPT
17,45610951,17:45610951:A:G,17,45862033,17:45862033:A:C,0.991385,251082,chr17:45610951-45610951,PLEKHM1/MAPT
17,45610951,17:45610951:A:G,17,45862066,17:45862066:G:T,0.991385,251115,chr17:45610951-45610951,PLEKHM1/MAPT
17,45610951,17:45610951:A:G,17,45862243,17:45862243:A:T,0.991385,251292,chr17:45610951-45610951,PLEKHM1/MAPT
17,45610951,17:45610951:A:G,17,45862272,17:45862272:G:A,0.991385,251321,chr17:45610951-45610951,PLEKHM1/MAPT
17,45610951,17:45610951:A:G,17,45862293,17:45862293:G:A,0.991385,251342,chr17:45610951-45610951,PLEKHM1/MAPT
17,45610951,17:45610951:A:G,17,45862570,17:45862570:G:A,0.991385,251619,chr17:45610951-45610951,PLEKHM1/MAPT
17,45610951,17:45610951:A:G,17,45862646,17:45862646:T:C,0.991385,251695,chr17:45610951-45610951,PLEKHM1/MAPT
17,45610951,17:45610951:A:G,17,45862654,17:45862654:T:C,0.991385,251703,chr17:45610951-45610951,PLEKHM1/MAPT
17,45610951,17:45610951:A:G,17,45862655,17:45862655:G:A,0.991385,251704,chr17:45610951-45610951,PLEKHM1/MAPT
17,45610951,17:45610951:A:G,17,45862822,17:45862822:T:C,0.991385,251871,chr17:45610951-45610951,PLEKHM1/MAPT
17,45610951,17:45610951:A:G,17,45863131,17:45863131:C:T,0.991385,252180,chr17:45610951-45610951,PLEKHM1/MAPT
17,45610951,17:45610951:A:G,17,45863319,17:45863319:G:A,0.991385,252368,chr17:45610951-45610951,PLEKHM1/MAPT
17,45610951,17:45610951:A:G,17,45863459,17:45863459:G:C,0.991385,252508,chr17:45610951-45610951,PLEKHM1/MAPT
17,45610951,17:45610951:A:G,17,45863984,17:45863984:C:T,0.991385,253033,chr17:45610951-45610951,PLEKHM1/MAPT
17,45610951,17:45610951:A:G,17,45864110,17:45864110:A:C,0.991385,253159,chr17:45610951-45610951,PLEKHM1/MAPT
17,45610951,17:45610951:A:G,17,45864125,17:45864125:A:G,0.991385,253174,chr17:45610951-45610951,PLEKHM1/MAPT
17,45610951,17:45610951:A:G,17,45864242,17:45864242:C:G,0.991385,253291,chr17:45610951-45610951,PLEKHM1/MAPT
17,45610951,17:45610951:A:G,17,45864344,17:45864344:C:T,0.991385,253393,chr17:45610951-45610951,PLEKHM1/MAPT
17,45610951,17:45610951:A:G,17,45864492,17:45864492:T:G,0.991385,253541,chr17:45610951-45610951,PLEKHM1/MAPT
17,45610951,17:45610951:A:G,17,45864680,17:45864680:T:A,0.991385,253729,chr17:45610951-45610951,PLEKHM1/MAPT
17,45610951,17:45610951:A:G,17,45865290,17:45865290:G:A,0.991385,254339,chr17:45610951-45610951,PLEKHM1/MAPT
17,45610951,17:45610951:A:G,17,45865454,17:45865454:T:C,0.982863,254503,chr17:45610951-45610951,PLEKHM1/MAPT
17,45610951,17:45610951:A:G,17,45865634,17:45865634:A:C,0.991385,254683,chr17:45610951-45610951,PLEKHM1/MAPT
17,45610951,17:45610951:A:G,17,45866289,17:45866289:A:C,0.991385,255338,chr17:45610951-45610951,PLEKHM1/MAPT
17,45610951,17:45610951:A:G,17,45866291,17:45866291:A:G,0.991385,255340,chr17:45610951-45610951,PLEKHM1/MAPT
17,45610951,17:45610951:A:G,17,45866389,17:45866389:T:C,0.991385,255438,chr17:45610951-45610951,PLEKHM1/MAPT
17,45610951,17:45610951:A:G,17,45866591,17:45866591:G:C,0.991385,255640,chr17:45610951-45610951,PLEKHM1/MAPT
17,45610951,17:45610951:A:G,17,45866608,17:45866608:C:T,0.991385,255657,chr17:45610951-45610951,PLEKHM1/MAPT
17,45610951,17:45610951:A:G,17,45866792,17:45866792:C:T,0.991385,255841,chr17:45610951-45610951,PLEKHM1/MAPT
17,45610951,17:45610951:A:G,17,45866838,17:45866838:T:C,0.991385,255887,chr17:45610951-45610951,PLEKHM1/MAPT
17,45610951,17:45610951:A:G,17,45867153,17:45867153:C:T,0.991385,256202,chr17:45610951-45610951,PLEKHM1/MAPT
17,45610951,17:45610951:A:G,17,45867740,17:45867740:T:C,0.991385,256789,chr17:45610951-45610951,PLEKHM1/MAPT
17,45610951,17:45610951:A:G,17,45868129,17:45868129:A:G,0.991385,257178,chr17:45610951-45610951,PLEKHM1/MAPT
17,45610951,17:45610951:A:G,17,45868321,17:45868321:C:A,0.991385,257370,chr17:45610951-45610951,PLEKHM1/MAPT
17,45610951,17:45610951:A:G,17,45868489,17:45868489:G:A,0.991385,257538,chr17:45610951-45610951,PLEKHM1/MAPT
17,45610951,17:45610951:A:G,17,45868565,17:45868565:T:C,0.991385,257614,chr17:45610951-45610951,PLEKHM1/MAPT
17,45610951,17:45610951:A:G,17,45868572,17:45868572:C:T,0.991385,257621,chr17:45610951-45610951,PLEKHM1/MAPT
17,45610951,17:45610951:A:G,17,45868746,17:45868746:T:C,0.991385,257795,chr17:45610951-45610951,PLEKHM1/MAPT
17,45610951,17:45610951:A:G,17,45868857,17:45868857:G:A,0.974508,257906,chr17:45610951-45610951,PLEKHM1/MAPT
17,45610951,17:45610951:A:G,17,45868925,17:45868925:A:G,0.86895,257974,chr17:45610951-45610951,PLEKHM1/MAPT
17,45610951,17:45610951:A:G,17,45868952,17:45868952:T:C,0.949617,258001,chr17:45610951-45610951,PLEKHM1/MAPT
17,45610951,17:45610951:A:G,17,45869057,17:45869057:A:C,0.991385,258106,chr17:45610951-45610951,PLEKHM1/MAPT
17,45610951,17:45610951:A:G,17,45869170,17:45869170:C:T,0.991385,258219,chr17:45610951-45610951,PLEKHM1/MAPT
17,45610951,17:45610951:A:G,17,45869276,17:45869276:T:C,0.991385,258325,chr17:45610951-45610951,PLEKHM1/MAPT
17,45610951,17:45610951:A:G,17,45869341,17:45869341:T:C,0.991385,258390,chr17:45610951-45610951,PLEKHM1/MAPT
17,45610951,17:45610951:A:G,17,45869472,17:45869472:C:A,0.991385,258521,chr17:45610951-45610951,PLEKHM1/MAPT
17,45610951,17:45610951:A:G,17,45869509,17:45869509:C:T,0.991385,258558,chr17:45610951-45610951,PLEKHM1/MAPT
17,45610951,17:45610951:A:G,17,45869805,17:45869805:G:A,0.991385,258854,chr17:45610951-45610951,PLEKHM1/MAPT
17,45610951,17:45610951:A:G,17,45869810,17:45869810:AC:A,0.991385,258859,chr17:45610951-45610951,PLEKHM1/MAPT
17,45610951,17:45610951:A:G,17,45870122,17:45870122:A:G,0.991385,259171,chr17:45610951-45610951,PLEKHM1/MAPT
17,45610951,17:45610951:A:G,17,45870500,17:45870500:GT:G,0.974293,259549,chr17:45610951-45610951,PLEKHM1/MAPT
17,45610951,17:45610951:A:G,17,45870502,17:45870502:GTGTGTGTGT:G,0.974293,259551,chr17:45610951-45610951,PLEKHM1/MAPT
17,45610951,17:45610951:A:G,17,45870562,17:45870562:A:G,0.991385,259611,chr17:45610951-45610951,PLEKHM1/MAPT
17,45610951,17:45610951:A:G,17,45870674,17:45870674:C:T,0.991385,259723,chr17:45610951-45610951,PLEKHM1/MAPT
17,45610951,17:45610951:A:G,17,45870793,17:45870793:G:A,0.991385,259842,chr17:45610951-45610951,PLEKHM1/MAPT
17,45610951,17:45610951:A:G,17,45871367,17:45871367:C:T,0.991385,260416,chr17:45610951-45610951,PLEKHM1/MAPT
17,45610951,17:45610951:A:G,17,45871611,17:45871611:G:A,0.991385,260660,chr17:45610951-45610951,PLEKHM1/MAPT
17,45610951,17:45610951:A:G,17,45871642,17:45871642:C:T,0.991385,260691,chr17:45610951-45610951,PLEKHM1/MAPT
17,45610951,17:45610951:A:G,17,45871726,17:45871726:T:G,0.991385,260775,chr17:45610951-45610951,PLEKHM1/MAPT
17,45610951,17:45610951:A:G,17,45871976,17:45871976:G:A,0.932848,261025,chr17:45610951-45610951,PLEKHM1/MAPT
17,45610951,17:45610951:A:G,17,45872082,17:45872082:C:A,0.991385,261131,chr17:45610951-45610951,PLEKHM1/MAPT
17,45610951,17:45610951:A:G,17,45872526,17:45872526:C:T,0.991385,261575,chr17:45610951-45610951,PLEKHM1/MAPT
17,45610951,17:45610951:A:G,17,45872829,17:45872829:T:C,0.991385,261878,chr17:45610951-45610951,PLEKHM1/MAPT
17,45610951,17:45610951:A:G,17,45873028,17:45873028:C:T,0.991385,262077,chr17:45610951-45610951,PLEKHM1/MAPT
17,45610951,17:45610951:A:G,17,45873075,17:45873075:C:A,0.991385,262124,chr17:45610951-45610951,PLEKHM1/MAPT
17,45610951,17:45610951:A:G,17,45873078,17:45873078:CA:C,0.991385,262127,chr17:45610951-45610951,PLEKHM1/MAPT
17,45610951,17:45610951:A:G,17,45873167,17:45873167:A:G,0.991385,262216,chr17:45610951-45610951,PLEKHM1/MAPT
17,45610951,17:45610951:A:G,17,45873256,17:45873256:AC:A,0.991385,262305,chr17:45610951-45610951,PLEKHM1/MAPT
17,45610951,17:45610951:A:G,17,45873263,17:45873263:C:CAA,0.991385,262312,chr17:45610951-45610951,PLEKHM1/MAPT
17,45610951,17:45610951:A:G,17,45873610,17:45873610:G:T,0.991385,262659,chr17:45610951-45610951,PLEKHM1/MAPT
17,45610951,17:45610951:A:G,17,45873754,17:45873754:T:C,0.991385,262803,chr17:45610951-45610951,PLEKHM1/MAPT
17,45610951,17:45610951:A:G,17,45873854,17:45873854:T:G,0.991385,262903,chr17:45610951-45610951,PLEKHM1/MAPT
17,45610951,17:45610951:A:G,17,45873979,17:45873979:C:A,0.991385,263028,chr17:45610951-45610951,PLEKHM1/MAPT
17,45610951,17:45610951:A:G,17,45874233,17:45874233:CAGAT:C,0.991385,263282,chr17:45610951-45610951,PLEKHM1/MAPT
17,45610951,17:45610951:A:G,17,45874351,17:45874351:G:A,0.991385,263400,chr17:45610951-45610951,PLEKHM1/MAPT
17,45610951,17:45610951:A:G,17,45874472,17:45874474:ATTTTTT:A,0.95784,263521,chr17:45610951-45610951,PLEKHM1/MAPT
17,45610951,17:45610951:A:G,17,45874629,17:45874629:C:T,0.991385,263678,chr17:45610951-45610951,PLEKHM1/MAPT
17,45610951,17:45610951:A:G,17,45874825,17:45874825:A:T,0.991385,263874,chr17:45610951-45610951,PLEKHM1/MAPT
17,45610951,17:45610951:A:G,17,45875268,17:45875268:A:T,0.991385,264317,chr17:45610951-45610951,PLEKHM1/MAPT
17,45610951,17:45610951:A:G,17,45875578,17:45875578:T:C,0.991385,264627,chr17:45610951-45610951,PLEKHM1/MAPT
17,45610951,17:45610951:A:G,17,45875650,17:45875650:C:T,0.991385,264699,chr17:45610951-45610951,PLEKHM1/MAPT
17,45610951,17:45610951:A:G,17,45875677,17:45875677:A:C,0.991385,264726,chr17:45610951-45610951,PLEKHM1/MAPT
17,45610951,17:45610951:A:G,17,45875804,17:45875804:C:T,0.991385,264853,chr17:45610951-45610951,PLEKHM1/MAPT
17,45610951,17:45610951:A:G,17,45875813,17:45875813:A:G,0.991385,264862,chr17:45610951-45610951,PLEKHM1/MAPT
17,45610951,17:45610951:A:G,17,45875874,17:45875874:CTATATA:C,0.982863,264923,chr17:45610951-45610951,PLEKHM1/MAPT
17,45610951,17:45610951:A:G,17,45875941,17:45875941:C:T,0.991385,264990,chr17:45610951-45610951,PLEKHM1/MAPT
17,45610951,17:45610951:A:G,17,45876163,17:45876163:A:G,0.991385,265212,chr17:45610951-45610951,PLEKHM1/MAPT
17,45610951,17:45610951:A:G,17,45876329,17:45876329:T:C,0.991385,265378,chr17:45610951-45610951,PLEKHM1/MAPT
17,45610951,17:45610951:A:G,17,45876341,17:45876341:C:T,0.991385,265390,chr17:45610951-45610951,PLEKHM1/MAPT
17,45610951,17:45610951:A:G,17,45876353,17:45876353:G:C,0.991385,265402,chr17:45610951-45610951,PLEKHM1/MAPT
17,45610951,17:45610951:A:G,17,45876448,17:45876448:G:A,0.991385,265497,chr17:45610951-45610951,PLEKHM1/MAPT
17,45610951,17:45610951:A:G,17,45876625,17:45876625:C:G,0.991385,265674,chr17:45610951-45610951,PLEKHM1/MAPT
17,45610951,17:45610951:A:G,17,45876768,17:45876768:G:A,0.991385,265817,chr17:45610951-45610951,PLEKHM1/MAPT
17,45610951,17:45610951:A:G,17,45876861,17:45876861:G:A,0.991385,265910,chr17:45610951-45610951,PLEKHM1/MAPT
17,45610951,17:45610951:A:G,17,45876918,17:45876918:G:A,0.991385,265967,chr17:45610951-45610951,PLEKHM1/MAPT
17,45610951,17:45610951:A:G,17,45877050,17:45877050:A:AC,0.991385,266099,chr17:45610951-45610951,PLEKHM1/MAPT
17,45610951,17:45610951:A:G,17,45877320,17:45877320:G:A,0.991385,266369,chr17:45610951-45610951,PLEKHM1/MAPT
17,45610951,17:45610951:A:G,17,45877616,17:45877616:TTCTCTTCCT:T,0.991385,266665,chr17:45610951-45610951,PLEKHM1/MAPT
17,45610951,17:45610951:A:G,17,45877664,17:45877664:A:G,0.991385,266713,chr17:45610951-45610951,PLEKHM1/MAPT
17,45610951,17:45610951:A:G,17,45877727,17:45877727:T:C,0.991385,266776,chr17:45610951-45610951,PLEKHM1/MAPT
17,45610951,17:45610951:A:G,17,45877999,17:45877999:C:A,0.991385,267048,chr17:45610951-45610951,PLEKHM1/MAPT
17,45610951,17:45610951:A:G,17,45878121,17:45878121:C:T,0.991385,267170,chr17:45610951-45610951,PLEKHM1/MAPT
17,45610951,17:45610951:A:G,17,45878773,17:45878773:A:AAAAAT,0.974432,267822,chr17:45610951-45610951,PLEKHM1/MAPT
17,45610951,17:45610951:A:G,17,45878939,17:45878939:CTT:C,0.991385,267988,chr17:45610951-45610951,PLEKHM1/MAPT
17,45610951,17:45610951:A:G,17,45879004,17:45879004:G:T,0.991385,268053,chr17:45610951-45610951,PLEKHM1/MAPT
17,45610951,17:45610951:A:G,17,45879024,17:45879024:T:C,0.991385,268073,chr17:45610951-45610951,PLEKHM1/MAPT
17,45610951,17:45610951:A:G,17,45879059,17:45879059:C:T,0.991385,268108,chr17:45610951-45610951,PLEKHM1/MAPT
17,45610951,17:45610951:A:G,17,45879139,17:45879139:A:C,0.991385,268188,chr17:45610951-45610951,PLEKHM1/MAPT
17,45610951,17:45610951:A:G,17,45879276,17:45879276:T:C,0.991385,268325,chr17:45610951-45610951,PLEKHM1/MAPT
17,45610951,17:45610951:A:G,17,45879368,17:45879368:C:A,0.991385,268417,chr17:45610951-45610951,PLEKHM1/MAPT
17,45610951,17:45610951:A:G,17,45879412,17:45879412:A:G,0.991385,268461,chr17:45610951-45610951,PLEKHM1/MAPT
17,45610951,17:45610951:A:G,17,45879855,17:45879855:C:T,0.991385,268904,chr17:45610951-45610951,PLEKHM1/MAPT
17,45610951,17:45610951:A:G,17,45879903,17:45879903:T:C,0.991385,268952,chr17:45610951-45610951,PLEKHM1/MAPT
17,45610951,17:45610951:A:G,17,45879962,17:45879962:C:T,0.991385,269011,chr17:45610951-45610951,PLEKHM1/MAPT
17,45610951,17:45610951:A:G,17,45880713,17:45880713:C:T,0.991385,269762,chr17:45610951-45610951,PLEKHM1/MAPT
17,45610951,17:45610951:A:G,17,45880733,17:45880733:T:C,0.991385,269782,chr17:45610951-45610951,PLEKHM1/MAPT
17,45610951,17:45610951:A:G,17,45880773,17:45880773:A:C,0.991385,269822,chr17:45610951-45610951,PLEKHM1/MAPT
17,45610951,17:45610951:A:G,17,45880806,17:45880806:A:G,0.991385,269855,chr17:45610951-45610951,PLEKHM1/MAPT
17,45610951,17:45610951:A:G,17,45880847,17:45880847:A:AAT,0.991385,269896,chr17:45610951-45610951,PLEKHM1/MAPT
17,45610951,17:45610951:A:G,17,45880996,17:45880996:T:G,0.991385,270045,chr17:45610951-45610951,PLEKHM1/MAPT
17,45610951,17:45610951:A:G,17,45881009,17:45881009:CAA:C,0.865804,270058,chr17:45610951-45610951,PLEKHM1/MAPT
17,45610951,17:45610951:A:G,17,45881065,17:45881065:T:C,0.991385,270114,chr17:45610951-45610951,PLEKHM1/MAPT
17,45610951,17:45610951:A:G,17,45881370,17:45881370:G:A,0.991385,270419,chr17:45610951-45610951,PLEKHM1/MAPT
17,45610951,17:45610951:A:G,17,45881378,17:45881378:A:G,0.991385,270427,chr17:45610951-45610951,PLEKHM1/MAPT
17,45610951,17:45610951:A:G,17,45881726,17:45881726:G:T,0.991385,270775,chr17:45610951-45610951,PLEKHM1/MAPT
17,45610951,17:45610951:A:G,17,45881747,17:45881747:A:G,0.991385,270796,chr17:45610951-45610951,PLEKHM1/MAPT
17,45610951,17:45610951:A:G,17,45881895,17:45881895:G:A,0.991385,270944,chr17:45610951-45610951,PLEKHM1/MAPT
17,45610951,17:45610951:A:G,17,45882230,17:45882230:CT:C,0.982751,271279,chr17:45610951-45610951,PLEKHM1/MAPT
17,45610951,17:45610951:A:G,17,45882295,17:45882295:G:A,0.991385,271344,chr17:45610951-45610951,PLEKHM1/MAPT
17,45610951,17:45610951:A:G,17,45882386,17:45882386:A:T,0.991385,271435,chr17:45610951-45610951,PLEKHM1/MAPT
17,45610951,17:45610951:A:G,17,45882552,17:45882552:T:A,0.991385,271601,chr17:45610951-45610951,PLEKHM1/MAPT
17,45610951,17:45610951:A:G,17,45882654,17:45882654:A:G,0.991385,271703,chr17:45610951-45610951,PLEKHM1/MAPT
17,45610951,17:45610951:A:G,17,45882806,17:45882806:C:T,0.991385,271855,chr17:45610951-45610951,PLEKHM1/MAPT
17,45610951,17:45610951:A:G,17,45882917,17:45882917:A:G,0.991385,271966,chr17:45610951-45610951,PLEKHM1/MAPT
17,45610951,17:45610951:A:G,17,45882957,17:45882957:A:G,0.991385,272006,chr17:45610951-45610951,PLEKHM1/MAPT
17,45610951,17:45610951:A:G,17,45882959,17:45882959:T:C,0.991385,272008,chr17:45610951-45610951,PLEKHM1/MAPT
17,45610951,17:45610951:A:G,17,45882975,17:45882975:G:A,0.991385,272024,chr17:45610951-45610951,PLEKHM1/MAPT
17,45610951,17:45610951:A:G,17,45883234,17:45883234:T:C,0.991385,272283,chr17:45610951-45610951,PLEKHM1/MAPT
17,45610951,17:45610951:A:G,17,45883446,17:45883446:A:T,0.991385,272495,chr17:45610951-45610951,PLEKHM1/MAPT
17,45610951,17:45610951:A:G,17,45883545,17:45883545:A:G,0.991385,272594,chr17:45610951-45610951,PLEKHM1/MAPT
17,45610951,17:45610951:A:G,17,45883552,17:45883552:T:C,0.991385,272601,chr17:45610951-45610951,PLEKHM1/MAPT
17,45610951,17:45610951:A:G,17,45883631,17:45883631:T:C,0.991385,272680,chr17:45610951-45610951,PLEKHM1/MAPT
17,45610951,17:45610951:A:G,17,45883678,17:45883678:A:G,0.991385,272727,chr17:45610951-45610951,PLEKHM1/MAPT
17,45610951,17:45610951:A:G,17,45883776,17:45883776:T:C,0.991385,272825,chr17:45610951-45610951,PLEKHM1/MAPT
17,45610951,17:45610951:A:G,17,45883926,17:45883926:G:T,0.991385,272975,chr17:45610951-45610951,PLEKHM1/MAPT
17,45610951,17:45610951:A:G,17,45884317,17:45884317:CCTTTT:C,0.991385,273366,chr17:45610951-45610951,PLEKHM1/MAPT
17,45610951,17:45610951:A:G,17,45884353,17:45884353:C:T,0.991385,273402,chr17:45610951-45610951,PLEKHM1/MAPT
17,45610951,17:45610951:A:G,17,45884357,17:45884357:T:TTTC,0.991385,273406,chr17:45610951-45610951,PLEKHM1/MAPT
17,45610951,17:45610951:A:G,17,45884651,17:45884651:G:C,0.991385,273700,chr17:45610951-45610951,PLEKHM1/MAPT
17,45610951,17:45610951:A:G,17,45885616,17:45885616:G:A,0.991385,274665,chr17:45610951-45610951,PLEKHM1/MAPT
17,45610951,17:45610951:A:G,17,45885680,17:45885680:G:A,0.991385,274729,chr17:45610951-45610951,PLEKHM1/MAPT
17,45610951,17:45610951:A:G,17,45885754,17:45885754:C:T,0.991385,274803,chr17:45610951-45610951,PLEKHM1/MAPT
17,45610951,17:45610951:A:G,17,45885916,17:45885916:C:G,0.991385,274965,chr17:45610951-45610951,PLEKHM1/MAPT
17,45610951,17:45610951:A:G,17,45886050,17:45886050:C:G,0.991385,275099,chr17:45610951-45610951,PLEKHM1/MAPT
17,45610951,17:45610951:A:G,17,45886478,17:45886478:C:T,0.991385,275527,chr17:45610951-45610951,PLEKHM1/MAPT
17,45610951,17:45610951:A:G,17,45886577,17:45886577:C:A,0.991385,275626,chr17:45610951-45610951,PLEKHM1/MAPT
17,45610951,17:45610951:A:G,17,45886797,17:45886797:G:A,0.991385,275846,chr17:45610951-45610951,PLEKHM1/MAPT
17,45610951,17:45610951:A:G,17,45886825,17:45886825:C:A,0.991385,275874,chr17:45610951-45610951,PLEKHM1/MAPT
17,45610951,17:45610951:A:G,17,45886917,17:45886917:G:C,0.991385,275966,chr17:45610951-45610951,PLEKHM1/MAPT
17,45610951,17:45610951:A:G,17,45887173,17:45887173:A:G,0.974508,276222,chr17:45610951-45610951,PLEKHM1/MAPT
17,45610951,17:45610951:A:G,17,45887195,17:45887195:C:T,0.991385,276244,chr17:45610951-45610951,PLEKHM1/MAPT
17,45610951,17:45610951:A:G,17,45887201,17:45887201:A:C,0.991385,276250,chr17:45610951-45610951,PLEKHM1/MAPT
17,45610951,17:45610951:A:G,17,45887389,17:45887389:C:T,0.991385,276438,chr17:45610951-45610951,PLEKHM1/MAPT
17,45610951,17:45610951:A:G,17,45887533,17:45887533:A:G,0.991385,276582,chr17:45610951-45610951,PLEKHM1/MAPT
17,45610951,17:45610951:A:G,17,45887697,17:45887697:T:C,0.991385,276746,chr17:45610951-45610951,PLEKHM1/MAPT
17,45610951,17:45610951:A:G,17,45887763,17:45887763:AT:A,0.982794,276812,chr17:45610951-45610951,PLEKHM1/MAPT
17,45610951,17:45610951:A:G,17,45888063,17:45888063:TC:T,0.991385,277112,chr17:45610951-45610951,PLEKHM1/MAPT
17,45610951,17:45610951:A:G,17,45888229,17:45888229:G:C,0.991385,277278,chr17:45610951-45610951,PLEKHM1/MAPT
17,45610951,17:45610951:A:G,17,45888314,17:45888314:G:A,0.991385,277363,chr17:45610951-45610951,PLEKHM1/MAPT
17,45610951,17:45610951:A:G,17,45888321,17:45888321:C:G,0.991385,277370,chr17:45610951-45610951,PLEKHM1/MAPT
17,45610951,17:45610951:A:G,17,45888589,17:45888589:A:G,0.991385,277638,chr17:45610951-45610951,PLEKHM1/MAPT
17,45610951,17:45610951:A:G,17,45888812,17:45888812:C:A,0.991385,277861,chr17:45610951-45610951,PLEKHM1/MAPT
17,45610951,17:45610951:A:G,17,45888894,17:45888894:A:G,0.991385,277943,chr17:45610951-45610951,PLEKHM1/MAPT
17,45610951,17:45610951:A:G,17,45888916,17:45888916:G:T,0.991385,277965,chr17:45610951-45610951,PLEKHM1/MAPT
17,45610951,17:45610951:A:G,17,45889242,17:45889242:A:T,0.991385,278291,chr17:45610951-45610951,PLEKHM1/MAPT
17,45610951,17:45610951:A:G,17,45889383,17:45889383:T:C,0.991385,278432,chr17:45610951-45610951,PLEKHM1/MAPT
17,45610951,17:45610951:A:G,17,45889429,17:45889429:C:A,0.991385,278478,chr17:45610951-45610951,PLEKHM1/MAPT
17,45610951,17:45610951:A:G,17,45889544,17:45889544:A:AAGG,0.991385,278593,chr17:45610951-45610951,PLEKHM1/MAPT
17,45610951,17:45610951:A:G,17,45889589,17:45889589:A:G,0.991385,278638,chr17:45610951-45610951,PLEKHM1/MAPT
17,45610951,17:45610951:A:G,17,45889772,17:45889772:T:G,0.991385,278821,chr17:45610951-45610951,PLEKHM1/MAPT
17,45610951,17:45610951:A:G,17,45890196,17:45890196:T:C,0.991385,279245,chr17:45610951-45610951,PLEKHM1/MAPT
17,45610951,17:45610951:A:G,17,45890853,17:45890853:A:G,0.991385,279902,chr17:45610951-45610951,PLEKHM1/MAPT
17,45610951,17:45610951:A:G,17,45891097,17:45891097:C:G,0.991385,280146,chr17:45610951-45610951,PLEKHM1/MAPT
17,45610951,17:45610951:A:G,17,45891206,17:45891206:G:A,0.991385,280255,chr17:45610951-45610951,PLEKHM1/MAPT
17,45610951,17:45610951:A:G,17,45891352,17:45891352:T:TACACACAC,0.957435,280401,chr17:45610951-45610951,PLEKHM1/MAPT
17,45610951,17:45610951:A:G,17,45891459,17:45891459:C:CTTT,0.974293,280508,chr17:45610951-45610951,PLEKHM1/MAPT
17,45610951,17:45610951:A:G,17,45891508,17:45891508:A:G,0.991385,280557,chr17:45610951-45610951,PLEKHM1/MAPT
17,45610951,17:45610951:A:G,17,45891571,17:45891571:T:C,0.991385,280620,chr17:45610951-45610951,PLEKHM1/MAPT
17,45610951,17:45610951:A:G,17,45891628,17:45891628:T:C,0.991385,280677,chr17:45610951-45610951,PLEKHM1/MAPT
17,45610951,17:45610951:A:G,17,45891653,17:45891653:T:C,0.991385,280702,chr17:45610951-45610951,PLEKHM1/MAPT
17,45610951,17:45610951:A:G,17,45891770,17:45891770:C:T,0.991385,280819,chr17:45610951-45610951,PLEKHM1/MAPT
17,45610951,17:45610951:A:G,17,45891802,17:45891802:T:A,0.991385,280851,chr17:45610951-45610951,PLEKHM1/MAPT
17,45610951,17:45610951:A:G,17,45891892,17:45891892:G:GC,0.991385,280941,chr17:45610951-45610951,PLEKHM1/MAPT
17,45610951,17:45610951:A:G,17,45892320,17:45892320:T:A,0.991385,281369,chr17:45610951-45610951,PLEKHM1/MAPT
17,45610951,17:45610951:A:G,17,45892413,17:45892413:G:T,0.991385,281462,chr17:45610951-45610951,PLEKHM1/MAPT
17,45610951,17:45610951:A:G,17,45892467,17:45892467:A:G,0.991385,281516,chr17:45610951-45610951,PLEKHM1/MAPT
17,45610951,17:45610951:A:G,17,45892535,17:45892535:G:A,0.991385,281584,chr17:45610951-45610951,PLEKHM1/MAPT
17,45610951,17:45610951:A:G,17,45892586,17:45892586:T:C,0.991385,281635,chr17:45610951-45610951,PLEKHM1/MAPT
17,45610951,17:45610951:A:G,17,45892629,17:45892629:C:T,0.991385,281678,chr17:45610951-45610951,PLEKHM1/MAPT
17,45610951,17:45610951:A:G,17,45892646,17:45892646:C:CAG,0.991385,281695,chr17:45610951-45610951,PLEKHM1/MAPT
17,45610951,17:45610951:A:G,17,45892742,17:45892742:C:A,0.991385,281791,chr17:45610951-45610951,PLEKHM1/MAPT
17,45610951,17:45610951:A:G,17,45892788,17:45892788:T:C,0.991385,281837,chr17:45610951-45610951,PLEKHM1/MAPT
17,45610951,17:45610951:A:G,17,45892937,17:45892937:G:A,0.991385,281986,chr17:45610951-45610951,PLEKHM1/MAPT
17,45610951,17:45610951:A:G,17,45893026,17:45893027:T:TAAAA,0.974432,282075,chr17:45610951-45610951,PLEKHM1/MAPT
17,45610951,17:45610951:A:G,17,45893296,17:45893296:G:T,0.991385,282345,chr17:45610951-45610951,PLEKHM1/MAPT
17,45610951,17:45610951:A:G,17,45893840,17:45893840:CTAATT:C,0.991385,282889,chr17:45610951-45610951,PLEKHM1/MAPT
17,45610951,17:45610951:A:G,17,45893872,17:45893872:T:TTAGATACAT,0.991385,282921,chr17:45610951-45610951,PLEKHM1/MAPT
17,45610951,17:45610951:A:G,17,45894091,17:45894091:G:C,0.991385,283140,chr17:45610951-45610951,PLEKHM1/MAPT
17,45610951,17:45610951:A:G,17,45894115,17:45894115:T:C,0.991385,283164,chr17:45610951-45610951,PLEKHM1/MAPT
17,45610951,17:45610951:A:G,17,45894238,17:45894238:C:G,0.991385,283287,chr17:45610951-45610951,PLEKHM1/MAPT
17,45610951,17:45610951:A:G,17,45894419,17:45894419:A:G,0.991385,283468,chr17:45610951-45610951,PLEKHM1/MAPT
17,45610951,17:45610951:A:G,17,45894571,17:45894571:C:A,0.991385,283620,chr17:45610951-45610951,PLEKHM1/MAPT
17,45610951,17:45610951:A:G,17,45894659,17:45894659:TC:T,0.991385,283708,chr17:45610951-45610951,PLEKHM1/MAPT
17,45610951,17:45610951:A:G,17,45894776,17:45894776:G:A,0.991385,283825,chr17:45610951-45610951,PLEKHM1/MAPT
17,45610951,17:45610951:A:G,17,45895215,17:45895215:C:T,0.991385,284264,chr17:45610951-45610951,PLEKHM1/MAPT
17,45610951,17:45610951:A:G,17,45895714,17:45895714:A:G,0.991385,284763,chr17:45610951-45610951,PLEKHM1/MAPT
17,45610951,17:45610951:A:G,17,45895755,17:45895755:G:C,0.974304,284804,chr17:45610951-45610951,PLEKHM1/MAPT
17,45610951,17:45610951:A:G,17,45895867,17:45895867:C:T,0.991385,284916,chr17:45610951-45610951,PLEKHM1/MAPT
17,45610951,17:45610951:A:G,17,45896042,17:45896042:C:T,0.991385,285091,chr17:45610951-45610951,PLEKHM1/MAPT
17,45610951,17:45610951:A:G,17,45896047,17:45896047:A:G,0.991385,285096,chr17:45610951-45610951,PLEKHM1/MAPT
17,45610951,17:45610951:A:G,17,45896286,17:45896286:C:T,0.991385,285335,chr17:45610951-45610951,PLEKHM1/MAPT
17,45610951,17:45610951:A:G,17,45896533,17:45896533:T:C,0.991385,285582,chr17:45610951-45610951,PLEKHM1/MAPT
17,45610951,17:45610951:A:G,17,45896699,17:45896699:C:A,0.991385,285748,chr17:45610951-45610951,PLEKHM1/MAPT
17,45610951,17:45610951:A:G,17,45896864,17:45896864:C:T,0.991385,285913,chr17:45610951-45610951,PLEKHM1/MAPT
17,45610951,17:45610951:A:G,17,45896977,17:45896977:TCGC:T,0.991385,286026,chr17:45610951-45610951,PLEKHM1/MAPT
17,45610951,17:45610951:A:G,17,45896988,17:45896988:G:A,0.991385,286037,chr17:45610951-45610951,PLEKHM1/MAPT
17,45610951,17:45610951:A:G,17,45897110,17:45897110:G:T,0.991385,286159,chr17:45610951-45610951,PLEKHM1/MAPT
17,45610951,17:45610951:A:G,17,45897111,17:45897111:A:T,0.991385,286160,chr17:45610951-45610951,PLEKHM1/MAPT
17,45610951,17:45610951:A:G,17,45897183,17:45897183:G:C,0.991385,286232,chr17:45610951-45610951,PLEKHM1/MAPT
17,45610951,17:45610951:A:G,17,45897523,17:45897523:C:G,0.991385,286572,chr17:45610951-45610951,PLEKHM1/MAPT
17,45610951,17:45610951:A:G,17,45897897,17:45897897:T:C,0.991385,286946,chr17:45610951-45610951,PLEKHM1/MAPT
17,45610951,17:45610951:A:G,17,45897919,17:45897919:T:C,0.991385,286968,chr17:45610951-45610951,PLEKHM1/MAPT
17,45610951,17:45610951:A:G,17,45897994,17:45897994:ATTACTGTAT:A,0.991385,287043,chr17:45610951-45610951,PLEKHM1/MAPT
17,45610951,17:45610951:A:G,17,45898049,17:45898049:A:C,0.991385,287098,chr17:45610951-45610951,PLEKHM1/MAPT
17,45610951,17:45610951:A:G,17,45898051,17:45898051:G:A,0.991385,287100,chr17:45610951-45610951,PLEKHM1/MAPT
17,45610951,17:45610951:A:G,17,45898698,17:45898698:T:C,0.991385,287747,chr17:45610951-45610951,PLEKHM1/MAPT
17,45610951,17:45610951:A:G,17,45899261,17:45899261:G:T,0.991385,288310,chr17:45610951-45610951,PLEKHM1/MAPT
17,45610951,17:45610951:A:G,17,45899278,17:45899278:G:A,0.991385,288327,chr17:45610951-45610951,PLEKHM1/MAPT
17,45610951,17:45610951:A:G,17,45899652,17:45899652:A:G,0.991385,288701,chr17:45610951-45610951,PLEKHM1/MAPT
17,45610951,17:45610951:A:G,17,45899683,17:45899683:A:G,0.991385,288732,chr17:45610951-45610951,PLEKHM1/MAPT
17,45610951,17:45610951:A:G,17,45900336,17:45900336:C:T,0.991385,289385,chr17:45610951-45610951,PLEKHM1/MAPT
17,45610951,17:45610951:A:G,17,45900382,17:45900382:G:GGCTGGCCCA,0.991385,289431,chr17:45610951-45610951,PLEKHM1/MAPT
17,45610951,17:45610951:A:G,17,45900461,17:45900461:C:T,0.991385,289510,chr17:45610951-45610951,PLEKHM1/MAPT
17,45610951,17:45610951:A:G,17,45900675,17:45900675:C:T,0.991385,289724,chr17:45610951-45610951,PLEKHM1/MAPT
17,45610951,17:45610951:A:G,17,45900754,17:45900754:A:G,0.991385,289803,chr17:45610951-45610951,PLEKHM1/MAPT
17,45610951,17:45610951:A:G,17,45900929,17:45900929:G:C,0.991385,289978,chr17:45610951-45610951,PLEKHM1/MAPT
17,45610951,17:45610951:A:G,17,45900940,17:45900940:G:A,0.991385,289989,chr17:45610951-45610951,PLEKHM1/MAPT
17,45610951,17:45610951:A:G,17,45900942,17:45900942:T:C,0.991385,289991,chr17:45610951-45610951,PLEKHM1/MAPT
17,45610951,17:45610951:A:G,17,45900954,17:45900954:G:A,0.991385,290003,chr17:45610951-45610951,PLEKHM1/MAPT
17,45610951,17:45610951:A:G,17,45901168,17:45901168:G:A,0.991385,290217,chr17:45610951-45610951,PLEKHM1/MAPT
17,45610951,17:45610951:A:G,17,45901238,17:45901238:A:G,0.991385,290287,chr17:45610951-45610951,PLEKHM1/MAPT
17,45610951,17:45610951:A:G,17,45901259,17:45901259:T:C,0.991385,290308,chr17:45610951-45610951,PLEKHM1/MAPT
17,45610951,17:45610951:A:G,17,45901568,17:45901568:T:G,0.991385,290617,chr17:45610951-45610951,PLEKHM1/MAPT
17,45610951,17:45610951:A:G,17,45902102,17:45902102:T:A,0.991385,291151,chr17:45610951-45610951,PLEKHM1/MAPT
17,45610951,17:45610951:A:G,17,45902138,17:45902138:G:A,0.991385,291187,chr17:45610951-45610951,PLEKHM1/MAPT
17,45610951,17:45610951:A:G,17,45902256,17:45902256:G:A,0.991385,291305,chr17:45610951-45610951,PLEKHM1/MAPT
17,45610951,17:45610951:A:G,17,45902456,17:45902456:A:T,0.991385,291505,chr17:45610951-45610951,PLEKHM1/MAPT
17,45610951,17:45610951:A:G,17,45902605,17:45902605:C:T,0.991385,291654,chr17:45610951-45610951,PLEKHM1/MAPT
17,45610951,17:45610951:A:G,17,45903164,17:45903164:A:C,0.982863,292213,chr17:45610951-45610951,PLEKHM1/MAPT
17,45610951,17:45610951:A:G,17,45903396,17:45903396:A:G,0.991385,292445,chr17:45610951-45610951,PLEKHM1/MAPT
17,45610951,17:45610951:A:G,17,45903632,17:45903632:G:A,0.991385,292681,chr17:45610951-45610951,PLEKHM1/MAPT
17,45610951,17:45610951:A:G,17,45904429,17:45904429:G:A,0.974432,293478,chr17:45610951-45610951,PLEKHM1/MAPT
17,45610951,17:45610951:A:G,17,45904465,17:45904465:A:T,0.974432,293514,chr17:45610951-45610951,PLEKHM1/MAPT
17,45610951,17:45610951:A:G,17,45904592,17:45904592:C:T,0.991385,293641,chr17:45610951-45610951,PLEKHM1/MAPT
17,45610951,17:45610951:A:G,17,45904696,17:45904697:CTT:C,0.991385,293745,chr17:45610951-45610951,PLEKHM1/MAPT
17,45610951,17:45610951:A:G,17,45904703,17:45904703:T:G,0.991385,293752,chr17:45610951-45610951,PLEKHM1/MAPT
17,45610951,17:45610951:A:G,17,45904793,17:45904793:A:G,0.991385,293842,chr17:45610951-45610951,PLEKHM1/MAPT
17,45610951,17:45610951:A:G,17,45904920,17:45904920:C:T,0.991385,293969,chr17:45610951-45610951,PLEKHM1/MAPT
17,45610951,17:45610951:A:G,17,45905537,17:45905537:A:G,0.991385,294586,chr17:45610951-45610951,PLEKHM1/MAPT
17,45610951,17:45610951:A:G,17,45905595,17:45905595:T:C,0.991385,294644,chr17:45610951-45610951,PLEKHM1/MAPT
17,45610951,17:45610951:A:G,17,45905793,17:45905793:T:C,0.991385,294842,chr17:45610951-45610951,PLEKHM1/MAPT
17,45610951,17:45610951:A:G,17,45905997,17:45905997:G:A,0.991385,295046,chr17:45610951-45610951,PLEKHM1/MAPT
17,45610951,17:45610951:A:G,17,45906435,17:45906435:A:G,0.991385,295484,chr17:45610951-45610951,PLEKHM1/MAPT
17,45610951,17:45610951:A:G,17,45906887,17:45906887:G:C,0.991385,295936,chr17:45610951-45610951,PLEKHM1/MAPT
17,45610951,17:45610951:A:G,17,45907033,17:45907033:C:T,0.991385,296082,chr17:45610951-45610951,PLEKHM1/MAPT
17,45610951,17:45610951:A:G,17,45907280,17:45907280:T:C,0.991385,296329,chr17:45610951-45610951,PLEKHM1/MAPT
17,45610951,17:45610951:A:G,17,45907303,17:45907303:A:G,0.982863,296352,chr17:45610951-45610951,PLEKHM1/MAPT
17,45610951,17:45610951:A:G,17,45907306,17:45907306:T:C,0.991385,296355,chr17:45610951-45610951,PLEKHM1/MAPT
17,45610951,17:45610951:A:G,17,45907498,17:45907498:C:T,0.991385,296547,chr17:45610951-45610951,PLEKHM1/MAPT
17,45610951,17:45610951:A:G,17,45907881,17:45907881:C:T,0.991385,296930,chr17:45610951-45610951,PLEKHM1/MAPT
17,45610951,17:45610951:A:G,17,45908231,17:45908231:C:T,0.991385,297280,chr17:45610951-45610951,PLEKHM1/MAPT
17,45610951,17:45610951:A:G,17,45908296,17:45908296:T:C,0.991385,297345,chr17:45610951-45610951,PLEKHM1/MAPT
17,45610951,17:45610951:A:G,17,45909030,17:45909030:C:T,0.991385,298079,chr17:45610951-45610951,PLEKHM1/MAPT
17,45610951,17:45610951:A:G,17,45909054,17:45909054:A:G,0.991385,298103,chr17:45610951-45610951,PLEKHM1/MAPT
17,45610951,17:45610951:A:G,17,45909066,17:45909066:G:A,0.991385,298115,chr17:45610951-45610951,PLEKHM1/MAPT
17,45610951,17:45610951:A:G,17,45909096,17:45909096:A:G,0.991385,298145,chr17:45610951-45610951,PLEKHM1/MAPT
17,45610951,17:45610951:A:G,17,45909626,17:45909626:G:C,0.991385,298675,chr17:45610951-45610951,PLEKHM1/MAPT
17,45610951,17:45610951:A:G,17,45909788,17:45909788:G:A,0.991385,298837,chr17:45610951-45610951,PLEKHM1/MAPT
17,45610951,17:45610951:A:G,17,45909818,17:45909818:T:C,0.991385,298867,chr17:45610951-45610951,PLEKHM1/MAPT
17,45610951,17:45610951:A:G,17,45910357,17:45910357:G:A,0.991385,299406,chr17:45610951-45610951,PLEKHM1/MAPT
17,45610951,17:45610951:A:G,17,45910435,17:45910435:T:C,0.991385,299484,chr17:45610951-45610951,PLEKHM1/MAPT
17,45610951,17:45610951:A:G,17,45910666,17:45910666:TAAAA:T,0.869641,299715,chr17:45610951-45610951,PLEKHM1/MAPT
17,45610951,17:45610951:A:G,17,45910839,17:45910839:A:G,0.991385,299888,chr17:45610951-45610951,PLEKHM1/MAPT
17,45610951,17:45610951:A:G,17,45911257,17:45911257:G:A,0.991385,300306,chr17:45610951-45610951,PLEKHM1/MAPT
17,45610951,17:45610951:A:G,17,45911518,17:45911518:T:C,0.991385,300567,chr17:45610951-45610951,PLEKHM1/MAPT
17,45610951,17:45610951:A:G,17,45911721,17:45911721:A:G,0.991385,300770,chr17:45610951-45610951,PLEKHM1/MAPT
17,45610951,17:45610951:A:G,17,45911763,17:45911763:CA:C,0.991385,300812,chr17:45610951-45610951,PLEKHM1/MAPT
17,45610951,17:45610951:A:G,17,45911784,17:45911784:A:AC,0.991385,300833,chr17:45610951-45610951,PLEKHM1/MAPT
17,45610951,17:45610951:A:G,17,45911785,17:45911785:A:AAC,0.991385,300834,chr17:45610951-45610951,PLEKHM1/MAPT
17,45610951,17:45610951:A:G,17,45911793,17:45911793:G:GC,0.991385,300842,chr17:45610951-45610951,PLEKHM1/MAPT
17,45610951,17:45610951:A:G,17,45911855,17:45911855:T:C,0.991385,300904,chr17:45610951-45610951,PLEKHM1/MAPT
17,45610951,17:45610951:A:G,17,45912143,17:45912143:TA:T,0.991385,301192,chr17:45610951-45610951,PLEKHM1/MAPT
17,45610951,17:45610951:A:G,17,45912323,17:45912323:T:C,0.991385,301372,chr17:45610951-45610951,PLEKHM1/MAPT
17,45610951,17:45610951:A:G,17,45912532,17:45912532:T:G,0.991385,301581,chr17:45610951-45610951,PLEKHM1/MAPT
17,45610951,17:45610951:A:G,17,45912543,17:45912543:A:G,0.991385,301592,chr17:45610951-45610951,PLEKHM1/MAPT
17,45610951,17:45610951:A:G,17,45912675,17:45912675:A:C,0.991385,301724,chr17:45610951-45610951,PLEKHM1/MAPT
17,45610951,17:45610951:A:G,17,45912706,17:45912706:A:G,0.991385,301755,chr17:45610951-45610951,PLEKHM1/MAPT
17,45610951,17:45610951:A:G,17,45913296,17:45913296:G:A,0.991385,302345,chr17:45610951-45610951,PLEKHM1/MAPT
17,45610951,17:45610951:A:G,17,45913553,17:45913553:A:G,0.991385,302602,chr17:45610951-45610951,PLEKHM1/MAPT
17,45610951,17:45610951:A:G,17,45913886,17:45913886:AC:A,0.991385,302935,chr17:45610951-45610951,PLEKHM1/MAPT
17,45610951,17:45610951:A:G,17,45913906,17:45913906:A:G,0.991385,302955,chr17:45610951-45610951,PLEKHM1/MAPT
17,45610951,17:45610951:A:G,17,45914102,17:45914102:T:TA,0.991385,303151,chr17:45610951-45610951,PLEKHM1/MAPT
17,45610951,17:45610951:A:G,17,45914149,17:45914149:T:G,0.991385,303198,chr17:45610951-45610951,PLEKHM1/MAPT
17,45610951,17:45610951:A:G,17,45914205,17:45914205:G:GAGGGTGTGG,0.924773,303254,chr17:45610951-45610951,PLEKHM1/MAPT
17,45610951,17:45610951:A:G,17,45914415,17:45914415:G:T,0.991385,303464,chr17:45610951-45610951,PLEKHM1/MAPT
17,45610951,17:45610951:A:G,17,45914522,17:45914522:G:A,0.991385,303571,chr17:45610951-45610951,PLEKHM1/MAPT
17,45610951,17:45610951:A:G,17,45914723,17:45914723:CT:C,0.974508,303772,chr17:45610951-45610951,PLEKHM1/MAPT
17,45610951,17:45610951:A:G,17,45914867,17:45914867:C:T,0.991385,303916,chr17:45610951-45610951,PLEKHM1/MAPT
17,45610951,17:45610951:A:G,17,45914878,17:45914878:G:A,0.991385,303927,chr17:45610951-45610951,PLEKHM1/MAPT
17,45610951,17:45610951:A:G,17,45914917,17:45914917:A:G,0.991385,303966,chr17:45610951-45610951,PLEKHM1/MAPT
17,45610951,17:45610951:A:G,17,45914939,17:45914939:G:A,0.991385,303988,chr17:45610951-45610951,PLEKHM1/MAPT
17,45610951,17:45610951:A:G,17,45915090,17:45915090:G:A,0.991385,304139,chr17:45610951-45610951,PLEKHM1/MAPT
17,45610951,17:45610951:A:G,17,45915097,17:45915097:G:C,0.991385,304146,chr17:45610951-45610951,PLEKHM1/MAPT
17,45610951,17:45610951:A:G,17,45915215,17:45915215:C:T,0.991385,304264,chr17:45610951-45610951,PLEKHM1/MAPT
17,45610951,17:45610951:A:G,17,45915440,17:45915440:A:G,0.991385,304489,chr17:45610951-45610951,PLEKHM1/MAPT
17,45610951,17:45610951:A:G,17,45915480,17:45915480:T:TTGTGATATG,0.941065,304529,chr17:45610951-45610951,PLEKHM1/MAPT
17,45610951,17:45610951:A:G,17,45915573,17:45915573:T:C,0.991385,304622,chr17:45610951-45610951,PLEKHM1/MAPT
17,45610951,17:45610951:A:G,17,45916886,17:45916886:T:C,0.991385,305935,chr17:45610951-45610951,PLEKHM1/MAPT
17,45610951,17:45610951:A:G,17,45916992,17:45916992:C:T,0.991385,306041,chr17:45610951-45610951,PLEKHM1/MAPT
17,45610951,17:45610951:A:G,17,45917020,17:45917020:C:A,0.991385,306069,chr17:45610951-45610951,PLEKHM1/MAPT
17,45610951,17:45610951:A:G,17,45917069,17:45917069:A:G,0.991385,306118,chr17:45610951-45610951,PLEKHM1/MAPT
17,45610951,17:45610951:A:G,17,45917142,17:45917142:GAGA:G,0.991385,306191,chr17:45610951-45610951,PLEKHM1/MAPT
17,45610951,17:45610951:A:G,17,45917257,17:45917257:G:A,0.991385,306306,chr17:45610951-45610951,PLEKHM1/MAPT
17,45610951,17:45610951:A:G,17,45917282,17:45917282:C:T,0.991385,306331,chr17:45610951-45610951,PLEKHM1/MAPT
17,45610951,17:45610951:A:G,17,45917586,17:45917586:A:G,0.991385,306635,chr17:45610951-45610951,PLEKHM1/MAPT
17,45610951,17:45610951:A:G,17,45917732,17:45917732:G:A,0.991385,306781,chr17:45610951-45610951,PLEKHM1/MAPT
17,45610951,17:45610951:A:G,17,45917773,17:45917773:TTTTTTTTTT:T,0.991385,306822,chr17:45610951-45610951,PLEKHM1/MAPT
17,45610951,17:45610951:A:G,17,45918624,17:45918624:A:G,0.991385,307673,chr17:45610951-45610951,PLEKHM1/MAPT
17,45610951,17:45610951:A:G,17,45919064,17:45919064:TA:T,0.991385,308113,chr17:45610951-45610951,PLEKHM1/MAPT
17,45610951,17:45610951:A:G,17,45919350,17:45919350:GC:G,0.982751,308399,chr17:45610951-45610951,PLEKHM1/MAPT
17,45610951,17:45610951:A:G,17,45919355,17:45919355:C:G,0.991385,308404,chr17:45610951-45610951,PLEKHM1/MAPT
17,45610951,17:45610951:A:G,17,45919542,17:45919542:T:G,0.991385,308591,chr17:45610951-45610951,PLEKHM1/MAPT
17,45610951,17:45610951:A:G,17,45919594,17:45919594:A:G,0.991385,308643,chr17:45610951-45610951,PLEKHM1/MAPT
17,45610951,17:45610951:A:G,17,45920006,17:45920006:T:C,0.991385,309055,chr17:45610951-45610951,PLEKHM1/MAPT
17,45610951,17:45610951:A:G,17,45920133,17:45920133:A:T,0.991385,309182,chr17:45610951-45610951,PLEKHM1/MAPT
17,45610951,17:45610951:A:G,17,45920154,17:45920154:C:T,0.991385,309203,chr17:45610951-45610951,PLEKHM1/MAPT
17,45610951,17:45610951:A:G,17,45920535,17:45920535:G:C,0.991385,309584,chr17:45610951-45610951,PLEKHM1/MAPT
17,45610951,17:45610951:A:G,17,45920785,17:45920785:C:T,0.991385,309834,chr17:45610951-45610951,PLEKHM1/MAPT
17,45610951,17:45610951:A:G,17,45920962,17:45920962:C:T,0.991385,310011,chr17:45610951-45610951,PLEKHM1/MAPT
17,45610951,17:45610951:A:G,17,45921208,17:45921208:T:G,0.991385,310257,chr17:45610951-45610951,PLEKHM1/MAPT
17,45610951,17:45610951:A:G,17,45921401,17:45921401:T:C,0.991385,310450,chr17:45610951-45610951,PLEKHM1/MAPT
17,45610951,17:45610951:A:G,17,45921456,17:45921456:A:G,0.991385,310505,chr17:45610951-45610951,PLEKHM1/MAPT
17,45610951,17:45610951:A:G,17,45921544,17:45921544:C:T,0.991385,310593,chr17:45610951-45610951,PLEKHM1/MAPT
17,45610951,17:45610951:A:G,17,45921734,17:45921734:G:C,0.991385,310783,chr17:45610951-45610951,PLEKHM1/MAPT
17,45610951,17:45610951:A:G,17,45922040,17:45922040:A:G,0.991385,311089,chr17:45610951-45610951,PLEKHM1/MAPT
17,45610951,17:45610951:A:G,17,45922163,17:45922163:G:C,0.991385,311212,chr17:45610951-45610951,PLEKHM1/MAPT
17,45610951,17:45610951:A:G,17,45922419,17:45922419:C:G,0.991385,311468,chr17:45610951-45610951,PLEKHM1/MAPT
17,45610951,17:45610951:A:G,17,45922427,17:45922427:G:A,0.991385,311476,chr17:45610951-45610951,PLEKHM1/MAPT
17,45610951,17:45610951:A:G,17,45922486,17:45922487:AACACACACA:A,0.991385,311535,chr17:45610951-45610951,PLEKHM1/MAPT
17,45610951,17:45610951:A:G,17,45922836,17:45922836:G:A,0.991385,311885,chr17:45610951-45610951,PLEKHM1/MAPT
17,45610951,17:45610951:A:G,17,45922868,17:45922868:A:T,0.991385,311917,chr17:45610951-45610951,PLEKHM1/MAPT
17,45610951,17:45610951:A:G,17,45923139,17:45923139:C:T,0.991385,312188,chr17:45610951-45610951,PLEKHM1/MAPT
17,45610951,17:45610951:A:G,17,45923244,17:45923244:G:A,0.991385,312293,chr17:45610951-45610951,PLEKHM1/MAPT
17,45610951,17:45610951:A:G,17,45923548,17:45923548:T:C,0.991385,312597,chr17:45610951-45610951,PLEKHM1/MAPT
17,45610951,17:45610951:A:G,17,45923862,17:45923862:G:A,0.991385,312911,chr17:45610951-45610951,PLEKHM1/MAPT
17,45610951,17:45610951:A:G,17,45924013,17:45924013:C:T,0.991385,313062,chr17:45610951-45610951,PLEKHM1/MAPT
17,45610951,17:45610951:A:G,17,45924183,17:45924183:G:GC,0.991385,313232,chr17:45610951-45610951,PLEKHM1/MAPT
17,45610951,17:45610951:A:G,17,45924255,17:45924255:A:G,0.991385,313304,chr17:45610951-45610951,PLEKHM1/MAPT
17,45610951,17:45610951:A:G,17,45924295,17:45924295:A:G,0.991385,313344,chr17:45610951-45610951,PLEKHM1/MAPT
17,45610951,17:45610951:A:G,17,45924696,17:45924696:A:C,0.991385,313745,chr17:45610951-45610951,PLEKHM1/MAPT
17,45610951,17:45610951:A:G,17,45924772,17:45924772:A:G,0.991385,313821,chr17:45610951-45610951,PLEKHM1/MAPT
17,45610951,17:45610951:A:G,17,45925065,17:45925065:C:T,0.991385,314114,chr17:45610951-45610951,PLEKHM1/MAPT
17,45610951,17:45610951:A:G,17,45925189,17:45925189:A:G,0.991385,314238,chr17:45610951-45610951,PLEKHM1/MAPT
17,45610951,17:45610951:A:G,17,45925229,17:45925229:C:T,0.991385,314278,chr17:45610951-45610951,PLEKHM1/MAPT
17,45610951,17:45610951:A:G,17,45925603,17:45925603:A:C,0.991385,314652,chr17:45610951-45610951,PLEKHM1/MAPT
17,45610951,17:45610951:A:G,17,45925767,17:45925767:A:AAAG,0.991385,314816,chr17:45610951-45610951,PLEKHM1/MAPT
17,45610951,17:45610951:A:G,17,45926031,17:45926031:T:A,0.991385,315080,chr17:45610951-45610951,PLEKHM1/MAPT
17,45610951,17:45610951:A:G,17,45926080,17:45926080:A:G,0.991385,315129,chr17:45610951-45610951,PLEKHM1/MAPT
17,45610951,17:45610951:A:G,17,45926214,17:45926214:GA:G,0.982971,315263,chr17:45610951-45610951,PLEKHM1/MAPT
17,45610951,17:45610951:A:G,17,45926233,17:45926233:C:T,0.991385,315282,chr17:45610951-45610951,PLEKHM1/MAPT
17,45610951,17:45610951:A:G,17,45926259,17:45926259:T:TAA,0.991385,315308,chr17:45610951-45610951,PLEKHM1/MAPT
17,45610951,17:45610951:A:G,17,45926527,17:45926527:A:G,0.991385,315576,chr17:45610951-45610951,PLEKHM1/MAPT
17,45610951,17:45610951:A:G,17,45926710,17:45926710:T:C,0.991385,315759,chr17:45610951-45610951,PLEKHM1/MAPT
17,45610951,17:45610951:A:G,17,45926928,17:45926928:CATATATACA:C,0.982863,315977,chr17:45610951-45610951,PLEKHM1/MAPT
17,45610951,17:45610951:A:G,17,45927106,17:45927106:A:G,0.991385,316155,chr17:45610951-45610951,PLEKHM1/MAPT
17,45610951,17:45610951:A:G,17,45927820,17:45927820:G:A,0.991385,316869,chr17:45610951-45610951,PLEKHM1/MAPT
17,45610951,17:45610951:A:G,17,45927860,17:45927860:A:C,0.991385,316909,chr17:45610951-45610951,PLEKHM1/MAPT
17,45610951,17:45610951:A:G,17,45927888,17:45927888:T:A,0.991385,316937,chr17:45610951-45610951,PLEKHM1/MAPT
17,45610951,17:45610951:A:G,17,45927963,17:45927963:G:A,0.991385,317012,chr17:45610951-45610951,PLEKHM1/MAPT
17,45610951,17:45610951:A:G,17,45927995,17:45927995:G:A,0.991385,317044,chr17:45610951-45610951,PLEKHM1/MAPT
17,45610951,17:45610951:A:G,17,45928002,17:45928004:GAA:G,0.849211,317051,chr17:45610951-45610951,PLEKHM1/MAPT
17,45610951,17:45610951:A:G,17,45928047,17:45928047:A:G,0.982971,317096,chr17:45610951-45610951,PLEKHM1/MAPT
17,45610951,17:45610951:A:G,17,45928249,17:45928249:A:G,0.991385,317298,chr17:45610951-45610951,PLEKHM1/MAPT
17,45610951,17:45610951:A:G,17,45928719,17:45928719:A:G,0.991385,317768,chr17:45610951-45610951,PLEKHM1/MAPT
17,45610951,17:45610951:A:G,17,45928764,17:45928764:T:C,0.991385,317813,chr17:45610951-45610951,PLEKHM1/MAPT
17,45610951,17:45610951:A:G,17,45928886,17:45928886:T:C,0.991385,317935,chr17:45610951-45610951,PLEKHM1/MAPT
17,45610951,17:45610951:A:G,17,45929087,17:45929087:C:CT,0.991385,318136,chr17:45610951-45610951,PLEKHM1/MAPT
17,45610951,17:45610951:A:G,17,45929235,17:45929235:T:C,0.991385,318284,chr17:45610951-45610951,PLEKHM1/MAPT
17,45610951,17:45610951:A:G,17,45929530,17:45929530:T:C,0.991385,318579,chr17:45610951-45610951,PLEKHM1/MAPT
17,45610951,17:45610951:A:G,17,45929588,17:45929588:T:C,0.991385,318637,chr17:45610951-45610951,PLEKHM1/MAPT
17,45610951,17:45610951:A:G,17,45929590,17:45929590:A:G,0.991385,318639,chr17:45610951-45610951,PLEKHM1/MAPT
17,45610951,17:45610951:A:G,17,45930127,17:45930127:C:T,0.991385,319176,chr17:45610951-45610951,PLEKHM1/MAPT
17,45610951,17:45610951:A:G,17,45930361,17:45930361:C:T,0.991385,319410,chr17:45610951-45610951,PLEKHM1/MAPT
17,45610951,17:45610951:A:G,17,45930398,17:45930398:T:C,0.991385,319447,chr17:45610951-45610951,PLEKHM1/MAPT
17,45610951,17:45610951:A:G,17,45930407,17:45930407:CAAAA:C,0.991385,319456,chr17:45610951-45610951,PLEKHM1/MAPT
17,45610951,17:45610951:A:G,17,45930419,17:45930419:A:G,0.991385,319468,chr17:45610951-45610951,PLEKHM1/MAPT
17,45610951,17:45610951:A:G,17,45932090,17:45932091:G:GA,0.991385,321139,chr17:45610951-45610951,PLEKHM1/MAPT
17,45610951,17:45610951:A:G,17,45932510,17:45932510:C:A,0.991385,321559,chr17:45610951-45610951,PLEKHM1/MAPT
17,45610951,17:45610951:A:G,17,45932555,17:45932555:A:G,0.991385,321604,chr17:45610951-45610951,PLEKHM1/MAPT
17,45610951,17:45610951:A:G,17,45932674,17:45932674:A:G,0.991385,321723,chr17:45610951-45610951,PLEKHM1/MAPT
17,45610951,17:45610951:A:G,17,45932752,17:45932752:G:C,0.991385,321801,chr17:45610951-45610951,PLEKHM1/MAPT
17,45610951,17:45610951:A:G,17,45932998,17:45932998:C:G,0.991385,322047,chr17:45610951-45610951,PLEKHM1/MAPT
17,45610951,17:45610951:A:G,17,45933039,17:45933039:A:G,0.991385,322088,chr17:45610951-45610951,PLEKHM1/MAPT
17,45610951,17:45610951:A:G,17,45933086,17:45933086:C:A,0.991385,322135,chr17:45610951-45610951,PLEKHM1/MAPT
17,45610951,17:45610951:A:G,17,45933097,17:45933097:A:AC,0.991385,322146,chr17:45610951-45610951,PLEKHM1/MAPT
17,45610951,17:45610951:A:G,17,45933245,17:45933246:C:CTTTTT,0.965884,322294,chr17:45610951-45610951,PLEKHM1/MAPT
17,45610951,17:45610951:A:G,17,45933295,17:45933295:A:G,0.991385,322344,chr17:45610951-45610951,PLEKHM1/MAPT
17,45610951,17:45610951:A:G,17,45933618,17:45933618:G:A,0.991385,322667,chr17:45610951-45610951,PLEKHM1/MAPT
17,45610951,17:45610951:A:G,17,45933652,17:45933652:A:G,0.991385,322701,chr17:45610951-45610951,PLEKHM1/MAPT
17,45610951,17:45610951:A:G,17,45933707,17:45933707:G:A,0.991385,322756,chr17:45610951-45610951,PLEKHM1/MAPT
17,45610951,17:45610951:A:G,17,45933840,17:45933841:ATT:A,0.901751,322889,chr17:45610951-45610951,PLEKHM1/MAPT
17,45610951,17:45610951:A:G,17,45934160,17:45934160:A:G,0.991385,323209,chr17:45610951-45610951,PLEKHM1/MAPT
17,45610951,17:45610951:A:G,17,45934383,17:45934383:A:G,0.991385,323432,chr17:45610951-45610951,PLEKHM1/MAPT
17,45610951,17:45610951:A:G,17,45934459,17:45934459:A:C,0.991385,323508,chr17:45610951-45610951,PLEKHM1/MAPT
17,45610951,17:45610951:A:G,17,45934730,17:45934730:A:G,0.991385,323779,chr17:45610951-45610951,PLEKHM1/MAPT
17,45610951,17:45610951:A:G,17,45934882,17:45934882:T:A,0.991385,323931,chr17:45610951-45610951,PLEKHM1/MAPT
17,45610951,17:45610951:A:G,17,45934891,17:45934891:CG:C,0.982863,323940,chr17:45610951-45610951,PLEKHM1/MAPT
17,45610951,17:45610951:A:G,17,45934894,17:45934894:T:C,0.982863,323943,chr17:45610951-45610951,PLEKHM1/MAPT
17,45610951,17:45610951:A:G,17,45934977,17:45934977:G:A,0.991385,324026,chr17:45610951-45610951,PLEKHM1/MAPT
17,45610951,17:45610951:A:G,17,45935097,17:45935097:T:C,0.991385,324146,chr17:45610951-45610951,PLEKHM1/MAPT
17,45610951,17:45610951:A:G,17,45935549,17:45935549:T:C,0.991385,324598,chr17:45610951-45610951,PLEKHM1/MAPT
17,45610951,17:45610951:A:G,17,45935623,17:45935623:C:T,0.991385,324672,chr17:45610951-45610951,PLEKHM1/MAPT
17,45610951,17:45610951:A:G,17,45935658,17:45935658:T:C,0.991385,324707,chr17:45610951-45610951,PLEKHM1/MAPT
17,45610951,17:45610951:A:G,17,45935737,17:45935737:G:T,0.991385,324786,chr17:45610951-45610951,PLEKHM1/MAPT
17,45610951,17:45610951:A:G,17,45935823,17:45935823:C:T,0.991385,324872,chr17:45610951-45610951,PLEKHM1/MAPT
17,45610951,17:45610951:A:G,17,45935980,17:45935980:T:C,0.991385,325029,chr17:45610951-45610951,PLEKHM1/MAPT
17,45610951,17:45610951:A:G,17,45936109,17:45936109:G:A,0.991385,325158,chr17:45610951-45610951,PLEKHM1/MAPT
17,45610951,17:45610951:A:G,17,45936117,17:45936117:A:G,0.991385,325166,chr17:45610951-45610951,PLEKHM1/MAPT
17,45610951,17:45610951:A:G,17,45936572,17:45936572:A:G,0.991385,325621,chr17:45610951-45610951,PLEKHM1/MAPT
17,45610951,17:45610951:A:G,17,45936598,17:45936598:T:TC,0.991385,325647,chr17:45610951-45610951,PLEKHM1/MAPT
17,45610951,17:45610951:A:G,17,45936600,17:45936600:T:C,0.991385,325649,chr17:45610951-45610951,PLEKHM1/MAPT
17,45610951,17:45610951:A:G,17,45936771,17:45936771:G:T,0.991385,325820,chr17:45610951-45610951,PLEKHM1/MAPT
17,45610951,17:45610951:A:G,17,45936897,17:45936897:T:C,0.991385,325946,chr17:45610951-45610951,PLEKHM1/MAPT
17,45610951,17:45610951:A:G,17,45937018,17:45937018:G:A,0.991385,326067,chr17:45610951-45610951,PLEKHM1/MAPT
17,45610951,17:45610951:A:G,17,45937599,17:45937599:GAA:G,0.991385,326648,chr17:45610951-45610951,PLEKHM1/MAPT
17,45610951,17:45610951:A:G,17,45937615,17:45937615:G:T,0.991385,326664,chr17:45610951-45610951,PLEKHM1/MAPT
17,45610951,17:45610951:A:G,17,45937616,17:45937616:G:T,0.991385,326665,chr17:45610951-45610951,PLEKHM1/MAPT
17,45610951,17:45610951:A:G,17,45938080,17:45938080:A:G,0.991385,327129,chr17:45610951-45610951,PLEKHM1/MAPT
17,45610951,17:45610951:A:G,17,45938098,17:45938098:A:G,0.991385,327147,chr17:45610951-45610951,PLEKHM1/MAPT
17,45610951,17:45610951:A:G,17,45938258,17:45938258:G:A,0.991385,327307,chr17:45610951-45610951,PLEKHM1/MAPT
17,45610951,17:45610951:A:G,17,45938379,17:45938379:A:G,0.991385,327428,chr17:45610951-45610951,PLEKHM1/MAPT
17,45610951,17:45610951:A:G,17,45938450,17:45938450:A:G,0.991385,327499,chr17:45610951-45610951,PLEKHM1/MAPT
17,45610951,17:45610951:A:G,17,45938563,17:45938563:G:A,0.991385,327612,chr17:45610951-45610951,PLEKHM1/MAPT
17,45610951,17:45610951:A:G,17,45938645,17:45938645:A:AT,0.991385,327694,chr17:45610951-45610951,PLEKHM1/MAPT
17,45610951,17:45610951:A:G,17,45938791,17:45938791:G:C,0.991385,327840,chr17:45610951-45610951,PLEKHM1/MAPT
17,45610951,17:45610951:A:G,17,45938975,17:45938975:G:A,0.991385,328024,chr17:45610951-45610951,PLEKHM1/MAPT
17,45610951,17:45610951:A:G,17,45939096,17:45939096:A:G,0.991385,328145,chr17:45610951-45610951,PLEKHM1/MAPT
17,45610951,17:45610951:A:G,17,45939235,17:45939235:A:AG,0.991385,328284,chr17:45610951-45610951,PLEKHM1/MAPT
17,45610951,17:45610951:A:G,17,45939758,17:45939758:G:T,0.991385,328807,chr17:45610951-45610951,PLEKHM1/MAPT
17,45610951,17:45610951:A:G,17,45939814,17:45939814:T:G,0.991385,328863,chr17:45610951-45610951,PLEKHM1/MAPT
17,45610951,17:45610951:A:G,17,45939917,17:45939917:A:G,0.991385,328966,chr17:45610951-45610951,PLEKHM1/MAPT
17,45610951,17:45610951:A:G,17,45939976,17:45939976:A:G,0.991385,329025,chr17:45610951-45610951,PLEKHM1/MAPT
17,45610951,17:45610951:A:G,17,45940300,17:45940300:C:A,0.991385,329349,chr17:45610951-45610951,PLEKHM1/MAPT
17,45610951,17:45610951:A:G,17,45940575,17:45940575:G:T,0.991385,329624,chr17:45610951-45610951,PLEKHM1/MAPT
17,45610951,17:45610951:A:G,17,45941033,17:45941033:A:G,0.966015,330082,chr17:45610951-45610951,PLEKHM1/MAPT
17,45610951,17:45610951:A:G,17,45941122,17:45941122:T:C,0.948333,330171,chr17:45610951-45610951,PLEKHM1/MAPT
17,45610951,17:45610951:A:G,17,45941153,17:45941153:T:C,0.931998,330202,chr17:45610951-45610951,PLEKHM1/MAPT
17,45610951,17:45610951:A:G,17,45942113,17:45942113:C:G,0.991385,331162,chr17:45610951-45610951,PLEKHM1/MAPT
17,45610951,17:45610951:A:G,17,45942277,17:45942277:G:A,0.991385,331326,chr17:45610951-45610951,PLEKHM1/MAPT
17,45610951,17:45610951:A:G,17,45942314,17:45942314:T:C,0.991385,331363,chr17:45610951-45610951,PLEKHM1/MAPT
17,45610951,17:45610951:A:G,17,45942916,17:45942916:G:A,0.991385,331965,chr17:45610951-45610951,PLEKHM1/MAPT
17,45610951,17:45610951:A:G,17,45942948,17:45942948:C:T,0.991385,331997,chr17:45610951-45610951,PLEKHM1/MAPT
17,45610951,17:45610951:A:G,17,45943179,17:45943179:A:G,0.991385,332228,chr17:45610951-45610951,PLEKHM1/MAPT
17,45610951,17:45610951:A:G,17,45943695,17:45943695:C:T,0.991385,332744,chr17:45610951-45610951,PLEKHM1/MAPT
17,45610951,17:45610951:A:G,17,45943852,17:45943852:C:T,0.982863,332901,chr17:45610951-45610951,PLEKHM1/MAPT
17,45610951,17:45610951:A:G,17,45944097,17:45944097:T:C,0.991385,333146,chr17:45610951-45610951,PLEKHM1/MAPT
17,45610951,17:45610951:A:G,17,45944333,17:45944333:G:T,0.991385,333382,chr17:45610951-45610951,PLEKHM1/MAPT
17,45610951,17:45610951:A:G,17,45944351,17:45944351:G:A,0.991385,333400,chr17:45610951-45610951,PLEKHM1/MAPT
17,45610951,17:45610951:A:G,17,45944378,17:45944378:T:C,0.991385,333427,chr17:45610951-45610951,PLEKHM1/MAPT
17,45610951,17:45610951:A:G,17,45944677,17:45944677:A:C,0.991385,333726,chr17:45610951-45610951,PLEKHM1/MAPT
17,45610951,17:45610951:A:G,17,45944702,17:45944702:G:A,0.991385,333751,chr17:45610951-45610951,PLEKHM1/MAPT
17,45610951,17:45610951:A:G,17,45944953,17:45944953:G:A,0.991385,334002,chr17:45610951-45610951,PLEKHM1/MAPT
17,45610951,17:45610951:A:G,17,45945010,17:45945010:C:T,0.991385,334059,chr17:45610951-45610951,PLEKHM1/MAPT
17,45610951,17:45610951:A:G,17,45945067,17:45945067:T:C,0.991385,334116,chr17:45610951-45610951,PLEKHM1/MAPT
17,45610951,17:45610951:A:G,17,45945068,17:45945068:G:A,0.991385,334117,chr17:45610951-45610951,PLEKHM1/MAPT
17,45610951,17:45610951:A:G,17,45945162,17:45945162:A:G,0.991385,334211,chr17:45610951-45610951,PLEKHM1/MAPT
17,45610951,17:45610951:A:G,17,45945211,17:45945211:A:C,0.991385,334260,chr17:45610951-45610951,PLEKHM1/MAPT
17,45610951,17:45610951:A:G,17,45945227,17:45945227:C:T,0.982863,334276,chr17:45610951-45610951,PLEKHM1/MAPT
17,45610951,17:45610951:A:G,17,45945266,17:45945266:G:A,0.991385,334315,chr17:45610951-45610951,PLEKHM1/MAPT
17,45610951,17:45610951:A:G,17,45945721,17:45945721:G:A,0.991385,334770,chr17:45610951-45610951,PLEKHM1/MAPT
17,45610951,17:45610951:A:G,17,45946154,17:45946154:T:G,0.991385,335203,chr17:45610951-45610951,PLEKHM1/MAPT
17,45610951,17:45610951:A:G,17,45946462,17:45946462:C:CGTG,0.991385,335511,chr17:45610951-45610951,PLEKHM1/MAPT
17,45610951,17:45610951:A:G,17,45946476,17:45946476:G:A,0.991385,335525,chr17:45610951-45610951,PLEKHM1/MAPT
17,45610951,17:45610951:A:G,17,45947186,17:45947186:C:G,0.991385,336235,chr17:45610951-45610951,PLEKHM1/MAPT
17,45610951,17:45610951:A:G,17,45947196,17:45947196:G:T,0.991385,336245,chr17:45610951-45610951,PLEKHM1/MAPT
17,45610951,17:45610951:A:G,17,45947294,17:45947294:G:C,0.991385,336343,chr17:45610951-45610951,PLEKHM1/MAPT
17,45610951,17:45610951:A:G,17,45947383,17:45947383:CTT:C,0.991385,336432,chr17:45610951-45610951,PLEKHM1/MAPT
17,45610951,17:45610951:A:G,17,45947499,17:45947499:T:C,0.991385,336548,chr17:45610951-45610951,PLEKHM1/MAPT
17,45610951,17:45610951:A:G,17,45947540,17:45947540:A:G,0.991385,336589,chr17:45610951-45610951,PLEKHM1/MAPT
17,45610951,17:45610951:A:G,17,45947667,17:45947667:T:C,0.991385,336716,chr17:45610951-45610951,PLEKHM1/MAPT
17,45610951,17:45610951:A:G,17,45947679,17:45947679:C:T,0.991385,336728,chr17:45610951-45610951,PLEKHM1/MAPT
17,45610951,17:45610951:A:G,17,45947907,17:45947907:G:A,0.991385,336956,chr17:45610951-45610951,PLEKHM1/MAPT
17,45610951,17:45610951:A:G,17,45947981,17:45947981:T:C,0.991385,337030,chr17:45610951-45610951,PLEKHM1/MAPT
17,45610951,17:45610951:A:G,17,45947993,17:45947993:TTTG:T,0.991385,337042,chr17:45610951-45610951,PLEKHM1/MAPT
17,45610951,17:45610951:A:G,17,45948041,17:45948041:C:CT,0.991385,337090,chr17:45610951-45610951,PLEKHM1/MAPT
17,45610951,17:45610951:A:G,17,45948226,17:45948226:G:C,0.991385,337275,chr17:45610951-45610951,PLEKHM1/MAPT
17,45610951,17:45610951:A:G,17,45948284,17:45948284:T:C,0.991385,337333,chr17:45610951-45610951,PLEKHM1/MAPT
17,45610951,17:45610951:A:G,17,45948312,17:45948312:G:GCT,0.991385,337361,chr17:45610951-45610951,PLEKHM1/MAPT
17,45610951,17:45610951:A:G,17,45948522,17:45948522:C:A,0.958429,337571,chr17:45610951-45610951,PLEKHM1/MAPT
17,45610951,17:45610951:A:G,17,45948955,17:45948955:T:C,0.991385,338004,chr17:45610951-45610951,PLEKHM1/MAPT
17,45610951,17:45610951:A:G,17,45949028,17:45949028:A:G,0.991385,338077,chr17:45610951-45610951,PLEKHM1/MAPT
17,45610951,17:45610951:A:G,17,45949112,17:45949112:A:G,0.991385,338161,chr17:45610951-45610951,PLEKHM1/MAPT
17,45610951,17:45610951:A:G,17,45949124,17:45949124:A:C,0.991385,338173,chr17:45610951-45610951,PLEKHM1/MAPT
17,45610951,17:45610951:A:G,17,45949129,17:45949129:A:G,0.991385,338178,chr17:45610951-45610951,PLEKHM1/MAPT
17,45610951,17:45610951:A:G,17,45949182,17:45949182:T:C,0.991385,338231,chr17:45610951-45610951,PLEKHM1/MAPT
17,45610951,17:45610951:A:G,17,45949724,17:45949724:C:T,0.991385,338773,chr17:45610951-45610951,PLEKHM1/MAPT
17,45610951,17:45610951:A:G,17,45949950,17:45949950:G:A,0.991385,338999,chr17:45610951-45610951,PLEKHM1/MAPT
17,45610951,17:45610951:A:G,17,45950000,17:45950000:T:G,0.991385,339049,chr17:45610951-45610951,PLEKHM1/MAPT
17,45610951,17:45610951:A:G,17,45950017,17:45950017:A:G,0.991385,339066,chr17:45610951-45610951,PLEKHM1/MAPT
17,45610951,17:45610951:A:G,17,45950155,17:45950155:G:T,0.991385,339204,chr17:45610951-45610951,PLEKHM1/MAPT
17,45610951,17:45610951:A:G,17,45950387,17:45950387:A:G,0.991385,339436,chr17:45610951-45610951,PLEKHM1/MAPT
17,45610951,17:45610951:A:G,17,45950470,17:45950470:GC:G,0.991385,339519,chr17:45610951-45610951,PLEKHM1/MAPT
17,45610951,17:45610951:A:G,17,45950645,17:45950645:T:G,0.991385,339694,chr17:45610951-45610951,PLEKHM1/MAPT
17,45610951,17:45610951:A:G,17,45950679,17:45950679:G:T,0.991385,339728,chr17:45610951-45610951,PLEKHM1/MAPT
17,45610951,17:45610951:A:G,17,45950817,17:45950817:T:C,0.991385,339866,chr17:45610951-45610951,PLEKHM1/MAPT
17,45610951,17:45610951:A:G,17,45951103,17:45951103:CA:C,0.991385,340152,chr17:45610951-45610951,PLEKHM1/MAPT
17,45610951,17:45610951:A:G,17,45951341,17:45951341:G:A,0.991385,340390,chr17:45610951-45610951,PLEKHM1/MAPT
17,45610951,17:45610951:A:G,17,45951430,17:45951430:T:C,0.991385,340479,chr17:45610951-45610951,PLEKHM1/MAPT
17,45610951,17:45610951:A:G,17,45951812,17:45951812:G:C,0.991385,340861,chr17:45610951-45610951,PLEKHM1/MAPT
17,45610951,17:45610951:A:G,17,45952144,17:45952144:TGATG:T,0.991385,341193,chr17:45610951-45610951,PLEKHM1/MAPT
17,45610951,17:45610951:A:G,17,45952749,17:45952749:C:T,0.991385,341798,chr17:45610951-45610951,PLEKHM1/MAPT
17,45610951,17:45610951:A:G,17,45952829,17:45952829:A:T,0.991385,341878,chr17:45610951-45610951,PLEKHM1/MAPT
17,45610951,17:45610951:A:G,17,45952865,17:45952865:T:C,0.991385,341914,chr17:45610951-45610951,PLEKHM1/MAPT
17,45610951,17:45610951:A:G,17,45952897,17:45952897:A:AC,0.991385,341946,chr17:45610951-45610951,PLEKHM1/MAPT
17,45610951,17:45610951:A:G,17,45952945,17:45952945:T:G,0.991385,341994,chr17:45610951-45610951,PLEKHM1/MAPT
17,45610951,17:45610951:A:G,17,45953407,17:45953407:A:G,0.991385,342456,chr17:45610951-45610951,PLEKHM1/MAPT
17,45610951,17:45610951:A:G,17,45954054,17:45954054:G:A,0.991385,343103,chr17:45610951-45610951,PLEKHM1/MAPT
17,45610951,17:45610951:A:G,17,45954174,17:45954174:G:T,0.991385,343223,chr17:45610951-45610951,PLEKHM1/MAPT
17,45610951,17:45610951:A:G,17,45954580,17:45954580:A:G,0.991385,343629,chr17:45610951-45610951,PLEKHM1/MAPT
17,45610951,17:45610951:A:G,17,45954707,17:45954707:A:G,0.991385,343756,chr17:45610951-45610951,PLEKHM1/MAPT
17,45610951,17:45610951:A:G,17,45955104,17:45955104:C:G,0.991385,344153,chr17:45610951-45610951,PLEKHM1/MAPT
17,45610951,17:45610951:A:G,17,45955231,17:45955231:G:A,0.991385,344280,chr17:45610951-45610951,PLEKHM1/MAPT
17,45610951,17:45610951:A:G,17,45955402,17:45955402:T:C,0.991385,344451,chr17:45610951-45610951,PLEKHM1/MAPT
17,45610951,17:45610951:A:G,17,45955513,17:45955513:A:G,0.991385,344562,chr17:45610951-45610951,PLEKHM1/MAPT
17,45610951,17:45610951:A:G,17,45955549,17:45955549:T:C,0.991385,344598,chr17:45610951-45610951,PLEKHM1/MAPT
17,45610951,17:45610951:A:G,17,45955590,17:45955590:G:A,0.991385,344639,chr17:45610951-45610951,PLEKHM1/MAPT
17,45610951,17:45610951:A:G,17,45955636,17:45955636:T:C,0.991385,344685,chr17:45610951-45610951,PLEKHM1/MAPT
17,45610951,17:45610951:A:G,17,45955731,17:45955731:T:TTTTTTTTTT,0.991385,344780,chr17:45610951-45610951,PLEKHM1/MAPT
17,45610951,17:45610951:A:G,17,45955766,17:45955766:C:T,0.991385,344815,chr17:45610951-45610951,PLEKHM1/MAPT
17,45610951,17:45610951:A:G,17,45955803,17:45955803:T:C,0.991385,344852,chr17:45610951-45610951,PLEKHM1/MAPT
17,45610951,17:45610951:A:G,17,45955822,17:45955822:G:A,0.991385,344871,chr17:45610951-45610951,PLEKHM1/MAPT
17,45610951,17:45610951:A:G,17,45956028,17:45956028:G:C,0.991385,345077,chr17:45610951-45610951,PLEKHM1/MAPT
17,45610951,17:45610951:A:G,17,45956035,17:45956035:C:T,0.991385,345084,chr17:45610951-45610951,PLEKHM1/MAPT
17,45610951,17:45610951:A:G,17,45956102,17:45956102:G:A,0.991385,345151,chr17:45610951-45610951,PLEKHM1/MAPT
17,45610951,17:45610951:A:G,17,45956122,17:45956122:C:T,0.991385,345171,chr17:45610951-45610951,PLEKHM1/MAPT
17,45610951,17:45610951:A:G,17,45956436,17:45956436:T:C,0.991385,345485,chr17:45610951-45610951,PLEKHM1/MAPT
17,45610951,17:45610951:A:G,17,45956604,17:45956604:T:TA,0.965652,345653,chr17:45610951-45610951,PLEKHM1/MAPT
17,45610951,17:45610951:A:G,17,45956828,17:45956828:C:T,0.974432,345877,chr17:45610951-45610951,PLEKHM1/MAPT
17,45610951,17:45610951:A:G,17,45956843,17:45956843:T:C,0.974432,345892,chr17:45610951-45610951,PLEKHM1/MAPT
17,45610951,17:45610951:A:G,17,45956974,17:45956974:C:T,0.991385,346023,chr17:45610951-45610951,PLEKHM1/MAPT
17,45610951,17:45610951:A:G,17,45957120,17:45957120:A:G,0.991385,346169,chr17:45610951-45610951,PLEKHM1/MAPT
17,45610951,17:45610951:A:G,17,45957209,17:45957209:T:C,0.982863,346258,chr17:45610951-45610951,PLEKHM1/MAPT
17,45610951,17:45610951:A:G,17,45957307,17:45957307:T:G,0.991385,346356,chr17:45610951-45610951,PLEKHM1/MAPT
17,45610951,17:45610951:A:G,17,45957467,17:45957467:G:A,0.991385,346516,chr17:45610951-45610951,PLEKHM1/MAPT
17,45610951,17:45610951:A:G,17,45957493,17:45957493:A:G,0.991385,346542,chr17:45610951-45610951,PLEKHM1/MAPT
17,45610951,17:45610951:A:G,17,45957856,17:45957856:GAA:G,0.991385,346905,chr17:45610951-45610951,PLEKHM1/MAPT
17,45610951,17:45610951:A:G,17,45957867,17:45957867:A:T,0.991385,346916,chr17:45610951-45610951,PLEKHM1/MAPT
17,45610951,17:45610951:A:G,17,45958001,17:45958001:A:G,0.991385,347050,chr17:45610951-45610951,PLEKHM1/MAPT
17,45610951,17:45610951:A:G,17,45958150,17:45958150:G:A,0.991385,347199,chr17:45610951-45610951,PLEKHM1/MAPT
17,45610951,17:45610951:A:G,17,45958340,17:45958340:A:G,0.991385,347389,chr17:45610951-45610951,PLEKHM1/MAPT
17,45610951,17:45610951:A:G,17,45958681,17:45958681:G:A,0.991385,347730,chr17:45610951-45610951,PLEKHM1/MAPT
17,45610951,17:45610951:A:G,17,45958721,17:45958721:AAAAG:A,0.991385,347770,chr17:45610951-45610951,PLEKHM1/MAPT
17,45610951,17:45610951:A:G,17,45958763,17:45958763:C:T,0.991385,347812,chr17:45610951-45610951,PLEKHM1/MAPT
17,45610951,17:45610951:A:G,17,45958921,17:45958921:A:G,0.991385,347970,chr17:45610951-45610951,PLEKHM1/MAPT
17,45610951,17:45610951:A:G,17,45959042,17:45959042:T:G,0.991385,348091,chr17:45610951-45610951,PLEKHM1/MAPT
17,45610951,17:45610951:A:G,17,45959096,17:45959096:T:A,0.991385,348145,chr17:45610951-45610951,PLEKHM1/MAPT
17,45610951,17:45610951:A:G,17,45959421,17:45959421:T:C,0.991385,348470,chr17:45610951-45610951,PLEKHM1/MAPT
17,45610951,17:45610951:A:G,17,45959548,17:45959548:C:T,0.991385,348597,chr17:45610951-45610951,PLEKHM1/MAPT
17,45610951,17:45610951:A:G,17,45959570,17:45959570:G:A,0.991385,348619,chr17:45610951-45610951,PLEKHM1/MAPT
17,45610951,17:45610951:A:G,17,45959713,17:45959713:G:A,0.991385,348762,chr17:45610951-45610951,PLEKHM1/MAPT
17,45610951,17:45610951:A:G,17,45959740,17:45959740:C:CA,0.991385,348789,chr17:45610951-45610951,PLEKHM1/MAPT
17,45610951,17:45610951:A:G,17,45959933,17:45959933:G:C,0.991385,348982,chr17:45610951-45610951,PLEKHM1/MAPT
17,45610951,17:45610951:A:G,17,45960125,17:45960125:A:G,0.991385,349174,chr17:45610951-45610951,PLEKHM1/MAPT
17,45610951,17:45610951:A:G,17,45960841,17:45960843:CA:C,0.892908,349890,chr17:45610951-45610951,PLEKHM1/MAPT
17,45610951,17:45610951:A:G,17,45961170,17:45961170:CA:C,0.982751,350219,chr17:45610951-45610951,PLEKHM1/MAPT
17,45610951,17:45610951:A:G,17,45961419,17:45961419:A:G,0.965884,350468,chr17:45610951-45610951,PLEKHM1/MAPT
17,45610951,17:45610951:A:G,17,45961642,17:45961642:G:A,0.965884,350691,chr17:45610951-45610951,PLEKHM1/MAPT
17,45610951,17:45610951:A:G,17,45961677,17:45961677:G:A,0.991385,350726,chr17:45610951-45610951,PLEKHM1/MAPT
17,45610951,17:45610951:A:G,17,45962044,17:45962044:A:G,0.982971,351093,chr17:45610951-45610951,PLEKHM1/MAPT
17,45610951,17:45610951:A:G,17,45962150,17:45962150:G:T,0.991385,351199,chr17:45610951-45610951,PLEKHM1/MAPT
17,45610951,17:45610951:A:G,17,45962325,17:45962325:A:G,0.991385,351374,chr17:45610951-45610951,PLEKHM1/MAPT
17,45610951,17:45610951:A:G,17,45962754,17:45962754:C:T,0.991385,351803,chr17:45610951-45610951,PLEKHM1/MAPT
17,45610951,17:45610951:A:G,17,45962922,17:45962922:C:CA,0.991385,351971,chr17:45610951-45610951,PLEKHM1/MAPT
17,45610951,17:45610951:A:G,17,45963457,17:45963457:C:T,0.991385,352506,chr17:45610951-45610951,PLEKHM1/MAPT
17,45610951,17:45610951:A:G,17,45963735,17:45963735:T:C,0.991385,352784,chr17:45610951-45610951,PLEKHM1/MAPT
17,45610951,17:45610951:A:G,17,45963741,17:45963741:G:A,0.991385,352790,chr17:45610951-45610951,PLEKHM1/MAPT
17,45610951,17:45610951:A:G,17,45964196,17:45964196:G:T,0.991385,353245,chr17:45610951-45610951,PLEKHM1/MAPT
17,45610951,17:45610951:A:G,17,45964451,17:45964451:A:G,0.991385,353500,chr17:45610951-45610951,PLEKHM1/MAPT
17,45610951,17:45610951:A:G,17,45964855,17:45964855:A:G,0.991385,353904,chr17:45610951-45610951,PLEKHM1/MAPT
17,45610951,17:45610951:A:G,17,45964995,17:45964995:T:C,0.991385,354044,chr17:45610951-45610951,PLEKHM1/MAPT
17,45610951,17:45610951:A:G,17,45965000,17:45965000:G:A,0.991385,354049,chr17:45610951-45610951,PLEKHM1/MAPT
17,45610951,17:45610951:A:G,17,45965417,17:45965417:G:A,0.982863,354466,chr17:45610951-45610951,PLEKHM1/MAPT
17,45610951,17:45610951:A:G,17,45965502,17:45965502:G:A,0.991385,354551,chr17:45610951-45610951,PLEKHM1/MAPT
17,45610951,17:45610951:A:G,17,45965573,17:45965573:G:A,0.991385,354622,chr17:45610951-45610951,PLEKHM1/MAPT
17,45610951,17:45610951:A:G,17,45965585,17:45965585:C:T,0.991385,354634,chr17:45610951-45610951,PLEKHM1/MAPT
17,45610951,17:45610951:A:G,17,45965726,17:45965727:CAA:C,0.991385,354775,chr17:45610951-45610951,PLEKHM1/MAPT
17,45610951,17:45610951:A:G,17,45966012,17:45966012:T:C,0.991385,355061,chr17:45610951-45610951,PLEKHM1/MAPT
17,45610951,17:45610951:A:G,17,45966270,17:45966270:C:T,0.991385,355319,chr17:45610951-45610951,PLEKHM1/MAPT
17,45610951,17:45610951:A:G,17,45966453,17:45966453:G:A,0.991385,355502,chr17:45610951-45610951,PLEKHM1/MAPT
17,45610951,17:45610951:A:G,17,45966791,17:45966791:G:A,0.991385,355840,chr17:45610951-45610951,PLEKHM1/MAPT
17,45610951,17:45610951:A:G,17,45966854,17:45966854:A:T,0.991385,355903,chr17:45610951-45610951,PLEKHM1/MAPT
17,45610951,17:45610951:A:G,17,45967065,17:45967065:C:T,0.991385,356114,chr17:45610951-45610951,PLEKHM1/MAPT
17,45610951,17:45610951:A:G,17,45967142,17:45967142:A:C,0.991385,356191,chr17:45610951-45610951,PLEKHM1/MAPT
17,45610951,17:45610951:A:G,17,45967457,17:45967457:T:A,0.991385,356506,chr17:45610951-45610951,PLEKHM1/MAPT
17,45610951,17:45610951:A:G,17,45967574,17:45967574:T:C,0.991385,356623,chr17:45610951-45610951,PLEKHM1/MAPT
17,45610951,17:45610951:A:G,17,45967619,17:45967619:A:G,0.991385,356668,chr17:45610951-45610951,PLEKHM1/MAPT
17,45610951,17:45610951:A:G,17,45968108,17:45968108:A:G,0.991385,357157,chr17:45610951-45610951,PLEKHM1/MAPT
17,45610951,17:45610951:A:G,17,45968208,17:45968208:AC:A,0.991385,357257,chr17:45610951-45610951,PLEKHM1/MAPT
17,45610951,17:45610951:A:G,17,45968219,17:45968219:C:A,0.966116,357268,chr17:45610951-45610951,PLEKHM1/MAPT
17,45610951,17:45610951:A:G,17,45968608,17:45968608:C:T,0.991385,357657,chr17:45610951-45610951,PLEKHM1/MAPT
17,45610951,17:45610951:A:G,17,45968836,17:45968836:C:T,0.991385,357885,chr17:45610951-45610951,PLEKHM1/MAPT
17,45610951,17:45610951:A:G,17,45969850,17:45969850:T:G,0.991385,358899,chr17:45610951-45610951,PLEKHM1/MAPT
17,45610951,17:45610951:A:G,17,45970083,17:45970083:CCCAT:C,0.982863,359132,chr17:45610951-45610951,PLEKHM1/MAPT
17,45610951,17:45610951:A:G,17,45970243,17:45970243:C:T,0.991385,359292,chr17:45610951-45610951,PLEKHM1/MAPT
17,45610951,17:45610951:A:G,17,45970436,17:45970436:A:T,0.991385,359485,chr17:45610951-45610951,PLEKHM1/MAPT
17,45610951,17:45610951:A:G,17,45970957,17:45970957:G:T,0.991385,360006,chr17:45610951-45610951,PLEKHM1/MAPT
17,45610951,17:45610951:A:G,17,45970970,17:45970970:T:C,0.991385,360019,chr17:45610951-45610951,PLEKHM1/MAPT
17,45610951,17:45610951:A:G,17,45970984,17:45970984:T:C,0.991385,360033,chr17:45610951-45610951,PLEKHM1/MAPT
17,45610951,17:45610951:A:G,17,45971136,17:45971136:GA:G,0.991385,360185,chr17:45610951-45610951,PLEKHM1/MAPT
17,45610951,17:45610951:A:G,17,45971569,17:45971569:C:CACCA,0.991385,360618,chr17:45610951-45610951,PLEKHM1/MAPT
17,45610951,17:45610951:A:G,17,45971571,17:45971571:TC:T,0.991385,360620,chr17:45610951-45610951,PLEKHM1/MAPT
17,45610951,17:45610951:A:G,17,45971573,17:45971573:AGGTG:A,0.991385,360622,chr17:45610951-45610951,PLEKHM1/MAPT
17,45610951,17:45610951:A:G,17,45971767,17:45971767:T:C,0.991385,360816,chr17:45610951-45610951,PLEKHM1/MAPT
17,45610951,17:45610951:A:G,17,45971963,17:45971963:C:T,0.991385,361012,chr17:45610951-45610951,PLEKHM1/MAPT
17,45610951,17:45610951:A:G,17,45972184,17:45972184:G:A,0.991385,361233,chr17:45610951-45610951,PLEKHM1/MAPT
17,45610951,17:45610951:A:G,17,45972501,17:45972501:A:G,0.991385,361550,chr17:45610951-45610951,PLEKHM1/MAPT
17,45610951,17:45610951:A:G,17,45972534,17:45972534:A:G,0.991385,361583,chr17:45610951-45610951,PLEKHM1/MAPT
17,45610951,17:45610951:A:G,17,45972916,17:45972916:G:A,0.991385,361965,chr17:45610951-45610951,PLEKHM1/MAPT
17,45610951,17:45610951:A:G,17,45972974,17:45972974:G:A,0.991385,362023,chr17:45610951-45610951,PLEKHM1/MAPT
17,45610951,17:45610951:A:G,17,45973029,17:45973029:C:A,0.991385,362078,chr17:45610951-45610951,PLEKHM1/MAPT
17,45610951,17:45610951:A:G,17,45973097,17:45973097:T:C,0.991385,362146,chr17:45610951-45610951,PLEKHM1/MAPT
17,45610951,17:45610951:A:G,17,45973457,17:45973457:G:T,0.991385,362506,chr17:45610951-45610951,PLEKHM1/MAPT
17,45610951,17:45610951:A:G,17,45973484,17:45973484:A:G,0.991385,362533,chr17:45610951-45610951,PLEKHM1/MAPT
17,45610951,17:45610951:A:G,17,45974222,17:45974222:C:G,0.982794,363271,chr17:45610951-45610951,PLEKHM1/MAPT
17,45610951,17:45610951:A:G,17,45974223,17:45974223:T:G,0.991385,363272,chr17:45610951-45610951,PLEKHM1/MAPT
17,45610951,17:45610951:A:G,17,45974246,17:45974246:A:G,0.991385,363295,chr17:45610951-45610951,PLEKHM1/MAPT
17,45610951,17:45610951:A:G,17,45974480,17:45974480:A:G,0.991385,363529,chr17:45610951-45610951,PLEKHM1/MAPT
17,45610951,17:45610951:A:G,17,45974558,17:45974558:G:A,0.991385,363607,chr17:45610951-45610951,PLEKHM1/MAPT
17,45610951,17:45610951:A:G,17,45974643,17:45974643:T:C,0.991385,363692,chr17:45610951-45610951,PLEKHM1/MAPT
17,45610951,17:45610951:A:G,17,45974918,17:45974918:G:A,0.991385,363967,chr17:45610951-45610951,PLEKHM1/MAPT
17,45610951,17:45610951:A:G,17,45975367,17:45975367:A:G,0.991385,364416,chr17:45610951-45610951,PLEKHM1/MAPT
17,45610951,17:45610951:A:G,17,45975805,17:45975805:A:G,0.991385,364854,chr17:45610951-45610951,PLEKHM1/MAPT
17,45610951,17:45610951:A:G,17,45975941,17:45975941:T:TAG,0.991385,364990,chr17:45610951-45610951,PLEKHM1/MAPT
17,45610951,17:45610951:A:G,17,45976082,17:45976082:A:G,0.991385,365131,chr17:45610951-45610951,PLEKHM1/MAPT
17,45610951,17:45610951:A:G,17,45976623,17:45976623:G:A,0.991385,365672,chr17:45610951-45610951,PLEKHM1/MAPT
17,45610951,17:45610951:A:G,17,45976871,17:45976871:G:A,0.991385,365920,chr17:45610951-45610951,PLEKHM1/MAPT
17,45610951,17:45610951:A:G,17,45977022,17:45977022:T:C,0.991385,366071,chr17:45610951-45610951,PLEKHM1/MAPT
17,45610951,17:45610951:A:G,17,45977230,17:45977230:T:G,0.991385,366279,chr17:45610951-45610951,PLEKHM1/MAPT
17,45610951,17:45610951:A:G,17,45977305,17:45977305:C:T,0.991385,366354,chr17:45610951-45610951,PLEKHM1/MAPT
17,45610951,17:45610951:A:G,17,45978272,17:45978272:T:A,0.991385,367321,chr17:45610951-45610951,PLEKHM1/MAPT
17,45610951,17:45610951:A:G,17,45978281,17:45978281:A:T,0.991385,367330,chr17:45610951-45610951,PLEKHM1/MAPT
17,45610951,17:45610951:A:G,17,45978872,17:45978872:A:G,0.991385,367921,chr17:45610951-45610951,PLEKHM1/MAPT
17,45610951,17:45610951:A:G,17,45979067,17:45979067:T:C,0.991385,368116,chr17:45610951-45610951,PLEKHM1/MAPT
17,45610951,17:45610951:A:G,17,45979068,17:45979068:G:A,0.991385,368117,chr17:45610951-45610951,PLEKHM1/MAPT
17,45610951,17:45610951:A:G,17,45979401,17:45979401:G:A,0.991385,368450,chr17:45610951-45610951,PLEKHM1/MAPT
17,45610951,17:45610951:A:G,17,45979467,17:45979467:G:A,0.991385,368516,chr17:45610951-45610951,PLEKHM1/MAPT
17,45610951,17:45610951:A:G,17,45980229,17:45980229:G:A,0.93294,369278,chr17:45610951-45610951,PLEKHM1/MAPT
17,45610951,17:45610951:A:G,17,45980404,17:45980404:G:GGAGGCAGGA,0.991385,369453,chr17:45610951-45610951,PLEKHM1/MAPT
17,45610951,17:45610951:A:G,17,45980505,17:45980505:T:C,0.982794,369554,chr17:45610951-45610951,PLEKHM1/MAPT
17,45610951,17:45610951:A:G,17,45980589,17:45980589:T:TACACACACA,0.991385,369638,chr17:45610951-45610951,PLEKHM1/MAPT
17,45610951,17:45610951:A:G,17,45980638,17:45980638:A:G,0.991385,369687,chr17:45610951-45610951,PLEKHM1/MAPT
17,45610951,17:45610951:A:G,17,45980651,17:45980651:G:T,0.991385,369700,chr17:45610951-45610951,PLEKHM1/MAPT
17,45610951,17:45610951:A:G,17,45981263,17:45981263:T:A,0.991385,370312,chr17:45610951-45610951,PLEKHM1/MAPT
17,45610951,17:45610951:A:G,17,45981325,17:45981325:G:T,0.991385,370374,chr17:45610951-45610951,PLEKHM1/MAPT
17,45610951,17:45610951:A:G,17,45981333,17:45981333:TAGG:T,0.991385,370382,chr17:45610951-45610951,PLEKHM1/MAPT
17,45610951,17:45610951:A:G,17,45981350,17:45981350:G:T,0.991385,370399,chr17:45610951-45610951,PLEKHM1/MAPT
17,45610951,17:45610951:A:G,17,45981495,17:45981495:C:A,0.991385,370544,chr17:45610951-45610951,PLEKHM1/MAPT
17,45610951,17:45610951:A:G,17,45981849,17:45981849:C:T,0.991385,370898,chr17:45610951-45610951,PLEKHM1/MAPT
17,45610951,17:45610951:A:G,17,45982018,17:45982019:C:CAA,0.902458,371067,chr17:45610951-45610951,PLEKHM1/MAPT
17,45610951,17:45610951:A:G,17,45982034,17:45982034:G:A,0.933605,371083,chr17:45610951-45610951,PLEKHM1/MAPT
17,45610951,17:45610951:A:G,17,45982409,17:45982409:A:G,0.991385,371458,chr17:45610951-45610951,PLEKHM1/MAPT
17,45610951,17:45610951:A:G,17,45982882,17:45982882:G:A,0.991385,371931,chr17:45610951-45610951,PLEKHM1/MAPT
17,45610951,17:45610951:A:G,17,45983409,17:45983409:C:T,0.991385,372458,chr17:45610951-45610951,PLEKHM1/MAPT
17,45610951,17:45610951:A:G,17,45983657,17:45983657:G:A,0.991385,372706,chr17:45610951-45610951,PLEKHM1/MAPT
17,45610951,17:45610951:A:G,17,45983670,17:45983670:T:C,0.991385,372719,chr17:45610951-45610951,PLEKHM1/MAPT
17,45610951,17:45610951:A:G,17,45983912,17:45983912:C:T,0.991385,372961,chr17:45610951-45610951,PLEKHM1/MAPT
17,45610951,17:45610951:A:G,17,45984242,17:45984242:GT:G,0.991385,373291,chr17:45610951-45610951,PLEKHM1/MAPT
17,45610951,17:45610951:A:G,17,45984330,17:45984330:C:T,0.991385,373379,chr17:45610951-45610951,PLEKHM1/MAPT
17,45610951,17:45610951:A:G,17,45984532,17:45984532:T:C,0.991385,373581,chr17:45610951-45610951,PLEKHM1/MAPT
17,45610951,17:45610951:A:G,17,45984971,17:45984971:G:A,0.991385,374020,chr17:45610951-45610951,PLEKHM1/MAPT
17,45610951,17:45610951:A:G,17,45985323,17:45985323:A:C,0.974508,374372,chr17:45610951-45610951,PLEKHM1/MAPT
17,45610951,17:45610951:A:G,17,45985549,17:45985549:G:T,0.982863,374598,chr17:45610951-45610951,PLEKHM1/MAPT
17,45610951,17:45610951:A:G,17,45985627,17:45985627:A:G,0.991385,374676,chr17:45610951-45610951,PLEKHM1/MAPT
17,45610951,17:45610951:A:G,17,45985774,17:45985774:A:G,0.991385,374823,chr17:45610951-45610951,PLEKHM1/MAPT
17,45610951,17:45610951:A:G,17,45986027,17:45986027:G:A,0.991385,375076,chr17:45610951-45610951,PLEKHM1/MAPT
17,45610951,17:45610951:A:G,17,45986197,17:45986197:T:C,0.991385,375246,chr17:45610951-45610951,PLEKHM1/MAPT
17,45610951,17:45610951:A:G,17,45986357,17:45986357:A:C,0.991385,375406,chr17:45610951-45610951,PLEKHM1/MAPT
17,45610951,17:45610951:A:G,17,45986400,17:45986400:A:G,0.991385,375449,chr17:45610951-45610951,PLEKHM1/MAPT
17,45610951,17:45610951:A:G,17,45986421,17:45986421:A:G,0.991385,375470,chr17:45610951-45610951,PLEKHM1/MAPT
17,45610951,17:45610951:A:G,17,45986842,17:45986842:G:A,0.974432,375891,chr17:45610951-45610951,PLEKHM1/MAPT
17,45610951,17:45610951:A:G,17,45986968,17:45986968:T:C,0.991385,376017,chr17:45610951-45610951,PLEKHM1/MAPT
17,45610951,17:45610951:A:G,17,45987392,17:45987392:A:ACCCC,0.982863,376441,chr17:45610951-45610951,PLEKHM1/MAPT
17,45610951,17:45610951:A:G,17,45987393,17:45987393:A:AGGACAGTAA,0.982863,376442,chr17:45610951-45610951,PLEKHM1/MAPT
17,45610951,17:45610951:A:G,17,45988044,17:45988044:G:A,0.991385,377093,chr17:45610951-45610951,PLEKHM1/MAPT
17,45610951,17:45610951:A:G,17,45988303,17:45988303:A:T,0.991385,377352,chr17:45610951-45610951,PLEKHM1/MAPT
17,45610951,17:45610951:A:G,17,45988374,17:45988374:C:T,0.991385,377423,chr17:45610951-45610951,PLEKHM1/MAPT
17,45610951,17:45610951:A:G,17,45988535,17:45988535:C:T,0.991385,377584,chr17:45610951-45610951,PLEKHM1/MAPT
17,45610951,17:45610951:A:G,17,45988722,17:45988722:T:A,0.991385,377771,chr17:45610951-45610951,PLEKHM1/MAPT
17,45610951,17:45610951:A:G,17,45988806,17:45988806:A:G,0.991385,377855,chr17:45610951-45610951,PLEKHM1/MAPT
17,45610951,17:45610951:A:G,17,45988886,17:45988886:AAAACAAAC:A,0.991385,377935,chr17:45610951-45610951,PLEKHM1/MAPT
17,45610951,17:45610951:A:G,17,45989268,17:45989268:C:G,0.991385,378317,chr17:45610951-45610951,PLEKHM1/MAPT
17,45610951,17:45610951:A:G,17,45989494,17:45989494:C:CA,0.991385,378543,chr17:45610951-45610951,PLEKHM1/MAPT
17,45610951,17:45610951:A:G,17,45989502,17:45989502:C:A,0.991385,378551,chr17:45610951-45610951,PLEKHM1/MAPT
17,45610951,17:45610951:A:G,17,45989508,17:45989508:G:A,0.991385,378557,chr17:45610951-45610951,PLEKHM1/MAPT
17,45610951,17:45610951:A:G,17,45989629,17:45989629:C:T,0.991385,378678,chr17:45610951-45610951,PLEKHM1/MAPT
17,45610951,17:45610951:A:G,17,45989680,17:45989680:G:A,0.991385,378729,chr17:45610951-45610951,PLEKHM1/MAPT
17,45610951,17:45610951:A:G,17,45990034,17:45990034:T:C,0.991385,379083,chr17:45610951-45610951,PLEKHM1/MAPT
17,45610951,17:45610951:A:G,17,45990142,17:45990142:A:G,0.991385,379191,chr17:45610951-45610951,PLEKHM1/MAPT
17,45610951,17:45610951:A:G,17,45990180,17:45990180:T:C,0.991385,379229,chr17:45610951-45610951,PLEKHM1/MAPT
17,45610951,17:45610951:A:G,17,45990316,17:45990316:G:A,0.991385,379365,chr17:45610951-45610951,PLEKHM1/MAPT
17,45610951,17:45610951:A:G,17,45990465,17:45990465:T:C,0.991385,379514,chr17:45610951-45610951,PLEKHM1/MAPT
17,45610951,17:45610951:A:G,17,45990746,17:45990746:C:G,0.991385,379795,chr17:45610951-45610951,PLEKHM1/MAPT
17,45610951,17:45610951:A:G,17,45990872,17:45990872:C:T,0.991385,379921,chr17:45610951-45610951,PLEKHM1/MAPT
17,45610951,17:45610951:A:G,17,45990923,17:45990923:G:A,0.991385,379972,chr17:45610951-45610951,PLEKHM1/MAPT
17,45610951,17:45610951:A:G,17,45990928,17:45990928:G:C,0.991385,379977,chr17:45610951-45610951,PLEKHM1/MAPT
17,45610951,17:45610951:A:G,17,45991114,17:45991114:T:C,0.991385,380163,chr17:45610951-45610951,PLEKHM1/MAPT
17,45610951,17:45610951:A:G,17,45991115,17:45991115:G:A,0.991385,380164,chr17:45610951-45610951,PLEKHM1/MAPT
17,45610951,17:45610951:A:G,17,45991177,17:45991177:G:A,0.991385,380226,chr17:45610951-45610951,PLEKHM1/MAPT
17,45610951,17:45610951:A:G,17,45991558,17:45991558:G:A,0.991385,380607,chr17:45610951-45610951,PLEKHM1/MAPT
17,45610951,17:45610951:A:G,17,45991814,17:45991814:C:G,0.991385,380863,chr17:45610951-45610951,PLEKHM1/MAPT
17,45610951,17:45610951:A:G,17,45991832,17:45991832:C:T,0.991385,380881,chr17:45610951-45610951,PLEKHM1/MAPT
17,45610951,17:45610951:A:G,17,45992010,17:45992010:G:T,0.991385,381059,chr17:45610951-45610951,PLEKHM1/MAPT
17,45610951,17:45610951:A:G,17,45992321,17:45992321:A:G,0.991385,381370,chr17:45610951-45610951,PLEKHM1/MAPT
17,45610951,17:45610951:A:G,17,45992402,17:45992402:A:G,0.991385,381451,chr17:45610951-45610951,PLEKHM1/MAPT
17,45610951,17:45610951:A:G,17,45992474,17:45992474:G:A,0.991385,381523,chr17:45610951-45610951,PLEKHM1/MAPT
17,45610951,17:45610951:A:G,17,45992604,17:45992604:C:G,0.991385,381653,chr17:45610951-45610951,PLEKHM1/MAPT
17,45610951,17:45610951:A:G,17,45992745,17:45992745:G:C,0.991385,381794,chr17:45610951-45610951,PLEKHM1/MAPT
17,45610951,17:45610951:A:G,17,45993179,17:45993179:G:A,0.991385,382228,chr17:45610951-45610951,PLEKHM1/MAPT
17,45610951,17:45610951:A:G,17,45993590,17:45993590:T:A,0.991385,382639,chr17:45610951-45610951,PLEKHM1/MAPT
17,45610951,17:45610951:A:G,17,45993723,17:45993723:C:G,0.991385,382772,chr17:45610951-45610951,PLEKHM1/MAPT
17,45610951,17:45610951:A:G,17,45993928,17:45993928:T:C,0.991385,382977,chr17:45610951-45610951,PLEKHM1/MAPT
17,45610951,17:45610951:A:G,17,45994308,17:45994308:A:G,0.991385,383357,chr17:45610951-45610951,PLEKHM1/MAPT
17,45610951,17:45610951:A:G,17,45994651,17:45994651:C:A,0.991385,383700,chr17:45610951-45610951,PLEKHM1/MAPT
17,45610951,17:45610951:A:G,17,45994675,17:45994675:T:A,0.991385,383724,chr17:45610951-45610951,PLEKHM1/MAPT
17,45610951,17:45610951:A:G,17,45995057,17:45995057:A:C,0.991385,384106,chr17:45610951-45610951,PLEKHM1/MAPT
17,45610951,17:45610951:A:G,17,45995488,17:45995488:T:C,0.991385,384537,chr17:45610951-45610951,PLEKHM1/MAPT
17,45610951,17:45610951:A:G,17,45995515,17:45995515:C:G,0.991385,384564,chr17:45610951-45610951,PLEKHM1/MAPT
17,45610951,17:45610951:A:G,17,45995618,17:45995618:A:G,0.991385,384667,chr17:45610951-45610951,PLEKHM1/MAPT
17,45610951,17:45610951:A:G,17,45995661,17:45995661:G:A,0.991385,384710,chr17:45610951-45610951,PLEKHM1/MAPT
17,45610951,17:45610951:A:G,17,45995696,17:45995696:T:G,0.991385,384745,chr17:45610951-45610951,PLEKHM1/MAPT
17,45610951,17:45610951:A:G,17,45995779,17:45995779:G:C,0.991385,384828,chr17:45610951-45610951,PLEKHM1/MAPT
17,45610951,17:45610951:A:G,17,45996373,17:45996373:G:A,0.991385,385422,chr17:45610951-45610951,PLEKHM1/MAPT
17,45610951,17:45610951:A:G,17,45996523,17:45996523:A:G,0.991385,385572,chr17:45610951-45610951,PLEKHM1/MAPT
17,45610951,17:45610951:A:G,17,45996607,17:45996607:T:C,0.991385,385656,chr17:45610951-45610951,PLEKHM1/MAPT
17,45610951,17:45610951:A:G,17,45997069,17:45997069:C:G,0.991385,386118,chr17:45610951-45610951,PLEKHM1/MAPT
17,45610951,17:45610951:A:G,17,45997215,17:45997215:A:G,0.991385,386264,chr17:45610951-45610951,PLEKHM1/MAPT
17,45610951,17:45610951:A:G,17,45997247,17:45997247:A:G,0.991385,386296,chr17:45610951-45610951,PLEKHM1/MAPT
17,45610951,17:45610951:A:G,17,45997253,17:45997253:G:A,0.991385,386302,chr17:45610951-45610951,PLEKHM1/MAPT
17,45610951,17:45610951:A:G,17,45997733,17:45997733:T:C,0.991385,386782,chr17:45610951-45610951,PLEKHM1/MAPT
17,45610951,17:45610951:A:G,17,45997744,17:45997744:A:T,0.991385,386793,chr17:45610951-45610951,PLEKHM1/MAPT
17,45610951,17:45610951:A:G,17,45998169,17:45998169:T:C,0.991385,387218,chr17:45610951-45610951,PLEKHM1/MAPT
17,45610951,17:45610951:A:G,17,45998471,17:45998471:T:C,0.991385,387520,chr17:45610951-45610951,PLEKHM1/MAPT
17,45610951,17:45610951:A:G,17,45998535,17:45998535:A:G,0.991385,387584,chr17:45610951-45610951,PLEKHM1/MAPT
17,45610951,17:45610951:A:G,17,45999100,17:45999100:A:G,0.991385,388149,chr17:45610951-45610951,PLEKHM1/MAPT
17,45610951,17:45610951:A:G,17,45999299,17:45999299:A:G,0.991385,388348,chr17:45610951-45610951,PLEKHM1/MAPT
17,45610951,17:45610951:A:G,17,46000342,17:46000342:G:T,0.991385,389391,chr17:45610951-45610951,PLEKHM1/MAPT
17,45610951,17:45610951:A:G,17,46000484,17:46000484:G:A,0.991385,389533,chr17:45610951-45610951,PLEKHM1/MAPT
17,45610951,17:45610951:A:G,17,46000485,17:46000485:T:A,0.991385,389534,chr17:45610951-45610951,PLEKHM1/MAPT
17,45610951,17:45610951:A:G,17,46001250,17:46001250:G:A,0.991385,390299,chr17:45610951-45610951,PLEKHM1/MAPT
17,45610951,17:45610951:A:G,17,46001314,17:46001314:T:TA,0.991385,390363,chr17:45610951-45610951,PLEKHM1/MAPT
17,45610951,17:45610951:A:G,17,46001450,17:46001450:TA:T,0.982751,390499,chr17:45610951-45610951,PLEKHM1/MAPT
17,45610951,17:45610951:A:G,17,46001466,17:46001466:G:A,0.991385,390515,chr17:45610951-45610951,PLEKHM1/MAPT
17,45610951,17:45610951:A:G,17,46001526,17:46001526:G:A,0.991385,390575,chr17:45610951-45610951,PLEKHM1/MAPT
17,45610951,17:45610951:A:G,17,46002201,17:46002201:C:T,0.982751,391250,chr17:45610951-45610951,PLEKHM1/MAPT
17,45610951,17:45610951:A:G,17,46002355,17:46002355:A:G,0.991385,391404,chr17:45610951-45610951,PLEKHM1/MAPT
17,45610951,17:45610951:A:G,17,46002673,17:46002673:T:G,0.991385,391722,chr17:45610951-45610951,PLEKHM1/MAPT
17,45610951,17:45610951:A:G,17,46003042,17:46003042:G:C,0.991385,392091,chr17:45610951-45610951,PLEKHM1/MAPT
17,45610951,17:45610951:A:G,17,46003099,17:46003099:C:CGTGTGT,0.940929,392148,chr17:45610951-45610951,PLEKHM1/MAPT
17,45610951,17:45610951:A:G,17,46003698,17:46003698:A:G,0.991385,392747,chr17:45610951-45610951,PLEKHM1/MAPT
17,45610951,17:45610951:A:G,17,46003852,17:46003852:C:CT,0.991385,392901,chr17:45610951-45610951,PLEKHM1/MAPT
17,45610951,17:45610951:A:G,17,46003858,17:46003858:G:A,0.991385,392907,chr17:45610951-45610951,PLEKHM1/MAPT
17,45610951,17:45610951:A:G,17,46004096,17:46004096:T:C,0.991385,393145,chr17:45610951-45610951,PLEKHM1/MAPT
17,45610951,17:45610951:A:G,17,46004161,17:46004161:T:C,0.991385,393210,chr17:45610951-45610951,PLEKHM1/MAPT
17,45610951,17:45610951:A:G,17,46004815,17:46004815:A:G,0.991385,393864,chr17:45610951-45610951,PLEKHM1/MAPT
17,45610951,17:45610951:A:G,17,46004883,17:46004883:A:T,0.991385,393932,chr17:45610951-45610951,PLEKHM1/MAPT
17,45610951,17:45610951:A:G,17,46005066,17:46005066:G:A,0.991385,394115,chr17:45610951-45610951,PLEKHM1/MAPT
17,45610951,17:45610951:A:G,17,46005075,17:46005075:T:C,0.991385,394124,chr17:45610951-45610951,PLEKHM1/MAPT
17,45610951,17:45610951:A:G,17,46005080,17:46005080:G:A,0.991385,394129,chr17:45610951-45610951,PLEKHM1/MAPT
17,45610951,17:45610951:A:G,17,46005148,17:46005148:T:C,0.991385,394197,chr17:45610951-45610951,PLEKHM1/MAPT
17,45610951,17:45610951:A:G,17,46005162,17:46005162:A:T,0.991385,394211,chr17:45610951-45610951,PLEKHM1/MAPT
17,45610951,17:45610951:A:G,17,46005237,17:46005237:A:C,0.991385,394286,chr17:45610951-45610951,PLEKHM1/MAPT
17,45610951,17:45610951:A:G,17,46005589,17:46005589:A:AT,0.991385,394638,chr17:45610951-45610951,PLEKHM1/MAPT
17,45610951,17:45610951:A:G,17,46005615,17:46005615:G:A,0.991385,394664,chr17:45610951-45610951,PLEKHM1/MAPT
17,45610951,17:45610951:A:G,17,46005715,17:46005715:G:A,0.991385,394764,chr17:45610951-45610951,PLEKHM1/MAPT
17,45610951,17:45610951:A:G,17,46005957,17:46005957:C:T,0.974293,395006,chr17:45610951-45610951,PLEKHM1/MAPT
17,45610951,17:45610951:A:G,17,46006036,17:46006036:G:A,0.965652,395085,chr17:45610951-45610951,PLEKHM1/MAPT
17,45610951,17:45610951:A:G,17,46006636,17:46006636:T:C,0.991385,395685,chr17:45610951-45610951,PLEKHM1/MAPT
17,45610951,17:45610951:A:G,17,46006791,17:46006791:T:C,0.991385,395840,chr17:45610951-45610951,PLEKHM1/MAPT
17,45610951,17:45610951:A:G,17,46006969,17:46006969:TAAAATAAAA:T,0.982751,396018,chr17:45610951-45610951,PLEKHM1/MAPT
17,45610951,17:45610951:A:G,17,46007167,17:46007167:T:C,0.991385,396216,chr17:45610951-45610951,PLEKHM1/MAPT
17,45610951,17:45610951:A:G,17,46007310,17:46007310:C:T,0.991385,396359,chr17:45610951-45610951,PLEKHM1/MAPT
17,45610951,17:45610951:A:G,17,46007478,17:46007478:G:C,0.991385,396527,chr17:45610951-45610951,PLEKHM1/MAPT
17,45610951,17:45610951:A:G,17,46008377,17:46008377:T:C,0.991385,397426,chr17:45610951-45610951,PLEKHM1/MAPT
17,45610951,17:45610951:A:G,17,46008486,17:46008486:T:A,0.991385,397535,chr17:45610951-45610951,PLEKHM1/MAPT
17,45610951,17:45610951:A:G,17,46008734,17:46008734:T:C,0.991385,397783,chr17:45610951-45610951,PLEKHM1/MAPT
17,45610951,17:45610951:A:G,17,46009155,17:46009155:G:A,0.991385,398204,chr17:45610951-45610951,PLEKHM1/MAPT
17,45610951,17:45610951:A:G,17,46011406,17:46011406:C:A,0.991385,400455,chr17:45610951-45610951,PLEKHM1/MAPT
17,45610951,17:45610951:A:G,17,46011560,17:46011560:C:T,0.991385,400609,chr17:45610951-45610951,PLEKHM1/MAPT
17,45610951,17:45610951:A:G,17,46011571,17:46011571:G:C,0.991385,400620,chr17:45610951-45610951,PLEKHM1/MAPT
17,45610951,17:45610951:A:G,17,46011742,17:46011742:T:C,0.991385,400791,chr17:45610951-45610951,PLEKHM1/MAPT
17,45610951,17:45610951:A:G,17,46012197,17:46012197:C:T,0.991385,401246,chr17:45610951-45610951,PLEKHM1/MAPT
17,45610951,17:45610951:A:G,17,46012324,17:46012324:T:C,0.991385,401373,chr17:45610951-45610951,PLEKHM1/MAPT
17,45610951,17:45610951:A:G,17,46012349,17:46012349:C:T,0.991385,401398,chr17:45610951-45610951,PLEKHM1/MAPT
17,45610951,17:45610951:A:G,17,46012361,17:46012361:G:A,0.991385,401410,chr17:45610951-45610951,PLEKHM1/MAPT
17,45610951,17:45610951:A:G,17,46012555,17:46012555:C:T,0.991385,401604,chr17:45610951-45610951,PLEKHM1/MAPT
17,45610951,17:45610951:A:G,17,46012669,17:46012669:C:G,0.991385,401718,chr17:45610951-45610951,PLEKHM1/MAPT
17,45610951,17:45610951:A:G,17,46012782,17:46012782:A:C,0.991385,401831,chr17:45610951-45610951,PLEKHM1/MAPT
17,45610951,17:45610951:A:G,17,46012870,17:46012870:T:C,0.991385,401919,chr17:45610951-45610951,PLEKHM1/MAPT
17,45610951,17:45610951:A:G,17,46012973,17:46012973:T:C,0.991385,402022,chr17:45610951-45610951,PLEKHM1/MAPT
17,45610951,17:45610951:A:G,17,46013089,17:46013089:T:C,0.991385,402138,chr17:45610951-45610951,PLEKHM1/MAPT
17,45610951,17:45610951:A:G,17,46013170,17:46013170:G:A,0.991385,402219,chr17:45610951-45610951,PLEKHM1/MAPT
17,45610951,17:45610951:A:G,17,46013172,17:46013172:T:G,0.991385,402221,chr17:45610951-45610951,PLEKHM1/MAPT
17,45610951,17:45610951:A:G,17,46013280,17:46013280:A:G,0.991385,402329,chr17:45610951-45610951,PLEKHM1/MAPT
17,45610951,17:45610951:A:G,17,46013319,17:46013319:G:T,0.991385,402368,chr17:45610951-45610951,PLEKHM1/MAPT
17,45610951,17:45610951:A:G,17,46013338,17:46013338:A:G,0.991385,402387,chr17:45610951-45610951,PLEKHM1/MAPT
17,45610951,17:45610951:A:G,17,46013430,17:46013430:T:C,0.991385,402479,chr17:45610951-45610951,PLEKHM1/MAPT
17,45610951,17:45610951:A:G,17,46013488,17:46013488:C:T,0.991385,402537,chr17:45610951-45610951,PLEKHM1/MAPT
17,45610951,17:45610951:A:G,17,46013492,17:46013492:C:T,0.991385,402541,chr17:45610951-45610951,PLEKHM1/MAPT
17,45610951,17:45610951:A:G,17,46013726,17:46013726:G:C,0.991385,402775,chr17:45610951-45610951,PLEKHM1/MAPT
17,45610951,17:45610951:A:G,17,46013829,17:46013829:T:C,0.991385,402878,chr17:45610951-45610951,PLEKHM1/MAPT
17,45610951,17:45610951:A:G,17,46014358,17:46014358:G:A,0.991385,403407,chr17:45610951-45610951,PLEKHM1/MAPT
17,45610951,17:45610951:A:G,17,46014520,17:46014520:C:T,0.974508,403569,chr17:45610951-45610951,PLEKHM1/MAPT
17,45610951,17:45610951:A:G,17,46014622,17:46014622:T:C,0.915636,403671,chr17:45610951-45610951,PLEKHM1/MAPT
17,45610951,17:45610951:A:G,17,46014742,17:46014742:T:C,0.991385,403791,chr17:45610951-45610951,PLEKHM1/MAPT
17,45610951,17:45610951:A:G,17,46014877,17:46014877:C:T,0.974293,403926,chr17:45610951-45610951,PLEKHM1/MAPT
17,45610951,17:45610951:A:G,17,46015131,17:46015131:T:C,0.991385,404180,chr17:45610951-45610951,PLEKHM1/MAPT
17,45610951,17:45610951:A:G,17,46015363,17:46015363:TAAA:T,0.991385,404412,chr17:45610951-45610951,PLEKHM1/MAPT
17,45610951,17:45610951:A:G,17,46015378,17:46015378:A:G,0.991385,404427,chr17:45610951-45610951,PLEKHM1/MAPT
17,45610951,17:45610951:A:G,17,46015435,17:46015435:G:A,0.991385,404484,chr17:45610951-45610951,PLEKHM1/MAPT
17,45610951,17:45610951:A:G,17,46015953,17:46015953:G:A,0.991385,405002,chr17:45610951-45610951,PLEKHM1/MAPT
17,45610951,17:45610951:A:G,17,46016130,17:46016130:A:G,0.991385,405179,chr17:45610951-45610951,PLEKHM1/MAPT
17,45610951,17:45610951:A:G,17,46016261,17:46016261:A:G,0.991385,405310,chr17:45610951-45610951,PLEKHM1/MAPT
17,45610951,17:45610951:A:G,17,46016387,17:46016387:T:G,0.991385,405436,chr17:45610951-45610951,PLEKHM1/MAPT
17,45610951,17:45610951:A:G,17,46016494,17:46016494:A:G,0.991385,405543,chr17:45610951-45610951,PLEKHM1/MAPT
17,45610951,17:45610951:A:G,17,46016598,17:46016598:T:C,0.991385,405647,chr17:45610951-45610951,PLEKHM1/MAPT
17,45610951,17:45610951:A:G,17,46016627,17:46016627:C:T,0.991385,405676,chr17:45610951-45610951,PLEKHM1/MAPT
17,45610951,17:45610951:A:G,17,46016746,17:46016746:A:G,0.991385,405795,chr17:45610951-45610951,PLEKHM1/MAPT
17,45610951,17:45610951:A:G,17,46016767,17:46016767:CA:C,0.991385,405816,chr17:45610951-45610951,PLEKHM1/MAPT
17,45610951,17:45610951:A:G,17,46017008,17:46017008:A:G,0.991385,406057,chr17:45610951-45610951,PLEKHM1/MAPT
17,45610951,17:45610951:A:G,17,46017105,17:46017105:G:A,0.991385,406154,chr17:45610951-45610951,PLEKHM1/MAPT
17,45610951,17:45610951:A:G,17,46017301,17:46017301:C:G,0.991385,406350,chr17:45610951-45610951,PLEKHM1/MAPT
17,45610951,17:45610951:A:G,17,46017505,17:46017505:A:G,0.991385,406554,chr17:45610951-45610951,PLEKHM1/MAPT
17,45610951,17:45610951:A:G,17,46017689,17:46017689:C:A,0.982863,406738,chr17:45610951-45610951,PLEKHM1/MAPT
17,45610951,17:45610951:A:G,17,46017969,17:46017969:C:A,0.991385,407018,chr17:45610951-45610951,PLEKHM1/MAPT
17,45610951,17:45610951:A:G,17,46018101,17:46018101:T:C,0.924956,407150,chr17:45610951-45610951,PLEKHM1/MAPT
17,45610951,17:45610951:A:G,17,46018204,17:46018204:G:A,0.991385,407253,chr17:45610951-45610951,PLEKHM1/MAPT
17,45610951,17:45610951:A:G,17,46018295,17:46018295:T:G,0.991385,407344,chr17:45610951-45610951,PLEKHM1/MAPT
17,45610951,17:45610951:A:G,17,46019120,17:46019120:C:T,0.991385,408169,chr17:45610951-45610951,PLEKHM1/MAPT
17,45610951,17:45610951:A:G,17,46019175,17:46019175:T:G,0.934328,408224,chr17:45610951-45610951,PLEKHM1/MAPT
17,45610951,17:45610951:A:G,17,46019187,17:46019187:G:A,0.932547,408236,chr17:45610951-45610951,PLEKHM1/MAPT
17,45610951,17:45610951:A:G,17,46019869,17:46019869:G:C,0.991385,408918,chr17:45610951-45610951,PLEKHM1/MAPT
17,45610951,17:45610951:A:G,17,46021495,17:46021495:G:T,0.982863,410544,chr17:45610951-45610951,PLEKHM1/MAPT
17,45610951,17:45610951:A:G,17,46021496,17:46021496:A:G,0.982863,410545,chr17:45610951-45610951,PLEKHM1/MAPT
17,45610951,17:45610951:A:G,17,46021601,17:46021601:G:A,0.957192,410650,chr17:45610951-45610951,PLEKHM1/MAPT
17,45610951,17:45610951:A:G,17,46021716,17:46021716:C:T,0.982863,410765,chr17:45610951-45610951,PLEKHM1/MAPT
17,45610951,17:45610951:A:G,17,46021763,17:46021763:C:A,0.982863,410812,chr17:45610951-45610951,PLEKHM1/MAPT
17,45610951,17:45610951:A:G,17,46022303,17:46022303:G:A,0.991385,411352,chr17:45610951-45610951,PLEKHM1/MAPT
17,45610951,17:45610951:A:G,17,46022353,17:46022353:CAAA:C,0.982794,411402,chr17:45610951-45610951,PLEKHM1/MAPT
17,45610951,17:45610951:A:G,17,46022443,17:46022443:A:C,0.991385,411492,chr17:45610951-45610951,PLEKHM1/MAPT
17,45610951,17:45610951:A:G,17,46022461,17:46022461:C:G,0.991385,411510,chr17:45610951-45610951,PLEKHM1/MAPT
17,45610951,17:45610951:A:G,17,46022490,17:46022490:G:GC,0.991385,411539,chr17:45610951-45610951,PLEKHM1/MAPT
17,45610951,17:45610951:A:G,17,46023187,17:46023187:C:A,0.991385,412236,chr17:45610951-45610951,PLEKHM1/MAPT
17,45610951,17:45610951:A:G,17,46023300,17:46023300:A:C,0.991385,412349,chr17:45610951-45610951,PLEKHM1/MAPT
17,45610951,17:45610951:A:G,17,46023540,17:46023540:A:G,0.991385,412589,chr17:45610951-45610951,PLEKHM1/MAPT
17,45610951,17:45610951:A:G,17,46023550,17:46023550:C:T,0.991385,412599,chr17:45610951-45610951,PLEKHM1/MAPT
17,45610951,17:45610951:A:G,17,46023638,17:46023638:A:G,0.991385,412687,chr17:45610951-45610951,PLEKHM1/MAPT
17,45610951,17:45610951:A:G,17,46024197,17:46024197:T:C,0.982751,413246,chr17:45610951-45610951,PLEKHM1/MAPT
17,45610951,17:45610951:A:G,17,46024409,17:46024409:A:AT,0.974061,413458,chr17:45610951-45610951,PLEKHM1/MAPT
17,45610951,17:45610951:A:G,17,46024483,17:46024483:T:TC,0.982751,413532,chr17:45610951-45610951,PLEKHM1/MAPT
17,45610951,17:45610951:A:G,17,46024505,17:46024505:A:G,0.982751,413554,chr17:45610951-45610951,PLEKHM1/MAPT
17,45610951,17:45610951:A:G,17,46025077,17:46025077:C:CCT,0.991385,414126,chr17:45610951-45610951,PLEKHM1/MAPT
17,45610951,17:45610951:A:G,17,46025238,17:46025238:T:C,0.991385,414287,chr17:45610951-45610951,PLEKHM1/MAPT
17,45610951,17:45610951:A:G,17,46025272,17:46025272:A:G,0.991385,414321,chr17:45610951-45610951,PLEKHM1/MAPT
17,45610951,17:45610951:A:G,17,46025323,17:46025323:G:C,0.991385,414372,chr17:45610951-45610951,PLEKHM1/MAPT
17,45610951,17:45610951:A:G,17,46025375,17:46025375:TCA:T,0.991385,414424,chr17:45610951-45610951,PLEKHM1/MAPT
17,45610951,17:45610951:A:G,17,46025499,17:46025499:A:C,0.991385,414548,chr17:45610951-45610951,PLEKHM1/MAPT
17,45610951,17:45610951:A:G,17,46025567,17:46025567:T:C,0.991385,414616,chr17:45610951-45610951,PLEKHM1/MAPT
17,45610951,17:45610951:A:G,17,46025930,17:46025930:T:C,0.991385,414979,chr17:45610951-45610951,PLEKHM1/MAPT
17,45610951,17:45610951:A:G,17,46026088,17:46026088:G:GA,0.933784,415137,chr17:45610951-45610951,PLEKHM1/MAPT
17,45610951,17:45610951:A:G,17,46026250,17:46026250:C:T,0.991385,415299,chr17:45610951-45610951,PLEKHM1/MAPT
17,45610951,17:45610951:A:G,17,46026459,17:46026459:T:C,0.991385,415508,chr17:45610951-45610951,PLEKHM1/MAPT
17,45610951,17:45610951:A:G,17,46026460,17:46026460:G:A,0.991385,415509,chr17:45610951-45610951,PLEKHM1/MAPT
17,45610951,17:45610951:A:G,17,46026561,17:46026561:C:CT,0.991385,415610,chr17:45610951-45610951,PLEKHM1/MAPT
17,45610951,17:45610951:A:G,17,46026912,17:46026912:TG:T,0.991385,415961,chr17:45610951-45610951,PLEKHM1/MAPT
17,45610951,17:45610951:A:G,17,46026977,17:46026977:A:C,0.991385,416026,chr17:45610951-45610951,PLEKHM1/MAPT
17,45610951,17:45610951:A:G,17,46027044,17:46027044:TCTC:T,0.991385,416093,chr17:45610951-45610951,PLEKHM1/MAPT
17,45610951,17:45610951:A:G,17,46027143,17:46027143:T:C,0.991385,416192,chr17:45610951-45610951,PLEKHM1/MAPT
17,45610951,17:45610951:A:G,17,46027210,17:46027210:CCTT:C,0.974508,416259,chr17:45610951-45610951,PLEKHM1/MAPT
17,45610951,17:45610951:A:G,17,46028853,17:46028853:C:T,0.991385,417902,chr17:45610951-45610951,PLEKHM1/MAPT
17,45610951,17:45610951:A:G,17,46028854,17:46028854:A:G,0.982751,417903,chr17:45610951-45610951,PLEKHM1/MAPT
17,45610951,17:45610951:A:G,17,46029149,17:46029149:AAAG:A,0.991385,418198,chr17:45610951-45610951,PLEKHM1/MAPT
17,45610951,17:45610951:A:G,17,46029440,17:46029440:G:A,0.991385,418489,chr17:45610951-45610951,PLEKHM1/MAPT
17,45610951,17:45610951:A:G,17,46029955,17:46029955:CT:C,0.974508,419004,chr17:45610951-45610951,PLEKHM1/MAPT
17,45610951,17:45610951:A:G,17,46030121,17:46030121:GT:G,0.991385,419170,chr17:45610951-45610951,PLEKHM1/MAPT
17,45610951,17:45610951:A:G,17,46030147,17:46030147:GT:G,0.991385,419196,chr17:45610951-45610951,PLEKHM1/MAPT
17,45610951,17:45610951:A:G,17,46030240,17:46030240:A:AT,0.991385,419289,chr17:45610951-45610951,PLEKHM1/MAPT
17,45610951,17:45610951:A:G,17,46030734,17:46030734:C:T,0.991385,419783,chr17:45610951-45610951,PLEKHM1/MAPT
17,45610951,17:45610951:A:G,17,46030836,17:46030836:A:G,0.991385,419885,chr17:45610951-45610951,PLEKHM1/MAPT
17,45610951,17:45610951:A:G,17,46030989,17:46030989:G:A,0.991385,420038,chr17:45610951-45610951,PLEKHM1/MAPT
17,45610951,17:45610951:A:G,17,46031116,17:46031116:A:AGCCCTCT,0.991385,420165,chr17:45610951-45610951,PLEKHM1/MAPT
17,45610951,17:45610951:A:G,17,46031540,17:46031540:A:G,0.991385,420589,chr17:45610951-45610951,PLEKHM1/MAPT
17,45610951,17:45610951:A:G,17,46031822,17:46031822:C:G,0.991385,420871,chr17:45610951-45610951,PLEKHM1/MAPT
17,45610951,17:45610951:A:G,17,46031882,17:46031882:G:A,0.991385,420931,chr17:45610951-45610951,PLEKHM1/MAPT
17,45610951,17:45610951:A:G,17,46032403,17:46032403:C:G,0.991385,421452,chr17:45610951-45610951,PLEKHM1/MAPT
17,45610951,17:45610951:A:G,17,46032905,17:46032905:G:A,0.974508,421954,chr17:45610951-45610951,PLEKHM1/MAPT
17,45610951,17:45610951:A:G,17,46033166,17:46033166:G:A,0.991385,422215,chr17:45610951-45610951,PLEKHM1/MAPT
17,45610951,17:45610951:A:G,17,46033175,17:46033175:G:A,0.991385,422224,chr17:45610951-45610951,PLEKHM1/MAPT
17,45610951,17:45610951:A:G,17,46033304,17:46033304:C:G,0.974508,422353,chr17:45610951-45610951,PLEKHM1/MAPT
17,45610951,17:45610951:A:G,17,46033522,17:46033522:A:T,0.991385,422571,chr17:45610951-45610951,PLEKHM1/MAPT
17,45610951,17:45610951:A:G,17,46033743,17:46033743:A:G,0.991385,422792,chr17:45610951-45610951,PLEKHM1/MAPT
17,45610951,17:45610951:A:G,17,46034247,17:46034247:A:G,0.991385,423296,chr17:45610951-45610951,PLEKHM1/MAPT
17,45610951,17:45610951:A:G,17,46034461,17:46034461:C:A,0.991385,423510,chr17:45610951-45610951,PLEKHM1/MAPT
17,45610951,17:45610951:A:G,17,46035019,17:46035019:A:G,0.991385,424068,chr17:45610951-45610951,PLEKHM1/MAPT
17,45610951,17:45610951:A:G,17,46035075,17:46035075:G:A,0.991385,424124,chr17:45610951-45610951,PLEKHM1/MAPT
17,45610951,17:45610951:A:G,17,46035272,17:46035272:T:C,0.991385,424321,chr17:45610951-45610951,PLEKHM1/MAPT
17,45610951,17:45610951:A:G,17,46035377,17:46035377:C:A,0.991385,424426,chr17:45610951-45610951,PLEKHM1/MAPT
17,45610951,17:45610951:A:G,17,46035831,17:46035831:G:GA,0.991385,424880,chr17:45610951-45610951,PLEKHM1/MAPT
17,45610951,17:45610951:A:G,17,46035858,17:46035858:C:T,0.991385,424907,chr17:45610951-45610951,PLEKHM1/MAPT
17,45610951,17:45610951:A:G,17,46035861,17:46035861:T:TG,0.991385,424910,chr17:45610951-45610951,PLEKHM1/MAPT
17,45610951,17:45610951:A:G,17,46035993,17:46035993:T:C,0.991385,425042,chr17:45610951-45610951,PLEKHM1/MAPT
17,45610951,17:45610951:A:G,17,46036021,17:46036021:ATTT:A,0.966092,425070,chr17:45610951-45610951,PLEKHM1/MAPT
17,45610951,17:45610951:A:G,17,46036027,17:46036027:T:TAAAA,0.966092,425076,chr17:45610951-45610951,PLEKHM1/MAPT
17,45610951,17:45610951:A:G,17,46036053,17:46036053:TC:T,0.991385,425102,chr17:45610951-45610951,PLEKHM1/MAPT
17,45610951,17:45610951:A:G,17,46036125,17:46036125:T:C,0.991385,425174,chr17:45610951-45610951,PLEKHM1/MAPT
17,45610951,17:45610951:A:G,17,46036421,17:46036421:T:TG,0.991385,425470,chr17:45610951-45610951,PLEKHM1/MAPT
17,45610951,17:45610951:A:G,17,46036597,17:46036597:C:T,0.991385,425646,chr17:45610951-45610951,PLEKHM1/MAPT
17,45610951,17:45610951:A:G,17,46036724,17:46036724:CT:C,0.991385,425773,chr17:45610951-45610951,PLEKHM1/MAPT
17,45610951,17:45610951:A:G,17,46036852,17:46036852:T:C,0.991385,425901,chr17:45610951-45610951,PLEKHM1/MAPT
17,45610951,17:45610951:A:G,17,46036996,17:46036996:A:T,0.991385,426045,chr17:45610951-45610951,PLEKHM1/MAPT
17,45610951,17:45610951:A:G,17,46036998,17:46036998:C:A,0.991385,426047,chr17:45610951-45610951,PLEKHM1/MAPT
17,45610951,17:45610951:A:G,17,46037006,17:46037006:T:C,0.991385,426055,chr17:45610951-45610951,PLEKHM1/MAPT
17,45610951,17:45610951:A:G,17,46037066,17:46037066:A:C,0.991385,426115,chr17:45610951-45610951,PLEKHM1/MAPT
17,45610951,17:45610951:A:G,17,46037708,17:46037708:T:C,0.991385,426757,chr17:45610951-45610951,PLEKHM1/MAPT
17,45610951,17:45610951:A:G,17,46037741,17:46037741:C:T,0.991385,426790,chr17:45610951-45610951,PLEKHM1/MAPT
17,45610951,17:45610951:A:G,17,46037985,17:46037985:T:C,0.991385,427034,chr17:45610951-45610951,PLEKHM1/MAPT
17,45610951,17:45610951:A:G,17,46038074,17:46038074:T:C,0.974508,427123,chr17:45610951-45610951,PLEKHM1/MAPT
17,45610951,17:45610951:A:G,17,46038203,17:46038203:C:A,0.991385,427252,chr17:45610951-45610951,PLEKHM1/MAPT
17,45610951,17:45610951:A:G,17,46038364,17:46038364:G:A,0.991385,427413,chr17:45610951-45610951,PLEKHM1/MAPT
17,45610951,17:45610951:A:G,17,46038520,17:46038520:C:T,0.991385,427569,chr17:45610951-45610951,PLEKHM1/MAPT
17,45610951,17:45610951:A:G,17,46038872,17:46038872:G:A,0.991385,427921,chr17:45610951-45610951,PLEKHM1/MAPT
17,45610951,17:45610951:A:G,17,46038946,17:46038946:T:C,0.991385,427995,chr17:45610951-45610951,PLEKHM1/MAPT
17,45610951,17:45610951:A:G,17,46039584,17:46039584:T:G,0.974508,428633,chr17:45610951-45610951,PLEKHM1/MAPT
17,45610951,17:45610951:A:G,17,46039753,17:46039753:A:G,0.991385,428802,chr17:45610951-45610951,PLEKHM1/MAPT
17,45610951,17:45610951:A:G,17,46040031,17:46040031:A:G,0.991385,429080,chr17:45610951-45610951,PLEKHM1/MAPT
17,45610951,17:45610951:A:G,17,46041482,17:46041482:G:A,0.991385,430531,chr17:45610951-45610951,PLEKHM1/MAPT
17,45610951,17:45610951:A:G,17,46041633,17:46041633:A:G,0.991385,430682,chr17:45610951-45610951,PLEKHM1/MAPT
17,45610951,17:45610951:A:G,17,46041876,17:46041876:TTTTGTG:T,0.974293,430925,chr17:45610951-45610951,PLEKHM1/MAPT
17,45610951,17:45610951:A:G,17,46041912,17:46041912:ATATTT:A,0.991385,430961,chr17:45610951-45610951,PLEKHM1/MAPT
17,45610951,17:45610951:A:G,17,46041954,17:46041954:C:T,0.991385,431003,chr17:45610951-45610951,PLEKHM1/MAPT
17,45610951,17:45610951:A:G,17,46042097,17:46042097:C:T,0.991385,431146,chr17:45610951-45610951,PLEKHM1/MAPT
17,45610951,17:45610951:A:G,17,46042108,17:46042108:T:C,0.991385,431157,chr17:45610951-45610951,PLEKHM1/MAPT
17,45610951,17:45610951:A:G,17,46042134,17:46042134:C:CTT,0.991385,431183,chr17:45610951-45610951,PLEKHM1/MAPT
17,45610951,17:45610951:A:G,17,46042270,17:46042270:A:C,0.991385,431319,chr17:45610951-45610951,PLEKHM1/MAPT
17,45610951,17:45610951:A:G,17,46042786,17:46042786:GGAAA:G,0.991385,431835,chr17:45610951-45610951,PLEKHM1/MAPT
17,45610951,17:45610951:A:G,17,46043076,17:46043076:A:G,0.991385,432125,chr17:45610951-45610951,PLEKHM1/MAPT
17,45610951,17:45610951:A:G,17,46043242,17:46043242:A:G,0.991385,432291,chr17:45610951-45610951,PLEKHM1/MAPT
17,45610951,17:45610951:A:G,17,46043990,17:46043990:T:TAAAAA,0.949137,433039,chr17:45610951-45610951,PLEKHM1/MAPT
17,45610951,17:45610951:A:G,17,46044103,17:46044103:C:T,0.991385,433152,chr17:45610951-45610951,PLEKHM1/MAPT
17,45610951,17:45610951:A:G,17,46044551,17:46044551:C:T,0.991385,433600,chr17:45610951-45610951,PLEKHM1/MAPT
17,45610951,17:45610951:A:G,17,46044979,17:46044979:A:G,0.991385,434028,chr17:45610951-45610951,PLEKHM1/MAPT
17,45610951,17:45610951:A:G,17,46044982,17:46044982:C:T,0.991385,434031,chr17:45610951-45610951,PLEKHM1/MAPT
17,45610951,17:45610951:A:G,17,46044988,17:46044988:A:G,0.991385,434037,chr17:45610951-45610951,PLEKHM1/MAPT
17,45610951,17:45610951:A:G,17,46045118,17:46045118:C:T,0.991385,434167,chr17:45610951-45610951,PLEKHM1/MAPT
17,45610951,17:45610951:A:G,17,46045260,17:46045260:C:A,0.991385,434309,chr17:45610951-45610951,PLEKHM1/MAPT
17,45610951,17:45610951:A:G,17,46045530,17:46045530:G:A,0.991385,434579,chr17:45610951-45610951,PLEKHM1/MAPT
17,45610951,17:45610951:A:G,17,46045882,17:46045882:T:C,0.991385,434931,chr17:45610951-45610951,PLEKHM1/MAPT
17,45610951,17:45610951:A:G,17,46046319,17:46046319:G:A,0.991385,435368,chr17:45610951-45610951,PLEKHM1/MAPT
17,45610951,17:45610951:A:G,17,46046351,17:46046351:C:T,0.991385,435400,chr17:45610951-45610951,PLEKHM1/MAPT
17,45610951,17:45610951:A:G,17,46046528,17:46046528:CAAAAAA:C,0.832959,435577,chr17:45610951-45610951,PLEKHM1/MAPT
17,45610951,17:45610951:A:G,17,46047169,17:46047169:T:C,0.991385,436218,chr17:45610951-45610951,PLEKHM1/MAPT
17,45610951,17:45610951:A:G,17,46047471,17:46047471:A:G,0.991385,436520,chr17:45610951-45610951,PLEKHM1/MAPT
17,45610951,17:45610951:A:G,17,46047700,17:46047700:C:T,0.991385,436749,chr17:45610951-45610951,PLEKHM1/MAPT
17,45610951,17:45610951:A:G,17,46047802,17:46047802:TAAA:T,0.966092,436851,chr17:45610951-45610951,PLEKHM1/MAPT
17,45610951,17:45610951:A:G,17,46047911,17:46047911:CT:C,0.857982,436960,chr17:45610951-45610951,PLEKHM1/MAPT
17,45610951,17:45610951:A:G,17,46048118,17:46048118:T:G,0.991385,437167,chr17:45610951-45610951,PLEKHM1/MAPT
17,45610951,17:45610951:A:G,17,46048338,17:46048338:C:T,0.991385,437387,chr17:45610951-45610951,PLEKHM1/MAPT
17,45610951,17:45610951:A:G,17,46048852,17:46048852:G:A,0.991385,437901,chr17:45610951-45610951,PLEKHM1/MAPT
17,45610951,17:45610951:A:G,17,46048999,17:46048999:C:T,0.974508,438048,chr17:45610951-45610951,PLEKHM1/MAPT
17,45610951,17:45610951:A:G,17,46049107,17:46049107:AG:A,0.974508,438156,chr17:45610951-45610951,PLEKHM1/MAPT
17,45610951,17:45610951:A:G,17,46049111,17:46049111:G:A,0.974508,438160,chr17:45610951-45610951,PLEKHM1/MAPT
17,45610951,17:45610951:A:G,17,46049112,17:46049112:T:C,0.974508,438161,chr17:45610951-45610951,PLEKHM1/MAPT
17,45610951,17:45610951:A:G,17,46049209,17:46049209:C:T,0.991385,438258,chr17:45610951-45610951,PLEKHM1/MAPT
17,45610951,17:45610951:A:G,17,46049284,17:46049284:C:T,0.991385,438333,chr17:45610951-45610951,PLEKHM1/MAPT
17,45610951,17:45610951:A:G,17,46049307,17:46049307:A:G,0.991385,438356,chr17:45610951-45610951,PLEKHM1/MAPT
17,45610951,17:45610951:A:G,17,46049325,17:46049325:G:A,0.991385,438374,chr17:45610951-45610951,PLEKHM1/MAPT
17,45610951,17:45610951:A:G,17,46049399,17:46049399:C:A,0.876892,438448,chr17:45610951-45610951,PLEKHM1/MAPT
17,45610951,17:45610951:A:G,17,46049611,17:46049611:G:C,0.982863,438660,chr17:45610951-45610951,PLEKHM1/MAPT
17,45610951,17:45610951:A:G,17,46049919,17:46049919:CTT:C,0.991385,438968,chr17:45610951-45610951,PLEKHM1/MAPT
17,45610951,17:45610951:A:G,17,46050105,17:46050105:GTGGTTTCAC:G,0.991385,439154,chr17:45610951-45610951,PLEKHM1/MAPT
17,45610951,17:45610951:A:G,17,46050759,17:46050759:A:C,0.991385,439808,chr17:45610951-45610951,PLEKHM1/MAPT
17,45610951,17:45610951:A:G,17,46051041,17:46051041:C:A,0.991385,440090,chr17:45610951-45610951,PLEKHM1/MAPT
17,45610951,17:45610951:A:G,17,46051388,17:46051388:G:GA,0.991385,440437,chr17:45610951-45610951,PLEKHM1/MAPT
17,45610951,17:45610951:A:G,17,46051510,17:46051510:T:A,0.991385,440559,chr17:45610951-45610951,PLEKHM1/MAPT
17,45610951,17:45610951:A:G,17,46051887,17:46051887:T:C,0.991385,440936,chr17:45610951-45610951,PLEKHM1/MAPT
17,45610951,17:45610951:A:G,17,46052032,17:46052032:G:GA,0.982863,441081,chr17:45610951-45610951,PLEKHM1/MAPT
17,45610951,17:45610951:A:G,17,46052434,17:46052434:G:A,0.991385,441483,chr17:45610951-45610951,PLEKHM1/MAPT
17,45610951,17:45610951:A:G,17,46052519,17:46052519:C:T,0.991385,441568,chr17:45610951-45610951,PLEKHM1/MAPT
17,45610951,17:45610951:A:G,17,46052583,17:46052583:C:G,0.991385,441632,chr17:45610951-45610951,PLEKHM1/MAPT
17,45610951,17:45610951:A:G,17,46052631,17:46052631:AAAC:A,0.991385,441680,chr17:45610951-45610951,PLEKHM1/MAPT
17,45610951,17:45610951:A:G,17,46052794,17:46052794:TAAA:T,0.982863,441843,chr17:45610951-45610951,PLEKHM1/MAPT
17,45610951,17:45610951:A:G,17,46053221,17:46053221:T:G,0.991385,442270,chr17:45610951-45610951,PLEKHM1/MAPT
17,45610951,17:45610951:A:G,17,46053302,17:46053302:T:A,0.991385,442351,chr17:45610951-45610951,PLEKHM1/MAPT
17,45610951,17:45610951:A:G,17,46053512,17:46053512:A:G,0.991385,442561,chr17:45610951-45610951,PLEKHM1/MAPT
17,45610951,17:45610951:A:G,17,46053558,17:46053558:A:T,0.991385,442607,chr17:45610951-45610951,PLEKHM1/MAPT
17,45610951,17:45610951:A:G,17,46053656,17:46053656:T:C,0.991385,442705,chr17:45610951-45610951,PLEKHM1/MAPT
17,45610951,17:45610951:A:G,17,46054193,17:46054193:C:A,0.991385,443242,chr17:45610951-45610951,PLEKHM1/MAPT
17,45610951,17:45610951:A:G,17,46054226,17:46054226:A:G,0.991385,443275,chr17:45610951-45610951,PLEKHM1/MAPT
17,45610951,17:45610951:A:G,17,46054256,17:46054256:G:A,0.982863,443305,chr17:45610951-45610951,PLEKHM1/MAPT
17,45610951,17:45610951:A:G,17,46054351,17:46054351:G:A,0.991385,443400,chr17:45610951-45610951,PLEKHM1/MAPT
17,45610951,17:45610951:A:G,17,46054432,17:46054432:C:T,0.991385,443481,chr17:45610951-45610951,PLEKHM1/MAPT
17,45610951,17:45610951:A:G,17,46054855,17:46054855:C:CTT,0.991385,443904,chr17:45610951-45610951,PLEKHM1/MAPT
17,45610951,17:45610951:A:G,17,46054903,17:46054903:T:C,0.991385,443952,chr17:45610951-45610951,PLEKHM1/MAPT
17,45610951,17:45610951:A:G,17,46055013,17:46055013:A:G,0.991385,444062,chr17:45610951-45610951,PLEKHM1/MAPT
17,45610951,17:45610951:A:G,17,46055092,17:46055092:G:A,0.991385,444141,chr17:45610951-45610951,PLEKHM1/MAPT
17,45610951,17:45610951:A:G,17,46055226,17:46055226:A:G,0.991385,444275,chr17:45610951-45610951,PLEKHM1/MAPT
17,45610951,17:45610951:A:G,17,46055465,17:46055465:C:CA,0.991385,444514,chr17:45610951-45610951,PLEKHM1/MAPT
17,45610951,17:45610951:A:G,17,46055521,17:46055521:C:T,0.991385,444570,chr17:45610951-45610951,PLEKHM1/MAPT
17,45610951,17:45610951:A:G,17,46055665,17:46055665:T:A,0.991385,444714,chr17:45610951-45610951,PLEKHM1/MAPT
17,45610951,17:45610951:A:G,17,46055704,17:46055704:A:T,0.991385,444753,chr17:45610951-45610951,PLEKHM1/MAPT
17,45610951,17:45610951:A:G,17,46055776,17:46055776:G:A,0.991385,444825,chr17:45610951-45610951,PLEKHM1/MAPT
17,45610951,17:45610951:A:G,17,46055796,17:46055796:A:C,0.991385,444845,chr17:45610951-45610951,PLEKHM1/MAPT
17,45610951,17:45610951:A:G,17,46056030,17:46056030:G:A,0.991385,445079,chr17:45610951-45610951,PLEKHM1/MAPT
17,45610951,17:45610951:A:G,17,46056037,17:46056037:T:C,0.991385,445086,chr17:45610951-45610951,PLEKHM1/MAPT
17,45610951,17:45610951:A:G,17,46056168,17:46056168:C:T,0.991385,445217,chr17:45610951-45610951,PLEKHM1/MAPT
17,45610951,17:45610951:A:G,17,46056267,17:46056267:A:G,0.991385,445316,chr17:45610951-45610951,PLEKHM1/MAPT
17,45610951,17:45610951:A:G,17,46056282,17:46056282:A:C,0.991385,445331,chr17:45610951-45610951,PLEKHM1/MAPT
17,45610951,17:45610951:A:G,17,46056452,17:46056452:TA:T,0.991385,445501,chr17:45610951-45610951,PLEKHM1/MAPT
17,45610951,17:45610951:A:G,17,46056571,17:46056571:G:GT,0.95784,445620,chr17:45610951-45610951,PLEKHM1/MAPT
17,45610951,17:45610951:A:G,17,46056584,17:46056584:CTGATAGAAC:C,0.991385,445633,chr17:45610951-45610951,PLEKHM1/MAPT
17,45610951,17:45610951:A:G,17,46056729,17:46056729:A:G,0.991385,445778,chr17:45610951-45610951,PLEKHM1/MAPT
17,45610951,17:45610951:A:G,17,46057025,17:46057025:G:T,0.991385,446074,chr17:45610951-45610951,PLEKHM1/MAPT
17,45610951,17:45610951:A:G,17,46057544,17:46057544:G:A,0.991385,446593,chr17:45610951-45610951,PLEKHM1/MAPT
17,45610951,17:45610951:A:G,17,46057618,17:46057618:G:A,0.991385,446667,chr17:45610951-45610951,PLEKHM1/MAPT
17,45610951,17:45610951:A:G,17,46057660,17:46057660:G:C,0.991385,446709,chr17:45610951-45610951,PLEKHM1/MAPT
17,45610951,17:45610951:A:G,17,46057993,17:46057993:T:C,0.991385,447042,chr17:45610951-45610951,PLEKHM1/MAPT
17,45610951,17:45610951:A:G,17,46058461,17:46058461:G:A,0.991385,447510,chr17:45610951-45610951,PLEKHM1/MAPT
17,45610951,17:45610951:A:G,17,46058619,17:46058619:A:G,0.991385,447668,chr17:45610951-45610951,PLEKHM1/MAPT
17,45610951,17:45610951:A:G,17,46059059,17:46059059:AAAG:A,0.991385,448108,chr17:45610951-45610951,PLEKHM1/MAPT
17,45610951,17:45610951:A:G,17,46059211,17:46059211:A:C,0.991385,448260,chr17:45610951-45610951,PLEKHM1/MAPT
17,45610951,17:45610951:A:G,17,46059268,17:46059268:G:A,0.991385,448317,chr17:45610951-45610951,PLEKHM1/MAPT
17,45610951,17:45610951:A:G,17,46059397,17:46059397:C:T,0.991385,448446,chr17:45610951-45610951,PLEKHM1/MAPT
17,45610951,17:45610951:A:G,17,46059437,17:46059437:G:T,0.991385,448486,chr17:45610951-45610951,PLEKHM1/MAPT
17,45610951,17:45610951:A:G,17,46059643,17:46059643:AAAAAAGAG:A,0.991385,448692,chr17:45610951-45610951,PLEKHM1/MAPT
17,45610951,17:45610951:A:G,17,46059704,17:46059704:A:G,0.991385,448753,chr17:45610951-45610951,PLEKHM1/MAPT
17,45610951,17:45610951:A:G,17,46059823,17:46059823:A:T,0.991385,448872,chr17:45610951-45610951,PLEKHM1/MAPT
17,45610951,17:45610951:A:G,17,46059945,17:46059945:G:A,0.991385,448994,chr17:45610951-45610951,PLEKHM1/MAPT
17,45610951,17:45610951:A:G,17,46060020,17:46060020:T:TAA,0.982971,449069,chr17:45610951-45610951,PLEKHM1/MAPT
17,45610951,17:45610951:A:G,17,46060310,17:46060310:A:T,0.991385,449359,chr17:45610951-45610951,PLEKHM1/MAPT
17,45610951,17:45610951:A:G,17,46060312,17:46060312:G:A,0.991385,449361,chr17:45610951-45610951,PLEKHM1/MAPT
17,45610951,17:45610951:A:G,17,46060559,17:46060559:T:C,0.991385,449608,chr17:45610951-45610951,PLEKHM1/MAPT
17,45610951,17:45610951:A:G,17,46060835,17:46060835:T:C,0.974508,449884,chr17:45610951-45610951,PLEKHM1/MAPT
17,45610951,17:45610951:A:G,17,46061011,17:46061011:G:GA,0.991385,450060,chr17:45610951-45610951,PLEKHM1/MAPT
17,45610951,17:45610951:A:G,17,46061717,17:46061717:G:C,0.991385,450766,chr17:45610951-45610951,PLEKHM1/MAPT
17,45610951,17:45610951:A:G,17,46061824,17:46061824:G:C,0.991385,450873,chr17:45610951-45610951,PLEKHM1/MAPT
17,45610951,17:45610951:A:G,17,46062125,17:46062125:A:C,0.893529,451174,chr17:45610951-45610951,PLEKHM1/MAPT
17,45610951,17:45610951:A:G,17,46062296,17:46062296:C:T,0.991385,451345,chr17:45610951-45610951,PLEKHM1/MAPT
17,45610951,17:45610951:A:G,17,46062396,17:46062396:C:G,0.982863,451445,chr17:45610951-45610951,PLEKHM1/MAPT
17,45610951,17:45610951:A:G,17,46062975,17:46062975:G:A,0.991385,452024,chr17:45610951-45610951,PLEKHM1/MAPT
17,45610951,17:45610951:A:G,17,46063911,17:46063911:TTAA:T,0.982863,452960,chr17:45610951-45610951,PLEKHM1/MAPT
17,45610951,17:45610951:A:G,17,46063981,17:46063981:A:G,0.991385,453030,chr17:45610951-45610951,PLEKHM1/MAPT
17,45610951,17:45610951:A:G,17,46064053,17:46064053:TAAAA:T,0.991385,453102,chr17:45610951-45610951,PLEKHM1/MAPT
17,45610951,17:45610951:A:G,17,46064072,17:46064072:CA:C,0.991385,453121,chr17:45610951-45610951,PLEKHM1/MAPT
17,45610951,17:45610951:A:G,17,46064366,17:46064366:G:A,0.991385,453415,chr17:45610951-45610951,PLEKHM1/MAPT
17,45610951,17:45610951:A:G,17,46064589,17:46064589:T:A,0.991385,453638,chr17:45610951-45610951,PLEKHM1/MAPT
17,45610951,17:45610951:A:G,17,46064755,17:46064755:G:A,0.991385,453804,chr17:45610951-45610951,PLEKHM1/MAPT
17,45610951,17:45610951:A:G,17,46064865,17:46064865:T:TA,0.991385,453914,chr17:45610951-45610951,PLEKHM1/MAPT
17,45610951,17:45610951:A:G,17,46064966,17:46064966:T:G,0.991385,454015,chr17:45610951-45610951,PLEKHM1/MAPT
17,45610951,17:45610951:A:G,17,46064968,17:46064968:G:T,0.991385,454017,chr17:45610951-45610951,PLEKHM1/MAPT
17,45610951,17:45610951:A:G,17,46065061,17:46065061:A:G,0.991385,454110,chr17:45610951-45610951,PLEKHM1/MAPT
17,45610951,17:45610951:A:G,17,46065125,17:46065125:C:CCA,0.991385,454174,chr17:45610951-45610951,PLEKHM1/MAPT
17,45610951,17:45610951:A:G,17,46065136,17:46065136:C:CTT,0.966116,454185,chr17:45610951-45610951,PLEKHM1/MAPT
17,45610951,17:45610951:A:G,17,46065200,17:46065200:C:T,0.991385,454249,chr17:45610951-45610951,PLEKHM1/MAPT
17,45610951,17:45610951:A:G,17,46065297,17:46065297:C:T,0.991385,454346,chr17:45610951-45610951,PLEKHM1/MAPT
17,45610951,17:45610951:A:G,17,46065513,17:46065513:C:T,0.991385,454562,chr17:45610951-45610951,PLEKHM1/MAPT
17,45610951,17:45610951:A:G,17,46065663,17:46065663:G:T,0.991385,454712,chr17:45610951-45610951,PLEKHM1/MAPT
17,45610951,17:45610951:A:G,17,46065978,17:46065978:G:A,0.991385,455027,chr17:45610951-45610951,PLEKHM1/MAPT
17,45610951,17:45610951:A:G,17,46066118,17:46066118:G:A,0.991385,455167,chr17:45610951-45610951,PLEKHM1/MAPT
17,45610951,17:45610951:A:G,17,46066786,17:46066786:T:C,0.991385,455835,chr17:45610951-45610951,PLEKHM1/MAPT
17,45610951,17:45610951:A:G,17,46066885,17:46066885:G:T,0.991385,455934,chr17:45610951-45610951,PLEKHM1/MAPT
17,45610951,17:45610951:A:G,17,46066979,17:46066979:A:G,0.991385,456028,chr17:45610951-45610951,PLEKHM1/MAPT
17,45610951,17:45610951:A:G,17,46067021,17:46067021:C:A,0.991385,456070,chr17:45610951-45610951,PLEKHM1/MAPT
17,45610951,17:45610951:A:G,17,46067268,17:46067268:G:A,0.991385,456317,chr17:45610951-45610951,PLEKHM1/MAPT
17,45610951,17:45610951:A:G,17,46068007,17:46068007:T:C,0.991385,457056,chr17:45610951-45610951,PLEKHM1/MAPT
17,45610951,17:45610951:A:G,17,46068146,17:46068146:CAAG:C,0.991385,457195,chr17:45610951-45610951,PLEKHM1/MAPT
17,45610951,17:45610951:A:G,17,46068226,17:46068226:A:G,0.991385,457275,chr17:45610951-45610951,PLEKHM1/MAPT
17,45610951,17:45610951:A:G,17,46068494,17:46068494:A:G,0.991385,457543,chr17:45610951-45610951,PLEKHM1/MAPT
17,45610951,17:45610951:A:G,17,46068799,17:46068799:C:G,0.991385,457848,chr17:45610951-45610951,PLEKHM1/MAPT
17,45610951,17:45610951:A:G,17,46068970,17:46068970:A:C,0.991385,458019,chr17:45610951-45610951,PLEKHM1/MAPT
17,45610951,17:45610951:A:G,17,46068991,17:46068991:T:C,0.991385,458040,chr17:45610951-45610951,PLEKHM1/MAPT
17,45610951,17:45610951:A:G,17,46069085,17:46069085:T:C,0.991385,458134,chr17:45610951-45610951,PLEKHM1/MAPT
17,45610951,17:45610951:A:G,17,46069201,17:46069201:T:C,0.991385,458250,chr17:45610951-45610951,PLEKHM1/MAPT
17,45610951,17:45610951:A:G,17,46070045,17:46070045:G:A,0.991385,459094,chr17:45610951-45610951,PLEKHM1/MAPT
17,45610951,17:45610951:A:G,17,46070145,17:46070145:G:C,0.991385,459194,chr17:45610951-45610951,PLEKHM1/MAPT
17,45610951,17:45610951:A:G,17,46070208,17:46070208:G:A,0.991385,459257,chr17:45610951-45610951,PLEKHM1/MAPT
17,45610951,17:45610951:A:G,17,46070233,17:46070233:G:C,0.991385,459282,chr17:45610951-45610951,PLEKHM1/MAPT
17,45610951,17:45610951:A:G,17,46070355,17:46070355:C:T,0.991385,459404,chr17:45610951-45610951,PLEKHM1/MAPT
17,45610951,17:45610951:A:G,17,46070901,17:46070901:C:T,0.991385,459950,chr17:45610951-45610951,PLEKHM1/MAPT
17,45610951,17:45610951:A:G,17,46071247,17:46071247:G:A,0.991385,460296,chr17:45610951-45610951,PLEKHM1/MAPT
17,45610951,17:45610951:A:G,17,46071308,17:46071308:A:G,0.991385,460357,chr17:45610951-45610951,PLEKHM1/MAPT
17,45610951,17:45610951:A:G,17,46071844,17:46071844:G:GA,0.982863,460893,chr17:45610951-45610951,PLEKHM1/MAPT
17,45610951,17:45610951:A:G,17,46071931,17:46071931:A:C,0.982863,460980,chr17:45610951-45610951,PLEKHM1/MAPT
17,45610951,17:45610951:A:G,17,46071981,17:46071981:CA:C,0.965884,461030,chr17:45610951-45610951,PLEKHM1/MAPT
17,45610951,17:45610951:A:G,17,46071986,17:46071986:C:G,0.974498,461035,chr17:45610951-45610951,PLEKHM1/MAPT
17,45610951,17:45610951:A:G,17,46071987,17:46071987:T:C,0.982971,461036,chr17:45610951-45610951,PLEKHM1/MAPT
17,45610951,17:45610951:A:G,17,46072082,17:46072082:C:G,0.991385,461131,chr17:45610951-45610951,PLEKHM1/MAPT
17,45610951,17:45610951:A:G,17,46072171,17:46072171:C:G,0.991385,461220,chr17:45610951-45610951,PLEKHM1/MAPT
17,45610951,17:45610951:A:G,17,46072215,17:46072215:C:T,0.991385,461264,chr17:45610951-45610951,PLEKHM1/MAPT
17,45610951,17:45610951:A:G,17,46072375,17:46072375:G:A,0.991385,461424,chr17:45610951-45610951,PLEKHM1/MAPT
17,45610951,17:45610951:A:G,17,46072676,17:46072676:T:C,0.991385,461725,chr17:45610951-45610951,PLEKHM1/MAPT
17,45610951,17:45610951:A:G,17,46072786,17:46072786:A:T,0.991385,461835,chr17:45610951-45610951,PLEKHM1/MAPT
17,45610951,17:45610951:A:G,17,46072795,17:46072795:T:G,0.974508,461844,chr17:45610951-45610951,PLEKHM1/MAPT
17,45610951,17:45610951:A:G,17,46072797,17:46072797:T:G,0.991385,461846,chr17:45610951-45610951,PLEKHM1/MAPT
17,45610951,17:45610951:A:G,17,46072867,17:46072867:G:A,0.991385,461916,chr17:45610951-45610951,PLEKHM1/MAPT
17,45610951,17:45610951:A:G,17,46073098,17:46073098:T:C,0.991385,462147,chr17:45610951-45610951,PLEKHM1/MAPT
17,45610951,17:45610951:A:G,17,46073114,17:46073114:A:T,0.991385,462163,chr17:45610951-45610951,PLEKHM1/MAPT
17,45610951,17:45610951:A:G,17,46073554,17:46073554:T:C,0.991385,462603,chr17:45610951-45610951,PLEKHM1/MAPT
17,45610951,17:45610951:A:G,17,46073790,17:46073790:T:C,0.991385,462839,chr17:45610951-45610951,PLEKHM1/MAPT
17,45610951,17:45610951:A:G,17,46074180,17:46074180:T:G,0.974508,463229,chr17:45610951-45610951,PLEKHM1/MAPT
17,45610951,17:45610951:A:G,17,46074301,17:46074301:A:G,0.991385,463350,chr17:45610951-45610951,PLEKHM1/MAPT
17,45610951,17:45610951:A:G,17,46074331,17:46074331:A:T,0.991385,463380,chr17:45610951-45610951,PLEKHM1/MAPT
17,45610951,17:45610951:A:G,17,46074603,17:46074603:C:CA,0.991385,463652,chr17:45610951-45610951,PLEKHM1/MAPT
17,45610951,17:45610951:A:G,17,46074763,17:46074765:CTAAATAAAT:C,0.982794,463812,chr17:45610951-45610951,PLEKHM1/MAPT
17,45610951,17:45610951:A:G,17,46075024,17:46075024:C:T,0.991385,464073,chr17:45610951-45610951,PLEKHM1/MAPT
17,45610951,17:45610951:A:G,17,46075081,17:46075081:G:A,0.991385,464130,chr17:45610951-45610951,PLEKHM1/MAPT
17,45610951,17:45610951:A:G,17,46075340,17:46075340:ACACT:A,0.991385,464389,chr17:45610951-45610951,PLEKHM1/MAPT
17,45610951,17:45610951:A:G,17,46075370,17:46075370:G:GCT,0.991385,464419,chr17:45610951-45610951,PLEKHM1/MAPT
17,45610951,17:45610951:A:G,17,46075394,17:46075394:T:G,0.991385,464443,chr17:45610951-45610951,PLEKHM1/MAPT
17,45610951,17:45610951:A:G,17,46075446,17:46075446:T:TGAACCCAAG,0.991385,464495,chr17:45610951-45610951,PLEKHM1/MAPT
17,45610951,17:45610951:A:G,17,46075778,17:46075778:A:G,0.991385,464827,chr17:45610951-45610951,PLEKHM1/MAPT
17,45610951,17:45610951:A:G,17,46075861,17:46075861:A:G,0.991385,464910,chr17:45610951-45610951,PLEKHM1/MAPT
17,45610951,17:45610951:A:G,17,46075892,17:46075892:A:G,0.991385,464941,chr17:45610951-45610951,PLEKHM1/MAPT
17,45610951,17:45610951:A:G,17,46076020,17:46076020:A:T,0.991385,465069,chr17:45610951-45610951,PLEKHM1/MAPT
17,45610951,17:45610951:A:G,17,46076241,17:46076241:T:A,0.991385,465290,chr17:45610951-45610951,PLEKHM1/MAPT
17,45610951,17:45610951:A:G,17,46076260,17:46076260:C:T,0.991385,465309,chr17:45610951-45610951,PLEKHM1/MAPT
17,45610951,17:45610951:A:G,17,46076495,17:46076495:CAAA:C,0.982794,465544,chr17:45610951-45610951,PLEKHM1/MAPT
17,45610951,17:45610951:A:G,17,46076611,HGSV_217289,0.8823,465660,chr17:45610951-45610951,PLEKHM1/MAPT
17,45610951,17:45610951:A:G,17,46077027,17:46077027:A:G,0.991385,466076,chr17:45610951-45610951,PLEKHM1/MAPT
17,45610951,17:45610951:A:G,17,46077095,17:46077095:A:C,0.991385,466144,chr17:45610951-45610951,PLEKHM1/MAPT
17,45610951,17:45610951:A:G,17,46077241,17:46077241:T:C,0.991385,466290,chr17:45610951-45610951,PLEKHM1/MAPT
17,45610951,17:45610951:A:G,17,46077580,17:46077580:C:T,0.991385,466629,chr17:45610951-45610951,PLEKHM1/MAPT
17,45610951,17:45610951:A:G,17,46077791,17:46077791:C:T,0.991385,466840,chr17:45610951-45610951,PLEKHM1/MAPT
17,45610951,17:45610951:A:G,17,46077933,17:46077933:CT:C,0.991385,466982,chr17:45610951-45610951,PLEKHM1/MAPT
17,45610951,17:45610951:A:G,17,46078341,17:46078341:C:T,0.991385,467390,chr17:45610951-45610951,PLEKHM1/MAPT
17,45610951,17:45610951:A:G,17,46078366,17:46078366:C:T,0.974508,467415,chr17:45610951-45610951,PLEKHM1/MAPT
17,45610951,17:45610951:A:G,17,46078559,17:46078559:TACAA:T,0.991385,467608,chr17:45610951-45610951,PLEKHM1/MAPT
17,45610951,17:45610951:A:G,17,46078766,17:46078766:T:TTTA,0.991385,467815,chr17:45610951-45610951,PLEKHM1/MAPT
17,45610951,17:45610951:A:G,17,46078801,17:46078801:G:A,0.991385,467850,chr17:45610951-45610951,PLEKHM1/MAPT
17,45610951,17:45610951:A:G,17,46078814,17:46078814:A:G,0.991385,467863,chr17:45610951-45610951,PLEKHM1/MAPT
17,45610951,17:45610951:A:G,17,46078815,17:46078815:T:A,0.991385,467864,chr17:45610951-45610951,PLEKHM1/MAPT
17,45610951,17:45610951:A:G,17,46079035,17:46079035:T:TA,0.991385,468084,chr17:45610951-45610951,PLEKHM1/MAPT
17,45610951,17:45610951:A:G,17,46080231,17:46080231:A:G,0.991385,469280,chr17:45610951-45610951,PLEKHM1/MAPT
17,45610951,17:45610951:A:G,17,46080256,17:46080256:T:G,0.991385,469305,chr17:45610951-45610951,PLEKHM1/MAPT
17,45610951,17:45610951:A:G,17,46080310,17:46080310:CT:C,0.884879,469359,chr17:45610951-45610951,PLEKHM1/MAPT
17,45610951,17:45610951:A:G,17,46080616,17:46080616:A:T,0.991385,469665,chr17:45610951-45610951,PLEKHM1/MAPT
17,45610951,17:45610951:A:G,17,46080626,17:46080626:T:C,0.991385,469675,chr17:45610951-45610951,PLEKHM1/MAPT
17,45610951,17:45610951:A:G,17,46081736,17:46081736:C:T,0.991385,470785,chr17:45610951-45610951,PLEKHM1/MAPT
17,45610951,17:45610951:A:G,17,46082189,17:46082189:C:A,0.991385,471238,chr17:45610951-45610951,PLEKHM1/MAPT
17,45610951,17:45610951:A:G,17,46082265,17:46082265:T:G,0.991385,471314,chr17:45610951-45610951,PLEKHM1/MAPT
17,45610951,17:45610951:A:G,17,46082306,17:46082306:A:G,0.991385,471355,chr17:45610951-45610951,PLEKHM1/MAPT
17,45610951,17:45610951:A:G,17,46082329,17:46082329:C:T,0.991385,471378,chr17:45610951-45610951,PLEKHM1/MAPT
17,45610951,17:45610951:A:G,17,46082359,17:46082359:C:T,0.991385,471408,chr17:45610951-45610951,PLEKHM1/MAPT
17,45610951,17:45610951:A:G,17,46082483,17:46082483:T:C,0.991385,471532,chr17:45610951-45610951,PLEKHM1/MAPT
17,45610951,17:45610951:A:G,17,46082622,17:46082622:G:A,0.991385,471671,chr17:45610951-45610951,PLEKHM1/MAPT
17,45610951,17:45610951:A:G,17,46082684,17:46082684:G:A,0.991385,471733,chr17:45610951-45610951,PLEKHM1/MAPT
17,45610951,17:45610951:A:G,17,46083226,17:46083226:G:A,0.991385,472275,chr17:45610951-45610951,PLEKHM1/MAPT
17,45610951,17:45610951:A:G,17,46083308,17:46083308:G:C,0.991385,472357,chr17:45610951-45610951,PLEKHM1/MAPT
17,45610951,17:45610951:A:G,17,46083725,17:46083725:GCTCCCCTGG:G,0.991385,472774,chr17:45610951-45610951,PLEKHM1/MAPT
17,45610951,17:45610951:A:G,17,46083780,17:46083780:T:G,0.991385,472829,chr17:45610951-45610951,PLEKHM1/MAPT
17,45610951,17:45610951:A:G,17,46083936,17:46083936:A:G,0.991385,472985,chr17:45610951-45610951,PLEKHM1/MAPT
17,45610951,17:45610951:A:G,17,46083994,17:46083994:A:T,0.991385,473043,chr17:45610951-45610951,PLEKHM1/MAPT
17,45610951,17:45610951:A:G,17,46084104,17:46084104:A:C,0.991385,473153,chr17:45610951-45610951,PLEKHM1/MAPT
17,45610951,17:45610951:A:G,17,46084112,17:46084112:CTCACACCTG:C,0.991385,473161,chr17:45610951-45610951,PLEKHM1/MAPT
17,45610951,17:45610951:A:G,17,46084381,17:46084381:C:CCAACAA,0.974293,473430,chr17:45610951-45610951,PLEKHM1/MAPT
17,45610951,17:45610951:A:G,17,46084494,17:46084494:C:T,0.991385,473543,chr17:45610951-45610951,PLEKHM1/MAPT
17,45610951,17:45610951:A:G,17,46084509,17:46084509:A:C,0.991385,473558,chr17:45610951-45610951,PLEKHM1/MAPT
17,45610951,17:45610951:A:G,17,46084619,17:46084619:T:G,0.991385,473668,chr17:45610951-45610951,PLEKHM1/MAPT
17,45610951,17:45610951:A:G,17,46084690,17:46084690:T:A,0.982863,473739,chr17:45610951-45610951,PLEKHM1/MAPT
17,45610951,17:45610951:A:G,17,46084697,17:46084698:TAAAA:T,0.933464,473746,chr17:45610951-45610951,PLEKHM1/MAPT
17,45610951,17:45610951:A:G,17,46084918,17:46084918:T:C,0.991385,473967,chr17:45610951-45610951,PLEKHM1/MAPT
17,45610951,17:45610951:A:G,17,46085231,17:46085231:C:A,0.974508,474280,chr17:45610951-45610951,PLEKHM1/MAPT
17,45610951,17:45610951:A:G,17,46086045,17:46086045:T:C,0.991385,475094,chr17:45610951-45610951,PLEKHM1/MAPT
17,45610951,17:45610951:A:G,17,46086181,17:46086181:ACG:A,0.991385,475230,chr17:45610951-45610951,PLEKHM1/MAPT
17,45610951,17:45610951:A:G,17,46086185,17:46086185:AGT:A,0.991385,475234,chr17:45610951-45610951,PLEKHM1/MAPT
17,45610951,17:45610951:A:G,17,46086724,17:46086724:G:C,0.991385,475773,chr17:45610951-45610951,PLEKHM1/MAPT
17,45610951,17:45610951:A:G,17,46086767,17:46086767:G:A,0.991385,475816,chr17:45610951-45610951,PLEKHM1/MAPT
17,45610951,17:45610951:A:G,17,46086957,17:46086957:G:A,0.991385,476006,chr17:45610951-45610951,PLEKHM1/MAPT
17,45610951,17:45610951:A:G,17,46087683,17:46087683:A:G,0.991385,476732,chr17:45610951-45610951,PLEKHM1/MAPT
17,45610951,17:45610951:A:G,17,46087703,17:46087703:A:G,0.991385,476752,chr17:45610951-45610951,PLEKHM1/MAPT
17,45610951,17:45610951:A:G,17,46087732,17:46087732:C:T,0.991385,476781,chr17:45610951-45610951,PLEKHM1/MAPT
17,45610951,17:45610951:A:G,17,46087803,17:46087803:C:T,0.974508,476852,chr17:45610951-45610951,PLEKHM1/MAPT
17,45610951,17:45610951:A:G,17,46088069,17:46088069:C:T,0.991385,477118,chr17:45610951-45610951,PLEKHM1/MAPT
17,45610951,17:45610951:A:G,17,46088228,17:46088228:C:A,0.991385,477277,chr17:45610951-45610951,PLEKHM1/MAPT
17,45610951,17:45610951:A:G,17,46088230,17:46088230:C:T,0.991385,477279,chr17:45610951-45610951,PLEKHM1/MAPT
17,45610951,17:45610951:A:G,17,46088437,17:46088437:T:C,0.991385,477486,chr17:45610951-45610951,PLEKHM1/MAPT
17,45610951,17:45610951:A:G,17,46088486,17:46088486:A:G,0.991385,477535,chr17:45610951-45610951,PLEKHM1/MAPT
17,45610951,17:45610951:A:G,17,46088709,17:46088709:T:TA,0.991385,477758,chr17:45610951-45610951,PLEKHM1/MAPT
17,45610951,17:45610951:A:G,17,46088714,17:46088714:T:A,0.991385,477763,chr17:45610951-45610951,PLEKHM1/MAPT
17,45610951,17:45610951:A:G,17,46088831,17:46088831:A:G,0.991385,477880,chr17:45610951-45610951,PLEKHM1/MAPT
17,45610951,17:45610951:A:G,17,46088945,17:46088945:C:T,0.991385,477994,chr17:45610951-45610951,PLEKHM1/MAPT
17,45610951,17:45610951:A:G,17,46088996,17:46088996:G:GA,0.991385,478045,chr17:45610951-45610951,PLEKHM1/MAPT
17,45610951,17:45610951:A:G,17,46089134,17:46089134:G:A,0.991385,478183,chr17:45610951-45610951,PLEKHM1/MAPT
17,45610951,17:45610951:A:G,17,46089280,17:46089280:C:T,0.991385,478329,chr17:45610951-45610951,PLEKHM1/MAPT
17,45610951,17:45610951:A:G,17,46089398,17:46089398:C:CTTT,0.982863,478447,chr17:45610951-45610951,PLEKHM1/MAPT
17,45610951,17:45610951:A:G,17,46089565,17:46089565:C:CAA,0.982863,478614,chr17:45610951-45610951,PLEKHM1/MAPT
17,45610951,17:45610951:A:G,17,46089735,17:46089735:T:C,0.982863,478784,chr17:45610951-45610951,PLEKHM1/MAPT
17,45610951,17:45610951:A:G,17,46090098,17:46090098:G:A,0.991385,479147,chr17:45610951-45610951,PLEKHM1/MAPT
17,45610951,17:45610951:A:G,17,46090295,17:46090295:G:T,0.991385,479344,chr17:45610951-45610951,PLEKHM1/MAPT
17,45610951,17:45610951:A:G,17,46090363,17:46090363:A:G,0.991385,479412,chr17:45610951-45610951,PLEKHM1/MAPT
17,45610951,17:45610951:A:G,17,46090929,17:46090929:CTTA:C,0.991385,479978,chr17:45610951-45610951,PLEKHM1/MAPT
17,45610951,17:45610951:A:G,17,46091142,17:46091142:C:T,0.991385,480191,chr17:45610951-45610951,PLEKHM1/MAPT
17,45610951,17:45610951:A:G,17,46091311,17:46091311:A:G,0.974508,480360,chr17:45610951-45610951,PLEKHM1/MAPT
17,45610951,17:45610951:A:G,17,46091812,17:46091812:A:AGTATGTATG,0.974432,480861,chr17:45610951-45610951,PLEKHM1/MAPT
17,45610951,17:45610951:A:G,17,46092011,17:46092011:G:C,0.991385,481060,chr17:45610951-45610951,PLEKHM1/MAPT
17,45610951,17:45610951:A:G,17,46092040,17:46092040:G:A,0.991385,481089,chr17:45610951-45610951,PLEKHM1/MAPT
17,45610951,17:45610951:A:G,17,46092071,17:46092071:T:C,0.991385,481120,chr17:45610951-45610951,PLEKHM1/MAPT
17,45610951,17:45610951:A:G,17,46092215,17:46092215:T:C,0.991385,481264,chr17:45610951-45610951,PLEKHM1/MAPT
17,45610951,17:45610951:A:G,17,46092239,17:46092239:T:C,0.991385,481288,chr17:45610951-45610951,PLEKHM1/MAPT
17,45610951,17:45610951:A:G,17,46092393,17:46092393:G:A,0.991385,481442,chr17:45610951-45610951,PLEKHM1/MAPT
17,45610951,17:45610951:A:G,17,46092403,17:46092403:C:T,0.991385,481452,chr17:45610951-45610951,PLEKHM1/MAPT
17,45610951,17:45610951:A:G,17,46092652,17:46092652:G:C,0.991385,481701,chr17:45610951-45610951,PLEKHM1/MAPT
17,45610951,17:45610951:A:G,17,46092711,17:46092711:TTTTTGGG:T,0.948803,481760,chr17:45610951-45610951,PLEKHM1/MAPT
17,45610951,17:45610951:A:G,17,46092763,17:46092763:C:CAA,0.991385,481812,chr17:45610951-45610951,PLEKHM1/MAPT
17,45610951,17:45610951:A:G,17,46092872,17:46092872:G:A,0.991385,481921,chr17:45610951-45610951,PLEKHM1/MAPT
17,45610951,17:45610951:A:G,17,46093048,17:46093048:G:A,0.991385,482097,chr17:45610951-45610951,PLEKHM1/MAPT
17,45610951,17:45610951:A:G,17,46093246,17:46093246:C:T,0.991385,482295,chr17:45610951-45610951,PLEKHM1/MAPT
17,45610951,17:45610951:A:G,17,46093484,17:46093484:AAT:A,0.991385,482533,chr17:45610951-45610951,PLEKHM1/MAPT
17,45610951,17:45610951:A:G,17,46093658,17:46093658:T:C,0.991385,482707,chr17:45610951-45610951,PLEKHM1/MAPT
17,45610951,17:45610951:A:G,17,46094188,17:46094188:G:A,0.991385,483237,chr17:45610951-45610951,PLEKHM1/MAPT
17,45610951,17:45610951:A:G,17,46094199,17:46094199:C:A,0.991385,483248,chr17:45610951-45610951,PLEKHM1/MAPT
17,45610951,17:45610951:A:G,17,46094839,17:46094839:CA:C,0.991385,483888,chr17:45610951-45610951,PLEKHM1/MAPT
17,45610951,17:45610951:A:G,17,46094961,17:46094961:T:A,0.991385,484010,chr17:45610951-45610951,PLEKHM1/MAPT
17,45610951,17:45610951:A:G,17,46095025,17:46095025:C:T,0.991385,484074,chr17:45610951-45610951,PLEKHM1/MAPT
17,45610951,17:45610951:A:G,17,46095042,17:46095042:C:G,0.991385,484091,chr17:45610951-45610951,PLEKHM1/MAPT
17,45610951,17:45610951:A:G,17,46095127,17:46095127:A:AT,0.991385,484176,chr17:45610951-45610951,PLEKHM1/MAPT
17,45610951,17:45610951:A:G,17,46095332,17:46095332:T:C,0.991385,484381,chr17:45610951-45610951,PLEKHM1/MAPT
17,45610951,17:45610951:A:G,17,46095407,17:46095407:C:T,0.991385,484456,chr17:45610951-45610951,PLEKHM1/MAPT
17,45610951,17:45610951:A:G,17,46095813,17:46095813:C:A,0.991385,484862,chr17:45610951-45610951,PLEKHM1/MAPT
17,45610951,17:45610951:A:G,17,46095990,17:46095990:C:G,0.991385,485039,chr17:45610951-45610951,PLEKHM1/MAPT
17,45610951,17:45610951:A:G,17,46096042,17:46096042:G:A,0.991385,485091,chr17:45610951-45610951,PLEKHM1/MAPT
17,45610951,17:45610951:A:G,17,46096136,17:46096136:A:ATTCTTT,0.925166,485185,chr17:45610951-45610951,PLEKHM1/MAPT
17,45610951,17:45610951:A:G,17,46096153,17:46096153:C:CT,0.941598,485202,chr17:45610951-45610951,PLEKHM1/MAPT
17,45610951,17:45610951:A:G,17,46096446,17:46096446:G:A,0.982863,485495,chr17:45610951-45610951,PLEKHM1/MAPT
17,45610951,17:45610951:A:G,17,46096512,17:46096512:G:GT,0.991385,485561,chr17:45610951-45610951,PLEKHM1/MAPT
17,45610951,17:45610951:A:G,17,46096702,17:46096702:T:C,0.991385,485751,chr17:45610951-45610951,PLEKHM1/MAPT
17,45610951,17:45610951:A:G,17,46096743,17:46096743:G:C,0.982863,485792,chr17:45610951-45610951,PLEKHM1/MAPT
17,45610951,17:45610951:A:G,17,46096869,17:46096869:A:G,0.991385,485918,chr17:45610951-45610951,PLEKHM1/MAPT
17,45610951,17:45610951:A:G,17,46096985,17:46096985:T:A,0.991385,486034,chr17:45610951-45610951,PLEKHM1/MAPT
17,45610951,17:45610951:A:G,17,46097147,17:46097147:C:A,0.991385,486196,chr17:45610951-45610951,PLEKHM1/MAPT
17,45610951,17:45610951:A:G,17,46098726,17:46098726:G:A,0.991385,487775,chr17:45610951-45610951,PLEKHM1/MAPT
17,45610951,17:45610951:A:G,17,46098804,17:46098804:C:G,0.991385,487853,chr17:45610951-45610951,PLEKHM1/MAPT
17,45610951,17:45610951:A:G,17,46098849,17:46098849:G:A,0.991385,487898,chr17:45610951-45610951,PLEKHM1/MAPT
17,45610951,17:45610951:A:G,17,46099028,HGSV_217291,0.94145,488077,chr17:45610951-45610951,PLEKHM1/MAPT
17,45610951,17:45610951:A:G,17,46099731,17:46099731:C:T,0.991385,488780,chr17:45610951-45610951,PLEKHM1/MAPT
17,45610951,17:45610951:A:G,17,46099938,17:46099938:TA:T,0.991385,488987,chr17:45610951-45610951,PLEKHM1/MAPT
17,45610951,17:45610951:A:G,17,46099971,17:46099971:C:T,0.991385,489020,chr17:45610951-45610951,PLEKHM1/MAPT
17,45610951,17:45610951:A:G,17,46100303,17:46100303:C:T,0.991385,489352,chr17:45610951-45610951,PLEKHM1/MAPT
17,45610951,17:45610951:A:G,17,46100389,17:46100389:C:G,0.991385,489438,chr17:45610951-45610951,PLEKHM1/MAPT
17,45610951,17:45610951:A:G,17,46100627,17:46100627:C:A,0.991385,489676,chr17:45610951-45610951,PLEKHM1/MAPT
17,45610951,17:45610951:A:G,17,46100906,17:46100906:C:T,0.991385,489955,chr17:45610951-45610951,PLEKHM1/MAPT
17,45610951,17:45610951:A:G,17,46100971,17:46100971:T:C,0.991385,490020,chr17:45610951-45610951,PLEKHM1/MAPT
17,45610951,17:45610951:A:G,17,46101473,17:46101473:T:C,0.991385,490522,chr17:45610951-45610951,PLEKHM1/MAPT
17,45610951,17:45610951:A:G,17,46101518,17:46101518:G:A,0.991385,490567,chr17:45610951-45610951,PLEKHM1/MAPT
17,45610951,17:45610951:A:G,17,46101754,17:46101756:CAAAAAAA:C,0.982863,490803,chr17:45610951-45610951,PLEKHM1/MAPT
17,45610951,17:45610951:A:G,17,46101776,17:46101776:A:G,0.991385,490825,chr17:45610951-45610951,PLEKHM1/MAPT
17,45610951,17:45610951:A:G,17,46101802,17:46101802:AACC:A,0.991385,490851,chr17:45610951-45610951,PLEKHM1/MAPT
17,45610951,17:45610951:A:G,17,46102357,17:46102357:T:C,0.991385,491406,chr17:45610951-45610951,PLEKHM1/MAPT
17,45610951,17:45610951:A:G,17,46102383,17:46102383:G:A,0.991385,491432,chr17:45610951-45610951,PLEKHM1/MAPT
17,45610951,17:45610951:A:G,17,46102603,17:46102603:G:A,0.991385,491652,chr17:45610951-45610951,PLEKHM1/MAPT
17,45610951,17:45610951:A:G,17,46102626,17:46102626:A:G,0.991385,491675,chr17:45610951-45610951,PLEKHM1/MAPT
17,45610951,17:45610951:A:G,17,46102807,17:46102807:T:G,0.991385,491856,chr17:45610951-45610951,PLEKHM1/MAPT
17,45610951,17:45610951:A:G,17,46103076,17:46103076:A:G,0.991385,492125,chr17:45610951-45610951,PLEKHM1/MAPT
17,45610951,17:45610951:A:G,17,46103588,17:46103588:A:G,0.991385,492637,chr17:45610951-45610951,PLEKHM1/MAPT
17,45610951,17:45610951:A:G,17,46103631,17:46103631:C:T,0.991385,492680,chr17:45610951-45610951,PLEKHM1/MAPT
17,45610951,17:45610951:A:G,17,46103752,17:46103752:G:A,0.991385,492801,chr17:45610951-45610951,PLEKHM1/MAPT
17,45610951,17:45610951:A:G,17,46104088,17:46104088:C:T,0.991385,493137,chr17:45610951-45610951,PLEKHM1/MAPT
17,45610951,17:45610951:A:G,17,46104142,17:46104142:T:G,0.991385,493191,chr17:45610951-45610951,PLEKHM1/MAPT
17,45610951,17:45610951:A:G,17,46104315,17:46104315:A:G,0.991385,493364,chr17:45610951-45610951,PLEKHM1/MAPT
17,45610951,17:45610951:A:G,17,46104567,17:46104567:T:C,0.991385,493616,chr17:45610951-45610951,PLEKHM1/MAPT
17,45610951,17:45610951:A:G,17,46104815,17:46104815:T:C,0.991385,493864,chr17:45610951-45610951,PLEKHM1/MAPT
17,45610951,17:45610951:A:G,17,46104970,17:46104970:C:A,0.991385,494019,chr17:45610951-45610951,PLEKHM1/MAPT
17,45610951,17:45610951:A:G,17,46105340,17:46105340:A:G,0.991385,494389,chr17:45610951-45610951,PLEKHM1/MAPT
17,45610951,17:45610951:A:G,17,46105479,17:46105479:T:TG,0.991385,494528,chr17:45610951-45610951,PLEKHM1/MAPT
17,45610951,17:45610951:A:G,17,46105551,17:46105551:C:G,0.991385,494600,chr17:45610951-45610951,PLEKHM1/MAPT
17,45610951,17:45610951:A:G,17,46105589,17:46105589:C:T,0.991385,494638,chr17:45610951-45610951,PLEKHM1/MAPT
17,45610951,17:45610951:A:G,17,46105590,17:46105590:A:G,0.991385,494639,chr17:45610951-45610951,PLEKHM1/MAPT
17,45610951,17:45610951:A:G,17,46105616,17:46105616:A:AG,0.991385,494665,chr17:45610951-45610951,PLEKHM1/MAPT
17,45610951,17:45610951:A:G,17,46105617,17:46105617:A:AAAAACAAAA,0.991385,494666,chr17:45610951-45610951,PLEKHM1/MAPT
17,45610951,17:45610951:A:G,17,46105636,17:46105636:C:A,0.991385,494685,chr17:45610951-45610951,PLEKHM1/MAPT
17,45610951,17:45610951:A:G,17,46105866,17:46105866:C:G,0.966092,494915,chr17:45610951-45610951,PLEKHM1/MAPT
17,45610951,17:45610951:A:G,17,46106037,17:46106037:A:G,0.991385,495086,chr17:45610951-45610951,PLEKHM1/MAPT
17,45610951,17:45610951:A:G,17,46106250,17:46106250:C:A,0.991385,495299,chr17:45610951-45610951,PLEKHM1/MAPT
17,45610951,17:45610951:A:G,17,46106424,17:46106424:G:A,0.991385,495473,chr17:45610951-45610951,PLEKHM1/MAPT
17,45610951,17:45610951:A:G,17,46106828,17:46106828:G:GAACTGAGGA,0.982863,495877,chr17:45610951-45610951,PLEKHM1/MAPT
17,45610951,17:45610951:A:G,17,46107009,17:46107009:A:G,0.982863,496058,chr17:45610951-45610951,PLEKHM1/MAPT
17,45610951,17:45610951:A:G,17,46107038,17:46107038:G:A,0.991385,496087,chr17:45610951-45610951,PLEKHM1/MAPT
17,45610951,17:45610951:A:G,17,46107062,17:46107062:T:C,0.991385,496111,chr17:45610951-45610951,PLEKHM1/MAPT
17,45610951,17:45610951:A:G,17,46107442,17:46107442:C:G,0.991385,496491,chr17:45610951-45610951,PLEKHM1/MAPT
17,45610951,17:45610951:A:G,17,46107453,17:46107453:CAAAGGT:C,0.991385,496502,chr17:45610951-45610951,PLEKHM1/MAPT
17,45610951,17:45610951:A:G,17,46107879,17:46107879:C:A,0.991385,496928,chr17:45610951-45610951,PLEKHM1/MAPT
17,45610951,17:45610951:A:G,17,46108061,17:46108061:A:AT,0.982863,497110,chr17:45610951-45610951,PLEKHM1/MAPT
17,45610951,17:45610951:A:G,17,46108065,17:46108065:T:C,0.966015,497114,chr17:45610951-45610951,PLEKHM1/MAPT
17,45610951,17:45610951:A:G,17,46108689,17:46108689:G:A,0.991385,497738,chr17:45610951-45610951,PLEKHM1/MAPT
17,45610951,17:45610951:A:G,17,46108697,17:46108697:C:T,0.974508,497746,chr17:45610951-45610951,PLEKHM1/MAPT
17,45610951,17:45610951:A:G,17,46108886,17:46108886:G:A,0.991385,497935,chr17:45610951-45610951,PLEKHM1/MAPT
17,45610951,17:45610951:A:G,17,46108935,17:46108935:T:C,0.991385,497984,chr17:45610951-45610951,PLEKHM1/MAPT
17,45610951,17:45610951:A:G,17,46109227,17:46109227:T:C,0.991385,498276,chr17:45610951-45610951,PLEKHM1/MAPT
17,45610951,17:45610951:A:G,17,46109528,17:46109528:A:C,0.991385,498577,chr17:45610951-45610951,PLEKHM1/MAPT
17,45610951,17:45610951:A:G,17,46109891,17:46109891:A:G,0.974508,498940,chr17:45610951-45610951,PLEKHM1/MAPT
17,45610951,17:45610951:A:G,17,46110126,17:46110126:A:G,0.991385,499175,chr17:45610951-45610951,PLEKHM1/MAPT
17,45610951,17:45610951:A:G,17,46111111,17:46111111:T:G,0.991385,500160,chr17:45610951-45610951,PLEKHM1/MAPT
17,45610951,17:45610951:A:G,17,46111279,17:46111279:C:T,0.991385,500328,chr17:45610951-45610951,PLEKHM1/MAPT
17,45610951,17:45610951:A:G,17,46111306,17:46111306:G:GTT,0.991385,500355,chr17:45610951-45610951,PLEKHM1/MAPT
17,45610951,17:45610951:A:G,17,46111389,17:46111389:T:C,0.991385,500438,chr17:45610951-45610951,PLEKHM1/MAPT
17,45610951,17:45610951:A:G,17,46111398,17:46111398:T:C,0.991385,500447,chr17:45610951-45610951,PLEKHM1/MAPT
17,45610951,17:45610951:A:G,17,46112007,17:46112007:C:T,0.991385,501056,chr17:45610951-45610951,PLEKHM1/MAPT
17,45610951,17:45610951:A:G,17,46112042,17:46112042:T:C,0.991385,501091,chr17:45610951-45610951,PLEKHM1/MAPT
17,45610951,17:45610951:A:G,17,46112433,17:46112433:T:C,0.991385,501482,chr17:45610951-45610951,PLEKHM1/MAPT
17,45610951,17:45610951:A:G,17,46112489,17:46112489:G:A,0.991385,501538,chr17:45610951-45610951,PLEKHM1/MAPT
17,45610951,17:45610951:A:G,17,46112492,17:46112492:G:A,0.991385,501541,chr17:45610951-45610951,PLEKHM1/MAPT
17,45610951,17:45610951:A:G,17,46112544,17:46112544:A:G,0.982863,501593,chr17:45610951-45610951,PLEKHM1/MAPT
17,45610951,17:45610951:A:G,17,46112724,17:46112724:A:ATTTTTATTT,0.924773,501773,chr17:45610951-45610951,PLEKHM1/MAPT
17,45610951,17:45610951:A:G,17,46112790,17:46112790:T:C,0.991385,501839,chr17:45610951-45610951,PLEKHM1/MAPT
17,45610951,17:45610951:A:G,17,46113719,17:46113719:G:A,0.991385,502768,chr17:45610951-45610951,PLEKHM1/MAPT
17,45610951,17:45610951:A:G,17,46113793,17:46113793:C:T,0.991385,502842,chr17:45610951-45610951,PLEKHM1/MAPT
17,45610951,17:45610951:A:G,17,46114316,17:46114316:G:A,0.991385,503365,chr17:45610951-45610951,PLEKHM1/MAPT
17,45610951,17:45610951:A:G,17,46114469,17:46114469:A:G,0.991385,503518,chr17:45610951-45610951,PLEKHM1/MAPT
17,45610951,17:45610951:A:G,17,46115029,17:46115029:G:T,0.991385,504078,chr17:45610951-45610951,PLEKHM1/MAPT
17,45610951,17:45610951:A:G,17,46115202,17:46115202:C:T,0.893473,504251,chr17:45610951-45610951,PLEKHM1/MAPT
17,45610951,17:45610951:A:G,17,46115224,17:46115224:T:A,0.982751,504273,chr17:45610951-45610951,PLEKHM1/MAPT
17,45610951,17:45610951:A:G,17,46115226,17:46115226:A:AT,0.982751,504275,chr17:45610951-45610951,PLEKHM1/MAPT
17,45610951,17:45610951:A:G,17,46115252,17:46115252:A:G,0.991385,504301,chr17:45610951-45610951,PLEKHM1/MAPT
17,45610951,17:45610951:A:G,17,46115557,17:46115557:A:G,0.982863,504606,chr17:45610951-45610951,PLEKHM1/MAPT
17,45610951,17:45610951:A:G,17,46115580,17:46115580:C:T,0.982863,504629,chr17:45610951-45610951,PLEKHM1/MAPT
17,45610951,17:45610951:A:G,17,46115591,17:46115591:T:C,0.982863,504640,chr17:45610951-45610951,PLEKHM1/MAPT
17,45610951,17:45610951:A:G,17,46115731,17:46115731:C:A,0.991385,504780,chr17:45610951-45610951,PLEKHM1/MAPT
17,45610951,17:45610951:A:G,17,46116516,17:46116516:C:T,0.991385,505565,chr17:45610951-45610951,PLEKHM1/MAPT
17,45610951,17:45610951:A:G,17,46116542,17:46116542:C:CCAACAA,0.991385,505591,chr17:45610951-45610951,PLEKHM1/MAPT
17,45610951,17:45610951:A:G,17,46116786,17:46116786:T:A,0.991385,505835,chr17:45610951-45610951,PLEKHM1/MAPT
17,45610951,17:45610951:A:G,17,46117015,17:46117015:T:A,0.991385,506064,chr17:45610951-45610951,PLEKHM1/MAPT
17,45610951,17:45610951:A:G,17,46117153,17:46117153:T:C,0.991385,506202,chr17:45610951-45610951,PLEKHM1/MAPT
17,45610951,17:45610951:A:G,17,46117255,17:46117255:C:G,0.991385,506304,chr17:45610951-45610951,PLEKHM1/MAPT
17,45610951,17:45610951:A:G,17,46117369,17:46117369:G:T,0.991385,506418,chr17:45610951-45610951,PLEKHM1/MAPT
17,45610951,17:45610951:A:G,17,46117469,17:46117469:T:C,0.991385,506518,chr17:45610951-45610951,PLEKHM1/MAPT
17,45610951,17:45610951:A:G,17,46117525,17:46117525:C:T,0.991385,506574,chr17:45610951-45610951,PLEKHM1/MAPT
17,45610951,17:45610951:A:G,17,46118058,17:46118058:A:C,0.991385,507107,chr17:45610951-45610951,PLEKHM1/MAPT
17,45610951,17:45610951:A:G,17,46118129,17:46118129:G:A,0.991385,507178,chr17:45610951-45610951,PLEKHM1/MAPT
17,45610951,17:45610951:A:G,17,46118245,17:46118245:CA:C,0.991385,507294,chr17:45610951-45610951,PLEKHM1/MAPT
17,45610951,17:45610951:A:G,17,46118649,17:46118649:C:G,0.991385,507698,chr17:45610951-45610951,PLEKHM1/MAPT
17,45610951,17:45610951:A:G,17,46118759,17:46118759:T:C,0.991385,507808,chr17:45610951-45610951,PLEKHM1/MAPT
17,45610951,17:45610951:A:G,17,46118787,17:46118787:A:G,0.991385,507836,chr17:45610951-45610951,PLEKHM1/MAPT
17,45610951,17:45610951:A:G,17,46119081,17:46119081:T:A,0.991385,508130,chr17:45610951-45610951,PLEKHM1/MAPT
17,45610951,17:45610951:A:G,17,46119287,17:46119287:G:A,0.991385,508336,chr17:45610951-45610951,PLEKHM1/MAPT
17,45610951,17:45610951:A:G,17,46119323,17:46119324:CTT:C,0.991385,508372,chr17:45610951-45610951,PLEKHM1/MAPT
17,45610951,17:45610951:A:G,17,46119433,17:46119433:G:A,0.991385,508482,chr17:45610951-45610951,PLEKHM1/MAPT
17,45610951,17:45610951:A:G,17,46119456,17:46119456:G:A,0.991385,508505,chr17:45610951-45610951,PLEKHM1/MAPT
17,45610951,17:45610951:A:G,17,46119666,17:46119666:T:C,0.991385,508715,chr17:45610951-45610951,PLEKHM1/MAPT
17,45610951,17:45610951:A:G,17,46120051,17:46120051:T:TGAA,0.991385,509100,chr17:45610951-45610951,PLEKHM1/MAPT
17,45610951,17:45610951:A:G,17,46120237,17:46120237:T:C,0.991385,509286,chr17:45610951-45610951,PLEKHM1/MAPT
17,45610951,17:45610951:A:G,17,46120409,17:46120409:G:GCA,0.991385,509458,chr17:45610951-45610951,PLEKHM1/MAPT
17,45610951,17:45610951:A:G,17,46120440,17:46120440:T:C,0.991385,509489,chr17:45610951-45610951,PLEKHM1/MAPT
17,45610951,17:45610951:A:G,17,46120714,17:46120714:C:T,0.991385,509763,chr17:45610951-45610951,PLEKHM1/MAPT
17,45610951,17:45610951:A:G,17,46121440,17:46121440:T:C,0.991385,510489,chr17:45610951-45610951,PLEKHM1/MAPT
17,45610951,17:45610951:A:G,17,46121596,17:46121596:T:TA,0.982863,510645,chr17:45610951-45610951,PLEKHM1/MAPT
17,45610951,17:45610951:A:G,17,46121663,17:46121663:T:C,0.982751,510712,chr17:45610951-45610951,PLEKHM1/MAPT
17,45610951,17:45610951:A:G,17,46122304,17:46122304:G:A,0.991385,511353,chr17:45610951-45610951,PLEKHM1/MAPT
17,45610951,17:45610951:A:G,17,46122649,17:46122649:T:C,0.991385,511698,chr17:45610951-45610951,PLEKHM1/MAPT
17,45610951,17:45610951:A:G,17,46122667,17:46122667:T:C,0.991385,511716,chr17:45610951-45610951,PLEKHM1/MAPT
17,45610951,17:45610951:A:G,17,46122712,17:46122712:A:T,0.991385,511761,chr17:45610951-45610951,PLEKHM1/MAPT
17,45610951,17:45610951:A:G,17,46123144,17:46123144:C:A,0.991385,512193,chr17:45610951-45610951,PLEKHM1/MAPT
17,45610951,17:45610951:A:G,17,46123743,17:46123743:C:G,0.991385,512792,chr17:45610951-45610951,PLEKHM1/MAPT
17,45610951,17:45610951:A:G,17,46123978,17:46123978:G:C,0.991385,513027,chr17:45610951-45610951,PLEKHM1/MAPT
17,45610951,17:45610951:A:G,17,46123992,17:46123992:TG:T,0.991385,513041,chr17:45610951-45610951,PLEKHM1/MAPT
17,45610951,17:45610951:A:G,17,46124301,17:46124301:G:A,0.991385,513350,chr17:45610951-45610951,PLEKHM1/MAPT
17,45610951,17:45610951:A:G,17,46124314,17:46124314:A:C,0.991385,513363,chr17:45610951-45610951,PLEKHM1/MAPT
17,45610951,17:45610951:A:G,17,46124425,17:46124425:G:C,0.991385,513474,chr17:45610951-45610951,PLEKHM1/MAPT
17,45610951,17:45610951:A:G,17,46124499,17:46124499:C:T,0.991385,513548,chr17:45610951-45610951,PLEKHM1/MAPT
17,45610951,17:45610951:A:G,17,46124521,17:46124521:C:T,0.991385,513570,chr17:45610951-45610951,PLEKHM1/MAPT
17,45610951,17:45610951:A:G,17,46124781,17:46124781:A:G,0.982863,513830,chr17:45610951-45610951,PLEKHM1/MAPT
17,45610951,17:45610951:A:G,17,46124865,17:46124865:A:G,0.991385,513914,chr17:45610951-45610951,PLEKHM1/MAPT
17,45610951,17:45610951:A:G,17,46125198,17:46125198:G:A,0.991385,514247,chr17:45610951-45610951,PLEKHM1/MAPT
17,45610951,17:45610951:A:G,17,46125242,17:46125242:C:T,0.991385,514291,chr17:45610951-45610951,PLEKHM1/MAPT
17,45610951,17:45610951:A:G,17,46125586,17:46125586:C:G,0.991385,514635,chr17:45610951-45610951,PLEKHM1/MAPT
17,45610951,17:45610951:A:G,17,46125765,17:46125765:C:G,0.991385,514814,chr17:45610951-45610951,PLEKHM1/MAPT
17,45610951,17:45610951:A:G,17,46125945,17:46125945:C:T,0.991385,514994,chr17:45610951-45610951,PLEKHM1/MAPT
17,45610951,17:45610951:A:G,17,46126000,17:46126000:T:C,0.991385,515049,chr17:45610951-45610951,PLEKHM1/MAPT
17,45610951,17:45610951:A:G,17,46126047,17:46126047:C:T,0.991385,515096,chr17:45610951-45610951,PLEKHM1/MAPT
17,45610951,17:45610951:A:G,17,46126154,17:46126154:C:T,0.991385,515203,chr17:45610951-45610951,PLEKHM1/MAPT
17,45610951,17:45610951:A:G,17,46126440,17:46126440:C:CA,0.982863,515489,chr17:45610951-45610951,PLEKHM1/MAPT
17,45610951,17:45610951:A:G,17,46126489,17:46126489:C:CTCAA,0.991385,515538,chr17:45610951-45610951,PLEKHM1/MAPT
17,45610951,17:45610951:A:G,17,46126933,17:46126933:AC:A,0.991385,515982,chr17:45610951-45610951,PLEKHM1/MAPT
17,45610951,17:45610951:A:G,17,46126938,17:46126938:T:G,0.991385,515987,chr17:45610951-45610951,PLEKHM1/MAPT
17,45610951,17:45610951:A:G,17,46127373,17:46127373:T:C,0.991385,516422,chr17:45610951-45610951,PLEKHM1/MAPT
17,45610951,17:45610951:A:G,17,46127383,17:46127383:A:G,0.991385,516432,chr17:45610951-45610951,PLEKHM1/MAPT
17,45610951,17:45610951:A:G,17,46127756,17:46127756:C:G,0.991385,516805,chr17:45610951-45610951,PLEKHM1/MAPT
17,45610951,17:45610951:A:G,17,46127984,17:46127984:A:ATT,0.982863,517033,chr17:45610951-45610951,PLEKHM1/MAPT
17,45610951,17:45610951:A:G,17,46128134,17:46128134:A:G,0.991385,517183,chr17:45610951-45610951,PLEKHM1/MAPT
17,45610951,17:45610951:A:G,17,46128324,17:46128324:C:T,0.966139,517373,chr17:45610951-45610951,PLEKHM1/MAPT
17,45610951,17:45610951:A:G,17,46128473,17:46128473:A:G,0.982863,517522,chr17:45610951-45610951,PLEKHM1/MAPT
17,45610951,17:45610951:A:G,17,46128713,17:46128713:C:T,0.991385,517762,chr17:45610951-45610951,PLEKHM1/MAPT
17,45610951,17:45610951:A:G,17,46129089,17:46129089:G:GA,0.991385,518138,chr17:45610951-45610951,PLEKHM1/MAPT
17,45610951,17:45610951:A:G,17,46129116,17:46129116:C:T,0.991385,518165,chr17:45610951-45610951,PLEKHM1/MAPT
17,45610951,17:45610951:A:G,17,46129280,17:46129280:C:G,0.991385,518329,chr17:45610951-45610951,PLEKHM1/MAPT
17,45610951,17:45610951:A:G,17,46129700,17:46129700:A:G,0.991385,518749,chr17:45610951-45610951,PLEKHM1/MAPT
17,45610951,17:45610951:A:G,17,46129994,17:46129994:C:T,0.991385,519043,chr17:45610951-45610951,PLEKHM1/MAPT
17,45610951,17:45610951:A:G,17,46130049,17:46130049:G:GGTGGCAT,0.991385,519098,chr17:45610951-45610951,PLEKHM1/MAPT
17,45610951,17:45610951:A:G,17,46130157,17:46130157:T:A,0.991385,519206,chr17:45610951-45610951,PLEKHM1/MAPT
17,45610951,17:45610951:A:G,17,46130412,17:46130412:A:G,0.991385,519461,chr17:45610951-45610951,PLEKHM1/MAPT
17,45610951,17:45610951:A:G,17,46130521,17:46130521:C:T,0.982751,519570,chr17:45610951-45610951,PLEKHM1/MAPT
17,45610951,17:45610951:A:G,17,46130534,17:46130534:A:ACT,0.982751,519583,chr17:45610951-45610951,PLEKHM1/MAPT
17,45610951,17:45610951:A:G,17,46130566,17:46130566:A:G,0.991385,519615,chr17:45610951-45610951,PLEKHM1/MAPT
17,45610951,17:45610951:A:G,17,46130778,17:46130778:C:G,0.991385,519827,chr17:45610951-45610951,PLEKHM1/MAPT
17,45610951,17:45610951:A:G,17,46130852,17:46130852:A:G,0.991385,519901,chr17:45610951-45610951,PLEKHM1/MAPT
17,45610951,17:45610951:A:G,17,46130946,17:46130946:G:T,0.974508,519995,chr17:45610951-45610951,PLEKHM1/MAPT
17,45610951,17:45610951:A:G,17,46131308,17:46131308:G:T,0.974508,520357,chr17:45610951-45610951,PLEKHM1/MAPT
17,45610951,17:45610951:A:G,17,46131579,17:46131579:C:T,0.991385,520628,chr17:45610951-45610951,PLEKHM1/MAPT
17,45610951,17:45610951:A:G,17,46131947,17:46131947:T:C,0.991385,520996,chr17:45610951-45610951,PLEKHM1/MAPT
17,45610951,17:45610951:A:G,17,46131998,17:46131998:G:A,0.991385,521047,chr17:45610951-45610951,PLEKHM1/MAPT
17,45610951,17:45610951:A:G,17,46132108,17:46132108:A:T,0.991385,521157,chr17:45610951-45610951,PLEKHM1/MAPT
17,45610951,17:45610951:A:G,17,46132262,17:46132262:T:C,0.991385,521311,chr17:45610951-45610951,PLEKHM1/MAPT
17,45610951,17:45610951:A:G,17,46132509,17:46132509:T:C,0.991385,521558,chr17:45610951-45610951,PLEKHM1/MAPT
17,45610951,17:45610951:A:G,17,46132553,17:46132553:C:G,0.991385,521602,chr17:45610951-45610951,PLEKHM1/MAPT
17,45610951,17:45610951:A:G,17,46132591,17:46132591:A:G,0.991385,521640,chr17:45610951-45610951,PLEKHM1/MAPT
17,45610951,17:45610951:A:G,17,46132619,17:46132619:T:C,0.991385,521668,chr17:45610951-45610951,PLEKHM1/MAPT
17,45610951,17:45610951:A:G,17,46132881,17:46132881:T:TGCAGTGAGC,0.991385,521930,chr17:45610951-45610951,PLEKHM1/MAPT
17,45610951,17:45610951:A:G,17,46133076,17:46133076:C:T,0.991385,522125,chr17:45610951-45610951,PLEKHM1/MAPT
17,45610951,17:45610951:A:G,17,46133567,17:46133567:A:G,0.974508,522616,chr17:45610951-45610951,PLEKHM1/MAPT
17,45610951,17:45610951:A:G,17,46133622,17:46133622:C:G,0.991385,522671,chr17:45610951-45610951,PLEKHM1/MAPT
17,45610951,17:45610951:A:G,17,46134136,17:46134136:G:A,0.991385,523185,chr17:45610951-45610951,PLEKHM1/MAPT
17,45610951,17:45610951:A:G,17,46134536,17:46134536:A:G,0.991385,523585,chr17:45610951-45610951,PLEKHM1/MAPT
17,45610951,17:45610951:A:G,17,46134666,17:46134666:C:A,0.991385,523715,chr17:45610951-45610951,PLEKHM1/MAPT
17,45610951,17:45610951:A:G,17,46134845,17:46134845:C:CA,0.940929,523894,chr17:45610951-45610951,PLEKHM1/MAPT
17,45610951,17:45610951:A:G,17,46134944,17:46134944:G:A,0.974508,523993,chr17:45610951-45610951,PLEKHM1/MAPT
17,45610951,17:45610951:A:G,17,46135159,17:46135159:GA:G,0.991385,524208,chr17:45610951-45610951,PLEKHM1/MAPT
17,45610951,17:45610951:A:G,17,46135161,17:46135161:A:G,0.991385,524210,chr17:45610951-45610951,PLEKHM1/MAPT
17,45610951,17:45610951:A:G,17,46135416,17:46135416:T:C,0.966139,524465,chr17:45610951-45610951,PLEKHM1/MAPT
17,45610951,17:45610951:A:G,17,46135695,17:46135695:CTTTTTTTT:C,0.813706,524744,chr17:45610951-45610951,PLEKHM1/MAPT
17,45610951,17:45610951:A:G,17,46135798,17:46135798:C:A,0.846125,524847,chr17:45610951-45610951,PLEKHM1/MAPT
17,45610951,17:45610951:A:G,17,46135821,17:46135821:G:T,0.846125,524870,chr17:45610951-45610951,PLEKHM1/MAPT
17,45610951,17:45610951:A:G,17,46135838,17:46135838:C:T,0.991385,524887,chr17:45610951-45610951,PLEKHM1/MAPT
17,45610951,17:45610951:A:G,17,46136181,17:46136181:AAAT:A,0.846125,525230,chr17:45610951-45610951,PLEKHM1/MAPT
17,45610951,17:45610951:A:G,17,46136346,17:46136346:G:A,0.991385,525395,chr17:45610951-45610951,PLEKHM1/MAPT
17,45610951,17:45610951:A:G,17,46136555,17:46136555:A:C,0.991385,525604,chr17:45610951-45610951,PLEKHM1/MAPT
17,45610951,17:45610951:A:G,17,46136568,17:46136568:G:A,0.991385,525617,chr17:45610951-45610951,PLEKHM1/MAPT
17,45610951,17:45610951:A:G,17,46136728,17:46136728:A:G,0.991385,525777,chr17:45610951-45610951,PLEKHM1/MAPT
17,45610951,17:45610951:A:G,17,46137448,17:46137448:G:A,0.991385,526497,chr17:45610951-45610951,PLEKHM1/MAPT
17,45610951,17:45610951:A:G,17,46137449,17:46137449:C:G,0.991385,526498,chr17:45610951-45610951,PLEKHM1/MAPT
17,45610951,17:45610951:A:G,17,46137522,17:46137522:T:C,0.846125,526571,chr17:45610951-45610951,PLEKHM1/MAPT
17,45610951,17:45610951:A:G,17,46137679,17:46137679:T:C,0.991385,526728,chr17:45610951-45610951,PLEKHM1/MAPT
17,45610951,17:45610951:A:G,17,46137699,17:46137699:T:TA,0.846125,526748,chr17:45610951-45610951,PLEKHM1/MAPT
17,45610951,17:45610951:A:G,17,46138050,17:46138050:A:AG,0.991385,527099,chr17:45610951-45610951,PLEKHM1/MAPT
17,45610951,17:45610951:A:G,17,46138457,17:46138457:A:G,0.991385,527506,chr17:45610951-45610951,PLEKHM1/MAPT
17,45610951,17:45610951:A:G,17,46138530,17:46138530:C:T,0.846125,527579,chr17:45610951-45610951,PLEKHM1/MAPT
17,45610951,17:45610951:A:G,17,46138792,17:46138792:T:C,0.982971,527841,chr17:45610951-45610951,PLEKHM1/MAPT
17,45610951,17:45610951:A:G,17,46138860,17:46138860:A:G,0.991385,527909,chr17:45610951-45610951,PLEKHM1/MAPT
17,45610951,17:45610951:A:G,17,46139600,17:46139600:G:GC,0.991385,528649,chr17:45610951-45610951,PLEKHM1/MAPT
17,45610951,17:45610951:A:G,17,46139746,17:46139746:G:T,0.991385,528795,chr17:45610951-45610951,PLEKHM1/MAPT
17,45610951,17:45610951:A:G,17,46139860,17:46139860:A:G,0.991385,528909,chr17:45610951-45610951,PLEKHM1/MAPT
17,45610951,17:45610951:A:G,17,46139901,17:46139901:A:T,0.846125,528950,chr17:45610951-45610951,PLEKHM1/MAPT
17,45610951,17:45610951:A:G,17,46139927,17:46139927:G:A,0.991385,528976,chr17:45610951-45610951,PLEKHM1/MAPT
17,45610951,17:45610951:A:G,17,46140529,17:46140529:C:CA,0.826255,529578,chr17:45610951-45610951,PLEKHM1/MAPT
17,45610951,17:45610951:A:G,17,46140678,17:46140678:A:T,0.846125,529727,chr17:45610951-45610951,PLEKHM1/MAPT
17,45610951,17:45610951:A:G,17,46140772,17:46140772:C:T,0.846125,529821,chr17:45610951-45610951,PLEKHM1/MAPT
17,45610951,17:45610951:A:G,17,46140876,17:46140876:C:T,0.991385,529925,chr17:45610951-45610951,PLEKHM1/MAPT
17,45610951,17:45610951:A:G,17,46141072,17:46141072:T:TA,0.834535,530121,chr17:45610951-45610951,PLEKHM1/MAPT
17,45610951,17:45610951:A:G,17,46142465,17:46142465:T:A,0.982971,531514,chr17:45610951-45610951,PLEKHM1/MAPT
17,45610951,17:45610951:A:G,17,46142539,17:46142539:G:A,0.837871,531588,chr17:45610951-45610951,PLEKHM1/MAPT
17,45610951,17:45610951:A:G,17,46143088,17:46143088:T:G,0.991385,532137,chr17:45610951-45610951,PLEKHM1/MAPT
17,45610951,17:45610951:A:G,17,46143419,17:46143419:G:A,0.982971,532468,chr17:45610951-45610951,PLEKHM1/MAPT
17,45610951,17:45610951:A:G,17,46143424,17:46143424:A:G,0.991385,532473,chr17:45610951-45610951,PLEKHM1/MAPT
17,45610951,17:45610951:A:G,17,46143497,17:46143497:AAAAT:A,0.991385,532546,chr17:45610951-45610951,PLEKHM1/MAPT
17,45610951,17:45610951:A:G,17,46143576,17:46143576:G:A,0.991385,532625,chr17:45610951-45610951,PLEKHM1/MAPT
17,45610951,17:45610951:A:G,17,46143676,17:46143676:C:T,0.982751,532725,chr17:45610951-45610951,PLEKHM1/MAPT
17,45610951,17:45610951:A:G,17,46143984,17:46143984:G:A,0.991385,533033,chr17:45610951-45610951,PLEKHM1/MAPT
17,45610951,17:45610951:A:G,17,46144110,17:46144110:A:T,0.846125,533159,chr17:45610951-45610951,PLEKHM1/MAPT
17,45610951,17:45610951:A:G,17,46144236,17:46144236:G:C,0.991385,533285,chr17:45610951-45610951,PLEKHM1/MAPT
17,45610951,17:45610951:A:G,17,46144470,17:46144470:C:T,0.846125,533519,chr17:45610951-45610951,PLEKHM1/MAPT
17,45610951,17:45610951:A:G,17,46144653,17:46144653:G:T,0.846125,533702,chr17:45610951-45610951,PLEKHM1/MAPT
17,45610951,17:45610951:A:G,17,46144701,17:46144701:T:G,0.991385,533750,chr17:45610951-45610951,PLEKHM1/MAPT
17,45610951,17:45610951:A:G,17,46144969,17:46144969:G:A,0.991385,534018,chr17:45610951-45610951,PLEKHM1/MAPT
17,45610951,17:45610951:A:G,17,46145094,17:46145094:T:G,0.991385,534143,chr17:45610951-45610951,PLEKHM1/MAPT
17,45610951,17:45610951:A:G,17,46145694,17:46145694:G:A,0.991385,534743,chr17:45610951-45610951,PLEKHM1/MAPT
17,45610951,17:45610951:A:G,17,46145877,17:46145877:G:A,0.991385,534926,chr17:45610951-45610951,PLEKHM1/MAPT
17,45610951,17:45610951:A:G,17,46146021,17:46146021:T:C,0.991385,535070,chr17:45610951-45610951,PLEKHM1/MAPT
17,45610951,17:45610951:A:G,17,46146541,HGSV_217305,0.918118,535590,chr17:45610951-45610951,PLEKHM1/MAPT
17,45610951,17:45610951:A:G,17,46147203,17:46147203:CAG:C,0.846125,536252,chr17:45610951-45610951,PLEKHM1/MAPT
17,45610951,17:45610951:A:G,17,46147320,17:46147320:A:T,0.991385,536369,chr17:45610951-45610951,PLEKHM1/MAPT
17,45610951,17:45610951:A:G,17,46147416,17:46147416:A:T,0.846125,536465,chr17:45610951-45610951,PLEKHM1/MAPT
17,45610951,17:45610951:A:G,17,46147575,17:46147575:A:ATT,0.829717,536624,chr17:45610951-45610951,PLEKHM1/MAPT
17,45610951,17:45610951:A:G,17,46147868,17:46147868:T:C,0.991385,536917,chr17:45610951-45610951,PLEKHM1/MAPT
17,45610951,17:45610951:A:G,17,46148119,17:46148119:T:C,0.991385,537168,chr17:45610951-45610951,PLEKHM1/MAPT
17,45610951,17:45610951:A:G,17,46148436,17:46148436:C:T,0.991385,537485,chr17:45610951-45610951,PLEKHM1/MAPT
17,45610951,17:45610951:A:G,17,46148520,17:46148520:G:A,0.837871,537569,chr17:45610951-45610951,PLEKHM1/MAPT
17,45610951,17:45610951:A:G,17,46148664,17:46148664:G:A,0.991385,537713,chr17:45610951-45610951,PLEKHM1/MAPT
17,45610951,17:45610951:A:G,17,46148760,17:46148760:A:C,0.991385,537809,chr17:45610951-45610951,PLEKHM1/MAPT
17,45610951,17:45610951:A:G,17,46148959,17:46148959:A:T,0.846125,538008,chr17:45610951-45610951,PLEKHM1/MAPT
17,45610951,17:45610951:A:G,17,46148965,17:46148965:A:G,0.846125,538014,chr17:45610951-45610951,PLEKHM1/MAPT
17,45610951,17:45610951:A:G,17,46149004,17:46149005:CTTTTTTT:C,0.991385,538053,chr17:45610951-45610951,PLEKHM1/MAPT
17,45610951,17:45610951:A:G,17,46149195,17:46149195:T:G,0.991385,538244,chr17:45610951-45610951,PLEKHM1/MAPT
17,45610951,17:45610951:A:G,17,46149614,17:46149614:A:G,0.846125,538663,chr17:45610951-45610951,PLEKHM1/MAPT
17,45610951,17:45610951:A:G,17,46149820,17:46149820:G:A,0.991385,538869,chr17:45610951-45610951,PLEKHM1/MAPT
17,45610951,17:45610951:A:G,17,46149830,17:46149830:T:C,0.991385,538879,chr17:45610951-45610951,PLEKHM1/MAPT
17,45610951,17:45610951:A:G,17,46150027,17:46150027:T:A,0.991385,539076,chr17:45610951-45610951,PLEKHM1/MAPT
17,45610951,17:45610951:A:G,17,46150144,17:46150144:A:T,0.991385,539193,chr17:45610951-45610951,PLEKHM1/MAPT
17,45610951,17:45610951:A:G,17,46150165,17:46150165:T:C,0.991385,539214,chr17:45610951-45610951,PLEKHM1/MAPT
17,45610951,17:45610951:A:G,17,46150257,17:46150257:T:C,0.974508,539306,chr17:45610951-45610951,PLEKHM1/MAPT
17,45610951,17:45610951:A:G,17,46150516,17:46150516:C:G,0.846125,539565,chr17:45610951-45610951,PLEKHM1/MAPT
17,45610951,17:45610951:A:G,17,46150803,17:46150803:C:T,0.966139,539852,chr17:45610951-45610951,PLEKHM1/MAPT
17,45610951,17:45610951:A:G,17,46150927,17:46150928:CAAAA:C,0.974293,539976,chr17:45610951-45610951,PLEKHM1/MAPT
17,45610951,17:45610951:A:G,17,46151163,17:46151163:G:A,0.991385,540212,chr17:45610951-45610951,PLEKHM1/MAPT
17,45610951,17:45610951:A:G,17,46151243,17:46151243:C:G,0.991385,540292,chr17:45610951-45610951,PLEKHM1/MAPT
17,45610951,17:45610951:A:G,17,46151253,17:46151253:C:T,0.846125,540302,chr17:45610951-45610951,PLEKHM1/MAPT
17,45610951,17:45610951:A:G,17,46151404,17:46151404:A:G,0.991385,540453,chr17:45610951-45610951,PLEKHM1/MAPT
17,45610951,17:45610951:A:G,17,46151458,17:46151458:A:G,0.991385,540507,chr17:45610951-45610951,PLEKHM1/MAPT
17,45610951,17:45610951:A:G,17,46151998,17:46151998:T:C,0.846125,541047,chr17:45610951-45610951,PLEKHM1/MAPT
17,45610951,17:45610951:A:G,17,46152049,17:46152049:T:C,0.846125,541098,chr17:45610951-45610951,PLEKHM1/MAPT
17,45610951,17:45610951:A:G,17,46152342,17:46152342:GACAA:G,0.831859,541391,chr17:45610951-45610951,PLEKHM1/MAPT
17,45610951,17:45610951:A:G,17,46152620,17:46152620:T:C,0.991385,541669,chr17:45610951-45610951,PLEKHM1/MAPT
17,45610951,17:45610951:A:G,17,46152731,17:46152731:C:T,0.846125,541780,chr17:45610951-45610951,PLEKHM1/MAPT
17,45610951,17:45610951:A:G,17,46153281,17:46153281:C:T,0.991385,542330,chr17:45610951-45610951,PLEKHM1/MAPT
17,45610951,17:45610951:A:G,17,46153751,17:46153751:T:C,0.991385,542800,chr17:45610951-45610951,PLEKHM1/MAPT
17,45610951,17:45610951:A:G,17,46153929,17:46153929:G:A,0.991385,542978,chr17:45610951-45610951,PLEKHM1/MAPT
17,45610951,17:45610951:A:G,17,46153960,17:46153960:G:A,0.991385,543009,chr17:45610951-45610951,PLEKHM1/MAPT
17,45610951,17:45610951:A:G,17,46154251,17:46154251:A:T,0.991385,543300,chr17:45610951-45610951,PLEKHM1/MAPT
17,45610951,17:45610951:A:G,17,46154461,17:46154461:T:C,0.846125,543510,chr17:45610951-45610951,PLEKHM1/MAPT
17,45610951,17:45610951:A:G,17,46155042,17:46155042:G:A,0.846125,544091,chr17:45610951-45610951,PLEKHM1/MAPT
17,45610951,17:45610951:A:G,17,46155250,17:46155250:C:T,0.846125,544299,chr17:45610951-45610951,PLEKHM1/MAPT
17,45610951,17:45610951:A:G,17,46155593,17:46155593:G:A,0.991385,544642,chr17:45610951-45610951,PLEKHM1/MAPT
17,45610951,17:45610951:A:G,17,46155755,17:46155755:T:TAA,0.837871,544804,chr17:45610951-45610951,PLEKHM1/MAPT
17,45610951,17:45610951:A:G,17,46156067,17:46156067:G:C,0.991385,545116,chr17:45610951-45610951,PLEKHM1/MAPT
17,45610951,17:45610951:A:G,17,46156223,17:46156223:T:C,0.991385,545272,chr17:45610951-45610951,PLEKHM1/MAPT
17,45610951,17:45610951:A:G,17,46156410,17:46156410:T:C,0.991385,545459,chr17:45610951-45610951,PLEKHM1/MAPT
17,45610951,17:45610951:A:G,17,46156445,17:46156445:C:T,0.991385,545494,chr17:45610951-45610951,PLEKHM1/MAPT
17,45610951,17:45610951:A:G,17,46156694,17:46156694:A:G,0.991385,545743,chr17:45610951-45610951,PLEKHM1/MAPT
17,45610951,17:45610951:A:G,17,46156698,17:46156698:G:A,0.846125,545747,chr17:45610951-45610951,PLEKHM1/MAPT
17,45610951,17:45610951:A:G,17,46157160,17:46157160:C:T,0.991385,546209,chr17:45610951-45610951,PLEKHM1/MAPT
17,45610951,17:45610951:A:G,17,46158527,17:46158527:C:T,0.991385,547576,chr17:45610951-45610951,PLEKHM1/MAPT
17,45610951,17:45610951:A:G,17,46158742,17:46158742:T:C,0.846125,547791,chr17:45610951-45610951,PLEKHM1/MAPT
17,45610951,17:45610951:A:G,17,46159359,17:46159359:C:A,0.991385,548408,chr17:45610951-45610951,PLEKHM1/MAPT
17,45610951,17:45610951:A:G,17,46159702,17:46159702:A:T,0.991385,548751,chr17:45610951-45610951,PLEKHM1/MAPT
17,45610951,17:45610951:A:G,17,46160006,17:46160006:G:C,0.991385,549055,chr17:45610951-45610951,PLEKHM1/MAPT
17,45610951,17:45610951:A:G,17,46160424,17:46160424:G:A,0.991385,549473,chr17:45610951-45610951,PLEKHM1/MAPT
17,45610951,17:45610951:A:G,17,46160764,17:46160764:AT:A,0.991385,549813,chr17:45610951-45610951,PLEKHM1/MAPT
17,45610951,17:45610951:A:G,17,46161058,17:46161058:G:A,0.991385,550107,chr17:45610951-45610951,PLEKHM1/MAPT
17,45610951,17:45610951:A:G,17,46161124,17:46161124:G:A,0.837871,550173,chr17:45610951-45610951,PLEKHM1/MAPT
17,45610951,17:45610951:A:G,17,46161205,17:46161205:C:G,0.966637,550254,chr17:45610951-45610951,PLEKHM1/MAPT
17,45610951,17:45610951:A:G,17,46161250,17:46161250:TAAAAAAAA:T,0.950724,550299,chr17:45610951-45610951,PLEKHM1/MAPT
17,45610951,17:45610951:A:G,17,46161435,17:46161435:C:CA,0.940555,550484,chr17:45610951-45610951,PLEKHM1/MAPT
17,45610951,17:45610951:A:G,17,46161572,17:46161572:T:C,0.991385,550621,chr17:45610951-45610951,PLEKHM1/MAPT
17,45610951,17:45610951:A:G,17,46161600,17:46161600:T:C,0.991385,550649,chr17:45610951-45610951,PLEKHM1/MAPT
17,45610951,17:45610951:A:G,17,46162592,17:46162592:C:T,0.991385,551641,chr17:45610951-45610951,PLEKHM1/MAPT
17,45610951,17:45610951:A:G,17,46162741,17:46162741:T:C,0.991385,551790,chr17:45610951-45610951,PLEKHM1/MAPT
17,45610951,17:45610951:A:G,17,46163620,17:46163620:C:A,0.991385,552669,chr17:45610951-45610951,PLEKHM1/MAPT
17,45610951,17:45610951:A:G,17,46163938,17:46163938:C:G,0.991385,552987,chr17:45610951-45610951,PLEKHM1/MAPT
17,45610951,17:45610951:A:G,17,46164121,17:46164121:CTT:C,0.846125,553170,chr17:45610951-45610951,PLEKHM1/MAPT
17,45610951,17:45610951:A:G,17,46164298,17:46164298:T:C,0.991385,553347,chr17:45610951-45610951,PLEKHM1/MAPT
17,45610951,17:45610951:A:G,17,46165170,17:46165170:C:T,0.837871,554219,chr17:45610951-45610951,PLEKHM1/MAPT
17,45610951,17:45610951:A:G,17,46165208,17:46165208:G:A,0.846125,554257,chr17:45610951-45610951,PLEKHM1/MAPT
17,45610951,17:45610951:A:G,17,46165218,17:46165218:CTTTT:C,0.846125,554267,chr17:45610951-45610951,PLEKHM1/MAPT
17,45610951,17:45610951:A:G,17,46165240,17:46165240:C:CTTAT,0.991385,554289,chr17:45610951-45610951,PLEKHM1/MAPT
17,45610951,17:45610951:A:G,17,46165271,17:46165271:C:T,0.846125,554320,chr17:45610951-45610951,PLEKHM1/MAPT
17,45610951,17:45610951:A:G,17,46165422,17:46165422:C:T,0.991385,554471,chr17:45610951-45610951,PLEKHM1/MAPT
17,45610951,17:45610951:A:G,17,46165603,17:46165603:T:C,0.991385,554652,chr17:45610951-45610951,PLEKHM1/MAPT
17,45610951,17:45610951:A:G,17,46165813,17:46165813:A:G,0.991385,554862,chr17:45610951-45610951,PLEKHM1/MAPT
17,45610951,17:45610951:A:G,17,46165985,17:46165985:T:TCG,0.991385,555034,chr17:45610951-45610951,PLEKHM1/MAPT
17,45610951,17:45610951:A:G,17,46165988,17:46165988:A:AG,0.991385,555037,chr17:45610951-45610951,PLEKHM1/MAPT
17,45610951,17:45610951:A:G,17,46166041,17:46166041:G:A,0.813706,555090,chr17:45610951-45610951,PLEKHM1/MAPT
17,45610951,17:45610951:A:G,17,46166177,17:46166177:TA:T,0.982863,555226,chr17:45610951-45610951,PLEKHM1/MAPT
17,45610951,17:45610951:A:G,17,46166373,17:46166373:G:A,0.846125,555422,chr17:45610951-45610951,PLEKHM1/MAPT
17,45610951,17:45610951:A:G,17,46166497,17:46166497:A:T,0.991385,555546,chr17:45610951-45610951,PLEKHM1/MAPT
17,45610951,17:45610951:A:G,17,46166502,17:46166502:C:T,0.991385,555551,chr17:45610951-45610951,PLEKHM1/MAPT
17,45610951,17:45610951:A:G,17,46166504,17:46166504:T:C,0.991385,555553,chr17:45610951-45610951,PLEKHM1/MAPT
17,45610951,17:45610951:A:G,17,46166613,17:46166613:C:T,0.991385,555662,chr17:45610951-45610951,PLEKHM1/MAPT
17,45610951,17:45610951:A:G,17,46167031,17:46167031:G:A,0.991385,556080,chr17:45610951-45610951,PLEKHM1/MAPT
17,45610951,17:45610951:A:G,17,46167055,17:46167055:G:GA,0.846125,556104,chr17:45610951-45610951,PLEKHM1/MAPT
17,45610951,17:45610951:A:G,17,46167215,17:46167215:T:C,0.991385,556264,chr17:45610951-45610951,PLEKHM1/MAPT
17,45610951,17:45610951:A:G,17,46167530,17:46167530:C:G,0.846125,556579,chr17:45610951-45610951,PLEKHM1/MAPT
17,45610951,17:45610951:A:G,17,46167560,17:46167560:T:G,0.991385,556609,chr17:45610951-45610951,PLEKHM1/MAPT
17,45610951,17:45610951:A:G,17,46167805,17:46167805:G:T,0.846125,556854,chr17:45610951-45610951,PLEKHM1/MAPT
17,45610951,17:45610951:A:G,17,46167993,17:46167993:G:A,0.846125,557042,chr17:45610951-45610951,PLEKHM1/MAPT
17,45610951,17:45610951:A:G,17,46168400,17:46168400:G:A,0.991385,557449,chr17:45610951-45610951,PLEKHM1/MAPT
17,45610951,17:45610951:A:G,17,46168510,17:46168510:A:G,0.991385,557559,chr17:45610951-45610951,PLEKHM1/MAPT
17,45610951,17:45610951:A:G,17,46168845,17:46168845:A:G,0.991385,557894,chr17:45610951-45610951,PLEKHM1/MAPT
17,45610951,17:45610951:A:G,17,46169039,17:46169039:C:A,0.991385,558088,chr17:45610951-45610951,PLEKHM1/MAPT
17,45610951,17:45610951:A:G,17,46169161,17:46169161:T:C,0.837871,558210,chr17:45610951-45610951,PLEKHM1/MAPT
17,45610951,17:45610951:A:G,17,46169258,17:46169258:C:A,0.991385,558307,chr17:45610951-45610951,PLEKHM1/MAPT
17,45610951,17:45610951:A:G,17,46169631,17:46169631:G:A,0.991385,558680,chr17:45610951-45610951,PLEKHM1/MAPT
17,45610951,17:45610951:A:G,17,46169798,17:46169798:A:G,0.974508,558847,chr17:45610951-45610951,PLEKHM1/MAPT
17,45610951,17:45610951:A:G,17,46169948,17:46169948:C:T,0.991385,558997,chr17:45610951-45610951,PLEKHM1/MAPT
17,45610951,17:45610951:A:G,17,46170307,17:46170307:G:A,0.991385,559356,chr17:45610951-45610951,PLEKHM1/MAPT
17,45610951,17:45610951:A:G,17,46170676,17:46170676:G:A,0.991385,559725,chr17:45610951-45610951,PLEKHM1/MAPT
17,45610951,17:45610951:A:G,17,46171403,17:46171403:T:C,0.991385,560452,chr17:45610951-45610951,PLEKHM1/MAPT
17,45610951,17:45610951:A:G,17,46171448,17:46171448:G:A,0.991385,560497,chr17:45610951-45610951,PLEKHM1/MAPT
17,45610951,17:45610951:A:G,17,46172255,17:46172255:A:G,0.991385,561304,chr17:45610951-45610951,PLEKHM1/MAPT
17,45610951,17:45610951:A:G,17,46172434,17:46172434:G:A,0.991385,561483,chr17:45610951-45610951,PLEKHM1/MAPT
17,45610951,17:45610951:A:G,17,46172545,17:46172545:T:TA,0.991385,561594,chr17:45610951-45610951,PLEKHM1/MAPT
17,45610951,17:45610951:A:G,17,46172742,17:46172742:T:C,0.991385,561791,chr17:45610951-45610951,PLEKHM1/MAPT
17,45610951,17:45610951:A:G,17,46173107,17:46173107:G:C,0.846125,562156,chr17:45610951-45610951,PLEKHM1/MAPT
17,45610951,17:45610951:A:G,17,46173250,17:46173250:G:A,0.991385,562299,chr17:45610951-45610951,PLEKHM1/MAPT
17,45610951,17:45610951:A:G,17,46173303,17:46173303:TA:T,0.991385,562352,chr17:45610951-45610951,PLEKHM1/MAPT
17,45610951,17:45610951:A:G,17,46173517,17:46173517:C:A,0.846125,562566,chr17:45610951-45610951,PLEKHM1/MAPT
17,45610951,17:45610951:A:G,17,46173864,17:46173864:T:C,0.991385,562913,chr17:45610951-45610951,PLEKHM1/MAPT
17,45610951,17:45610951:A:G,17,46174182,17:46174182:G:A,0.991385,563231,chr17:45610951-45610951,PLEKHM1/MAPT
17,45610951,17:45610951:A:G,17,46174188,17:46174188:ATG:A,0.991385,563237,chr17:45610951-45610951,PLEKHM1/MAPT
17,45610951,17:45610951:A:G,17,46174216,17:46174216:T:C,0.991385,563265,chr17:45610951-45610951,PLEKHM1/MAPT
17,45610951,17:45610951:A:G,17,46174332,17:46174332:G:A,0.991385,563381,chr17:45610951-45610951,PLEKHM1/MAPT
17,45610951,17:45610951:A:G,17,46174403,17:46174403:A:G,0.991385,563452,chr17:45610951-45610951,PLEKHM1/MAPT
17,45610951,17:45610951:A:G,17,46174541,17:46174541:C:T,0.991385,563590,chr17:45610951-45610951,PLEKHM1/MAPT
17,45610951,17:45610951:A:G,17,46174606,17:46174606:G:A,0.991385,563655,chr17:45610951-45610951,PLEKHM1/MAPT
17,45610951,17:45610951:A:G,17,46174732,17:46174732:C:T,0.991385,563781,chr17:45610951-45610951,PLEKHM1/MAPT
17,45610951,17:45610951:A:G,17,46174831,17:46174831:G:T,0.991385,563880,chr17:45610951-45610951,PLEKHM1/MAPT
17,45610951,17:45610951:A:G,17,46175050,17:46175050:G:C,0.991385,564099,chr17:45610951-45610951,PLEKHM1/MAPT
17,45610951,17:45610951:A:G,17,46175095,17:46175095:C:G,0.813706,564144,chr17:45610951-45610951,PLEKHM1/MAPT
17,45610951,17:45610951:A:G,17,46175102,17:46175102:G:A,0.813706,564151,chr17:45610951-45610951,PLEKHM1/MAPT
17,45610951,17:45610951:A:G,17,46175144,17:46175144:T:C,0.991385,564193,chr17:45610951-45610951,PLEKHM1/MAPT
17,45610951,17:45610951:A:G,17,46175837,17:46175837:A:C,0.991385,564886,chr17:45610951-45610951,PLEKHM1/MAPT
17,45610951,17:45610951:A:G,17,46175909,17:46175909:T:C,0.813706,564958,chr17:45610951-45610951,PLEKHM1/MAPT
17,45610951,17:45610951:A:G,17,46175998,17:46175998:G:A,0.991385,565047,chr17:45610951-45610951,PLEKHM1/MAPT
17,45610951,17:45610951:A:G,17,46176585,17:46176585:G:A,0.813706,565634,chr17:45610951-45610951,PLEKHM1/MAPT
17,45610951,17:45610951:A:G,17,46176691,17:46176692:T:TAAA,0.982794,565740,chr17:45610951-45610951,PLEKHM1/MAPT
17,45610951,17:45610951:A:G,17,46176925,17:46176925:C:T,0.813706,565974,chr17:45610951-45610951,PLEKHM1/MAPT
17,45610951,17:45610951:A:G,17,46177013,17:46177013:C:T,0.991385,566062,chr17:45610951-45610951,PLEKHM1/MAPT
17,45610951,17:45610951:A:G,17,46177047,17:46177047:A:G,0.991385,566096,chr17:45610951-45610951,PLEKHM1/MAPT
17,45610951,17:45610951:A:G,17,46177128,17:46177128:T:C,0.991385,566177,chr17:45610951-45610951,PLEKHM1/MAPT
17,45610951,17:45610951:A:G,17,46177320,17:46177320:T:TAATGCACAG,0.991385,566369,chr17:45610951-45610951,PLEKHM1/MAPT
17,45610951,17:45610951:A:G,17,46177627,17:46177627:GT:G,0.991385,566676,chr17:45610951-45610951,PLEKHM1/MAPT
17,45610951,17:45610951:A:G,17,46177651,17:46177651:T:C,0.991385,566700,chr17:45610951-45610951,PLEKHM1/MAPT
17,45610951,17:45610951:A:G,17,46177780,17:46177780:C:CT,0.966139,566829,chr17:45610951-45610951,PLEKHM1/MAPT
17,45610951,17:45610951:A:G,17,46178166,17:46178166:T:C,0.991385,567215,chr17:45610951-45610951,PLEKHM1/MAPT
17,45610951,17:45610951:A:G,17,46178411,17:46178411:G:A,0.991385,567460,chr17:45610951-45610951,PLEKHM1/MAPT
17,45610951,17:45610951:A:G,17,46178687,17:46178687:G:A,0.813706,567736,chr17:45610951-45610951,PLEKHM1/MAPT
17,45610951,17:45610951:A:G,17,46178930,17:46178930:G:A,0.813706,567979,chr17:45610951-45610951,PLEKHM1/MAPT
17,45610951,17:45610951:A:G,17,46179289,17:46179289:G:A,0.813706,568338,chr17:45610951-45610951,PLEKHM1/MAPT
17,45610951,17:45610951:A:G,17,46179445,17:46179445:A:AACAAG,0.991385,568494,chr17:45610951-45610951,PLEKHM1/MAPT
17,45610951,17:45610951:A:G,17,46180107,17:46180107:T:C,0.991385,569156,chr17:45610951-45610951,PLEKHM1/MAPT
17,45610951,17:45610951:A:G,17,46180417,17:46180417:A:G,0.974508,569466,chr17:45610951-45610951,PLEKHM1/MAPT
17,45610951,17:45610951:A:G,17,46180422,17:46180422:T:C,0.991385,569471,chr17:45610951-45610951,PLEKHM1/MAPT
17,45610951,17:45610951:A:G,17,46180557,17:46180557:G:A,0.821663,569606,chr17:45610951-45610951,PLEKHM1/MAPT
17,45610951,17:45610951:A:G,17,46180608,17:46180608:C:A,0.821663,569657,chr17:45610951-45610951,PLEKHM1/MAPT
17,45610951,17:45610951:A:G,17,46180865,17:46180865:A:G,0.991385,569914,chr17:45610951-45610951,PLEKHM1/MAPT
17,45610951,17:45610951:A:G,17,46180988,17:46180988:G:C,0.991385,570037,chr17:45610951-45610951,PLEKHM1/MAPT
17,45610951,17:45610951:A:G,17,46181056,17:46181056:G:T,0.991385,570105,chr17:45610951-45610951,PLEKHM1/MAPT
17,45610951,17:45610951:A:G,17,46181548,17:46181548:A:G,0.991385,570597,chr17:45610951-45610951,PLEKHM1/MAPT
17,45610951,17:45610951:A:G,17,46181588,17:46181588:G:C,0.991385,570637,chr17:45610951-45610951,PLEKHM1/MAPT
17,45610951,17:45610951:A:G,17,46181674,17:46181674:G:C,0.991385,570723,chr17:45610951-45610951,PLEKHM1/MAPT
17,45610951,17:45610951:A:G,17,46181884,17:46181885:C:CT,0.809994,570933,chr17:45610951-45610951,PLEKHM1/MAPT
17,45610951,17:45610951:A:G,17,46182153,17:46182153:A:G,0.821663,571202,chr17:45610951-45610951,PLEKHM1/MAPT
17,45610951,17:45610951:A:G,17,46182173,17:46182173:A:C,0.821663,571222,chr17:45610951-45610951,PLEKHM1/MAPT
17,45610951,17:45610951:A:G,17,46182426,17:46182426:G:A,0.991385,571475,chr17:45610951-45610951,PLEKHM1/MAPT
17,45610951,17:45610951:A:G,17,46182553,17:46182553:A:G,0.821663,571602,chr17:45610951-45610951,PLEKHM1/MAPT
17,45610951,17:45610951:A:G,17,46183050,17:46183050:T:C,0.991385,572099,chr17:45610951-45610951,PLEKHM1/MAPT
17,45610951,17:45610951:A:G,17,46183278,17:46183278:AT:A,0.991385,572327,chr17:45610951-45610951,PLEKHM1/MAPT
17,45610951,17:45610951:A:G,17,46183566,17:46183566:GA:G,0.991385,572615,chr17:45610951-45610951,PLEKHM1/MAPT
17,45610951,17:45610951:A:G,17,46183568,17:46183568:GAGAGGA:G,0.991385,572617,chr17:45610951-45610951,PLEKHM1/MAPT
17,45610951,17:45610951:A:G,17,46183601,17:46183601:G:A,0.991385,572650,chr17:45610951-45610951,PLEKHM1/MAPT
17,45610951,17:45610951:A:G,17,46183771,17:46183771:C:T,0.991385,572820,chr17:45610951-45610951,PLEKHM1/MAPT
17,45610951,17:45610951:A:G,17,46184247,17:46184247:T:TCC,0.991385,573296,chr17:45610951-45610951,PLEKHM1/MAPT
17,45610951,17:45610951:A:G,17,46184387,17:46184387:T:C,0.991385,573436,chr17:45610951-45610951,PLEKHM1/MAPT
17,45610951,17:45610951:A:G,17,46184837,17:46184837:CTTTTTT:C,0.821451,573886,chr17:45610951-45610951,PLEKHM1/MAPT
17,45610951,17:45610951:A:G,17,46185037,17:46185037:C:T,0.991385,574086,chr17:45610951-45610951,PLEKHM1/MAPT
17,45610951,17:45610951:A:G,17,46185052,17:46185052:G:A,0.991385,574101,chr17:45610951-45610951,PLEKHM1/MAPT
17,45610951,17:45610951:A:G,17,46185213,17:46185213:CA:C,0.846125,574262,chr17:45610951-45610951,PLEKHM1/MAPT
17,45610951,17:45610951:A:G,17,46185217,17:46185217:A:AC,0.846125,574266,chr17:45610951-45610951,PLEKHM1/MAPT
17,45610951,17:45610951:A:G,17,46185598,17:46185598:C:CA,0.834535,574647,chr17:45610951-45610951,PLEKHM1/MAPT
17,45610951,17:45610951:A:G,17,46185710,17:46185710:C:T,0.846125,574759,chr17:45610951-45610951,PLEKHM1/MAPT
17,45610951,17:45610951:A:G,17,46185716,17:46185716:C:T,0.846125,574765,chr17:45610951-45610951,PLEKHM1/MAPT
17,45610951,17:45610951:A:G,17,46185975,17:46185975:GA:G,0.974508,575024,chr17:45610951-45610951,PLEKHM1/MAPT
17,45610951,17:45610951:A:G,17,46186113,17:46186113:T:C,0.991385,575162,chr17:45610951-45610951,PLEKHM1/MAPT
17,45610951,17:45610951:A:G,17,46186359,17:46186359:G:T,0.846125,575408,chr17:45610951-45610951,PLEKHM1/MAPT
17,45610951,17:45610951:A:G,17,46186363,17:46186363:C:G,0.991385,575412,chr17:45610951-45610951,PLEKHM1/MAPT
17,45610951,17:45610951:A:G,17,46186557,17:46186557:T:C,0.846125,575606,chr17:45610951-45610951,PLEKHM1/MAPT
17,45610951,17:45610951:A:G,17,46186589,17:46186589:A:G,0.846125,575638,chr17:45610951-45610951,PLEKHM1/MAPT
17,45610951,17:45610951:A:G,17,46186599,17:46186599:T:C,0.991385,575648,chr17:45610951-45610951,PLEKHM1/MAPT
17,45610951,17:45610951:A:G,17,46186679,17:46186679:T:C,0.991385,575728,chr17:45610951-45610951,PLEKHM1/MAPT
17,45610951,17:45610951:A:G,17,46186903,17:46186903:GT:G,0.911019,575952,chr17:45610951-45610951,PLEKHM1/MAPT
17,45610951,17:45610951:A:G,17,46187351,17:46187351:A:C,0.991385,576400,chr17:45610951-45610951,PLEKHM1/MAPT
17,45610951,17:45610951:A:G,17,46187577,17:46187577:T:C,0.991385,576626,chr17:45610951-45610951,PLEKHM1/MAPT
17,45610951,17:45610951:A:G,17,46187826,17:46187826:AT:A,0.991385,576875,chr17:45610951-45610951,PLEKHM1/MAPT
17,45610951,17:45610951:A:G,17,46187962,17:46187962:A:G,0.991385,577011,chr17:45610951-45610951,PLEKHM1/MAPT
17,45610951,17:45610951:A:G,17,46188111,17:46188111:G:C,0.846125,577160,chr17:45610951-45610951,PLEKHM1/MAPT
17,45610951,17:45610951:A:G,17,46188336,17:46188336:A:T,0.991385,577385,chr17:45610951-45610951,PLEKHM1/MAPT
17,45610951,17:45610951:A:G,17,46188656,17:46188656:A:G,0.991385,577705,chr17:45610951-45610951,PLEKHM1/MAPT
17,45610951,17:45610951:A:G,17,46188861,17:46188861:T:C,0.982971,577910,chr17:45610951-45610951,PLEKHM1/MAPT
17,45610951,17:45610951:A:G,17,46188924,17:46188924:G:C,0.991385,577973,chr17:45610951-45610951,PLEKHM1/MAPT
17,45610951,17:45610951:A:G,17,46188976,17:46188976:T:C,0.991385,578025,chr17:45610951-45610951,PLEKHM1/MAPT
17,45610951,17:45610951:A:G,17,46189165,17:46189165:G:A,0.991385,578214,chr17:45610951-45610951,PLEKHM1/MAPT
17,45610951,17:45610951:A:G,17,46189606,17:46189606:A:G,0.991385,578655,chr17:45610951-45610951,PLEKHM1/MAPT
17,45610951,17:45610951:A:G,17,46189609,17:46189609:G:A,0.846125,578658,chr17:45610951-45610951,PLEKHM1/MAPT
17,45610951,17:45610951:A:G,17,46189798,17:46189798:C:T,0.991385,578847,chr17:45610951-45610951,PLEKHM1/MAPT
17,45610951,17:45610951:A:G,17,46189804,17:46189804:G:T,0.991385,578853,chr17:45610951-45610951,PLEKHM1/MAPT
17,45610951,17:45610951:A:G,17,46189861,17:46189861:A:G,0.991385,578910,chr17:45610951-45610951,PLEKHM1/MAPT
17,45610951,17:45610951:A:G,17,46190251,17:46190251:A:G,0.991385,579300,chr17:45610951-45610951,PLEKHM1/MAPT
17,45610951,17:45610951:A:G,17,46190497,17:46190497:G:A,0.991385,579546,chr17:45610951-45610951,PLEKHM1/MAPT
17,45610951,17:45610951:A:G,17,46190538,17:46190538:T:C,0.991385,579587,chr17:45610951-45610951,PLEKHM1/MAPT
17,45610951,17:45610951:A:G,17,46191122,17:46191122:C:T,0.991385,580171,chr17:45610951-45610951,PLEKHM1/MAPT
17,45610951,17:45610951:A:G,17,46192076,17:46192076:A:C,0.837871,581125,chr17:45610951-45610951,PLEKHM1/MAPT
17,45610951,17:45610951:A:G,17,46192127,17:46192127:T:C,0.846125,581176,chr17:45610951-45610951,PLEKHM1/MAPT
17,45610951,17:45610951:A:G,17,46192180,17:46192180:C:T,0.991385,581229,chr17:45610951-45610951,PLEKHM1/MAPT
17,45610951,17:45610951:A:G,17,46192360,17:46192360:G:A,0.846125,581409,chr17:45610951-45610951,PLEKHM1/MAPT
17,45610951,17:45610951:A:G,17,46192598,17:46192598:T:A,0.991385,581647,chr17:45610951-45610951,PLEKHM1/MAPT
17,45610951,17:45610951:A:G,17,46192693,17:46192693:A:T,0.991385,581742,chr17:45610951-45610951,PLEKHM1/MAPT
17,45610951,17:45610951:A:G,17,46192927,17:46192927:G:T,0.991385,581976,chr17:45610951-45610951,PLEKHM1/MAPT
17,45610951,17:45610951:A:G,17,46193130,17:46193130:G:A,0.846125,582179,chr17:45610951-45610951,PLEKHM1/MAPT
17,45610951,17:45610951:A:G,17,46193137,17:46193137:A:AGGGC,0.826255,582186,chr17:45610951-45610951,PLEKHM1/MAPT
17,45610951,17:45610951:A:G,17,46193356,17:46193356:T:TGGCGGCGGC,0.837871,582405,chr17:45610951-45610951,PLEKHM1/MAPT
17,45610951,17:45610951:A:G,17,46193443,17:46193443:A:G,0.991385,582492,chr17:45610951-45610951,PLEKHM1/MAPT
17,45610951,17:45610951:A:G,17,46193558,17:46193558:C:T,0.846125,582607,chr17:45610951-45610951,PLEKHM1/MAPT
17,45610951,17:45610951:A:G,17,46193786,17:46193786:G:A,0.991385,582835,chr17:45610951-45610951,PLEKHM1/MAPT
17,45610951,17:45610951:A:G,17,46194064,17:46194064:A:G,0.991385,583113,chr17:45610951-45610951,PLEKHM1/MAPT
17,45610951,17:45610951:A:G,17,46194634,17:46194634:G:A,0.991385,583683,chr17:45610951-45610951,PLEKHM1/MAPT
17,45610951,17:45610951:A:G,17,46194900,17:46194900:A:G,0.991385,583949,chr17:45610951-45610951,PLEKHM1/MAPT
17,45610951,17:45610951:A:G,17,46195186,17:46195186:C:T,0.991385,584235,chr17:45610951-45610951,PLEKHM1/MAPT
17,45610951,17:45610951:A:G,17,46195313,17:46195313:G:C,0.991385,584362,chr17:45610951-45610951,PLEKHM1/MAPT
17,45610951,17:45610951:A:G,17,46195562,17:46195562:C:A,0.991385,584611,chr17:45610951-45610951,PLEKHM1/MAPT
17,45610951,17:45610951:A:G,17,46195852,17:46195852:C:T,0.991385,584901,chr17:45610951-45610951,PLEKHM1/MAPT
17,45610951,17:45610951:A:G,17,46195898,17:46195898:G:A,0.991385,584947,chr17:45610951-45610951,PLEKHM1/MAPT
17,45610951,17:45610951:A:G,17,46196082,17:46196082:C:A,0.991385,585131,chr17:45610951-45610951,PLEKHM1/MAPT
17,45610951,17:45610951:A:G,17,46197085,17:46197085:G:C,0.837871,586134,chr17:45610951-45610951,PLEKHM1/MAPT
17,45610951,17:45610951:A:G,17,46197194,17:46197194:T:C,0.991385,586243,chr17:45610951-45610951,PLEKHM1/MAPT
17,45610951,17:45610951:A:G,17,46197400,17:46197400:T:C,0.991385,586449,chr17:45610951-45610951,PLEKHM1/MAPT
17,45610951,17:45610951:A:G,17,46197472,17:46197472:G:A,0.846125,586521,chr17:45610951-45610951,PLEKHM1/MAPT
17,45610951,17:45610951:A:G,17,46197619,17:46197619:C:A,0.991385,586668,chr17:45610951-45610951,PLEKHM1/MAPT
17,45610951,17:45610951:A:G,17,46197669,17:46197669:T:G,0.991385,586718,chr17:45610951-45610951,PLEKHM1/MAPT
17,45610951,17:45610951:A:G,17,46197806,17:46197806:A:ACT,0.991385,586855,chr17:45610951-45610951,PLEKHM1/MAPT
17,45610951,17:45610951:A:G,17,46197864,17:46197864:G:T,0.846125,586913,chr17:45610951-45610951,PLEKHM1/MAPT
17,45610951,17:45610951:A:G,17,46198253,17:46198253:A:G,0.991385,587302,chr17:45610951-45610951,PLEKHM1/MAPT
17,45610951,17:45610951:A:G,17,46198283,17:46198283:CTAT:C,0.991385,587332,chr17:45610951-45610951,PLEKHM1/MAPT
17,45610951,17:45610951:A:G,17,46198647,17:46198647:G:A,0.991385,587696,chr17:45610951-45610951,PLEKHM1/MAPT
17,45610951,17:45610951:A:G,17,46198964,17:46198964:T:C,0.991385,588013,chr17:45610951-45610951,PLEKHM1/MAPT
17,45610951,17:45610951:A:G,17,46199065,17:46199065:T:TAGAA,0.991385,588114,chr17:45610951-45610951,PLEKHM1/MAPT
17,45610951,17:45610951:A:G,17,46199212,17:46199212:T:C,0.991385,588261,chr17:45610951-45610951,PLEKHM1/MAPT
17,45610951,17:45610951:A:G,17,46199252,17:46199252:A:G,0.991385,588301,chr17:45610951-45610951,PLEKHM1/MAPT
17,45610951,17:45610951:A:G,17,46199455,17:46199455:G:A,0.991385,588504,chr17:45610951-45610951,PLEKHM1/MAPT
17,45610951,17:45610951:A:G,17,46199899,17:46199899:A:C,0.991385,588948,chr17:45610951-45610951,PLEKHM1/MAPT
17,45610951,17:45610951:A:G,17,46200110,17:46200110:C:CTTTAG,0.974508,589159,chr17:45610951-45610951,PLEKHM1/MAPT
17,45610951,17:45610951:A:G,17,46200325,17:46200325:T:C,0.991385,589374,chr17:45610951-45610951,PLEKHM1/MAPT
17,45610951,17:45610951:A:G,17,46200452,17:46200452:A:G,0.991385,589501,chr17:45610951-45610951,PLEKHM1/MAPT
17,45610951,17:45610951:A:G,17,46200459,17:46200459:C:T,0.829717,589508,chr17:45610951-45610951,PLEKHM1/MAPT
17,45610951,17:45610951:A:G,17,46200501,17:46200501:G:A,0.991385,589550,chr17:45610951-45610951,PLEKHM1/MAPT
17,45610951,17:45610951:A:G,17,46200557,17:46200557:G:A,0.982751,589606,chr17:45610951-45610951,PLEKHM1/MAPT
17,45610951,17:45610951:A:G,17,46200744,17:46200744:AAT:A,0.991385,589793,chr17:45610951-45610951,PLEKHM1/MAPT
17,45610951,17:45610951:A:G,17,46200909,17:46200909:C:CT,0.829717,589958,chr17:45610951-45610951,PLEKHM1/MAPT
17,45610951,17:45610951:A:G,17,46201295,17:46201295:G:A,0.829717,590344,chr17:45610951-45610951,PLEKHM1/MAPT
17,45610951,17:45610951:A:G,17,46201376,17:46201376:A:G,0.991385,590425,chr17:45610951-45610951,PLEKHM1/MAPT
17,45610951,17:45610951:A:G,17,46201707,17:46201707:G:GA,0.991385,590756,chr17:45610951-45610951,PLEKHM1/MAPT
17,45610951,17:45610951:A:G,17,46201735,17:46201735:A:G,0.991385,590784,chr17:45610951-45610951,PLEKHM1/MAPT
17,45610951,17:45610951:A:G,17,46201886,17:46201886:A:G,0.991385,590935,chr17:45610951-45610951,PLEKHM1/MAPT
17,45610951,17:45610951:A:G,17,46202005,17:46202005:TCAAA:T,0.991385,591054,chr17:45610951-45610951,PLEKHM1/MAPT
17,45610951,17:45610951:A:G,17,46202191,17:46202191:TA:T,0.991385,591240,chr17:45610951-45610951,PLEKHM1/MAPT
17,45610951,17:45610951:A:G,17,46202394,17:46202394:G:A,0.991385,591443,chr17:45610951-45610951,PLEKHM1/MAPT
17,45610951,17:45610951:A:G,17,46202437,17:46202437:T:G,0.829717,591486,chr17:45610951-45610951,PLEKHM1/MAPT
17,45610951,17:45610951:A:G,17,46202822,17:46202822:T:A,0.991385,591871,chr17:45610951-45610951,PLEKHM1/MAPT
17,45610951,17:45610951:A:G,17,46203157,17:46203157:A:G,0.991385,592206,chr17:45610951-45610951,PLEKHM1/MAPT
17,45610951,17:45610951:A:G,17,46203331,17:46203331:T:C,0.829717,592380,chr17:45610951-45610951,PLEKHM1/MAPT
17,45610951,17:45610951:A:G,17,46203536,17:46203536:G:C,0.991385,592585,chr17:45610951-45610951,PLEKHM1/MAPT
17,45610951,17:45610951:A:G,17,46203942,17:46203942:G:A,0.829717,592991,chr17:45610951-45610951,PLEKHM1/MAPT
17,45610951,17:45610951:A:G,17,46204015,17:46204015:A:G,0.991385,593064,chr17:45610951-45610951,PLEKHM1/MAPT
17,45610951,17:45610951:A:G,17,46204086,17:46204086:A:G,0.991385,593135,chr17:45610951-45610951,PLEKHM1/MAPT
17,45610951,17:45610951:A:G,17,46204222,17:46204222:T:C,0.991385,593271,chr17:45610951-45610951,PLEKHM1/MAPT
17,45610951,17:45610951:A:G,17,46204267,17:46204267:G:A,0.829717,593316,chr17:45610951-45610951,PLEKHM1/MAPT
17,45610951,17:45610951:A:G,17,46204356,17:46204356:T:C,0.991385,593405,chr17:45610951-45610951,PLEKHM1/MAPT
17,45610951,17:45610951:A:G,17,46204641,17:46204641:T:C,0.991385,593690,chr17:45610951-45610951,PLEKHM1/MAPT
17,45610951,17:45610951:A:G,17,46205106,17:46205106:T:C,0.829717,594155,chr17:45610951-45610951,PLEKHM1/MAPT
17,45610951,17:45610951:A:G,17,46205526,17:46205526:T:C,0.991385,594575,chr17:45610951-45610951,PLEKHM1/MAPT
17,45610951,17:45610951:A:G,17,46205656,17:46205656:A:G,0.991385,594705,chr17:45610951-45610951,PLEKHM1/MAPT
17,45610951,17:45610951:A:G,17,46205773,17:46205773:C:A,0.991385,594822,chr17:45610951-45610951,PLEKHM1/MAPT
17,45610951,17:45610951:A:G,17,46206113,17:46206113:T:C,0.991385,595162,chr17:45610951-45610951,PLEKHM1/MAPT
17,45610951,17:45610951:A:G,17,46206205,17:46206205:C:T,0.829717,595254,chr17:45610951-45610951,PLEKHM1/MAPT
17,45610951,17:45610951:A:G,17,46206395,17:46206395:A:T,0.991385,595444,chr17:45610951-45610951,PLEKHM1/MAPT
17,45610951,17:45610951:A:G,17,46206691,17:46206691:C:T,0.982971,595740,chr17:45610951-45610951,PLEKHM1/MAPT
17,45610951,17:45610951:A:G,17,46207054,17:46207054:C:T,0.991385,596103,chr17:45610951-45610951,PLEKHM1/MAPT
17,45610951,17:45610951:A:G,17,46207176,17:46207176:G:A,0.991385,596225,chr17:45610951-45610951,PLEKHM1/MAPT
17,45610951,17:45610951:A:G,17,46207275,17:46207275:T:G,0.991385,596324,chr17:45610951-45610951,PLEKHM1/MAPT
17,45610951,17:45610951:A:G,17,46207368,17:46207368:G:C,0.991385,596417,chr17:45610951-45610951,PLEKHM1/MAPT
17,45610951,17:45610951:A:G,17,46207511,17:46207511:AAAAAAAAAA:A,0.991385,596560,chr17:45610951-45610951,PLEKHM1/MAPT
17,45610951,17:45610951:A:G,17,46207596,17:46207596:A:AG,0.991385,596645,chr17:45610951-45610951,PLEKHM1/MAPT
17,45610951,17:45610951:A:G,17,46207776,17:46207776:G:C,0.991385,596825,chr17:45610951-45610951,PLEKHM1/MAPT
17,45610951,17:45610951:A:G,17,46208094,17:46208094:G:GA,0.991385,597143,chr17:45610951-45610951,PLEKHM1/MAPT
17,45610951,17:45610951:A:G,17,46208101,17:46208101:A:G,0.991385,597150,chr17:45610951-45610951,PLEKHM1/MAPT
17,45610951,17:45610951:A:G,17,46208132,17:46208132:A:T,0.829717,597181,chr17:45610951-45610951,PLEKHM1/MAPT
17,45610951,17:45610951:A:G,17,46208165,17:46208165:G:A,0.991385,597214,chr17:45610951-45610951,PLEKHM1/MAPT
17,45610951,17:45610951:A:G,17,46208586,17:46208586:T:C,0.991385,597635,chr17:45610951-45610951,PLEKHM1/MAPT
17,45610951,17:45610951:A:G,17,46208616,17:46208616:CAA:C,0.959927,597665,chr17:45610951-45610951,PLEKHM1/MAPT
17,45610951,17:45610951:A:G,17,46208723,17:46208723:G:A,0.991385,597772,chr17:45610951-45610951,PLEKHM1/MAPT
17,45610951,17:45610951:A:G,17,46208762,17:46208762:A:G,0.991385,597811,chr17:45610951-45610951,PLEKHM1/MAPT
17,45610951,17:45610951:A:G,17,46208832,17:46208832:G:A,0.991385,597881,chr17:45610951-45610951,PLEKHM1/MAPT
17,45610951,17:45610951:A:G,17,46208852,17:46208853:CA:C,0.982971,597901,chr17:45610951-45610951,PLEKHM1/MAPT
17,45610951,17:45610951:A:G,17,46209606,17:46209606:A:C,0.829717,598655,chr17:45610951-45610951,PLEKHM1/MAPT
17,45610951,17:45610951:A:G,17,46209944,17:46209944:A:G,0.991385,598993,chr17:45610951-45610951,PLEKHM1/MAPT
17,45610951,17:45610951:A:G,17,46210024,17:46210024:A:G,0.846125,599073,chr17:45610951-45610951,PLEKHM1/MAPT
17,45610951,17:45610951:A:G,17,46210748,17:46210748:TA:T,0.991385,599797,chr17:45610951-45610951,PLEKHM1/MAPT
17,45610951,17:45610951:A:G,17,46210790,17:46210790:T:C,0.991385,599839,chr17:45610951-45610951,PLEKHM1/MAPT
17,45610951,17:45610951:A:G,17,46210918,17:46210918:G:A,0.846125,599967,chr17:45610951-45610951,PLEKHM1/MAPT
17,45610951,17:45610951:A:G,17,46211213,17:46211213:T:C,0.991385,600262,chr17:45610951-45610951,PLEKHM1/MAPT
17,45610951,17:45610951:A:G,17,46211274,17:46211274:A:G,0.991385,600323,chr17:45610951-45610951,PLEKHM1/MAPT
17,45610951,17:45610951:A:G,17,46211306,17:46211306:G:A,0.991385,600355,chr17:45610951-45610951,PLEKHM1/MAPT
17,45610951,17:45610951:A:G,17,46211336,17:46211336:G:T,0.813706,600385,chr17:45610951-45610951,PLEKHM1/MAPT
17,45610951,17:45610951:A:G,17,46211735,17:46211735:A:G,0.991385,600784,chr17:45610951-45610951,PLEKHM1/MAPT
17,45610951,17:45610951:A:G,17,46211784,17:46211784:A:C,0.991385,600833,chr17:45610951-45610951,PLEKHM1/MAPT
17,45610951,17:45610951:A:G,17,46211854,17:46211854:C:T,0.991385,600903,chr17:45610951-45610951,PLEKHM1/MAPT
17,45610951,17:45610951:A:G,17,46211866,17:46211866:G:T,0.991385,600915,chr17:45610951-45610951,PLEKHM1/MAPT
17,45610951,17:45610951:A:G,17,46211925,17:46211925:A:C,0.991385,600974,chr17:45610951-45610951,PLEKHM1/MAPT
17,45610951,17:45610951:A:G,17,46212262,17:46212262:A:C,0.991385,601311,chr17:45610951-45610951,PLEKHM1/MAPT
17,45610951,17:45610951:A:G,17,46212681,17:46212681:G:A,0.991385,601730,chr17:45610951-45610951,PLEKHM1/MAPT
17,45610951,17:45610951:A:G,17,46213393,17:46213393:T:C,0.991385,602442,chr17:45610951-45610951,PLEKHM1/MAPT
17,45610951,17:45610951:A:G,17,46213467,17:46213467:ATTT:A,0.821663,602516,chr17:45610951-45610951,PLEKHM1/MAPT
17,45610951,17:45610951:A:G,17,46213544,17:46213544:A:G,0.991385,602593,chr17:45610951-45610951,PLEKHM1/MAPT
17,45610951,17:45610951:A:G,17,46213999,17:46213999:C:T,0.991385,603048,chr17:45610951-45610951,PLEKHM1/MAPT
17,45610951,17:45610951:A:G,17,46214015,17:46214015:A:G,0.991385,603064,chr17:45610951-45610951,PLEKHM1/MAPT
17,45610951,17:45610951:A:G,17,46214113,17:46214113:G:A,0.991385,603162,chr17:45610951-45610951,PLEKHM1/MAPT
17,45610951,17:45610951:A:G,17,46214454,17:46214454:A:G,0.991385,603503,chr17:45610951-45610951,PLEKHM1/MAPT
17,45610951,17:45610951:A:G,17,46214655,17:46214655:C:CAAA,0.991385,603704,chr17:45610951-45610951,PLEKHM1/MAPT
17,45610951,17:45610951:A:G,17,46214760,17:46214760:T:C,0.991385,603809,chr17:45610951-45610951,PLEKHM1/MAPT
17,45610951,17:45610951:A:G,17,46214953,17:46214953:T:C,0.991385,604002,chr17:45610951-45610951,PLEKHM1/MAPT
17,45610951,17:45610951:A:G,17,46215654,17:46215654:G:A,0.991385,604703,chr17:45610951-45610951,PLEKHM1/MAPT
17,45610951,17:45610951:A:G,17,46215839,17:46215839:A:G,0.974508,604888,chr17:45610951-45610951,PLEKHM1/MAPT
17,45610951,17:45610951:A:G,17,46216305,17:46216305:A:G,0.829717,605354,chr17:45610951-45610951,PLEKHM1/MAPT
17,45610951,17:45610951:A:G,17,46216597,17:46216597:T:A,0.974304,605646,chr17:45610951-45610951,PLEKHM1/MAPT
17,45610951,17:45610951:A:G,17,46216739,17:46216739:C:T,0.829717,605788,chr17:45610951-45610951,PLEKHM1/MAPT
17,45610951,17:45610951:A:G,17,46217110,17:46217111:CAAA:C,0.982971,606159,chr17:45610951-45610951,PLEKHM1/MAPT
17,45610951,17:45610951:A:G,17,46217128,17:46217128:A:C,0.829717,606177,chr17:45610951-45610951,PLEKHM1/MAPT
17,45610951,17:45610951:A:G,17,46217420,17:46217420:A:G,0.982751,606469,chr17:45610951-45610951,PLEKHM1/MAPT
17,45610951,17:45610951:A:G,17,46217470,17:46217470:TA:T,0.991385,606519,chr17:45610951-45610951,PLEKHM1/MAPT
17,45610951,17:45610951:A:G,17,46217617,17:46217617:C:A,0.991385,606666,chr17:45610951-45610951,PLEKHM1/MAPT
17,45610951,17:45610951:A:G,17,46217791,17:46217791:A:G,0.991385,606840,chr17:45610951-45610951,PLEKHM1/MAPT
17,45610951,17:45610951:A:G,17,46218329,17:46218329:A:G,0.835088,607378,chr17:45610951-45610951,PLEKHM1/MAPT
17,45610951,17:45610951:A:G,17,46218429,17:46218429:G:A,0.835088,607478,chr17:45610951-45610951,PLEKHM1/MAPT
17,45610951,17:45610951:A:G,17,46218731,17:46218731:C:T,0.821663,607780,chr17:45610951-45610951,PLEKHM1/MAPT
17,45610951,17:45610951:A:G,17,46218813,17:46218813:G:C,0.829717,607862,chr17:45610951-45610951,PLEKHM1/MAPT
17,45610951,17:45610951:A:G,17,46218816,17:46218816:C:T,0.991385,607865,chr17:45610951-45610951,PLEKHM1/MAPT
17,45610951,17:45610951:A:G,17,46218864,17:46218864:T:A,0.991385,607913,chr17:45610951-45610951,PLEKHM1/MAPT
17,45610951,17:45610951:A:G,17,46218885,17:46218885:T:C,0.991385,607934,chr17:45610951-45610951,PLEKHM1/MAPT
17,45610951,17:45610951:A:G,17,46218989,17:46218989:G:A,0.829717,608038,chr17:45610951-45610951,PLEKHM1/MAPT
17,45610951,17:45610951:A:G,17,46219156,17:46219156:T:C,0.991385,608205,chr17:45610951-45610951,PLEKHM1/MAPT
17,45610951,17:45610951:A:G,17,46219157,17:46219157:G:A,0.991385,608206,chr17:45610951-45610951,PLEKHM1/MAPT
17,45610951,17:45610951:A:G,17,46219264,17:46219264:G:A,0.821663,608313,chr17:45610951-45610951,PLEKHM1/MAPT
17,45610951,17:45610951:A:G,17,46219435,17:46219435:T:C,0.824656,608484,chr17:45610951-45610951,PLEKHM1/MAPT
17,45610951,17:45610951:A:G,17,46219479,17:46219479:A:C,1.0,608528,chr17:45610951-45610951,PLEKHM1/MAPT
17,45610951,17:45610951:A:G,17,46219480,17:46219480:G:A,1.0,608529,chr17:45610951-45610951,PLEKHM1/MAPT
17,45610951,17:45610951:A:G,17,46219571,17:46219571:T:C,0.824656,608620,chr17:45610951-45610951,PLEKHM1/MAPT
17,45610951,17:45610951:A:G,17,46219782,17:46219782:G:A,1.0,608831,chr17:45610951-45610951,PLEKHM1/MAPT
17,45610951,17:45610951:A:G,17,46220021,17:46220021:T:C,0.849407,609070,chr17:45610951-45610951,PLEKHM1/MAPT
17,45610951,17:45610951:A:G,17,46220060,17:46220060:G:A,0.849407,609109,chr17:45610951-45610951,PLEKHM1/MAPT
17,45610951,17:45610951:A:G,17,46220078,17:46220078:A:G,0.849407,609127,chr17:45610951-45610951,PLEKHM1/MAPT
17,45610951,17:45610951:A:G,17,46220093,17:46220093:G:A,0.849407,609142,chr17:45610951-45610951,PLEKHM1/MAPT
17,45610951,17:45610951:A:G,17,46220351,17:46220351:C:G,0.841054,609400,chr17:45610951-45610951,PLEKHM1/MAPT
17,45610951,17:45610951:A:G,17,46220352,17:46220352:A:G,0.849407,609401,chr17:45610951-45610951,PLEKHM1/MAPT
17,45610951,17:45610951:A:G,17,46220417,17:46220417:C:T,0.800806,609466,chr17:45610951-45610951,PLEKHM1/MAPT
17,45610951,17:45610951:A:G,17,46220463,17:46220463:G:T,0.832804,609512,chr17:45610951-45610951,PLEKHM1/MAPT
17,45610951,17:45610951:A:G,17,46220530,17:46220530:T:C,0.824656,609579,chr17:45610951-45610951,PLEKHM1/MAPT
17,45610951,17:45610951:A:G,17,46220736,17:46220736:G:A,0.991385,609785,chr17:45610951-45610951,PLEKHM1/MAPT
17,45610951,17:45610951:A:G,17,46220812,17:46220812:A:G,0.991385,609861,chr17:45610951-45610951,PLEKHM1/MAPT
17,45610951,17:45610951:A:G,17,46220843,17:46220843:T:C,0.991385,609892,chr17:45610951-45610951,PLEKHM1/MAPT
17,45610951,17:45610951:A:G,17,46220913,17:46220913:C:T,0.982971,609962,chr17:45610951-45610951,PLEKHM1/MAPT
17,45610951,17:45610951:A:G,17,46221405,17:46221405:C:T,0.841054,610454,chr17:45610951-45610951,PLEKHM1/MAPT
17,45610951,17:45610951:A:G,17,46221832,17:46221832:A:G,0.819061,610881,chr17:45610951-45610951,PLEKHM1/MAPT
17,45610951,17:45610951:A:G,17,46222498,17:46222498:AC:A,0.801976,611547,chr17:45610951-45610951,PLEKHM1/MAPT
17,45610951,17:45610951:A:G,17,46222510,17:46222510:C:CT,0.991385,611559,chr17:45610951-45610951,PLEKHM1/MAPT
17,45610951,17:45610951:A:G,17,46222632,17:46222632:A:C,0.841054,611681,chr17:45610951-45610951,PLEKHM1/MAPT
17,45610951,17:45610951:A:G,17,46222701,17:46222701:A:G,0.841054,611750,chr17:45610951-45610951,PLEKHM1/MAPT
17,45610951,17:45610951:A:G,17,46222862,17:46222862:AT:A,0.957863,611911,chr17:45610951-45610951,PLEKHM1/MAPT
17,45610951,17:45610951:A:G,17,46223965,17:46223965:T:C,0.832804,613014,chr17:45610951-45610951,PLEKHM1/MAPT
17,45610951,17:45610951:A:G,17,46224180,17:46224180:T:C,0.991385,613229,chr17:45610951-45610951,PLEKHM1/MAPT
17,45610951,17:45610951:A:G,17,46225000,17:46225000:G:C,0.991385,614049,chr17:45610951-45610951,PLEKHM1/MAPT
17,45610951,17:45610951:A:G,17,46225386,17:46225386:G:A,0.841054,614435,chr17:45610951-45610951,PLEKHM1/MAPT
17,45610951,17:45610951:A:G,17,46225515,17:46225515:C:T,0.991385,614564,chr17:45610951-45610951,PLEKHM1/MAPT
17,45610951,17:45610951:A:G,17,46225538,17:46225538:T:C,0.841054,614587,chr17:45610951-45610951,PLEKHM1/MAPT
17,45610951,17:45610951:A:G,17,46226159,17:46226159:G:A,0.991385,615208,chr17:45610951-45610951,PLEKHM1/MAPT
17,45610951,17:45610951:A:G,17,46226198,17:46226198:C:T,0.991385,615247,chr17:45610951-45610951,PLEKHM1/MAPT
17,45610951,17:45610951:A:G,17,46226240,17:46226240:AG:A,0.991385,615289,chr17:45610951-45610951,PLEKHM1/MAPT
17,45610951,17:45610951:A:G,17,46226302,17:46226302:G:T,0.991385,615351,chr17:45610951-45610951,PLEKHM1/MAPT
17,45610951,17:45610951:A:G,17,46226806,17:46226807:C:A,0.922245,615855,chr17:45610951-45610951,PLEKHM1/MAPT
17,45610951,17:45610951:A:G,17,46226809,17:46226809:C:A,0.956893,615858,chr17:45610951-45610951,PLEKHM1/MAPT
17,45610951,17:45610951:A:G,17,46226837,17:46226837:T:C,0.991385,615886,chr17:45610951-45610951,PLEKHM1/MAPT
17,45610951,17:45610951:A:G,17,46226932,17:46226932:T:A,0.991385,615981,chr17:45610951-45610951,PLEKHM1/MAPT
17,45610951,17:45610951:A:G,17,46227374,17:46227374:A:T,0.991385,616423,chr17:45610951-45610951,PLEKHM1/MAPT
17,45610951,17:45610951:A:G,17,46227518,17:46227518:C:T,0.982751,616567,chr17:45610951-45610951,PLEKHM1/MAPT
17,45610951,17:45610951:A:G,17,46227544,17:46227544:G:C,0.991385,616593,chr17:45610951-45610951,PLEKHM1/MAPT
17,45610951,17:45610951:A:G,17,46227660,17:46227660:G:A,0.991385,616709,chr17:45610951-45610951,PLEKHM1/MAPT
17,45610951,17:45610951:A:G,17,46227820,17:46227820:A:C,0.841054,616869,chr17:45610951-45610951,PLEKHM1/MAPT
17,45610951,17:45610951:A:G,17,46227833,17:46227833:T:C,0.991385,616882,chr17:45610951-45610951,PLEKHM1/MAPT
17,45610951,17:45610951:A:G,17,46227886,17:46227886:G:A,0.991385,616935,chr17:45610951-45610951,PLEKHM1/MAPT
17,45610951,17:45610951:A:G,17,46227982,17:46227982:C:A,0.816608,617031,chr17:45610951-45610951,PLEKHM1/MAPT
17,45610951,17:45610951:A:G,17,46228451,17:46228451:T:C,0.949676,617500,chr17:45610951-45610951,PLEKHM1/MAPT
17,45610951,17:45610951:A:G,17,46229262,17:46229262:G:GAA,0.884614,618311,chr17:45610951-45610951,PLEKHM1/MAPT
17,45610951,17:45610951:A:G,17,46229827,17:46229827:C:T,0.95784,618876,chr17:45610951-45610951,PLEKHM1/MAPT
17,45610951,17:45610951:A:G,17,46229888,17:46229888:A:G,0.941598,618937,chr17:45610951-45610951,PLEKHM1/MAPT
17,45610951,17:45610951:A:G,17,46230504,17:46230504:AG:A,0.910123,619553,chr17:45610951-45610951,PLEKHM1/MAPT
17,45610951,17:45610951:A:G,17,46230579,17:46230579:A:AAAAC,0.941598,619628,chr17:45610951-45610951,PLEKHM1/MAPT
17,45610951,17:45610951:A:G,17,46230687,17:46230687:A:G,0.966092,619736,chr17:45610951-45610951,PLEKHM1/MAPT
17,45610951,17:45610951:A:G,17,46231113,17:46231113:C:T,0.872574,620162,chr17:45610951-45610951,PLEKHM1/MAPT
17,45610951,17:45610951:A:G,17,46231181,17:46231181:C:A,0.916823,620230,chr17:45610951-45610951,PLEKHM1/MAPT
17,45610951,17:45610951:A:G,17,46231884,17:46231884:T:TA,0.832804,620933,chr17:45610951-45610951,PLEKHM1/MAPT
17,45610951,17:45610951:A:G,17,46231889,17:46231889:C:A,0.832804,620938,chr17:45610951-45610951,PLEKHM1/MAPT
17,45610951,17:45610951:A:G,17,46231932,17:46231932:T:A,0.841054,620981,chr17:45610951-45610951,PLEKHM1/MAPT
17,45610951,17:45610951:A:G,17,46232490,17:46232490:G:A,0.991385,621539,chr17:45610951-45610951,PLEKHM1/MAPT
17,45610951,17:45610951:A:G,17,46232735,17:46232735:A:G,0.991385,621784,chr17:45610951-45610951,PLEKHM1/MAPT
17,45610951,17:45610951:A:G,17,46232798,17:46232798:T:C,0.982863,621847,chr17:45610951-45610951,PLEKHM1/MAPT
17,45610951,17:45610951:A:G,17,46232868,17:46232868:T:C,0.991385,621917,chr17:45610951-45610951,PLEKHM1/MAPT
17,45610951,17:45610951:A:G,17,46234118,17:46234118:C:A,0.829717,623167,chr17:45610951-45610951,PLEKHM1/MAPT
17,45610951,17:45610951:A:G,17,46235164,17:46235164:G:A,0.846125,624213,chr17:45610951-45610951,PLEKHM1/MAPT
17,45610951,17:45610951:A:G,17,46235545,17:46235545:G:T,0.846125,624594,chr17:45610951-45610951,PLEKHM1/MAPT
17,45610951,17:45610951:A:G,17,46235765,17:46235765:TA:T,0.991385,624814,chr17:45610951-45610951,PLEKHM1/MAPT
17,45610951,17:45610951:A:G,17,46236156,17:46236156:G:T,0.991385,625205,chr17:45610951-45610951,PLEKHM1/MAPT
17,45610951,17:45610951:A:G,17,46236244,17:46236244:A:T,0.846125,625293,chr17:45610951-45610951,PLEKHM1/MAPT
17,45610951,17:45610951:A:G,17,46236391,17:46236391:G:A,0.991385,625440,chr17:45610951-45610951,PLEKHM1/MAPT
17,45610951,17:45610951:A:G,17,46236584,17:46236584:C:A,0.991385,625633,chr17:45610951-45610951,PLEKHM1/MAPT
17,45610951,17:45610951:A:G,17,46236700,17:46236700:A:G,0.991385,625749,chr17:45610951-45610951,PLEKHM1/MAPT
17,45610951,17:45610951:A:G,17,46236797,17:46236797:C:T,0.846125,625846,chr17:45610951-45610951,PLEKHM1/MAPT
17,45610951,17:45610951:A:G,17,46236813,17:46236813:G:A,0.991385,625862,chr17:45610951-45610951,PLEKHM1/MAPT
17,45610951,17:45610951:A:G,17,46236851,17:46236851:A:G,0.991385,625900,chr17:45610951-45610951,PLEKHM1/MAPT
17,45610951,17:45610951:A:G,17,46236895,17:46236895:C:T,0.991385,625944,chr17:45610951-45610951,PLEKHM1/MAPT
17,45610951,17:45610951:A:G,17,46236976,17:46236976:T:C,0.991385,626025,chr17:45610951-45610951,PLEKHM1/MAPT
17,45610951,17:45610951:A:G,17,46237328,17:46237328:G:T,0.832804,626377,chr17:45610951-45610951,PLEKHM1/MAPT
17,45610951,17:45610951:A:G,17,46237339,17:46237339:C:T,0.846125,626388,chr17:45610951-45610951,PLEKHM1/MAPT
17,45610951,17:45610951:A:G,17,46238311,17:46238311:G:A,0.813706,627360,chr17:45610951-45610951,PLEKHM1/MAPT
17,45610951,17:45610951:A:G,17,46238437,17:46238437:A:C,0.982863,627486,chr17:45610951-45610951,PLEKHM1/MAPT
17,45610951,17:45610951:A:G,17,46238710,17:46238710:G:T,0.991385,627759,chr17:45610951-45610951,PLEKHM1/MAPT
17,45610951,17:45610951:A:G,17,46238914,17:46238914:T:C,0.991385,627963,chr17:45610951-45610951,PLEKHM1/MAPT
17,45610951,17:45610951:A:G,17,46238922,17:46238922:G:T,0.846125,627971,chr17:45610951-45610951,PLEKHM1/MAPT
17,45610951,17:45610951:A:G,17,46239023,17:46239023:G:A,0.991385,628072,chr17:45610951-45610951,PLEKHM1/MAPT
17,45610951,17:45610951:A:G,17,46239083,17:46239083:A:C,0.991385,628132,chr17:45610951-45610951,PLEKHM1/MAPT
17,45610951,17:45610951:A:G,17,46239143,17:46239143:G:C,0.846125,628192,chr17:45610951-45610951,PLEKHM1/MAPT
17,45610951,17:45610951:A:G,17,46239512,17:46239512:CA:C,0.991385,628561,chr17:45610951-45610951,PLEKHM1/MAPT
17,45610951,17:45610951:A:G,17,46239522,17:46239522:A:G,0.991385,628571,chr17:45610951-45610951,PLEKHM1/MAPT
17,45610951,17:45610951:A:G,17,46239737,17:46239737:T:C,0.991385,628786,chr17:45610951-45610951,PLEKHM1/MAPT
17,45610951,17:45610951:A:G,17,46239844,17:46239844:C:A,0.991385,628893,chr17:45610951-45610951,PLEKHM1/MAPT
17,45610951,17:45610951:A:G,17,46240129,17:46240129:C:A,0.841054,629178,chr17:45610951-45610951,PLEKHM1/MAPT
17,45610951,17:45610951:A:G,17,46240818,17:46240818:A:G,0.991385,629867,chr17:45610951-45610951,PLEKHM1/MAPT
17,45610951,17:45610951:A:G,17,46241105,17:46241105:C:T,0.832804,630154,chr17:45610951-45610951,PLEKHM1/MAPT
17,45610951,17:45610951:A:G,17,46241177,17:46241177:T:G,0.841054,630226,chr17:45610951-45610951,PLEKHM1/MAPT
17,45610951,17:45610951:A:G,17,46241209,17:46241209:T:G,0.991385,630258,chr17:45610951-45610951,PLEKHM1/MAPT
17,45610951,17:45610951:A:G,17,46241228,17:46241228:A:G,0.841054,630277,chr17:45610951-45610951,PLEKHM1/MAPT
17,45610951,17:45610951:A:G,17,46241297,17:46241297:G:A,0.991385,630346,chr17:45610951-45610951,PLEKHM1/MAPT
17,45610951,17:45610951:A:G,17,46241299,17:46241299:T:C,0.841054,630348,chr17:45610951-45610951,PLEKHM1/MAPT
17,45610951,17:45610951:A:G,17,46241497,17:46241497:T:C,0.958429,630546,chr17:45610951-45610951,PLEKHM1/MAPT
17,45610951,17:45610951:A:G,17,46241533,17:46241533:A:AG,0.832804,630582,chr17:45610951-45610951,PLEKHM1/MAPT
17,45610951,17:45610951:A:G,17,46241549,17:46241549:T:G,0.832804,630598,chr17:45610951-45610951,PLEKHM1/MAPT
17,45610951,17:45610951:A:G,17,46241801,17:46241801:G:A,0.991385,630850,chr17:45610951-45610951,PLEKHM1/MAPT
17,45610951,17:45610951:A:G,17,46242290,17:46242290:T:C,0.941598,631339,chr17:45610951-45610951,PLEKHM1/MAPT
17,45610951,17:45610951:A:G,17,46244161,17:46244161:C:T,0.974432,633210,chr17:45610951-45610951,PLEKHM1/MAPT
17,45610951,17:45610951:A:G,17,46245556,17:46245556:A:G,0.991385,634605,chr17:45610951-45610951,PLEKHM1/MAPT
17,45610951,17:45610951:A:G,17,46245594,17:46245594:A:G,0.965884,634643,chr17:45610951-45610951,PLEKHM1/MAPT
17,45610951,17:45610951:A:G,17,46245786,17:46245786:CA:C,0.898414,634835,chr17:45610951-45610951,PLEKHM1/MAPT
17,45610951,17:45610951:A:G,17,46246059,17:46246059:C:T,0.957192,635108,chr17:45610951-45610951,PLEKHM1/MAPT
17,45610951,17:45610951:A:G,17,46246682,17:46246682:A:G,0.861001,635731,chr17:45610951-45610951,PLEKHM1/MAPT
17,45610951,17:45610951:A:G,17,46246819,17:46246819:A:G,0.965652,635868,chr17:45610951-45610951,PLEKHM1/MAPT
17,45610951,17:45610951:A:G,17,46246891,17:46246891:G:T,0.974061,635940,chr17:45610951-45610951,PLEKHM1/MAPT
17,45610951,17:45610951:A:G,17,46247030,17:46247030:TCAAAA:T,0.974061,636079,chr17:45610951-45610951,PLEKHM1/MAPT
17,45610951,17:45610951:A:G,17,46247173,17:46247173:T:C,0.957192,636222,chr17:45610951-45610951,PLEKHM1/MAPT
17,45610951,17:45610951:A:G,17,46247206,17:46247206:A:G,0.974061,636255,chr17:45610951-45610951,PLEKHM1/MAPT
17,45610951,17:45610951:A:G,17,46247396,17:46247396:A:G,0.832804,636445,chr17:45610951-45610951,PLEKHM1/MAPT
17,45610951,17:45610951:A:G,17,46247850,17:46247850:T:TAA,0.894833,636899,chr17:45610951-45610951,PLEKHM1/MAPT
17,45610951,17:45610951:A:G,17,46247859,17:46247859:A:AAAT,0.832804,636908,chr17:45610951-45610951,PLEKHM1/MAPT
17,45610951,17:45610951:A:G,17,46248100,17:46248100:G:A,0.820945,637149,chr17:45610951-45610951,PLEKHM1/MAPT
17,45610951,17:45610951:A:G,17,46248109,17:46248109:A:G,0.820945,637158,chr17:45610951-45610951,PLEKHM1/MAPT
17,45610951,17:45610951:A:G,17,46248227,17:46248227:TAA:T,0.974061,637276,chr17:45610951-45610951,PLEKHM1/MAPT
17,45610951,17:45610951:A:G,17,46248279,17:46248279:A:C,0.829223,637328,chr17:45610951-45610951,PLEKHM1/MAPT
17,45610951,17:45610951:A:G,17,46248387,17:46248387:T:C,0.829223,637436,chr17:45610951-45610951,PLEKHM1/MAPT
17,45610951,17:45610951:A:G,17,46248416,17:46248416:CCT:C,0.832804,637465,chr17:45610951-45610951,PLEKHM1/MAPT
17,45610951,17:45610951:A:G,17,46248594,17:46248594:A:C,0.832804,637643,chr17:45610951-45610951,PLEKHM1/MAPT
17,45610951,17:45610951:A:G,17,46248697,17:46248697:T:G,0.832804,637746,chr17:45610951-45610951,PLEKHM1/MAPT
17,45610951,17:45610951:A:G,17,46248739,17:46248739:G:C,0.974061,637788,chr17:45610951-45610951,PLEKHM1/MAPT
17,45610951,17:45610951:A:G,17,46248879,17:46248879:A:G,0.832804,637928,chr17:45610951-45610951,PLEKHM1/MAPT
17,45610951,17:45610951:A:G,17,46249030,17:46249030:T:C,0.832804,638079,chr17:45610951-45610951,PLEKHM1/MAPT
17,45610951,17:45610951:A:G,17,46249055,17:46249055:T:C,0.829223,638104,chr17:45610951-45610951,PLEKHM1/MAPT
17,45610951,17:45610951:A:G,17,46249064,17:46249064:G:A,0.829223,638113,chr17:45610951-45610951,PLEKHM1/MAPT
17,45610951,17:45610951:A:G,17,46249092,17:46249092:T:C,0.829223,638141,chr17:45610951-45610951,PLEKHM1/MAPT
17,45610951,17:45610951:A:G,17,46249143,17:46249143:G:A,0.832804,638192,chr17:45610951-45610951,PLEKHM1/MAPT
17,45610951,17:45610951:A:G,17,46249253,17:46249253:A:G,0.974061,638302,chr17:45610951-45610951,PLEKHM1/MAPT
17,45610951,17:45610951:A:G,17,46249479,17:46249479:A:G,0.974061,638528,chr17:45610951-45610951,PLEKHM1/MAPT
17,45610951,17:45610951:A:G,17,46249498,17:46249498:A:G,0.974061,638547,chr17:45610951-45610951,PLEKHM1/MAPT
17,45610951,17:45610951:A:G,17,46249704,17:46249704:G:A,0.965652,638753,chr17:45610951-45610951,PLEKHM1/MAPT
17,45610951,17:45610951:A:G,17,46249713,17:46249713:C:G,0.829223,638762,chr17:45610951-45610951,PLEKHM1/MAPT
17,45610951,17:45610951:A:G,17,46249716,17:46249716:G:T,0.832804,638765,chr17:45610951-45610951,PLEKHM1/MAPT
17,45610951,17:45610951:A:G,17,46249897,17:46249897:C:T,0.820945,638946,chr17:45610951-45610951,PLEKHM1/MAPT
17,45610951,17:45610951:A:G,17,46250002,17:46250002:C:T,0.820945,639051,chr17:45610951-45610951,PLEKHM1/MAPT
17,45610951,17:45610951:A:G,17,46250004,17:46250004:C:A,0.832804,639053,chr17:45610951-45610951,PLEKHM1/MAPT
17,45610951,17:45610951:A:G,17,46250072,17:46250072:C:G,0.974061,639121,chr17:45610951-45610951,PLEKHM1/MAPT
17,45610951,17:45610951:A:G,17,46250116,17:46250116:G:A,0.974061,639165,chr17:45610951-45610951,PLEKHM1/MAPT
17,45610951,17:45610951:A:G,17,46250276,17:46250276:AC:A,0.974061,639325,chr17:45610951-45610951,PLEKHM1/MAPT
17,45610951,17:45610951:A:G,17,46250346,17:46250346:C:T,0.965428,639395,chr17:45610951-45610951,PLEKHM1/MAPT
17,45610951,17:45610951:A:G,17,46250592,17:46250592:C:G,0.832804,639641,chr17:45610951-45610951,PLEKHM1/MAPT
17,45610951,17:45610951:A:G,17,46250886,17:46250886:TCTCTTC:T,0.801079,639935,chr17:45610951-45610951,PLEKHM1/MAPT
17,45610951,17:45610951:A:G,17,46250894,17:46250894:TCTTCCTCTT:T,0.832804,639943,chr17:45610951-45610951,PLEKHM1/MAPT
17,45610951,17:45610951:A:G,17,46251302,17:46251302:A:G,0.832804,640351,chr17:45610951-45610951,PLEKHM1/MAPT
17,45610951,17:45610951:A:G,17,46251361,17:46251361:C:T,0.829223,640410,chr17:45610951-45610951,PLEKHM1/MAPT
17,45610951,17:45610951:A:G,17,46251820,17:46251820:A:G,0.948772,640869,chr17:45610951-45610951,PLEKHM1/MAPT
17,45610951,17:45610951:A:G,17,46252270,17:46252270:T:C,0.96554,641319,chr17:45610951-45610951,PLEKHM1/MAPT
17,45610951,17:45610951:A:G,17,46252739,17:46252739:A:G,0.974061,641788,chr17:45610951-45610951,PLEKHM1/MAPT
17,45610951,17:45610951:A:G,17,46252740,17:46252740:T:C,0.974061,641789,chr17:45610951-45610951,PLEKHM1/MAPT
17,45610951,17:45610951:A:G,17,46253155,17:46253155:A:G,0.84804,642204,chr17:45610951-45610951,PLEKHM1/MAPT
17,45610951,17:45610951:A:G,17,46253848,17:46253848:T:C,0.916233,642897,chr17:45610951-45610951,PLEKHM1/MAPT
17,45610951,17:45610951:A:G,17,46253876,17:46253876:A:G,0.858524,642925,chr17:45610951-45610951,PLEKHM1/MAPT
17,45610951,17:45610951:A:G,17,46253931,17:46253931:G:T,0.974061,642980,chr17:45610951-45610951,PLEKHM1/MAPT
17,45610951,17:45610951:A:G,17,46254206,17:46254206:G:T,0.824656,643255,chr17:45610951-45610951,PLEKHM1/MAPT
17,45610951,17:45610951:A:G,17,46254220,17:46254220:G:T,0.812769,643269,chr17:45610951-45610951,PLEKHM1/MAPT
17,45610951,17:45610951:A:G,17,46254437,17:46254437:A:ATTTT,0.832804,643486,chr17:45610951-45610951,PLEKHM1/MAPT
17,45610951,17:45610951:A:G,17,46254496,17:46254496:A:T,0.829223,643545,chr17:45610951-45610951,PLEKHM1/MAPT
17,45610951,17:45610951:A:G,17,46254609,17:46254609:T:G,0.820945,643658,chr17:45610951-45610951,PLEKHM1/MAPT
17,45610951,17:45610951:A:G,17,46254707,17:46254708:A:AT,0.853297,643756,chr17:45610951-45610951,PLEKHM1/MAPT
17,45610951,17:45610951:A:G,17,46254868,17:46254868:C:G,0.829223,643917,chr17:45610951-45610951,PLEKHM1/MAPT
17,45610951,17:45610951:A:G,17,46254956,17:46254956:C:A,0.829223,644005,chr17:45610951-45610951,PLEKHM1/MAPT
17,45610951,17:45610951:A:G,17,46254974,17:46254974:T:G,0.829223,644023,chr17:45610951-45610951,PLEKHM1/MAPT
17,45610951,17:45610951:A:G,17,46254985,17:46254985:A:G,0.965652,644034,chr17:45610951-45610951,PLEKHM1/MAPT
17,45610951,17:45610951:A:G,17,46254993,17:46254993:G:A,0.824656,644042,chr17:45610951-45610951,PLEKHM1/MAPT
17,45610951,17:45610951:A:G,17,46255063,17:46255063:C:T,0.974061,644112,chr17:45610951-45610951,PLEKHM1/MAPT
17,45610951,17:45610951:A:G,17,46255073,17:46255073:T:C,0.824656,644122,chr17:45610951-45610951,PLEKHM1/MAPT
17,45610951,17:45610951:A:G,17,46255321,17:46255321:C:T,0.829223,644370,chr17:45610951-45610951,PLEKHM1/MAPT
17,45610951,17:45610951:A:G,17,46255604,17:46255604:A:G,0.974061,644653,chr17:45610951-45610951,PLEKHM1/MAPT
17,45610951,17:45610951:A:G,17,46255755,17:46255755:G:A,0.974061,644804,chr17:45610951-45610951,PLEKHM1/MAPT
17,45610951,17:45610951:A:G,17,46255927,17:46255927:A:G,0.974061,644976,chr17:45610951-45610951,PLEKHM1/MAPT
17,45610951,17:45610951:A:G,17,46255965,17:46255965:A:G,0.974061,645014,chr17:45610951-45610951,PLEKHM1/MAPT
17,45610951,17:45610951:A:G,17,46256046,17:46256046:G:A,0.956981,645095,chr17:45610951-45610951,PLEKHM1/MAPT
17,45610951,17:45610951:A:G,17,46256057,17:46256057:G:T,0.974061,645106,chr17:45610951-45610951,PLEKHM1/MAPT
17,45610951,17:45610951:A:G,17,46256133,17:46256133:G:T,0.974061,645182,chr17:45610951-45610951,PLEKHM1/MAPT
17,45610951,17:45610951:A:G,17,46256166,17:46256166:C:G,0.974061,645215,chr17:45610951-45610951,PLEKHM1/MAPT
17,45610951,17:45610951:A:G,17,46256202,17:46256202:T:C,0.96554,645251,chr17:45610951-45610951,PLEKHM1/MAPT
17,45610951,17:45610951:A:G,17,46256523,17:46256523:T:C,0.974061,645572,chr17:45610951-45610951,PLEKHM1/MAPT
17,45610951,17:45610951:A:G,17,46256524,17:46256524:G:A,0.974061,645573,chr17:45610951-45610951,PLEKHM1/MAPT
17,45610951,17:45610951:A:G,17,46256686,17:46256686:G:A,0.974061,645735,chr17:45610951-45610951,PLEKHM1/MAPT
17,45610951,17:45610951:A:G,17,46256922,17:46256922:C:G,0.974061,645971,chr17:45610951-45610951,PLEKHM1/MAPT
17,45610951,17:45610951:A:G,17,46257013,17:46257013:C:T,0.816608,646062,chr17:45610951-45610951,PLEKHM1/MAPT
17,45610951,17:45610951:A:G,17,46257036,17:46257036:C:T,0.832804,646085,chr17:45610951-45610951,PLEKHM1/MAPT
17,45610951,17:45610951:A:G,17,46257053,17:46257053:C:T,0.974061,646102,chr17:45610951-45610951,PLEKHM1/MAPT
17,45610951,17:45610951:A:G,17,46257209,17:46257209:G:A,0.820945,646258,chr17:45610951-45610951,PLEKHM1/MAPT
17,45610951,17:45610951:A:G,17,46257282,17:46257282:A:G,0.824656,646331,chr17:45610951-45610951,PLEKHM1/MAPT
17,45610951,17:45610951:A:G,17,46257341,17:46257341:G:A,0.824656,646390,chr17:45610951-45610951,PLEKHM1/MAPT
17,45610951,17:45610951:A:G,17,46257402,17:46257402:A:G,0.974061,646451,chr17:45610951-45610951,PLEKHM1/MAPT
17,45610951,17:45610951:A:G,17,46257408,17:46257408:G:A,0.812769,646457,chr17:45610951-45610951,PLEKHM1/MAPT
17,45610951,17:45610951:A:G,17,46257504,17:46257504:A:T,0.900831,646553,chr17:45610951-45610951,PLEKHM1/MAPT
17,45610951,17:45610951:A:G,17,46257652,17:46257652:TAA:T,0.820945,646701,chr17:45610951-45610951,PLEKHM1/MAPT
17,45610951,17:45610951:A:G,17,46257800,17:46257800:C:T,0.840144,646849,chr17:45610951-45610951,PLEKHM1/MAPT
17,45610951,17:45610951:A:G,17,46257820,17:46257821:CAA:C,0.819061,646869,chr17:45610951-45610951,PLEKHM1/MAPT
17,45610951,17:45610951:A:G,17,46257908,17:46257908:G:A,0.871895,646957,chr17:45610951-45610951,PLEKHM1/MAPT
17,45610951,17:45610951:A:G,17,46258233,17:46258233:A:G,0.802011,647282,chr17:45610951-45610951,PLEKHM1/MAPT
17,45610951,17:45610951:A:G,17,46258269,17:46258269:G:A,0.949968,647318,chr17:45610951-45610951,PLEKHM1/MAPT
17,45610951,17:45610951:A:G,17,46258299,17:46258299:C:T,0.831859,647348,chr17:45610951-45610951,PLEKHM1/MAPT
17,45610951,17:45610951:A:G,17,46258386,17:46258386:T:C,0.974061,647435,chr17:45610951-45610951,PLEKHM1/MAPT
17,45610951,17:45610951:A:G,17,46258440,17:46258440:A:C,0.948598,647489,chr17:45610951-45610951,PLEKHM1/MAPT
17,45610951,17:45610951:A:G,17,46258452,17:46258452:A:G,0.974061,647501,chr17:45610951-45610951,PLEKHM1/MAPT
17,45610951,17:45610951:A:G,17,46258499,17:46258499:A:G,0.834535,647548,chr17:45610951-45610951,PLEKHM1/MAPT
17,45610951,17:45610951:A:G,17,46258529,17:46258529:CAT:C,0.829223,647578,chr17:45610951-45610951,PLEKHM1/MAPT
17,45610951,17:45610951:A:G,17,46258871,17:46258871:C:T,0.974061,647920,chr17:45610951-45610951,PLEKHM1/MAPT
17,45610951,17:45610951:A:G,17,46258907,17:46258907:A:G,0.832804,647956,chr17:45610951-45610951,PLEKHM1/MAPT
17,45610951,17:45610951:A:G,17,46259016,17:46259016:C:G,0.824656,648065,chr17:45610951-45610951,PLEKHM1/MAPT
17,45610951,17:45610951:A:G,17,46259199,17:46259199:CAACA:C,0.829223,648248,chr17:45610951-45610951,PLEKHM1/MAPT
17,45610951,17:45610951:A:G,17,46259228,17:46259228:G:A,0.974061,648277,chr17:45610951-45610951,PLEKHM1/MAPT
17,45610951,17:45610951:A:G,17,46259481,17:46259481:T:C,0.832804,648530,chr17:45610951-45610951,PLEKHM1/MAPT
17,45610951,17:45610951:A:G,17,46259577,17:46259577:C:T,0.832804,648626,chr17:45610951-45610951,PLEKHM1/MAPT
17,45610951,17:45610951:A:G,17,46259596,17:46259596:G:A,0.832804,648645,chr17:45610951-45610951,PLEKHM1/MAPT
17,45610951,17:45610951:A:G,17,46259610,17:46259610:C:T,0.832804,648659,chr17:45610951-45610951,PLEKHM1/MAPT
17,45610951,17:45610951:A:G,17,46260063,17:46260063:G:C,0.935664,649112,chr17:45610951-45610951,PLEKHM1/MAPT
17,45610951,17:45610951:A:G,17,46260620,17:46260622:CTTTTTTT:C,0.816608,649669,chr17:45610951-45610951,PLEKHM1/MAPT
17,45610951,17:45610951:A:G,17,46260913,17:46260913:G:C,0.974061,649962,chr17:45610951-45610951,PLEKHM1/MAPT
17,45610951,17:45610951:A:G,17,46260914,17:46260914:T:A,0.832804,649963,chr17:45610951-45610951,PLEKHM1/MAPT
17,45610951,17:45610951:A:G,17,46260919,17:46260919:C:T,0.832804,649968,chr17:45610951-45610951,PLEKHM1/MAPT
17,45610951,17:45610951:A:G,17,46260935,17:46260935:T:C,0.829223,649984,chr17:45610951-45610951,PLEKHM1/MAPT
17,45610951,17:45610951:A:G,17,46260937,17:46260937:T:C,0.829223,649986,chr17:45610951-45610951,PLEKHM1/MAPT
17,45610951,17:45610951:A:G,17,46261038,17:46261038:G:A,0.832804,650087,chr17:45610951-45610951,PLEKHM1/MAPT
17,45610951,17:45610951:A:G,17,46261056,17:46261056:G:A,0.832804,650105,chr17:45610951-45610951,PLEKHM1/MAPT
17,45610951,17:45610951:A:G,17,46261067,17:46261067:T:A,0.832804,650116,chr17:45610951-45610951,PLEKHM1/MAPT
17,45610951,17:45610951:A:G,17,46261137,17:46261137:C:A,0.974061,650186,chr17:45610951-45610951,PLEKHM1/MAPT
17,45610951,17:45610951:A:G,17,46261168,17:46261168:C:T,0.974061,650217,chr17:45610951-45610951,PLEKHM1/MAPT
17,45610951,17:45610951:A:G,17,46261170,17:46261170:T:C,0.974061,650219,chr17:45610951-45610951,PLEKHM1/MAPT
17,45610951,17:45610951:A:G,17,46261212,17:46261212:T:TA,0.832804,650261,chr17:45610951-45610951,PLEKHM1/MAPT
17,45610951,17:45610951:A:G,17,46261216,17:46261216:AAT:A,0.820945,650265,chr17:45610951-45610951,PLEKHM1/MAPT
17,45610951,17:45610951:A:G,17,46261218,17:46261218:T:A,0.832804,650267,chr17:45610951-45610951,PLEKHM1/MAPT
17,45610951,17:45610951:A:G,17,46261226,17:46261226:T:TAA,0.820945,650275,chr17:45610951-45610951,PLEKHM1/MAPT
17,45610951,17:45610951:A:G,17,46261228,17:46261228:G:A,0.974061,650277,chr17:45610951-45610951,PLEKHM1/MAPT
17,45610951,17:45610951:A:G,17,46261274,17:46261274:TATC:T,0.834535,650323,chr17:45610951-45610951,PLEKHM1/MAPT
17,45610951,17:45610951:A:G,17,46261328,17:46261328:G:A,0.974061,650377,chr17:45610951-45610951,PLEKHM1/MAPT
17,45610951,17:45610951:A:G,17,46261369,17:46261369:C:T,0.974061,650418,chr17:45610951-45610951,PLEKHM1/MAPT
17,45610951,17:45610951:A:G,17,46261416,17:46261416:AT:A,0.832804,650465,chr17:45610951-45610951,PLEKHM1/MAPT
17,45610951,17:45610951:A:G,17,46261503,17:46261503:C:T,0.804694,650552,chr17:45610951-45610951,PLEKHM1/MAPT
17,45610951,17:45610951:A:G,17,46261600,17:46261600:A:C,0.974061,650649,chr17:45610951-45610951,PLEKHM1/MAPT
17,45610951,17:45610951:A:G,17,46261601,17:46261601:T:C,0.974061,650650,chr17:45610951-45610951,PLEKHM1/MAPT
17,45610951,17:45610951:A:G,17,46261637,17:46261637:G:T,0.974061,650686,chr17:45610951-45610951,PLEKHM1/MAPT
17,45610951,17:45610951:A:G,17,46261659,17:46261659:C:A,0.820945,650708,chr17:45610951-45610951,PLEKHM1/MAPT
17,45610951,17:45610951:A:G,17,46261664,17:46261664:C:T,0.820945,650713,chr17:45610951-45610951,PLEKHM1/MAPT
17,45610951,17:45610951:A:G,17,46261724,17:46261724:A:T,0.832804,650773,chr17:45610951-45610951,PLEKHM1/MAPT
17,45610951,17:45610951:A:G,17,46261743,17:46261743:AAAAAAAG:A,0.832804,650792,chr17:45610951-45610951,PLEKHM1/MAPT
17,45610951,17:45610951:A:G,17,46261787,17:46261787:A:G,0.832804,650836,chr17:45610951-45610951,PLEKHM1/MAPT
17,45610951,17:45610951:A:G,17,46261808,17:46261808:C:T,0.832804,650857,chr17:45610951-45610951,PLEKHM1/MAPT
17,45610951,17:45610951:A:G,17,46261988,17:46261988:T:C,0.832804,651037,chr17:45610951-45610951,PLEKHM1/MAPT
17,45610951,17:45610951:A:G,17,46262009,17:46262009:A:G,0.832804,651058,chr17:45610951-45610951,PLEKHM1/MAPT
17,45610951,17:45610951:A:G,17,46262042,17:46262042:C:T,0.974061,651091,chr17:45610951-45610951,PLEKHM1/MAPT
17,45610951,17:45610951:A:G,17,46262107,17:46262107:A:G,0.974061,651156,chr17:45610951-45610951,PLEKHM1/MAPT
17,45610951,17:45610951:A:G,17,46262147,17:46262147:A:C,0.832804,651196,chr17:45610951-45610951,PLEKHM1/MAPT
17,45610951,17:45610951:A:G,17,46262241,17:46262241:C:T,0.832804,651290,chr17:45610951-45610951,PLEKHM1/MAPT
17,45610951,17:45610951:A:G,17,46262242,17:46262242:A:G,0.832804,651291,chr17:45610951-45610951,PLEKHM1/MAPT
17,45610951,17:45610951:A:G,17,46262285,17:46262285:T:C,0.832804,651334,chr17:45610951-45610951,PLEKHM1/MAPT
17,45610951,17:45610951:A:G,17,46262299,17:46262299:C:G,0.832804,651348,chr17:45610951-45610951,PLEKHM1/MAPT
17,45610951,17:45610951:A:G,17,46262309,17:46262309:T:C,0.832804,651358,chr17:45610951-45610951,PLEKHM1/MAPT
17,45610951,17:45610951:A:G,17,46262346,17:46262346:T:G,0.832804,651395,chr17:45610951-45610951,PLEKHM1/MAPT
17,45610951,17:45610951:A:G,17,46262378,17:46262378:TC:T,0.832804,651427,chr17:45610951-45610951,PLEKHM1/MAPT
17,45610951,17:45610951:A:G,17,46262381,17:46262381:TC:T,0.832804,651430,chr17:45610951-45610951,PLEKHM1/MAPT
17,45610951,17:45610951:A:G,17,46262522,17:46262522:AT:A,0.829223,651571,chr17:45610951-45610951,PLEKHM1/MAPT
17,45610951,17:45610951:A:G,17,46262600,17:46262600:T:A,0.829223,651649,chr17:45610951-45610951,PLEKHM1/MAPT
17,45610951,17:45610951:A:G,17,46262655,17:46262655:C:T,0.832804,651704,chr17:45610951-45610951,PLEKHM1/MAPT
17,45610951,17:45610951:A:G,17,46262785,17:46262785:T:C,0.974061,651834,chr17:45610951-45610951,PLEKHM1/MAPT
17,45610951,17:45610951:A:G,17,46262787,17:46262787:GAA:G,0.948598,651836,chr17:45610951-45610951,PLEKHM1/MAPT
17,45610951,17:45610951:A:G,17,46262887,17:46262887:A:G,0.974061,651936,chr17:45610951-45610951,PLEKHM1/MAPT
17,45610951,17:45610951:A:G,17,46262962,17:46262962:A:C,0.974061,652011,chr17:45610951-45610951,PLEKHM1/MAPT
17,45610951,17:45610951:A:G,17,46263140,17:46263140:C:G,0.974061,652189,chr17:45610951-45610951,PLEKHM1/MAPT
17,45610951,17:45610951:A:G,17,46263159,17:46263159:A:C,0.974061,652208,chr17:45610951-45610951,PLEKHM1/MAPT
17,45610951,17:45610951:A:G,17,46263507,17:46263507:C:T,0.829223,652556,chr17:45610951-45610951,PLEKHM1/MAPT
17,45610951,17:45610951:A:G,17,46263514,17:46263514:G:GCA,0.820945,652563,chr17:45610951-45610951,PLEKHM1/MAPT
17,45610951,17:45610951:A:G,17,46263576,17:46263576:T:C,0.966637,652625,chr17:45610951-45610951,PLEKHM1/MAPT
17,45610951,17:45610951:A:G,17,46263721,17:46263721:G:A,0.829223,652770,chr17:45610951-45610951,PLEKHM1/MAPT
17,45610951,17:45610951:A:G,17,46264146,17:46264146:C:CTTTTT,0.824656,653195,chr17:45610951-45610951,PLEKHM1/MAPT
17,45610951,17:45610951:A:G,17,46264240,17:46264240:A:T,0.829223,653289,chr17:45610951-45610951,PLEKHM1/MAPT
17,45610951,17:45610951:A:G,17,46264243,17:46264243:T:C,0.832804,653292,chr17:45610951-45610951,PLEKHM1/MAPT
17,45610951,17:45610951:A:G,17,46264261,17:46264261:G:T,0.832804,653310,chr17:45610951-45610951,PLEKHM1/MAPT
17,45610951,17:45610951:A:G,17,46264502,17:46264502:CA:C,0.832804,653551,chr17:45610951-45610951,PLEKHM1/MAPT
17,45610951,17:45610951:A:G,17,46264504,17:46264504:A:C,0.829223,653553,chr17:45610951-45610951,PLEKHM1/MAPT
17,45610951,17:45610951:A:G,17,46264961,17:46264961:T:G,0.965652,654010,chr17:45610951-45610951,PLEKHM1/MAPT
17,45610951,17:45610951:A:G,17,46264985,17:46264985:T:C,0.829223,654034,chr17:45610951-45610951,PLEKHM1/MAPT
17,45610951,17:45610951:A:G,17,46265038,17:46265038:A:C,0.832804,654087,chr17:45610951-45610951,PLEKHM1/MAPT
17,45610951,17:45610951:A:G,17,46265095,17:46265095:A:AGCTT,0.832804,654144,chr17:45610951-45610951,PLEKHM1/MAPT
17,45610951,17:45610951:A:G,17,46265116,17:46265116:GT:G,0.820945,654165,chr17:45610951-45610951,PLEKHM1/MAPT
17,45610951,17:45610951:A:G,17,46265147,17:46265147:T:C,0.824656,654196,chr17:45610951-45610951,PLEKHM1/MAPT
17,45610951,17:45610951:A:G,17,46265246,17:46265248:TTTCTTCTTC:T,0.948803,654295,chr17:45610951-45610951,PLEKHM1/MAPT
17,45610951,17:45610951:A:G,17,46265372,17:46265372:C:CCTT,0.948772,654421,chr17:45610951-45610951,PLEKHM1/MAPT
17,45610951,17:45610951:A:G,17,46265484,17:46265484:C:CTTTTTTTT,0.800806,654533,chr17:45610951-45610951,PLEKHM1/MAPT
17,45610951,17:45610951:A:G,17,46265494,17:46265494:C:T,0.816608,654543,chr17:45610951-45610951,PLEKHM1/MAPT
17,45610951,17:45610951:A:G,17,46265628,17:46265628:C:T,0.974061,654677,chr17:45610951-45610951,PLEKHM1/MAPT
17,45610951,17:45610951:A:G,17,46265638,17:46265638:C:T,0.829223,654687,chr17:45610951-45610951,PLEKHM1/MAPT
17,45610951,17:45610951:A:G,17,46265718,17:46265718:T:G,0.832804,654767,chr17:45610951-45610951,PLEKHM1/MAPT
17,45610951,17:45610951:A:G,17,46265755,17:46265755:A:G,0.832804,654804,chr17:45610951-45610951,PLEKHM1/MAPT
17,45610951,17:45610951:A:G,17,46265759,17:46265759:C:T,0.974061,654808,chr17:45610951-45610951,PLEKHM1/MAPT
17,45610951,17:45610951:A:G,17,46265826,17:46265826:G:A,0.820945,654875,chr17:45610951-45610951,PLEKHM1/MAPT
17,45610951,17:45610951:A:G,17,46265916,17:46265916:G:A,0.974061,654965,chr17:45610951-45610951,PLEKHM1/MAPT
17,45610951,17:45610951:A:G,17,46265925,17:46265925:C:G,0.974061,654974,chr17:45610951-45610951,PLEKHM1/MAPT
17,45610951,17:45610951:A:G,17,46265938,17:46265938:T:A,0.974061,654987,chr17:45610951-45610951,PLEKHM1/MAPT
17,45610951,17:45610951:A:G,17,46266005,17:46266005:G:A,0.974061,655054,chr17:45610951-45610951,PLEKHM1/MAPT
17,45610951,17:45610951:A:G,17,46266026,17:46266026:G:A,0.832804,655075,chr17:45610951-45610951,PLEKHM1/MAPT
17,45610951,17:45610951:A:G,17,46266353,17:46266353:C:T,0.974061,655402,chr17:45610951-45610951,PLEKHM1/MAPT
17,45610951,17:45610951:A:G,17,46266409,17:46266409:G:A,0.829223,655458,chr17:45610951-45610951,PLEKHM1/MAPT
17,45610951,17:45610951:A:G,17,46266564,17:46266564:A:G,0.974061,655613,chr17:45610951-45610951,PLEKHM1/MAPT
17,45610951,17:45610951:A:G,17,46266731,17:46266731:G:C,0.974061,655780,chr17:45610951-45610951,PLEKHM1/MAPT
17,45610951,17:45610951:A:G,17,46266812,17:46266812:T:G,0.974061,655861,chr17:45610951-45610951,PLEKHM1/MAPT
17,45610951,17:45610951:A:G,17,46266853,17:46266853:C:T,0.832804,655902,chr17:45610951-45610951,PLEKHM1/MAPT
17,45610951,17:45610951:A:G,17,46266856,17:46266856:C:G,0.832804,655905,chr17:45610951-45610951,PLEKHM1/MAPT
17,45610951,17:45610951:A:G,17,46266861,17:46266861:C:G,0.829223,655910,chr17:45610951-45610951,PLEKHM1/MAPT
17,45610951,17:45610951:A:G,17,46266873,17:46266873:A:T,0.832804,655922,chr17:45610951-45610951,PLEKHM1/MAPT
17,45610951,17:45610951:A:G,17,46266934,17:46266934:G:T,0.974061,655983,chr17:45610951-45610951,PLEKHM1/MAPT
17,45610951,17:45610951:A:G,17,46267010,17:46267010:G:A,0.956981,656059,chr17:45610951-45610951,PLEKHM1/MAPT
17,45610951,17:45610951:A:G,17,46267043,17:46267043:A:C,0.956981,656092,chr17:45610951-45610951,PLEKHM1/MAPT
17,45610951,17:45610951:A:G,17,46267090,17:46267090:T:C,0.956981,656139,chr17:45610951-45610951,PLEKHM1/MAPT
17,45610951,17:45610951:A:G,17,46267095,17:46267095:G:T,0.820945,656144,chr17:45610951-45610951,PLEKHM1/MAPT
17,45610951,17:45610951:A:G,17,46267165,17:46267165:G:A,0.829223,656214,chr17:45610951-45610951,PLEKHM1/MAPT
17,45610951,17:45610951:A:G,17,46267444,17:46267444:T:G,0.956981,656493,chr17:45610951-45610951,PLEKHM1/MAPT
17,45610951,17:45610951:A:G,17,46267622,17:46267622:C:G,0.956981,656671,chr17:45610951-45610951,PLEKHM1/MAPT
17,45610951,17:45610951:A:G,17,46267681,17:46267681:A:ACT,0.956981,656730,chr17:45610951-45610951,PLEKHM1/MAPT
17,45610951,17:45610951:A:G,17,46267714,17:46267714:C:T,0.820945,656763,chr17:45610951-45610951,PLEKHM1/MAPT
17,45610951,17:45610951:A:G,17,46268068,17:46268068:A:G,0.829223,657117,chr17:45610951-45610951,PLEKHM1/MAPT
17,45610951,17:45610951:A:G,17,46268153,17:46268153:G:A,0.829223,657202,chr17:45610951-45610951,PLEKHM1/MAPT
17,45610951,17:45610951:A:G,17,46268234,17:46268234:G:A,0.812769,657283,chr17:45610951-45610951,PLEKHM1/MAPT
17,45610951,17:45610951:A:G,17,46268287,17:46268287:A:G,0.956981,657336,chr17:45610951-45610951,PLEKHM1/MAPT
17,45610951,17:45610951:A:G,17,46268302,17:46268302:A:G,0.829223,657351,chr17:45610951-45610951,PLEKHM1/MAPT
17,45610951,17:45610951:A:G,17,46268673,17:46268673:A:G,0.829223,657722,chr17:45610951-45610951,PLEKHM1/MAPT
17,45610951,17:45610951:A:G,17,46269027,17:46269027:C:G,0.829223,658076,chr17:45610951-45610951,PLEKHM1/MAPT
17,45610951,17:45610951:A:G,17,46269304,17:46269304:C:T,0.829223,658353,chr17:45610951-45610951,PLEKHM1/MAPT
17,45610951,17:45610951:A:G,17,46269308,17:46269308:T:C,0.956981,658357,chr17:45610951-45610951,PLEKHM1/MAPT
17,45610951,17:45610951:A:G,17,46269355,17:46269355:A:T,0.820945,658404,chr17:45610951-45610951,PLEKHM1/MAPT
17,45610951,17:45610951:A:G,17,46269799,17:46269799:T:C,0.829223,658848,chr17:45610951-45610951,PLEKHM1/MAPT
17,45610951,17:45610951:A:G,17,46269852,17:46269852:C:A,0.956981,658901,chr17:45610951-45610951,PLEKHM1/MAPT
17,45610951,17:45610951:A:G,17,46270272,17:46270272:C:T,0.956981,659321,chr17:45610951-45610951,PLEKHM1/MAPT
17,45610951,17:45610951:A:G,17,46270565,17:46270565:TTAACTCAGG:T,0.829223,659614,chr17:45610951-45610951,PLEKHM1/MAPT
17,45610951,17:45610951:A:G,17,46270855,17:46270855:A:G,0.956981,659904,chr17:45610951-45610951,PLEKHM1/MAPT
17,45610951,17:45610951:A:G,17,46270899,17:46270899:G:C,0.956981,659948,chr17:45610951-45610951,PLEKHM1/MAPT
17,45610951,17:45610951:A:G,17,46270960,17:46270960:G:A,0.820945,660009,chr17:45610951-45610951,PLEKHM1/MAPT
17,45610951,17:45610951:A:G,17,46271004,17:46271004:A:G,0.956981,660053,chr17:45610951-45610951,PLEKHM1/MAPT
17,45610951,17:45610951:A:G,17,46271227,17:46271227:A:G,0.948217,660276,chr17:45610951-45610951,PLEKHM1/MAPT
17,45610951,17:45610951:A:G,17,46271566,17:46271566:T:G,0.956981,660615,chr17:45610951-45610951,PLEKHM1/MAPT
17,45610951,17:45610951:A:G,17,46271665,17:46271665:A:AGATTAC,0.820945,660714,chr17:45610951-45610951,PLEKHM1/MAPT
17,45610951,17:45610951:A:G,17,46271868,17:46271868:C:T,0.829223,660917,chr17:45610951-45610951,PLEKHM1/MAPT
17,45610951,17:45610951:A:G,17,46271924,17:46271924:C:G,0.829223,660973,chr17:45610951-45610951,PLEKHM1/MAPT
17,45610951,17:45610951:A:G,17,46272006,17:46272006:C:A,0.829223,661055,chr17:45610951-45610951,PLEKHM1/MAPT
17,45610951,17:45610951:A:G,17,46272501,17:46272501:G:A,0.956981,661550,chr17:45610951-45610951,PLEKHM1/MAPT
17,45610951,17:45610951:A:G,17,46272724,17:46272724:G:A,0.956981,661773,chr17:45610951-45610951,PLEKHM1/MAPT
17,45610951,17:45610951:A:G,17,46272927,17:46272927:A:G,0.820945,661976,chr17:45610951-45610951,PLEKHM1/MAPT
17,45610951,17:45610951:A:G,17,46273029,17:46273029:G:C,0.829223,662078,chr17:45610951-45610951,PLEKHM1/MAPT
17,45610951,17:45610951:A:G,17,46273553,17:46273553:A:C,0.956981,662602,chr17:45610951-45610951,PLEKHM1/MAPT
17,45610951,17:45610951:A:G,17,46273721,17:46273721:T:C,0.829223,662770,chr17:45610951-45610951,PLEKHM1/MAPT
17,45610951,17:45610951:A:G,17,46273919,17:46273919:A:G,0.956981,662968,chr17:45610951-45610951,PLEKHM1/MAPT
17,45610951,17:45610951:A:G,17,46273932,17:46273932:G:A,0.829223,662981,chr17:45610951-45610951,PLEKHM1/MAPT
17,45610951,17:45610951:A:G,17,46274021,17:46274021:C:T,0.956981,663070,chr17:45610951-45610951,PLEKHM1/MAPT
17,45610951,17:45610951:A:G,17,46274167,17:46274167:A:G,0.956981,663216,chr17:45610951-45610951,PLEKHM1/MAPT
17,45610951,17:45610951:A:G,17,46274234,17:46274234:C:T,0.820945,663283,chr17:45610951-45610951,PLEKHM1/MAPT
17,45610951,17:45610951:A:G,17,46274320,17:46274320:C:T,0.956981,663369,chr17:45610951-45610951,PLEKHM1/MAPT
17,45610951,17:45610951:A:G,17,46274377,17:46274377:G:A,0.829223,663426,chr17:45610951-45610951,PLEKHM1/MAPT
17,45610951,17:45610951:A:G,17,46274563,17:46274563:T:G,0.956981,663612,chr17:45610951-45610951,PLEKHM1/MAPT
17,45610951,17:45610951:A:G,17,46274765,17:46274765:G:T,0.956981,663814,chr17:45610951-45610951,PLEKHM1/MAPT
17,45610951,17:45610951:A:G,17,46274986,17:46274986:G:A,0.829223,664035,chr17:45610951-45610951,PLEKHM1/MAPT
17,45610951,17:45610951:A:G,17,46274995,17:46274995:C:T,0.956981,664044,chr17:45610951-45610951,PLEKHM1/MAPT
17,45610951,17:45610951:A:G,17,46275066,17:46275066:AT:A,0.829223,664115,chr17:45610951-45610951,PLEKHM1/MAPT
17,45610951,17:45610951:A:G,17,46275134,17:46275134:C:T,0.829223,664183,chr17:45610951-45610951,PLEKHM1/MAPT
17,45610951,17:45610951:A:G,17,46275255,17:46275255:A:G,0.956981,664304,chr17:45610951-45610951,PLEKHM1/MAPT
17,45610951,17:45610951:A:G,17,46275267,17:46275267:GT:G,0.956981,664316,chr17:45610951-45610951,PLEKHM1/MAPT
17,45610951,17:45610951:A:G,17,46275273,17:46275273:G:A,0.956981,664322,chr17:45610951-45610951,PLEKHM1/MAPT
17,45610951,17:45610951:A:G,17,46275506,17:46275506:A:G,0.956981,664555,chr17:45610951-45610951,PLEKHM1/MAPT
17,45610951,17:45610951:A:G,17,46275856,17:46275856:T:G,0.820945,664905,chr17:45610951-45610951,PLEKHM1/MAPT
17,45610951,17:45610951:A:G,17,46276034,17:46276034:G:T,0.829223,665083,chr17:45610951-45610951,PLEKHM1/MAPT
17,45610951,17:45610951:A:G,17,46276035,17:46276035:T:G,0.829223,665084,chr17:45610951-45610951,PLEKHM1/MAPT
17,45610951,17:45610951:A:G,17,46276047,17:46276047:C:T,0.829223,665096,chr17:45610951-45610951,PLEKHM1/MAPT
17,45610951,17:45610951:A:G,17,46276048,17:46276048:A:G,0.956981,665097,chr17:45610951-45610951,PLEKHM1/MAPT
17,45610951,17:45610951:A:G,17,46276327,17:46276327:T:C,0.96547,665376,chr17:45610951-45610951,PLEKHM1/MAPT
17,45610951,17:45610951:A:G,17,46276362,17:46276362:T:G,0.956981,665411,chr17:45610951-45610951,PLEKHM1/MAPT
17,45610951,17:45610951:A:G,17,46276519,17:46276519:G:A,0.956981,665568,chr17:45610951-45610951,PLEKHM1/MAPT
17,45610951,17:45610951:A:G,17,46276737,17:46276737:A:G,0.956981,665786,chr17:45610951-45610951,PLEKHM1/MAPT
17,45610951,17:45610951:A:G,17,46276865,17:46276865:A:G,0.956981,665914,chr17:45610951-45610951,PLEKHM1/MAPT
17,45610951,17:45610951:A:G,17,46277183,17:46277183:C:G,0.956981,666232,chr17:45610951-45610951,PLEKHM1/MAPT
17,45610951,17:45610951:A:G,17,46277796,17:46277796:A:G,0.956981,666845,chr17:45610951-45610951,PLEKHM1/MAPT
17,45610951,17:45610951:A:G,17,46277937,17:46277937:T:C,0.956981,666986,chr17:45610951-45610951,PLEKHM1/MAPT
17,45610951,17:45610951:A:G,17,46277938,17:46277938:G:T,0.829223,666987,chr17:45610951-45610951,PLEKHM1/MAPT
17,45610951,17:45610951:A:G,17,46277949,17:46277949:AT:A,0.956981,666998,chr17:45610951-45610951,PLEKHM1/MAPT
17,45610951,17:45610951:A:G,17,46277977,17:46277977:T:C,0.956981,667026,chr17:45610951-45610951,PLEKHM1/MAPT
17,45610951,17:45610951:A:G,17,46278236,17:46278236:A:G,0.916233,667285,chr17:45610951-45610951,PLEKHM1/MAPT
17,45610951,17:45610951:A:G,17,46278360,17:46278360:T:A,0.956981,667409,chr17:45610951-45610951,PLEKHM1/MAPT
17,45610951,17:45610951:A:G,17,46278408,17:46278408:TTTTGTTG:T,0.820945,667457,chr17:45610951-45610951,PLEKHM1/MAPT
17,45610951,17:45610951:A:G,17,46278732,17:46278732:A:C,0.829223,667781,chr17:45610951-45610951,PLEKHM1/MAPT
17,45610951,17:45610951:A:G,17,46278954,17:46278954:C:T,0.829223,668003,chr17:45610951-45610951,PLEKHM1/MAPT
17,45610951,17:45610951:A:G,17,46279067,17:46279067:G:T,0.829223,668116,chr17:45610951-45610951,PLEKHM1/MAPT
17,45610951,17:45610951:A:G,17,46279175,17:46279175:CT:C,0.829223,668224,chr17:45610951-45610951,PLEKHM1/MAPT
17,45610951,17:45610951:A:G,17,46279271,17:46279271:C:T,0.829223,668320,chr17:45610951-45610951,PLEKHM1/MAPT
17,45610951,17:45610951:A:G,17,46279316,17:46279316:G:A,0.820945,668365,chr17:45610951-45610951,PLEKHM1/MAPT
17,45610951,17:45610951:A:G,17,46279404,17:46279404:G:A,0.829223,668453,chr17:45610951-45610951,PLEKHM1/MAPT
17,45610951,17:45610951:A:G,17,46279427,17:46279427:A:G,0.948217,668476,chr17:45610951-45610951,PLEKHM1/MAPT
17,45610951,17:45610951:A:G,17,46279500,17:46279501:CTT:C,0.956981,668549,chr17:45610951-45610951,PLEKHM1/MAPT
17,45610951,17:45610951:A:G,17,46279524,17:46279524:T:C,0.956981,668573,chr17:45610951-45610951,PLEKHM1/MAPT
17,45610951,17:45610951:A:G,17,46279583,17:46279583:T:C,0.956981,668632,chr17:45610951-45610951,PLEKHM1/MAPT
17,45610951,17:45610951:A:G,17,46279931,17:46279931:G:T,0.956981,668980,chr17:45610951-45610951,PLEKHM1/MAPT
17,45610951,17:45610951:A:G,17,46279985,17:46279985:T:C,0.956981,669034,chr17:45610951-45610951,PLEKHM1/MAPT
17,45610951,17:45610951:A:G,17,46280026,17:46280026:C:A,0.804694,669075,chr17:45610951-45610951,PLEKHM1/MAPT
17,45610951,17:45610951:A:G,17,46280046,17:46280046:TC:T,0.956981,669095,chr17:45610951-45610951,PLEKHM1/MAPT
17,45610951,17:45610951:A:G,17,46280087,17:46280087:G:T,0.956981,669136,chr17:45610951-45610951,PLEKHM1/MAPT
17,45610951,17:45610951:A:G,17,46280100,17:46280100:C:T,0.804694,669149,chr17:45610951-45610951,PLEKHM1/MAPT
17,45610951,17:45610951:A:G,17,46280125,17:46280125:C:A,0.812769,669174,chr17:45610951-45610951,PLEKHM1/MAPT
17,45610951,17:45610951:A:G,17,46280279,17:46280279:G:A,0.829223,669328,chr17:45610951-45610951,PLEKHM1/MAPT
17,45610951,17:45610951:A:G,17,46280311,17:46280311:G:A,0.820945,669360,chr17:45610951-45610951,PLEKHM1/MAPT
17,45610951,17:45610951:A:G,17,46280395,17:46280395:C:A,0.829223,669444,chr17:45610951-45610951,PLEKHM1/MAPT
17,45610951,17:45610951:A:G,17,46280411,17:46280411:C:T,0.956981,669460,chr17:45610951-45610951,PLEKHM1/MAPT
17,45610951,17:45610951:A:G,17,46280519,17:46280519:T:G,0.829223,669568,chr17:45610951-45610951,PLEKHM1/MAPT
17,45610951,17:45610951:A:G,17,46280722,17:46280722:C:T,0.829223,669771,chr17:45610951-45610951,PLEKHM1/MAPT
17,45610951,17:45610951:A:G,17,46280741,17:46280741:G:T,0.956981,669790,chr17:45610951-45610951,PLEKHM1/MAPT
17,45610951,17:45610951:A:G,17,46280743,17:46280743:A:T,0.956981,669792,chr17:45610951-45610951,PLEKHM1/MAPT
17,45610951,17:45610951:A:G,17,46280780,17:46280780:G:A,0.829223,669829,chr17:45610951-45610951,PLEKHM1/MAPT
17,45610951,17:45610951:A:G,17,46281195,17:46281195:G:A,0.829223,670244,chr17:45610951-45610951,PLEKHM1/MAPT
17,45610951,17:45610951:A:G,17,46281196,17:46281196:C:T,0.956981,670245,chr17:45610951-45610951,PLEKHM1/MAPT
17,45610951,17:45610951:A:G,17,46281355,17:46281355:C:T,0.931814,670404,chr17:45610951-45610951,PLEKHM1/MAPT
17,45610951,17:45610951:A:G,17,46282133,17:46282133:C:T,0.956981,671182,chr17:45610951-45610951,PLEKHM1/MAPT
17,45610951,17:45610951:A:G,17,46282234,17:46282234:C:T,0.820945,671283,chr17:45610951-45610951,PLEKHM1/MAPT
17,45610951,17:45610951:A:G,17,46282297,17:46282297:G:T,0.834535,671346,chr17:45610951-45610951,PLEKHM1/MAPT
17,45610951,17:45610951:A:G,17,46282936,17:46282936:C:T,0.907455,671985,chr17:45610951-45610951,PLEKHM1/MAPT
17,45610951,17:45610951:A:G,17,46282948,17:46282948:A:G,0.883867,671997,chr17:45610951-45610951,PLEKHM1/MAPT
17,45610951,17:45610951:A:G,17,46282965,17:46282965:C:A,0.891646,672014,chr17:45610951-45610951,PLEKHM1/MAPT
17,45610951,17:45610951:A:G,17,46282983,17:46282983:A:G,0.932625,672032,chr17:45610951-45610951,PLEKHM1/MAPT
17,45610951,17:45610951:A:G,17,46283214,17:46283214:C:G,0.817583,672263,chr17:45610951-45610951,PLEKHM1/MAPT
17,45610951,17:45610951:A:G,17,46283378,17:46283378:T:C,0.829223,672427,chr17:45610951-45610951,PLEKHM1/MAPT
17,45610951,17:45610951:A:G,17,46283575,17:46283575:T:C,0.820945,672624,chr17:45610951-45610951,PLEKHM1/MAPT
17,45610951,17:45610951:A:G,17,46283641,17:46283641:T:G,0.834535,672690,chr17:45610951-45610951,PLEKHM1/MAPT
17,45610951,17:45610951:A:G,17,46283654,17:46283654:C:G,0.829223,672703,chr17:45610951-45610951,PLEKHM1/MAPT
17,45610951,17:45610951:A:G,17,46283709,17:46283709:C:G,0.956981,672758,chr17:45610951-45610951,PLEKHM1/MAPT
17,45610951,17:45610951:A:G,17,46283971,17:46283971:G:T,0.956981,673020,chr17:45610951-45610951,PLEKHM1/MAPT
17,45610951,17:45610951:A:G,17,46283981,17:46283981:G:A,0.829223,673030,chr17:45610951-45610951,PLEKHM1/MAPT
17,45610951,17:45610951:A:G,17,46284017,17:46284017:T:C,0.829223,673066,chr17:45610951-45610951,PLEKHM1/MAPT
17,45610951,17:45610951:A:G,17,46284210,17:46284210:C:T,0.820945,673259,chr17:45610951-45610951,PLEKHM1/MAPT
17,45610951,17:45610951:A:G,17,46284683,17:46284683:T:TA,0.956981,673732,chr17:45610951-45610951,PLEKHM1/MAPT
17,45610951,17:45610951:A:G,17,46284989,17:46284989:A:G,0.940111,674038,chr17:45610951-45610951,PLEKHM1/MAPT
17,45610951,17:45610951:A:G,17,46285010,17:46285010:T:C,0.804694,674059,chr17:45610951-45610951,PLEKHM1/MAPT
17,45610951,17:45610951:A:G,17,46285186,17:46285186:C:T,0.956981,674235,chr17:45610951-45610951,PLEKHM1/MAPT
17,45610951,17:45610951:A:G,17,46285241,17:46285241:CT:C,0.923579,674290,chr17:45610951-45610951,PLEKHM1/MAPT
17,45610951,17:45610951:A:G,17,46285267,17:46285267:G:T,0.846351,674316,chr17:45610951-45610951,PLEKHM1/MAPT
17,45610951,17:45610951:A:G,17,46285399,17:46285399:C:G,0.829223,674448,chr17:45610951-45610951,PLEKHM1/MAPT
17,45610951,17:45610951:A:G,17,46285403,17:46285403:A:G,0.829223,674452,chr17:45610951-45610951,PLEKHM1/MAPT
17,45610951,17:45610951:A:G,17,46285499,17:46285499:A:C,0.852157,674548,chr17:45610951-45610951,PLEKHM1/MAPT
17,45610951,17:45610951:A:G,17,46286228,17:46286228:C:T,0.829223,675277,chr17:45610951-45610951,PLEKHM1/MAPT
17,45610951,17:45610951:A:G,17,46286519,17:46286519:G:T,0.829223,675568,chr17:45610951-45610951,PLEKHM1/MAPT
17,45610951,17:45610951:A:G,17,46286563,17:46286563:C:T,0.956981,675612,chr17:45610951-45610951,PLEKHM1/MAPT
17,45610951,17:45610951:A:G,17,46286653,17:46286653:GA:G,0.96547,675702,chr17:45610951-45610951,PLEKHM1/MAPT
17,45610951,17:45610951:A:G,17,46287153,17:46287153:C:G,0.956981,676202,chr17:45610951-45610951,PLEKHM1/MAPT
17,45610951,17:45610951:A:G,17,46287218,17:46287218:C:T,0.820945,676267,chr17:45610951-45610951,PLEKHM1/MAPT
17,45610951,17:45610951:A:G,17,46287283,17:46287283:C:T,0.956981,676332,chr17:45610951-45610951,PLEKHM1/MAPT
17,45610951,17:45610951:A:G,17,46287333,17:46287333:C:T,0.956981,676382,chr17:45610951-45610951,PLEKHM1/MAPT
17,45610951,17:45610951:A:G,17,46287463,17:46287463:A:C,0.956981,676512,chr17:45610951-45610951,PLEKHM1/MAPT
17,45610951,17:45610951:A:G,17,46287634,17:46287634:C:G,0.956981,676683,chr17:45610951-45610951,PLEKHM1/MAPT
17,45610951,17:45610951:A:G,17,46287684,17:46287684:G:A,0.956981,676733,chr17:45610951-45610951,PLEKHM1/MAPT
17,45610951,17:45610951:A:G,17,46288003,17:46288003:T:C,0.956981,677052,chr17:45610951-45610951,PLEKHM1/MAPT
17,45610951,17:45610951:A:G,17,46288008,17:46288008:C:T,0.956981,677057,chr17:45610951-45610951,PLEKHM1/MAPT
17,45610951,17:45610951:A:G,17,46288121,17:46288121:A:C,0.825892,677170,chr17:45610951-45610951,PLEKHM1/MAPT
17,45610951,17:45610951:A:G,17,46288531,17:46288531:C:T,0.829223,677580,chr17:45610951-45610951,PLEKHM1/MAPT
17,45610951,17:45610951:A:G,17,46288614,17:46288614:A:T,0.956981,677663,chr17:45610951-45610951,PLEKHM1/MAPT
17,45610951,17:45610951:A:G,17,46288844,17:46288844:C:A,0.812769,677893,chr17:45610951-45610951,PLEKHM1/MAPT
17,45610951,17:45610951:A:G,17,46288949,17:46288949:T:C,0.956981,677998,chr17:45610951-45610951,PLEKHM1/MAPT
17,45610951,17:45610951:A:G,17,46289011,17:46289011:TG:T,0.829223,678060,chr17:45610951-45610951,PLEKHM1/MAPT
17,45610951,17:45610951:A:G,17,46289044,17:46289044:T:C,0.956981,678093,chr17:45610951-45610951,PLEKHM1/MAPT
17,45610951,17:45610951:A:G,17,46289145,17:46289145:C:A,0.820945,678194,chr17:45610951-45610951,PLEKHM1/MAPT
17,45610951,17:45610951:A:G,17,46289184,17:46289184:G:A,0.829223,678233,chr17:45610951-45610951,PLEKHM1/MAPT
17,45610951,17:45610951:A:G,17,46289299,17:46289299:C:T,0.956981,678348,chr17:45610951-45610951,PLEKHM1/MAPT
17,45610951,17:45610951:A:G,17,46289408,17:46289408:T:A,0.812769,678457,chr17:45610951-45610951,PLEKHM1/MAPT
17,45610951,17:45610951:A:G,17,46289804,17:46289804:G:A,0.829223,678853,chr17:45610951-45610951,PLEKHM1/MAPT
17,45610951,17:45610951:A:G,17,46289905,17:46289905:C:T,0.829223,678954,chr17:45610951-45610951,PLEKHM1/MAPT
17,45610951,17:45610951:A:G,17,46289922,17:46289922:G:C,0.956981,678971,chr17:45610951-45610951,PLEKHM1/MAPT
17,45610951,17:45610951:A:G,17,46289930,17:46289930:G:A,0.829223,678979,chr17:45610951-45610951,PLEKHM1/MAPT
17,45610951,17:45610951:A:G,17,46290087,17:46290087:G:C,0.956981,679136,chr17:45610951-45610951,PLEKHM1/MAPT
17,45610951,17:45610951:A:G,17,46290185,17:46290185:A:G,0.829223,679234,chr17:45610951-45610951,PLEKHM1/MAPT
17,45610951,17:45610951:A:G,17,46290222,17:46290222:TG:T,0.858524,679271,chr17:45610951-45610951,PLEKHM1/MAPT
17,45610951,17:45610951:A:G,17,46290573,17:46290573:G:A,0.949488,679622,chr17:45610951-45610951,PLEKHM1/MAPT
17,45610951,17:45610951:A:G,17,46290600,17:46290600:C:T,0.851507,679649,chr17:45610951-45610951,PLEKHM1/MAPT
17,45610951,17:45610951:A:G,17,46290689,17:46290689:G:C,0.956981,679738,chr17:45610951-45610951,PLEKHM1/MAPT
17,45610951,17:45610951:A:G,17,46290849,17:46290849:C:G,0.829223,679898,chr17:45610951-45610951,PLEKHM1/MAPT
17,45610951,17:45610951:A:G,17,46290850,17:46290850:G:A,0.829223,679899,chr17:45610951-45610951,PLEKHM1/MAPT
17,45610951,17:45610951:A:G,17,46290900,17:46290900:T:TA,0.956981,679949,chr17:45610951-45610951,PLEKHM1/MAPT
17,45610951,17:45610951:A:G,17,46291038,17:46291038:C:T,0.956981,680087,chr17:45610951-45610951,PLEKHM1/MAPT
17,45610951,17:45610951:A:G,17,46291065,17:46291065:C:T,0.948217,680114,chr17:45610951-45610951,PLEKHM1/MAPT
17,45610951,17:45610951:A:G,17,46291848,17:46291848:A:C,0.9485,680897,chr17:45610951-45610951,PLEKHM1/MAPT
17,45610951,17:45610951:A:G,17,46291954,17:46291954:C:T,0.923205,681003,chr17:45610951-45610951,PLEKHM1/MAPT
17,45610951,17:45610951:A:G,17,46352282,17:46352283:TAA:T,0.843533,741331,chr17:45610951-45610951,PLEKHM1/MAPT
17,45610951,17:45610951:A:G,17,46395750,17:46395750:G:A,0.843714,784799,chr17:45610951-45610951,PLEKHM1/MAPT
17,45610951,17:45610951:A:G,17,46399911,17:46399911:C:T,0.914491,788960,chr17:45610951-45610951,PLEKHM1/MAPT
17,45610951,17:45610951:A:G,17,46416973,17:46416973:C:T,0.841118,806022,chr17:45610951-45610951,PLEKHM1/MAPT
17,45610951,17:45610951:A:G,17,46428766,17:46428766:A:G,0.859906,817815,chr17:45610951-45610951,PLEKHM1/MAPT
17,45610951,17:45610951:A:G,17,46437422,17:46437422:C:T,0.92255,826471,chr17:45610951-45610951,PLEKHM1/MAPT
17,45610951,17:45610951:A:G,17,46439385,17:46439386:CA:C,0.906558,828434,chr17:45610951-45610951,PLEKHM1/MAPT
17,45610951,17:45610951:A:G,17,46490875,17:46490875:CT:C,0.948598,879924,chr17:45610951-45610951,PLEKHM1/MAPT
17,45610951,17:45610951:A:G,17,46496919,17:46496919:A:G,0.826255,885968,chr17:45610951-45610951,PLEKHM1/MAPT
17,45610951,17:45610951:A:G,17,46497335,17:46497335:ATTTG:A,0.829223,886384,chr17:45610951-45610951,PLEKHM1/MAPT
17,45610951,17:45610951:A:G,17,46534197,17:46534198:G:GTTTTTGT,0.829223,923246,chr17:45610951-45610951,PLEKHM1/MAPT
17,45610951,17:45610951:A:G,17,46534416,17:46534416:T:C,0.907003,923465,chr17:45610951-45610951,PLEKHM1/MAPT
17,45610951,17:45610951:A:G,17,46542532,17:46542532:G:T,0.832804,931581,chr17:45610951-45610951,PLEKHM1/MAPT
17,45610951,17:45610951:A:G,17,46543415,17:46543415:T:C,0.829223,932464,chr17:45610951-45610951,PLEKHM1/MAPT
17,45610951,17:45610951:A:G,17,46548500,17:46548500:A:C,0.956981,937549,chr17:45610951-45610951,PLEKHM1/MAPT
17,45610951,17:45610951:A:G,17,46548981,17:46548981:T:C,0.829223,938030,chr17:45610951-45610951,PLEKHM1/MAPT
17,55299581,17:55299581:C:T,17,55289205,17:55289205:G:T,0.964952,10376,chr17:55299581-55299581,HLF
17,55299581,17:55299581:C:T,17,55290427,17:55290427:T:A,0.973771,9154,chr17:55299581-55299581,HLF
17,55299581,17:55299581:C:T,17,55293686,17:55293686:G:A,0.965237,5895,chr17:55299581-55299581,HLF
17,55299581,17:55299581:C:T,17,55296189,17:55296189:A:T,0.982573,3392,chr17:55299581-55299581,HLF
17,55299581,17:55299581:C:T,17,55297249,17:55297249:T:C,0.885326,2332,chr17:55299581-55299581,HLF
17,55299581,17:55299581:C:T,17,55299581,17:55299581:C:T,1.0,0,chr17:55299581-55299581,HLF
17,55299581,17:55299581:C:T,17,55302450,17:55302450:C:T,0.982582,2869,chr17:55299581-55299581,HLF
17,55299581,17:55299581:C:T,17,55305468,17:55305468:T:C,0.95078,5887,chr17:55299581-55299581,HLF
17,55299581,17:55299581:C:T,17,55307830,17:55307831:T:TA,0.889997,8249,chr17:55299581-55299581,HLF
17,66310896,17:66310896:G:A,17,66304963,17:66304963:C:T,0.814414,5933,chr17:66310896-66310896,PRKCA
17,66310896,17:66310896:G:A,17,66305245,17:66305245:C:T,0.814414,5651,chr17:66310896-66310896,PRKCA
17,66310896,17:66310896:G:A,17,66305724,17:66305724:A:G,0.814414,5172,chr17:66310896-66310896,PRKCA
17,66310896,17:66310896:G:A,17,66306534,17:66306534:G:A,0.814414,4362,chr17:66310896-66310896,PRKCA
17,66310896,17:66310896:G:A,17,66307675,17:66307675:C:T,1.0,3221,chr17:66310896-66310896,PRKCA
17,66310896,17:66310896:G:A,17,66308887,17:66308887:GT:G,0.814414,2009,chr17:66310896-66310896,PRKCA
17,66310896,17:66310896:G:A,17,66308897,17:66308897:T:C,0.814414,1999,chr17:66310896-66310896,PRKCA
17,66310896,17:66310896:G:A,17,66310015,17:66310015:C:T,1.0,881,chr17:66310896-66310896,PRKCA
17,66310896,17:66310896:G:A,17,66310896,17:66310896:G:A,1.0,0,chr17:66310896-66310896,PRKCA
17,66310896,17:66310896:G:A,17,66311493,17:66311493:C:A,0.814414,597,chr17:66310896-66310896,PRKCA
17,66310896,17:66310896:G:A,17,66311864,17:66311864:C:T,0.974495,968,chr17:66310896-66310896,PRKCA
17,66310896,17:66310896:G:A,17,66312157,17:66312157:T:G,0.955126,1261,chr17:66310896-66310896,PRKCA
17,66310896,17:66310896:G:A,17,66312355,17:66312355:T:C,0.974495,1459,chr17:66310896-66310896,PRKCA
17,66310896,17:66310896:G:A,17,66312629,17:66312629:G:C,0.974495,1733,chr17:66310896-66310896,PRKCA
17,66310896,17:66310896:G:A,17,66315131,17:66315131:C:T,0.974495,4235,chr17:66310896-66310896,PRKCA
17,66310896,17:66310896:G:A,17,66315565,17:66315565:C:T,0.974495,4669,chr17:66310896-66310896,PRKCA
17,66310896,17:66310896:G:A,17,66315622,17:66315622:G:A,0.974495,4726,chr17:66310896-66310896,PRKCA
17,66310896,17:66310896:G:A,17,66316345,17:66316345:A:G,0.974495,5449,chr17:66310896-66310896,PRKCA
17,66310896,17:66310896:G:A,17,66316959,17:66316959:G:A,0.974495,6063,chr17:66310896-66310896,PRKCA
17,66310896,17:66310896:G:A,17,66317035,17:66317035:G:A,0.974495,6139,chr17:66310896-66310896,PRKCA
17,66310896,17:66310896:G:A,17,66318430,17:66318430:T:C,0.974495,7534,chr17:66310896-66310896,PRKCA
17,66310896,17:66310896:G:A,17,66319087,17:66319087:A:C,0.974495,8191,chr17:66310896-66310896,PRKCA
17,66310896,17:66310896:G:A,17,66319248,17:66319248:G:C,0.974495,8352,chr17:66310896-66310896,PRKCA
17,66310896,17:66310896:G:A,17,66319451,17:66319451:T:C,0.974495,8555,chr17:66310896-66310896,PRKCA
17,66310896,17:66310896:G:A,17,66319735,17:66319735:CT:C,0.974495,8839,chr17:66310896-66310896,PRKCA
17,66310896,17:66310896:G:A,17,66322239,17:66322239:G:C,0.974495,11343,chr17:66310896-66310896,PRKCA
17,66310896,17:66310896:G:A,17,66323967,17:66323967:A:G,0.974495,13071,chr17:66310896-66310896,PRKCA
17,66310896,17:66310896:G:A,17,66325449,17:66325449:C:T,0.968127,14553,chr17:66310896-66310896,PRKCA
17,66310896,17:66310896:G:A,17,66325899,17:66325899:A:C,0.974495,15003,chr17:66310896-66310896,PRKCA
17,66310896,17:66310896:G:A,17,66330104,17:66330104:AT:A,0.949282,19208,chr17:66310896-66310896,PRKCA
18,35092872,18:35092872:G:A,18,35090057,18:35090057:T:C,0.992221,2815,chr18:35092872-35092872,MAPRE2
18,35092872,18:35092872:G:A,18,35092872,18:35092872:G:A,1.0,0,chr18:35092872-35092872,MAPRE2
18,35092872,18:35092872:G:A,18,35113339,18:35113339:A:G,0.81166,20467,chr18:35092872-35092872,MAPRE2
18,35092872,18:35092872:G:A,18,35142904,18:35142904:A:G,0.853863,50032,chr18:35092872-35092872,MAPRE2
18,35092872,18:35092872:G:A,18,35142905,18:35142905:T:G,0.853863,50033,chr18:35092872-35092872,MAPRE2
18,36643603,18:36643603:T:C,18,36633490,18:36633490:A:G,0.821807,10113,chr18:36643603-36643603,FHOD3/TPGS2
18,36643603,18:36643603:T:C,18,36639163,18:36639163:T:G,0.853588,4440,chr18:36643603-36643603,FHOD3/TPGS2
18,36643603,18:36643603:T:C,18,36639271,18:36639271:G:T,0.870014,4332,chr18:36643603-36643603,FHOD3/TPGS2
18,36643603,18:36643603:T:C,18,36639814,18:36639815:G:GTT,0.828706,3789,chr18:36643603-36643603,FHOD3/TPGS2
18,36643603,18:36643603:T:C,18,36640528,18:36640528:T:C,0.888329,3075,chr18:36643603-36643603,FHOD3/TPGS2
18,36643603,18:36643603:T:C,18,36641952,18:36641952:C:CA,0.925675,1651,chr18:36643603-36643603,FHOD3/TPGS2
18,36643603,18:36643603:T:C,18,36643603,18:36643603:T:C,1.0,0,chr18:36643603-36643603,FHOD3/TPGS2
18,36643603,18:36643603:T:C,18,36651750,18:36651750:C:CA,0.845098,8147,chr18:36643603-36643603,FHOD3/TPGS2
18,36643603,18:36643603:T:C,18,36652647,18:36652647:C:T,0.883622,9044,chr18:36643603-36643603,FHOD3/TPGS2
18,36643603,18:36643603:T:C,18,36652989,18:36652989:T:C,0.850359,9386,chr18:36643603-36643603,FHOD3/TPGS2
18,58255557,18:58255557:A:G,18,58252761,18:58252761:A:G,0.984761,2796,chr18:58255557-58255557,NEDD4L
18,58255557,18:58255557:A:G,18,58254560,18:58254560:C:CAAA,0.829062,997,chr18:58255557-58255557,NEDD4L
18,58255557,18:58255557:A:G,18,58255557,18:58255557:A:G,1.0,0,chr18:58255557-58255557,NEDD4L
19,45808819,19:45808819:G:A,19,45764195,19:45764195:G:T,0.807532,44624,chr19:45808819-45808819,DMPK/SYMPK
19,45808819,19:45808819:G:A,19,45783456,19:45783456:A:C,0.807532,25363,chr19:45808819-45808819,DMPK/SYMPK
19,45808819,19:45808819:G:A,19,45788414,19:45788414:C:A,0.807532,20405,chr19:45808819-45808819,DMPK/SYMPK
19,45808819,19:45808819:G:A,19,45788765,19:45788765:CA:C,0.807532,20054,chr19:45808819-45808819,DMPK/SYMPK
19,45808819,19:45808819:G:A,19,45801142,19:45801142:G:A,0.992713,7677,chr19:45808819-45808819,DMPK/SYMPK
19,45808819,19:45808819:G:A,19,45803646,19:45803646:C:T,0.992713,5173,chr19:45808819-45808819,DMPK/SYMPK
19,45808819,19:45808819:G:A,19,45803993,19:45803993:CA:C,0.8961,4826,chr19:45808819-45808819,DMPK/SYMPK
19,45808819,19:45808819:G:A,19,45807637,19:45807637:A:C,1.0,1182,chr19:45808819-45808819,DMPK/SYMPK
19,45808819,19:45808819:G:A,19,45808162,19:45808162:C:T,1.0,657,chr19:45808819-45808819,DMPK/SYMPK
19,45808819,19:45808819:G:A,19,45808657,19:45808657:CTTT:C,0.963757,162,chr19:45808819-45808819,DMPK/SYMPK
19,45808819,19:45808819:G:A,19,45808819,19:45808819:G:A,1.0,0,chr19:45808819-45808819,DMPK/SYMPK
19,45808819,19:45808819:G:A,19,45809087,19:45809087:C:T,1.0,268,chr19:45808819-45808819,DMPK/SYMPK
19,45808819,19:45808819:G:A,19,45809300,19:45809300:CTTT:C,0.87123,481,chr19:45808819-45808819,DMPK/SYMPK
19,45808819,19:45808819:G:A,19,45810500,19:45810500:G:C,1.0,1681,chr19:45808819-45808819,DMPK/SYMPK
19,45808819,19:45808819:G:A,19,45812551,19:45812551:A:G,0.970631,3732,chr19:45808819-45808819,DMPK/SYMPK
19,45808819,19:45808819:G:A,19,45813935,19:45813935:C:T,0.872582,5116,chr19:45808819-45808819,DMPK/SYMPK
19,45808819,19:45808819:G:A,19,45814335,19:45814335:T:G,0.864868,5516,chr19:45808819-45808819,DMPK/SYMPK
19,45808819,19:45808819:G:A,19,45817522,19:45817522:C:T,0.872582,8703,chr19:45808819-45808819,DMPK/SYMPK
19,45808819,19:45808819:G:A,19,45819004,19:45819004:G:GC,0.872582,10185,chr19:45808819-45808819,DMPK/SYMPK
19,45808819,19:45808819:G:A,19,45819133,19:45819133:G:A,0.872582,10314,chr19:45808819-45808819,DMPK/SYMPK
19,45808819,19:45808819:G:A,19,45819327,19:45819327:C:T,0.872582,10508,chr19:45808819-45808819,DMPK/SYMPK
19,45808819,19:45808819:G:A,19,45822360,19:45822360:C:T,0.872582,13541,chr19:45808819-45808819,DMPK/SYMPK
19,45808819,19:45808819:G:A,19,45824921,19:45824921:C:T,0.872582,16102,chr19:45808819-45808819,DMPK/SYMPK
19,45808819,19:45808819:G:A,19,45830883,19:45830883:C:T,0.836497,22064,chr19:45808819-45808819,DMPK/SYMPK
19,45808819,19:45808819:G:A,19,45831873,19:45831873:A:G,0.872582,23054,chr19:45808819-45808819,DMPK/SYMPK
19,45808819,19:45808819:G:A,19,45835471,19:45835471:T:C,0.872582,26652,chr19:45808819-45808819,DMPK/SYMPK
19,45808819,19:45808819:G:A,19,45836401,19:45836401:T:C,0.872582,27582,chr19:45808819-45808819,DMPK/SYMPK
19,45808819,19:45808819:G:A,19,45838962,19:45838962:T:C,0.872582,30143,chr19:45808819-45808819,DMPK/SYMPK
19,45808819,19:45808819:G:A,19,45843072,19:45843072:T:C,0.872582,34253,chr19:45808819-45808819,DMPK/SYMPK
19,45808819,19:45808819:G:A,19,45846053,19:45846053:A:G,0.872582,37234,chr19:45808819-45808819,DMPK/SYMPK
19,45808819,19:45808819:G:A,19,45863948,19:45863948:T:C,0.872582,55129,chr19:45808819-45808819,DMPK/SYMPK
21,29157810,21:29157810:G:A,21,29147949,21:29147949:CTA:C,0.970345,9861,chr21:29157810-29157810,CCT8
21,29157810,21:29157810:G:A,21,29151972,21:29151972:C:A,1.0,5838,chr21:29157810-29157810,CCT8
21,29157810,21:29157810:G:A,21,29153097,21:29153097:T:G,1.0,4713,chr21:29157810-29157810,CCT8
21,29157810,21:29157810:G:A,21,29155923,21:29155923:A:T,1.0,1887,chr21:29157810-29157810,CCT8
21,29157810,21:29157810:G:A,21,29157810,21:29157810:G:A,1.0,0,chr21:29157810-29157810,CCT8
21,29157810,21:29157810:G:A,21,29158767,21:29158767:TAGAG:T,1.0,957,chr21:29157810-29157810,CCT8
21,29157810,21:29157810:G:A,21,29176075,21:29176075:C:CTTT,0.94344,18265,chr21:29157810-29157810,CCT8
21,29157810,21:29157810:G:A,21,29176076,21:29176076:C:CTTT,0.94344,18266,chr21:29157810-29157810,CCT8
21,29157810,21:29157810:G:A,21,29226429,21:29226429:C:A,0.858416,68619,chr21:29157810-29157810,CCT8
22,23819530,22:23819530:C:T,22,23803540,22:23803540:C:T,0.976348,15990,chr22:23819530-23819530,VPREB3/SMARCB1
22,23819530,22:23819530:C:T,22,23806086,22:23806086:A:G,0.988162,13444,chr22:23819530-23819530,VPREB3/SMARCB1
22,23819530,22:23819530:C:T,22,23812865,22:23812865:A:AT,1.0,6665,chr22:23819530-23819530,VPREB3/SMARCB1
22,23819530,22:23819530:C:T,22,23812924,22:23812924:G:C,1.0,6606,chr22:23819530-23819530,VPREB3/SMARCB1
22,23819530,22:23819530:C:T,22,23815534,22:23815534:A:AAAAC,0.952994,3996,chr22:23819530-23819530,VPREB3/SMARCB1
22,23819530,22:23819530:C:T,22,23817120,22:23817120:A:T,1.0,2410,chr22:23819530-23819530,VPREB3/SMARCB1
22,23819530,22:23819530:C:T,22,23819530,22:23819530:C:T,1.0,0,chr22:23819530-23819530,VPREB3/SMARCB1
22,23819530,22:23819530:C:T,22,23824601,22:23824601:G:A,1.0,5071,chr22:23819530-23819530,VPREB3/SMARCB1
22,23819530,22:23819530:C:T,22,23827009,22:23827009:G:C,0.976381,7479,chr22:23819530-23819530,VPREB3/SMARCB1
22,23819530,22:23819530:C:T,22,23827564,22:23827564:C:T,1.0,8034,chr22:23819530-23819530,VPREB3/SMARCB1
22,23819530,22:23819530:C:T,22,23829118,22:23829118:A:G,1.0,9588,chr22:23819530-23819530,VPREB3/SMARCB1
22,23819530,22:23819530:C:T,22,23836092,22:23836092:G:A,1.0,16562,chr22:23819530-23819530,VPREB3/SMARCB1
22,23819530,22:23819530:C:T,22,23839465,22:23839465:A:G,0.82625,19935,chr22:23819530-23819530,VPREB3/SMARCB1
22,40330745,22:40330745:C:T,22,40330745,22:40330745:C:T,1.0,0,chr22:40330745-40330745,ADSL
22,40330745,22:40330745:C:T,22,40330758,22:40330758:A:G,0.987171,13,chr22:40330745-40330745,ADSL
22,40330745,22:40330745:C:T,22,40359476,22:40359476:CT:C,0.831782,28731,chr22:40330745-40330745,ADSL
22,40330745,22:40330745:C:T,22,40407182,22:40407182:G:T,0.954871,76437,chr22:40330745-40330745,ADSL
